/*******************************************************************************
 * Size: 22 px
 * Bpp: 4
 * Opts: --bpp 4 --format lvgl --lv-include lvgl.h --lv-font-name poppins_regular_22 --lv-fallback lv_font_montserrat_22 --size 22 --font C:\Projects\OfflineWorkspace\PROJEKTY\PROJEKTY_W_BUDOWIE\Guiton_BETTA\.tmp_fonts\Poppins-Regular.ttf -r 0x20-0x7F -r 0xA0-0xFF -r 0x100-0x17F -r 0x2013-0x2014 -r 0x2018-0x201E -r 0x2022 -r 0x2026 -r 0x20AC -o C:\Projects\OfflineWorkspace\PROJEKTY\PROJEKTY_W_BUDOWIE\Guiton_BETTA\main\ui\fonts\poppins_regular_22.c
 ******************************************************************************/

#ifdef LV_LVGL_H_INCLUDE_SIMPLE
#include "lvgl.h"
#else
#include "lvgl.h"
#endif

#ifndef POPPINS_REGULAR_22
#define POPPINS_REGULAR_22 1
#endif

#if POPPINS_REGULAR_22

/*-----------------
 *    BITMAPS
 *----------------*/

/*Store the image of the glyphs*/
static LV_ATTRIBUTE_LARGE_CONST const uint8_t glyph_bitmap[] = {
    /* U+0020 " " */

    /* U+0021 "!" */
    0xd, 0xf4, 0x0, 0xe1, 0x7, 0x0, 0xfe, 0x70,
    0x10, 0xf, 0x8c, 0x4, 0x3, 0xed, 0x31, 0x7,
    0xc0, 0x2, 0xc8, 0x85, 0x34, 0x2, 0x86, 0x80,

    /* U+0022 "\"" */
    0x14, 0x31, 0x42, 0x25, 0xd1, 0x5d, 0x84, 0x4,
    0x40, 0x26, 0x0, 0x30, 0xf1, 0xf, 0x10, 0x10,

    /* U+0023 "#" */
    0x0, 0xf3, 0x7c, 0x0, 0x6d, 0xf0, 0xf, 0xec,
    0xc, 0x0, 0x84, 0x8c, 0x3, 0xf9, 0x1, 0x0,
    0x24, 0x5, 0x0, 0xfc, 0x22, 0x30, 0xd, 0x81,
    0x80, 0x1d, 0xff, 0x70, 0x1f, 0xfe, 0x60, 0xaf,
    0xf2, 0x0, 0x11, 0x21, 0x3, 0x44, 0x8c, 0x0,
    0x89, 0x38, 0x2, 0xee, 0x20, 0xeb, 0xbb, 0xc1,
    0x2e, 0xe3, 0x0, 0xe3, 0x2, 0x0, 0x94, 0x30,
    0x3, 0xf1, 0x1, 0x80, 0x6f, 0x3, 0x0, 0xfc,
    0xe0, 0xa0, 0x19, 0x41, 0x40, 0x32, 0x7f, 0xd4,
    0xd, 0xff, 0x8c, 0x3b, 0xfc, 0x0, 0x74, 0x48,
    0x0, 0x89, 0x8c, 0x5, 0x12, 0x0, 0x1d, 0xdc,
    0x3, 0x77, 0xc1, 0x37, 0x70, 0x7, 0x18, 0x28,
    0x6, 0xd0, 0x40, 0xf, 0xca, 0x18, 0x1, 0x90,
    0xc, 0x3, 0xf6, 0x1, 0x80, 0x44, 0x26, 0x1,
    0xe0,

    /* U+0024 "$" */
    0x0, 0xc5, 0xe2, 0x1, 0xff, 0xc5, 0x7d, 0xd0,
    0x75, 0xa0, 0x5, 0x70, 0x6a, 0x6, 0x96, 0xc0,
    0xc8, 0x5f, 0x1, 0xb4, 0x12, 0x18, 0x16, 0x20,
    0x12, 0xb2, 0x19, 0x80, 0x40, 0x3a, 0x6c, 0xfc,
    0x24, 0x80, 0x3e, 0x64, 0x1d, 0xe0, 0x30, 0xe,
    0xba, 0x43, 0xd, 0xd3, 0x80, 0x65, 0xbd, 0x5,
    0x28, 0xc0, 0xf, 0xaf, 0x44, 0xd4, 0x3, 0xe2,
    0x90, 0xd9, 0xf8, 0x0, 0xef, 0x0, 0x60, 0x39,
    0x0, 0x44, 0xc1, 0x6a, 0xa0, 0xd9, 0xb, 0xd1,
    0x73, 0xa, 0xa2, 0x20, 0x14, 0xea, 0x0, 0x25,
    0xbd, 0xe, 0xc5, 0x0, 0xff, 0xe0, 0x80,

    /* U+0025 "%" */
    0x0, 0x47, 0x72, 0xc8, 0x3, 0x47, 0xb8, 0x5,
    0x2f, 0x14, 0xde, 0x1, 0x13, 0x93, 0x80, 0x4c,
    0xd2, 0x41, 0x18, 0x2, 0x42, 0x40, 0x3f, 0x8,
    0x38, 0x22, 0x15, 0x0, 0x32, 0x39, 0xf, 0x8a,
    0x84, 0x84, 0x0, 0x75, 0x16, 0xf2, 0xd0, 0xb9,
    0x41, 0x0, 0x70, 0xe7, 0x6f, 0x20, 0xc1, 0x38,
    0x7, 0xe1, 0x20, 0x5, 0x84, 0x80, 0x7f, 0xf0,
    0x11, 0x51, 0x0, 0x1f, 0xfc, 0x9, 0x9, 0x5,
    0xdf, 0xd6, 0x0, 0xf3, 0x93, 0x91, 0xd2, 0x62,
    0xca, 0x80, 0x61, 0x81, 0x80, 0xa0, 0x93, 0x81,
    0xf0, 0xd, 0x61, 0x60, 0x1f, 0xfc, 0x3, 0x54,
    0x50, 0x5, 0x5, 0x24, 0x8f, 0x80, 0x5c, 0x12,
    0x1, 0x1d, 0x3d, 0xa4, 0xa8,

    /* U+0026 "&" */
    0x0, 0xc9, 0x7f, 0xec, 0x50, 0xf, 0xf2, 0x5a,
    0x24, 0x74, 0xc0, 0x1f, 0xd0, 0x15, 0x76, 0xa0,
    0xb0, 0xf, 0xe1, 0x7, 0x0, 0x2c, 0xc0, 0x7,
    0xf3, 0x85, 0x0, 0x4c, 0xa0, 0x1f, 0xd6, 0x2e,
    0xa0, 0x1f, 0xfc, 0x16, 0x0, 0x53, 0x0, 0x7f,
    0x87, 0x20, 0xe0, 0x65, 0xc0, 0x21, 0xcc, 0x8,
    0x2, 0xd, 0x75, 0xf0, 0x62, 0x0, 0xb, 0x34,
    0x10, 0x3, 0x5, 0x0, 0xb, 0x5, 0xe5, 0x54,
    0x50, 0x0, 0x20, 0x20, 0xc, 0x5e, 0x4d, 0x41,
    0x20, 0x11, 0x81, 0x8, 0x6, 0x1f, 0x0, 0x12,
    0x0, 0x42, 0x81, 0xa2, 0x1, 0x1f, 0x80, 0xa,
    0x80, 0x35, 0x11, 0xf6, 0x5e, 0xe1, 0x37, 0x12,
    0xc8, 0x4, 0x3b, 0x6, 0x64, 0x5, 0xc9, 0x1c,
    0x16, 0x90,

    /* U+0027 "'" */
    0x14, 0x33, 0x5c, 0x98, 0x18, 0x80, 0x80, 0x3c,

    /* U+0028 "(" */
    0x0, 0xcb, 0xfa, 0x20, 0x11, 0xd0, 0xe0, 0x80,
    0x5a, 0x1a, 0x20, 0x14, 0xb, 0x18, 0x4, 0x2e,
    0x10, 0x1, 0x98, 0x18, 0x40, 0x35, 0x85, 0x0,
    0x61, 0x31, 0x30, 0xc, 0xa0, 0xa0, 0x1c, 0x60,
    0x60, 0x1d, 0xe1, 0xc0, 0x1c, 0x20, 0x60, 0x1f,
    0xfc, 0x9e, 0x2, 0x0, 0xe2, 0xd, 0x0, 0xe7,
    0x7, 0x0, 0xe2, 0x12, 0x20, 0x7, 0x38, 0x28,
    0x7, 0x58, 0x48, 0x7, 0x12, 0xb, 0x80, 0x74,
    0x84, 0x8, 0x6, 0x28, 0xd, 0x0, 0xe7, 0x63,
    0xa0,

    /* U+0029 ")" */
    0x1d, 0xf5, 0x0, 0xc3, 0x83, 0x46, 0x1, 0x86,
    0x83, 0x40, 0x39, 0x14, 0x60, 0x3, 0xac, 0x1c,
    0x3, 0x85, 0x41, 0x80, 0x3b, 0x82, 0x80, 0x39,
    0x0, 0xc0, 0x3c, 0x80, 0x80, 0x1c, 0x60, 0x40,
    0x1d, 0xc1, 0xc0, 0x1c, 0x60, 0x20, 0x1f, 0xfc,
    0x13, 0x1, 0x0, 0xe1, 0xf, 0x0, 0xed, 0x2,
    0x0, 0xe7, 0x4, 0x0, 0xc4, 0x41, 0x10, 0x6,
    0xa0, 0x60, 0xe, 0x60, 0xa0, 0xc, 0xe2, 0x84,
    0x1, 0xc, 0x4, 0x80, 0x6d, 0x8, 0x20, 0xa,
    0x8d, 0x9c, 0x2,

    /* U+002A "*" */
    0x0, 0x9b, 0xc8, 0x3, 0x28, 0x10, 0x10, 0x28,
    0x35, 0x58, 0x9, 0xed, 0xb, 0x58, 0xd0, 0xea,
    0xf0, 0x83, 0x80, 0x81, 0xf8, 0x1, 0xb1, 0xa8,
    0x66, 0x5c, 0x2d, 0x18, 0x2, 0x9f, 0x22, 0xe,
    0x6, 0x4, 0x2c, 0x1, 0x9b, 0xc8, 0x2,

    /* U+002B "+" */
    0x0, 0xe6, 0xf7, 0x0, 0xff, 0xf6, 0x8f, 0xfe,
    0x90, 0x8f, 0xfc, 0x42, 0xab, 0x8c, 0xd, 0x57,
    0x18, 0x55, 0x70, 0x5d, 0x56, 0x10, 0xf, 0xfe,
    0xd8,

    /* U+002C "," */
    0x0, 0x4f, 0xc0, 0x1, 0x2, 0x80, 0x49, 0x8,
    0x1c, 0x38, 0x1, 0x82, 0xa0, 0x4, 0x60, 0x0,

    /* U+002D "-" */
    0x7a, 0xaf, 0xc1, 0x8a, 0xbf, 0x80,

    /* U+002E "." */
    0x5, 0x91, 0xa, 0x68, 0x5, 0xd,

    /* U+002F "/" */
    0x0, 0xf7, 0xf8, 0x3, 0xc6, 0x6, 0x1, 0xe4,
    0x4, 0x0, 0xf6, 0x6, 0x0, 0x79, 0x1, 0x0,
    0x38, 0xc0, 0xc0, 0x3c, 0x80, 0x80, 0x1e, 0xc0,
    0xc0, 0xf, 0x20, 0x20, 0x7, 0x18, 0x18, 0x7,
    0x90, 0x10, 0x3, 0xd8, 0x18, 0x1, 0xe4, 0x4,
    0x0, 0xe3, 0x3, 0x0, 0xf2, 0x2, 0x0, 0x7b,
    0x3, 0x0, 0x3c, 0x80, 0x80, 0x1c, 0x60, 0x60,
    0x1e, 0x40, 0x40, 0xf, 0x60, 0x60, 0x7, 0x90,
    0x10, 0x3, 0x8c, 0xc, 0x3, 0xc8, 0x8, 0x1,
    0xec, 0xc, 0x0, 0xf0,

    /* U+0030 "0" */
    0x0, 0xa3, 0x7f, 0xd8, 0xc0, 0x18, 0x75, 0xc8,
    0x82, 0x73, 0x60, 0x14, 0x12, 0x76, 0xf6, 0x12,
    0x30, 0x1, 0x82, 0x84, 0x0, 0x72, 0x14, 0x8,
    0xa, 0x20, 0x19, 0x4, 0xc4, 0xc3, 0x40, 0x3c,
    0xa0, 0xbc, 0x2, 0x1, 0xe2, 0x1, 0x0, 0x18,
    0x7, 0xe3, 0x0, 0xff, 0xe1, 0x18, 0x7, 0xe3,
    0xe0, 0x10, 0xf, 0x10, 0x31, 0x86, 0x80, 0x79,
    0x40, 0x90, 0x14, 0x40, 0x32, 0x9, 0x88, 0x30,
    0x50, 0x80, 0xe, 0x42, 0x80, 0x10, 0x49, 0xdb,
    0xac, 0x24, 0x60, 0x0, 0xeb, 0x91, 0x47, 0x36,
    0x0,

    /* U+0031 "1" */
    0x2f, 0xfc, 0x67, 0x0, 0x7, 0x30, 0x1, 0xff,
    0xf7,

    /* U+0032 "2" */
    0x0, 0x1d, 0xf7, 0xf4, 0x88, 0x4, 0xd8, 0x86,
    0x80, 0xde, 0x40, 0x52, 0x17, 0xb7, 0xce, 0x3c,
    0x14, 0xe, 0x80, 0x14, 0x9, 0x89, 0x85, 0x80,
    0x71, 0x1, 0x56, 0x98, 0x7, 0x8, 0x8, 0x88,
    0x3, 0x84, 0x84, 0x80, 0x3e, 0x80, 0x60, 0xf,
    0x95, 0x86, 0x40, 0x3c, 0x74, 0x14, 0x20, 0x1c,
    0x5a, 0x12, 0x80, 0x1c, 0x78, 0x30, 0xc0, 0x1c,
    0xb8, 0x34, 0xe0, 0x1d, 0x14, 0x36, 0xa0, 0x1d,
    0x4e, 0x5, 0xd5, 0x5c, 0xe8, 0x0, 0x35, 0x5f,
    0x60,

    /* U+0033 "3" */
    0x0, 0x1d, 0x77, 0xf5, 0x18, 0x4, 0xf8, 0xa6,
    0x86, 0xb8, 0xa0, 0x50, 0x17, 0xb7, 0xb2, 0x16,
    0x14, 0xe, 0x80, 0x13, 0x18, 0xa5, 0xd4, 0x80,
    0x73, 0x0, 0xd, 0x44, 0x3, 0x90, 0x14, 0x3,
    0x85, 0x70, 0x60, 0x40, 0x23, 0xfe, 0xa1, 0xb7,
    0x0, 0xc2, 0xa8, 0x25, 0x4, 0x1, 0x8a, 0xaf,
    0xa8, 0xf0, 0x3, 0xf2, 0xb8, 0xb3, 0xc0, 0x7,
    0xb4, 0x3b, 0x1d, 0x40, 0x38, 0x80, 0x1c, 0x16,
    0x60, 0x11, 0xc0, 0x5a, 0xb0, 0xe6, 0xde, 0x60,
    0x1c, 0xc2, 0x6d, 0xd, 0x9, 0x2a, 0x0,

    /* U+0034 "4" */
    0x0, 0xfd, 0x9f, 0xe0, 0xf, 0xf4, 0x18, 0x7,
    0xfc, 0x8e, 0x82, 0x1, 0xfc, 0x34, 0x34, 0x1,
    0xfe, 0xd1, 0xa1, 0x0, 0xfe, 0x83, 0x74, 0x0,
    0xfe, 0x57, 0x38, 0x0, 0xfe, 0x2b, 0x1d, 0x0,
    0xff, 0x70, 0xd0, 0x80, 0x7f, 0x49, 0xba, 0x0,
    0x7f, 0xb, 0x3, 0xff, 0xf0, 0x87, 0xf8, 0xc1,
    0x13, 0xf0, 0x1, 0x10, 0x22, 0xbb, 0xfc, 0x0,
    0xbb, 0x10, 0x7, 0xff, 0x40,

    /* U+0035 "5" */
    0x1f, 0xff, 0xe8, 0x0, 0xc8, 0x9f, 0x68, 0x4,
    0x77, 0x7f, 0x28, 0x7, 0xff, 0x45, 0x26, 0xa1,
    0x0, 0x38, 0x6e, 0xcc, 0xaf, 0x78, 0x20, 0x11,
    0x2c, 0xf7, 0xe1, 0x9a, 0x80, 0x36, 0xb0, 0x81,
    0xe0, 0xa1, 0xf, 0x70, 0xc0, 0x39, 0x81, 0x0,
    0x44, 0x1, 0xee, 0x1, 0x12, 0x10, 0x7, 0xb8,
    0x4, 0xaf, 0xc0, 0x3c, 0xa0, 0xa6, 0x62, 0xa0,
    0xd, 0x4, 0x66, 0xd, 0x25, 0xfb, 0xb7, 0x38,
    0xf0, 0x0, 0x75, 0xc9, 0x10, 0x6f, 0xe4, 0x0,

    /* U+0036 "6" */
    0x0, 0x96, 0xfb, 0xf6, 0x44, 0x3, 0x45, 0x22,
    0xa8, 0x1b, 0xc4, 0x0, 0x8e, 0x7d, 0x75, 0xae,
    0x36, 0x0, 0xf0, 0xd1, 0x0, 0xa0, 0xdc, 0x0,
    0x88, 0x10, 0xe, 0xcd, 0x3, 0xc, 0x3, 0x8a,
    0x95, 0x0, 0x98, 0x6, 0x71, 0xd5, 0xab, 0x44,
    0x2, 0xb7, 0x9e, 0xfc, 0x32, 0xd0, 0x8, 0xb5,
    0x84, 0xf, 0x4, 0xd0, 0x40, 0xcc, 0x1, 0xd2,
    0x18, 0xe0, 0xc0, 0x1e, 0x20, 0x13, 0x1, 0x0,
    0xf1, 0x80, 0x81, 0xa0, 0x80, 0x76, 0x86, 0x84,
    0x86, 0x88, 0x4, 0xe8, 0x2a, 0xa, 0xc7, 0xd7,
    0x5b, 0x1, 0xa0, 0x14, 0xd2, 0x2a, 0x8d, 0xb4,
    0xc0,

    /* U+0037 "7" */
    0x4f, 0xff, 0xf1, 0x3a, 0xaf, 0xe0, 0x1, 0x9a,
    0xab, 0xe8, 0x4, 0x10, 0xf, 0xd6, 0x1e, 0x1,
    0xfc, 0xc4, 0x80, 0x1f, 0x9c, 0x28, 0x3, 0xfa,
    0x81, 0x80, 0x3f, 0x21, 0x30, 0x80, 0x7e, 0xf0,
    0xa0, 0xf, 0xc4, 0x86, 0x60, 0xf, 0xd6, 0x12,
    0x1, 0xf8, 0x58, 0x54, 0x3, 0xf3, 0x3, 0x0,
    0x7f, 0x48, 0x48, 0x7, 0xe5, 0x15, 0x10, 0xf,
    0xd2, 0x12, 0x1, 0xe0,

    /* U+0038 "8" */
    0x0, 0x14, 0xef, 0xfb, 0x60, 0x40, 0x23, 0xd6,
    0x5, 0x43, 0x7f, 0x20, 0x6, 0x84, 0x6d, 0x5f,
    0x30, 0xf0, 0x18, 0x93, 0x80, 0x69, 0x13, 0x10,
    0x3, 0x0, 0x78, 0xc0, 0x6, 0xa, 0x20, 0x18,
    0x8a, 0x10, 0x91, 0xd4, 0x1, 0x5f, 0x9, 0x0,
    0x35, 0x9d, 0xff, 0x51, 0xe2, 0x0, 0x16, 0xc1,
    0x19, 0x86, 0x3a, 0x60, 0x54, 0x5b, 0x73, 0x2c,
    0xc0, 0xe0, 0xd0, 0x59, 0x0, 0x63, 0x70, 0x72,
    0x2, 0x0, 0xf7, 0x87, 0x10, 0x60, 0x7, 0xb4,
    0x3a, 0x81, 0xd4, 0x3, 0x3a, 0x83, 0x94, 0x85,
    0x6d, 0xdb, 0xa0, 0x2c, 0x41, 0xb5, 0x81, 0x10,
    0x6f, 0xc8, 0x0,

    /* U+0039 "9" */
    0x0, 0xc, 0xef, 0xfb, 0x1c, 0x3, 0x17, 0xb1,
    0xa2, 0xa, 0x2c, 0x2, 0xe1, 0x6e, 0xbb, 0x7a,
    0xa3, 0x1, 0x19, 0x48, 0x4, 0x34, 0x36, 0xe,
    0x8, 0x1, 0xe5, 0x21, 0x0, 0xfe, 0x10, 0x26,
    0x4, 0x0, 0xf2, 0x3, 0x19, 0x12, 0x40, 0x35,
    0x8, 0x18, 0x78, 0xb7, 0x5d, 0xb9, 0x54, 0x6,
    0x5, 0xec, 0x68, 0xa9, 0x98, 0x0, 0xc3, 0x3b,
    0xfd, 0x46, 0x20, 0xc0, 0xac, 0x1, 0xed, 0x2,
    0xe, 0x93, 0x0, 0xe5, 0x21, 0xe, 0xf, 0x10,
    0xa, 0x82, 0xc0, 0xa, 0x87, 0xd7, 0x5c, 0xa8,
    0xc0, 0x15, 0xc1, 0xa2, 0x94, 0x58, 0x0,

    /* U+003A ":" */
    0xa, 0xf4, 0x5, 0xd, 0xa, 0x6b, 0x5, 0x92,
    0x0, 0xff, 0xe4, 0xac, 0x88, 0x53, 0x40, 0x28,
    0x68,

    /* U+003B ";" */
    0x3, 0xec, 0x0, 0x20, 0x99, 0x3, 0xb4, 0x90,
    0x2, 0x58, 0x3, 0xff, 0xa1, 0xfe, 0x10, 0x50,
    0x51, 0xc, 0x9, 0x0, 0x39, 0x98, 0x8, 0x64,
    0x0, 0xca, 0xa0, 0x0,

    /* U+003C "<" */
    0x0, 0xe4, 0xed, 0x30, 0xc, 0xb6, 0x3c, 0x60,
    0x13, 0x50, 0xe1, 0x80, 0x4f, 0x23, 0x86, 0x1,
    0x4c, 0x17, 0x90, 0x6, 0x30, 0x10, 0xf, 0x53,
    0x1e, 0x8, 0x7, 0x4b, 0x96, 0x10, 0x7, 0x44,
    0xb, 0x8, 0x3, 0x9e, 0x47, 0xc,

    /* U+003D "=" */
    0xcf, 0xff, 0xf5, 0x22, 0xaf, 0xfb, 0x22, 0xab,
    0xfc, 0xc0, 0x1f, 0xfc, 0x8, 0xaa, 0xff, 0x3a,
    0x2a, 0xff, 0xb4,

    /* U+003E ">" */
    0x6e, 0xd2, 0x0, 0xcd, 0x25, 0x84, 0x1, 0x9e,
    0x87, 0x4c, 0x3, 0x2d, 0x86, 0x20, 0x6, 0x4b,
    0xb, 0x50, 0xc, 0xe2, 0x4, 0x1, 0x1e, 0xd,
    0x38, 0x1, 0x30, 0x29, 0x40, 0xb, 0x61, 0x6a,
    0x0, 0x6a, 0x1c, 0x40, 0x8,

    /* U+003F "?" */
    0x0, 0x14, 0xf7, 0xf5, 0xa0, 0x4, 0x7a, 0xc6,
    0xa4, 0x96, 0xe0, 0xe, 0xa, 0xda, 0xcc, 0x4,
    0x10, 0x91, 0xa8, 0x4, 0x6c, 0x8, 0x3f, 0x80,
    0x1d, 0xc0, 0x1f, 0xeb, 0x2, 0x0, 0xc2, 0x6d,
    0x86, 0x64, 0x0, 0xaf, 0xb2, 0x4d, 0xf0, 0x3,
    0x8, 0x56, 0xfc, 0x0, 0x7c, 0xe4, 0x1, 0xf7,
    0x41, 0x0, 0x7e, 0x47, 0x0, 0xfe, 0x69, 0x10,
    0xf, 0x86, 0x59, 0x80, 0x1f, 0xa, 0xa, 0x0,
    0x70,

    /* U+0040 "@" */
    0x0, 0xff, 0x84, 0x3, 0xff, 0x86, 0xb5, 0xdf,
    0xdf, 0xd4, 0xa0, 0x1f, 0xc9, 0xb4, 0xd3, 0x57,
    0x4c, 0xca, 0xc2, 0x0, 0xf4, 0xdb, 0x6e, 0x3a,
    0xa2, 0xc6, 0x59, 0x60, 0x80, 0x69, 0x67, 0xb2,
    0x0, 0xf9, 0x30, 0x68, 0x2, 0x66, 0x3c, 0x0,
    0xc6, 0xfe, 0xac, 0xf9, 0x11, 0xd0, 0x80, 0x64,
    0xe0, 0xb, 0xdd, 0xe1, 0xa7, 0x2, 0xa, 0x5,
    0x9, 0xf, 0x0, 0x78, 0xdd, 0x46, 0x20, 0x98,
    0x0, 0x83, 0x81, 0x8c, 0xc0, 0xc4, 0xe8, 0x1,
    0x78, 0x28, 0x6, 0x32, 0x14, 0x0, 0x50, 0x48,
    0x6, 0x70, 0xe0, 0xc, 0x6e, 0x1a, 0x0, 0x21,
    0x10, 0x6, 0x50, 0x30, 0x1, 0x86, 0x18, 0x8,
    0x0, 0x44, 0x1, 0xda, 0xa, 0x0, 0xb0, 0x43,
    0x0, 0xc6, 0x6, 0x1, 0x32, 0x0, 0x42, 0xec,
    0x2c, 0x4, 0x0, 0x90, 0xd7, 0x6a, 0x88, 0x5,
    0xb6, 0x14, 0x81, 0x86, 0x80, 0x16, 0x4e, 0x20,
    0x5e, 0xec, 0xb0, 0x98, 0x1, 0x32, 0x20, 0x0,
    0xdb, 0xfd, 0x2, 0x13, 0xfd, 0x22, 0x1, 0x41,
    0x5a, 0x0, 0x7f, 0xf1, 0x7, 0xca, 0xec, 0xc6,
    0x24, 0x90, 0xe0, 0x1f, 0xc5, 0xb0, 0xf3, 0x9d,
    0xb6, 0xa0, 0x1f, 0xfc, 0x7, 0xce, 0xdb, 0xce,
    0xd7, 0x0, 0xf8,

    /* U+0041 "A" */
    0x0, 0xf7, 0x7e, 0x0, 0x7f, 0xc8, 0x20, 0x64,
    0x1, 0xfe, 0xe0, 0x20, 0x50, 0xf, 0xf2, 0x87,
    0x5, 0x0, 0x7f, 0x30, 0x29, 0x91, 0xc, 0x3,
    0xf5, 0x7, 0x5, 0x5, 0x0, 0x7c, 0x46, 0x28,
    0xc, 0xc, 0x1, 0xf5, 0x3, 0x0, 0x5, 0x1,
    0x40, 0x3c, 0xa1, 0x40, 0x17, 0x7, 0x0, 0x72,
    0x11, 0x40, 0x12, 0x82, 0x8, 0x6, 0xd0, 0x2f,
    0xfe, 0x0, 0x30, 0x6, 0x60, 0x66, 0xf2, 0x85,
    0x0, 0x4a, 0x9, 0x33, 0xea, 0x12, 0x20, 0x3,
    0x83, 0x40, 0x3e, 0x60, 0xa0, 0x14, 0x6, 0x0,
    0xfa, 0xc1, 0x80,

    /* U+0042 "B" */
    0x5f, 0xff, 0x6c, 0x90, 0x6, 0x16, 0x69, 0x41,
    0xb4, 0xc0, 0x25, 0x99, 0xab, 0x58, 0x3c, 0x3,
    0xfa, 0x0, 0xc0, 0x3f, 0xf9, 0x30, 0xc, 0x1,
    0x2c, 0xcd, 0x5a, 0xcc, 0x90, 0x8, 0x59, 0xa5,
    0x22, 0x60, 0x6, 0x4f, 0xfd, 0x83, 0x4e, 0x1,
    0xf8, 0xf0, 0x60, 0x40, 0x3f, 0x90, 0x10, 0x3,
    0xf8, 0x40, 0x3f, 0xca, 0x80, 0x80, 0x5, 0x99,
    0xab, 0x68, 0x28, 0x40, 0x2, 0xcd, 0x29, 0xae,
    0x28, 0x0,

    /* U+0043 "C" */
    0x0, 0xe5, 0xbd, 0xff, 0x64, 0x8, 0x7, 0x8b,
    0x69, 0x0, 0xc8, 0xdf, 0x98, 0x3, 0x16, 0x93,
    0x6e, 0xb3, 0x79, 0xc2, 0x5c, 0x2, 0xf0, 0x89,
    0x20, 0x8, 0x62, 0x82, 0xc, 0x18, 0x91, 0xc0,
    0x3e, 0x59, 0x87, 0xa, 0xf, 0x0, 0xfe, 0x67,
    0x40, 0x20, 0x50, 0xf, 0xfe, 0x8, 0x80, 0x80,
    0x7f, 0xf0, 0x44, 0x4, 0x3, 0xff, 0x82, 0x40,
    0xa0, 0x1f, 0xfc, 0x1a, 0xf, 0x0, 0xfe, 0x56,
    0x40, 0x61, 0x46, 0x0, 0xf9, 0x6a, 0x5c, 0x1,
    0xa1, 0x32, 0x10, 0xc, 0xf4, 0xe, 0x60, 0x3,
    0xc2, 0x6e, 0xdb, 0xcf, 0x80, 0x88, 0x0, 0x63,
    0xda, 0x40, 0x43, 0x33, 0xf3, 0x80, 0x0,

    /* U+0044 "D" */
    0x5f, 0xfe, 0xec, 0x82, 0x0, 0xf0, 0xb3, 0x48,
    0x2f, 0xb2, 0x1, 0xcb, 0x33, 0x56, 0xe1, 0xb6,
    0x0, 0x7f, 0x8f, 0x10, 0xe0, 0x3, 0xfe, 0xa0,
    0x70, 0xf, 0xf8, 0x50, 0x14, 0x3, 0xfe, 0x30,
    0x20, 0xf, 0xfb, 0xc3, 0x80, 0x3f, 0xef, 0xe,
    0x0, 0xff, 0x8c, 0x8, 0x3, 0xfc, 0x28, 0x8,
    0x1, 0xfe, 0xa0, 0x61, 0x0, 0xfc, 0x78, 0x87,
    0x20, 0x12, 0xcc, 0xd5, 0xb8, 0x6b, 0xa0, 0x18,
    0x59, 0xa4, 0x17, 0xca, 0x10, 0x0,

    /* U+0045 "E" */
    0x5f, 0xff, 0xc0, 0x1, 0x55, 0xe6, 0x0, 0x2d,
    0x57, 0x48, 0x7, 0xff, 0x45, 0x6a, 0xb8, 0x80,
    0x2, 0xab, 0xcc, 0x0, 0x4f, 0xfe, 0x40, 0xf,
    0xfe, 0xd2, 0xcc, 0xf8, 0x0, 0x2c, 0xde,

    /* U+0046 "F" */
    0x5f, 0xff, 0xca, 0x0, 0x16, 0x6f, 0x80, 0xb,
    0x33, 0xe3, 0x0, 0xff, 0xea, 0x2c, 0xcf, 0x8,
    0x4, 0x2c, 0xdc, 0x1, 0x93, 0xff, 0x84, 0x3,
    0xff, 0xe2,

    /* U+0047 "G" */
    0x0, 0xe5, 0xbd, 0xff, 0x64, 0x8, 0x7, 0xc5,
    0xb4, 0x86, 0x62, 0x37, 0xe6, 0x0, 0xe2, 0xd2,
    0x5d, 0xec, 0xde, 0x70, 0x97, 0x0, 0xde, 0x11,
    0x44, 0x1, 0xc, 0x48, 0x41, 0x80, 0x1c, 0x8d,
    0xc0, 0x3e, 0x69, 0x87, 0x0, 0x58, 0x48, 0x7,
    0xf3, 0x3a, 0x0, 0xc, 0x10, 0x3, 0xff, 0x88,
    0x20, 0x10, 0xff, 0xfe, 0x20, 0x8, 0x40, 0x21,
    0x66, 0xf0, 0x6, 0x30, 0x40, 0xd, 0x33, 0xd6,
    0x0, 0x20, 0xb0, 0xe0, 0xf, 0xea, 0x5, 0x0,
    0x39, 0x23, 0x80, 0x7c, 0x6e, 0x10, 0x1, 0x78,
    0x45, 0x10, 0x6, 0x7c, 0xa, 0x20, 0x8, 0xb4,
    0x97, 0x7b, 0x37, 0xe0, 0x69, 0x40, 0x38, 0xb6,
    0x90, 0xcf, 0x47, 0xa8, 0x4,

    /* U+0048 "H" */
    0x5f, 0xb0, 0xf, 0xa3, 0xe0, 0x3, 0xff, 0xee,
    0xb3, 0x3f, 0x20, 0x6, 0x16, 0x6f, 0x8c, 0x3,
    0x27, 0xff, 0xce, 0x1, 0xff, 0xff, 0x0, 0xe0,

    /* U+0049 "I" */
    0x5f, 0xb0, 0xf, 0xfe, 0xf0,

    /* U+004A "J" */
    0x0, 0xfa, 0x7d, 0x80, 0x3f, 0xff, 0xe0, 0x1f,
    0xfc, 0x43, 0x20, 0xf, 0xd9, 0xa0, 0x18, 0x80,
    0xc0, 0xc2, 0x0, 0x6, 0x80, 0xe1, 0x0, 0xfb,
    0x98, 0x6, 0x20, 0x4c, 0x42, 0x32, 0x99, 0x0,

    /* U+004B "K" */
    0x5f, 0xb0, 0xe, 0x6f, 0xe2, 0x0, 0xf9, 0x64,
    0x34, 0x80, 0x3c, 0x94, 0x16, 0x60, 0x1e, 0x3b,
    0xa, 0x40, 0xf, 0x16, 0x84, 0xa8, 0x7, 0x87,
    0xc6, 0x18, 0x3, 0xcf, 0x84, 0xee, 0x0, 0xf8,
    0xc8, 0x90, 0x1, 0xf8, 0xc4, 0xa0, 0x3, 0xf3,
    0xe0, 0xbb, 0x80, 0x3f, 0x16, 0x84, 0x30, 0x7,
    0xe3, 0xc0, 0x95, 0x0, 0xfc, 0x76, 0x14, 0x80,
    0x1f, 0x92, 0x42, 0xd0, 0x3, 0xf3, 0x40, 0x59,
    0x80,

    /* U+004C "L" */
    0x5f, 0xb0, 0xf, 0xff, 0xf8, 0x7, 0xff, 0x75,
    0x66, 0x78, 0x2, 0x16, 0x6e, 0x10,

    /* U+004D "M" */
    0x5f, 0xf0, 0x80, 0x7f, 0x17, 0xf9, 0x0, 0x29,
    0x0, 0xfe, 0xb0, 0xf, 0x30, 0x7, 0xe1, 0x60,
    0xf, 0xb, 0x0, 0x7c, 0xc0, 0x1e, 0x31, 0xb0,
    0xf, 0xa4, 0x4c, 0x3, 0x3b, 0x12, 0x80, 0x73,
    0xc, 0x80, 0x7a, 0x42, 0x40, 0x3a, 0xc1, 0x80,
    0x3c, 0x2c, 0x68, 0x1, 0x21, 0x30, 0x80, 0x7d,
    0x61, 0xe0, 0x17, 0x85, 0x80, 0x7e, 0x24, 0x41,
    0x1, 0xa2, 0x90, 0x7, 0xf7, 0x85, 0x84, 0x84,
    0x80, 0x7f, 0x90, 0xd8, 0xd4, 0xcc, 0x1, 0xff,
    0x48, 0x68, 0x48, 0x7, 0xff, 0x1, 0x44, 0x44,
    0xa0, 0x1f, 0xfc, 0x19, 0xb, 0x0, 0xf8,

    /* U+004E "N" */
    0x5f, 0xe1, 0x0, 0xf2, 0x7e, 0x0, 0x6, 0x80,
    0x3f, 0xf8, 0x8, 0xc0, 0x1f, 0xe3, 0x19, 0x10,
    0xf, 0xe7, 0xb0, 0xa0, 0xf, 0xf2, 0xa9, 0x18,
    0x3, 0xfd, 0x63, 0x24, 0x1, 0xfc, 0x36, 0x1c,
    0x1, 0xfe, 0x55, 0x1b, 0x80, 0x7f, 0xac, 0x60,
    0x80, 0x3f, 0x86, 0x83, 0x80, 0x3f, 0xc8, 0xc7,
    0xe0, 0x1f, 0xe9, 0x14, 0x0, 0xff, 0xa8, 0x3,
    0xff, 0x80, 0x8c, 0x0,

    /* U+004F "O" */
    0x0, 0xe5, 0xbd, 0xfe, 0xc7, 0x10, 0xf, 0x8b,
    0x69, 0x1, 0x8, 0xe3, 0x94, 0x3, 0x8b, 0x49,
    0xbb, 0x6f, 0x3e, 0x42, 0x9c, 0x3, 0x78, 0x4c,
    0x84, 0x3, 0x36, 0x4, 0x18, 0x1, 0xc9, 0x18,
    0x3, 0xe3, 0x80, 0x80, 0x5, 0x87, 0x80, 0x7f,
    0x38, 0x20, 0x81, 0x82, 0x80, 0x7f, 0x88, 0x14,
    0x2, 0x10, 0xf, 0xf3, 0x0, 0x80, 0x42, 0x1,
    0xfe, 0x60, 0x10, 0x30, 0x50, 0xf, 0xe1, 0x20,
    0x50, 0xb0, 0xf0, 0xf, 0xe6, 0x4, 0x10, 0x72,
    0x47, 0x0, 0xf8, 0xe0, 0x20, 0x2, 0xf0, 0x89,
    0x10, 0xc, 0xd8, 0x10, 0x60, 0x11, 0x69, 0x37,
    0x6d, 0xe7, 0xc8, 0x53, 0x80, 0x71, 0x6d, 0x20,
    0x21, 0x1c, 0x72, 0x80, 0x40,

    /* U+0050 "P" */
    0x5f, 0xff, 0x63, 0x80, 0x61, 0x66, 0x90, 0xa3,
    0x0, 0x25, 0x99, 0xaf, 0x8c, 0xd0, 0x1, 0xfb,
    0xc1, 0x40, 0x3f, 0x8, 0x18, 0x7, 0xe4, 0x2,
    0x0, 0xf0, 0xb4, 0x4, 0x80, 0x13, 0xfe, 0xe9,
    0x18, 0x50, 0x0, 0xaa, 0x99, 0x93, 0xce, 0x1,
    0x2d, 0x52, 0x64, 0xc2, 0x1, 0xff, 0xed,

    /* U+0051 "Q" */
    0x0, 0xe5, 0xbd, 0xfe, 0xc7, 0x10, 0xf, 0x8b,
    0x69, 0x1, 0x8, 0xe3, 0x94, 0x3, 0x8b, 0x49,
    0xbb, 0x6f, 0x3e, 0x42, 0x9c, 0x3, 0x78, 0x4c,
    0x84, 0x3, 0x36, 0x4, 0x18, 0x1, 0xc9, 0x18,
    0x3, 0xe3, 0x80, 0x80, 0x5, 0x87, 0x80, 0x7f,
    0x38, 0x20, 0x81, 0x82, 0x80, 0x7f, 0x88, 0x14,
    0x2, 0x10, 0xf, 0xf3, 0x0, 0x80, 0x42, 0x1,
    0xfe, 0x60, 0x60, 0x30, 0x50, 0xf, 0xe1, 0x20,
    0x20, 0xb0, 0xf0, 0xf, 0xe6, 0x4, 0x10, 0x72,
    0x47, 0x0, 0xf8, 0xe0, 0x20, 0x2, 0xf0, 0x89,
    0x10, 0xc, 0xd8, 0x12, 0x60, 0x11, 0x69, 0x37,
    0x6d, 0xe7, 0xc8, 0x53, 0x0, 0x71, 0x6d, 0x20,
    0x21, 0x98, 0x3, 0xfe, 0x5b, 0xdf, 0xf6, 0x60,
    0x29, 0x80, 0x3f, 0xf8, 0x27, 0x83, 0x30, 0x1,
    0xff, 0xc1, 0x3c, 0x70, 0x20,

    /* U+0052 "R" */
    0x5f, 0xfe, 0xec, 0x60, 0xe, 0x16, 0x69, 0x4e,
    0x70, 0x3, 0x2c, 0xcd, 0x7c, 0x66, 0x70, 0xf,
    0xc3, 0x1, 0x40, 0x1f, 0xcc, 0x6, 0x1, 0xfc,
    0xc0, 0x40, 0x1f, 0x86, 0x42, 0xc0, 0x26, 0x99,
    0xaf, 0x89, 0x1c, 0x2, 0x26, 0x69, 0xa, 0x6c,
    0x3, 0x27, 0xf9, 0x81, 0x98, 0x1, 0xfa, 0x5,
    0x14, 0x3, 0xf0, 0xd8, 0x58, 0x80, 0x7e, 0x53,
    0x18, 0x0, 0xfe, 0xe0, 0x63, 0x0, 0xfc, 0x4e,
    0x1c, 0x0,

    /* U+0053 "S" */
    0x0, 0x2d, 0xf7, 0xf5, 0x18, 0x5, 0x34, 0x84,
    0x80, 0xb8, 0xc0, 0x8c, 0x3b, 0x97, 0xce, 0x12,
    0x5a, 0x12, 0x40, 0x14, 0x29, 0xb8, 0x7, 0xea,
    0xc5, 0xc0, 0x93, 0x0, 0xf9, 0x50, 0x72, 0xdc,
    0x80, 0x3a, 0xe9, 0x11, 0x1b, 0xa7, 0x0, 0xcb,
    0x7f, 0x6c, 0x51, 0x80, 0x1e, 0x49, 0xe2, 0x36,
    0x11, 0x0, 0x70, 0xd8, 0x7d, 0xf4, 0x80, 0x70,
    0x80, 0xf8, 0x32, 0x0, 0x47, 0x21, 0x6a, 0xc1,
    0x7b, 0x79, 0x81, 0x83, 0x9, 0xb4, 0x34, 0x24,
    0xb7, 0x0,

    /* U+0054 "T" */
    0x4f, 0xff, 0xf1, 0x33, 0x70, 0x1, 0x9b, 0x19,
    0x4c, 0xe0, 0x4, 0xce, 0x10, 0xf, 0xff, 0xf8,
    0x7, 0xff, 0xe4,

    /* U+0055 "U" */
    0x5f, 0xa0, 0xf, 0xb3, 0xcc, 0x3, 0xff, 0xfe,
    0x1, 0xff, 0xdd, 0x16, 0x6, 0x0, 0xf8, 0x80,
    0xcc, 0x6, 0x20, 0x1c, 0x62, 0x42, 0xe, 0x18,
    0x60, 0x12, 0x68, 0x40, 0x2, 0x10, 0xb3, 0x73,
    0xac, 0x5d, 0x40, 0x2b, 0xa4, 0x33, 0x2, 0xdc,
    0x0, 0x0,

    /* U+0056 "V" */
    0x5f, 0xc0, 0xf, 0xee, 0xf2, 0x51, 0x32, 0x0,
    0xf9, 0x4, 0xc8, 0x18, 0x28, 0x3, 0xee, 0xa,
    0x0, 0x50, 0x30, 0x7, 0x85, 0x41, 0x80, 0x4,
    0x62, 0x80, 0x1c, 0xe0, 0xc0, 0x1a, 0x83, 0x80,
    0x3a, 0x82, 0x80, 0x33, 0x2, 0x88, 0x4, 0x46,
    0x46, 0x1, 0xca, 0xe, 0x1, 0x50, 0x50, 0x7,
    0xa4, 0x28, 0x2, 0x60, 0x60, 0xf, 0x19, 0x19,
    0x2, 0xa, 0x8, 0x7, 0xd4, 0x14, 0x1c, 0x1e,
    0x1, 0xf9, 0x81, 0x85, 0x45, 0x0, 0x3f, 0xa,
    0xd, 0x83, 0x0, 0x7f, 0xb8, 0x14, 0x28, 0x3,
    0xfc, 0xa2, 0x6, 0x40, 0x1c,

    /* U+0057 "W" */
    0x5f, 0xc0, 0xf, 0x3f, 0xf8, 0x40, 0x39, 0x7f,
    0x50, 0xc, 0x3, 0xd6, 0x0, 0x40, 0xe, 0xc0,
    0x51, 0x30, 0x40, 0xe, 0x30, 0x6, 0x0, 0x72,
    0x5, 0x82, 0x6, 0x0, 0x65, 0x5, 0x7, 0x0,
    0xc2, 0x42, 0x61, 0x60, 0xa0, 0x1b, 0xc2, 0x48,
    0x48, 0x2, 0x70, 0x40, 0x1, 0x89, 0x8, 0x4,
    0x82, 0x6a, 0xa, 0x1, 0x60, 0x78, 0x4, 0x80,
    0x80, 0x3, 0x17, 0xb, 0xc, 0x0, 0x90, 0x14,
    0x2, 0xf0, 0xc0, 0x2, 0x6, 0x1, 0x8a, 0x0,
    0xc, 0x50, 0x3, 0x20, 0x20, 0x2, 0xc1, 0x40,
    0x8, 0x8, 0x8, 0x18, 0x1, 0x84, 0xc8, 0x82,
    0x68, 0x1, 0x78, 0x60, 0x60, 0x28, 0x7, 0x58,
    0x22, 0x3, 0x40, 0x24, 0x5, 0x4, 0x22, 0x0,
    0x72, 0x6, 0x78, 0x38, 0x4, 0x26, 0x4a, 0xa,
    0x1, 0xe3, 0x14, 0x41, 0x88, 0x6, 0xb0, 0xb0,
    0xc0, 0xf, 0x90, 0x45, 0x60, 0x1c, 0xa0, 0x20,
    0x80, 0x1f, 0x78, 0x1, 0x40, 0x38, 0x88, 0xa,
    0x1, 0x80,

    /* U+0058 "X" */
    0xb, 0xf8, 0x0, 0xf6, 0xfa, 0x85, 0x3, 0x98,
    0x6, 0x72, 0x45, 0x1, 0x80, 0xf0, 0x8, 0x60,
    0x24, 0x2, 0x73, 0x33, 0x80, 0x2c, 0x20, 0x80,
    0x37, 0x84, 0x9, 0xa9, 0x38, 0x7, 0x1b, 0x5,
    0x70, 0x70, 0x7, 0xd2, 0x28, 0x4c, 0x60, 0x1f,
    0xa4, 0x1, 0x60, 0x1f, 0xd4, 0x0, 0xb0, 0xf,
    0xd0, 0x4c, 0xc, 0x60, 0x1e, 0x27, 0x19, 0x90,
    0x70, 0x7, 0xb8, 0x2c, 0x18, 0xc9, 0xc0, 0x33,
    0x1a, 0x28, 0x3, 0x82, 0x8, 0x0, 0x32, 0x12,
    0x1, 0x13, 0x84, 0x80, 0x2c, 0x1c, 0x80, 0x34,
    0x12, 0x28,

    /* U+0059 "Y" */
    0x5f, 0xd0, 0xf, 0xf, 0xf8, 0x94, 0xc9, 0x80,
    0x3a, 0x41, 0x48, 0x3c, 0x2c, 0x3, 0xb, 0x84,
    0x0, 0xd, 0x9, 0x80, 0x29, 0x6, 0x20, 0xa,
    0x42, 0xc0, 0x2, 0xe1, 0x0, 0x18, 0x94, 0x98,
    0x24, 0x20, 0x40, 0x3a, 0xc2, 0xc5, 0xc5, 0xc0,
    0x3c, 0x2e, 0x58, 0x10, 0x1, 0xfa, 0x40, 0x88,
    0xc0, 0x1f, 0x85, 0x82, 0x80, 0x3f, 0xff, 0x40,

    /* U+005A "Z" */
    0xef, 0xff, 0xda, 0x89, 0xf0, 0x80, 0xd5, 0xdf,
    0x50, 0x87, 0x80, 0x7a, 0xc1, 0x8c, 0x3, 0x95,
    0x43, 0x20, 0x1e, 0xb0, 0xb0, 0xf, 0x48, 0xa2,
    0x80, 0x71, 0xb0, 0x50, 0x7, 0xb8, 0x24, 0x40,
    0x39, 0xc8, 0xd8, 0x3, 0x8a, 0x3, 0x80, 0x3d,
    0x20, 0xe4, 0x1, 0xcc, 0x85, 0x0, 0x1e, 0x80,
    0x5, 0xdf, 0xa4, 0x40, 0x91, 0x3c, 0xe0,

    /* U+005B "[" */
    0x1f, 0xfb, 0x80, 0x2, 0xcc, 0x0, 0x14, 0xc0,
    0x7, 0xff, 0xfc, 0x3, 0xff, 0x94, 0x55, 0x20,
    0x1, 0x57,

    /* U+005C "\\" */
    0xf, 0xf0, 0x7, 0xe4, 0x4, 0x0, 0xfb, 0x43,
    0x40, 0x3e, 0x70, 0x40, 0xf, 0x84, 0x8a, 0x0,
    0xf9, 0x41, 0x0, 0x3e, 0xc0, 0xd0, 0xf, 0x90,
    0x10, 0x3, 0xf2, 0x2, 0x0, 0x7d, 0xa1, 0xa0,
    0x1f, 0x38, 0x20, 0x7, 0xc2, 0x45, 0x0, 0x7c,
    0xa0, 0xa0, 0x1f, 0x60, 0x60, 0x7, 0xc8, 0x8,
    0x1, 0xf9, 0x41, 0x0, 0x3e, 0xc0, 0xd0, 0xf,
    0x9c, 0x1c, 0x3, 0xe1, 0x21, 0x20, 0xf, 0x94,
    0x14, 0x3, 0xeb, 0xc, 0x0, 0xf8, 0xc1, 0x0,
    0x3f, 0x28, 0x28, 0x7, 0xd8, 0x18,

    /* U+005D "]" */
    0x9f, 0xf9, 0xb1, 0x8c, 0x0, 0xb3, 0x60, 0x1f,
    0xff, 0xf0, 0xf, 0xfe, 0x52, 0xd5, 0x0, 0x18,
    0xa4, 0x0,

    /* U+005E "^" */
    0x0, 0xe1, 0x87, 0x0, 0xff, 0x99, 0xe1, 0x0,
    0x3f, 0xd2, 0x0, 0x80, 0xf, 0xe5, 0x14, 0x33,
    0x80, 0x3f, 0x40, 0x7c, 0x84, 0x80, 0x7c, 0x84,
    0x68, 0xa2, 0xa4, 0x1, 0xef, 0x9, 0x0, 0x48,
    0x58, 0x7, 0x12, 0xa, 0x80, 0x18, 0x18, 0x40,
    0x35, 0x84, 0x80, 0x42, 0xc0, 0xc0, 0x10, 0xb0,
    0x38, 0x6, 0xb0, 0x90, 0xa, 0x41, 0xc0, 0x38,
    0x90, 0x54, 0x0, 0xc1, 0x20, 0x1e, 0xf0, 0x80,

    /* U+005F "_" */
    0x8d, 0xdf, 0xf8, 0xc, 0x8b, 0xfe, 0x0,

    /* U+0060 "`" */
    0x63, 0x0, 0xdf, 0x94, 0x20, 0x9, 0x84, 0xe7,
    0x0, 0x3f, 0x44, 0x4, 0x2, 0x7e, 0x10,

    /* U+0061 "a" */
    0x0, 0x86, 0x37, 0xfa, 0x8c, 0x37, 0xc8, 0x0,
    0x9e, 0xe4, 0x64, 0xb8, 0xe0, 0x18, 0x6c, 0x5b,
    0xb3, 0x1e, 0xf0, 0x40, 0x14, 0x2, 0x48, 0x80,
    0x50, 0xc0, 0x19, 0xc2, 0x0, 0x3d, 0x0, 0x18,
    0x40, 0xc0, 0x3c, 0x22, 0x0, 0xff, 0xe2, 0x90,
    0x18, 0x7, 0x84, 0x40, 0x12, 0x84, 0x80, 0x7a,
    0x40, 0x34, 0x8a, 0xb8, 0x6, 0x57, 0x0, 0xc3,
    0x43, 0x1b, 0x32, 0xda, 0x72, 0x0, 0xc9, 0xec,
    0xc, 0xed, 0x70, 0x1, 0x0,

    /* U+0062 "b" */
    0x5f, 0xb0, 0xf, 0xff, 0x4a, 0x5f, 0x7e, 0xc0,
    0x80, 0x74, 0x5a, 0xa8, 0xc9, 0xfc, 0x80, 0x24,
    0x79, 0xeb, 0xce, 0x41, 0xf0, 0xd, 0x2c, 0x1,
    0xd, 0x99, 0x30, 0x0, 0x58, 0x3, 0xd2, 0x1a,
    0x0, 0x20, 0xf, 0x9c, 0x18, 0x3, 0xfc, 0x20,
    0x18, 0x80, 0x3e, 0x50, 0x60, 0x0, 0xb8, 0x7,
    0xac, 0x34, 0x2, 0x86, 0x0, 0x86, 0xc8, 0x8c,
    0x0, 0x46, 0x9e, 0xcc, 0x72, 0xf, 0x80, 0x69,
    0xa5, 0x23, 0x27, 0xf2, 0x0,

    /* U+0063 "c" */
    0x0, 0x86, 0x37, 0xfd, 0x8e, 0x1, 0xc9, 0xee,
    0x68, 0x83, 0x8d, 0x10, 0x0, 0xd0, 0xcf, 0x5d,
    0xb9, 0xa, 0x80, 0x10, 0x2c, 0xc0, 0x8, 0x6c,
    0x54, 0x81, 0xc2, 0xc0, 0x3d, 0xdc, 0x20, 0x10,
    0x20, 0xf, 0xfe, 0x59, 0x1, 0x0, 0x7f, 0x94,
    0x2c, 0x3, 0xdd, 0xc2, 0x9, 0x16, 0x60, 0x6,
    0xa1, 0x52, 0x1, 0xa1, 0x9d, 0xab, 0xf5, 0x3a,
    0x0, 0x93, 0xdc, 0x15, 0xe, 0x30, 0x40,

    /* U+0064 "d" */
    0x0, 0xff, 0xb7, 0xc8, 0x3, 0xff, 0xc2, 0x31,
    0xbf, 0xd4, 0x60, 0x1e, 0x4f, 0x72, 0x32, 0x5c,
    0x70, 0xc, 0x36, 0x2d, 0xd9, 0x8f, 0x78, 0x20,
    0xa, 0x1, 0x24, 0x40, 0x28, 0x60, 0xc, 0xe1,
    0x0, 0x1e, 0x80, 0xc, 0x20, 0x60, 0x1e, 0x11,
    0x0, 0x7f, 0xf1, 0x48, 0xc, 0x3, 0xc2, 0x20,
    0x9, 0x42, 0x40, 0x3d, 0x20, 0x1a, 0x45, 0x5c,
    0x3, 0x2b, 0x80, 0x61, 0xa1, 0x8d, 0x99, 0x6d,
    0x39, 0x0, 0x64, 0xf7, 0x6, 0x76, 0xb8, 0x0,
    0x80,

    /* U+0065 "e" */
    0x0, 0x86, 0x37, 0xfb, 0x1c, 0x3, 0x93, 0xdc,
    0xd1, 0x4e, 0x34, 0x80, 0x3, 0x63, 0x3d, 0x76,
    0xf6, 0x2e, 0x0, 0x40, 0x3b, 0x0, 0x69, 0x33,
    0x28, 0x38, 0x50, 0x7, 0xac, 0x30, 0x4, 0x37,
    0xff, 0xd0, 0x6, 0x1, 0x33, 0x7f, 0x60, 0x10,
    0x54, 0xcf, 0xe6, 0x5, 0xa, 0x0, 0xf6, 0x69,
    0x84, 0x8b, 0x38, 0x6, 0xa3, 0x13, 0x1, 0xd1,
    0x8e, 0xbb, 0x7a, 0x96, 0x80, 0x47, 0xee, 0x68,
    0x82, 0x8d, 0x10,

    /* U+0066 "f" */
    0x0, 0x9b, 0x3d, 0xc0, 0xf, 0x26, 0x86, 0x0,
    0xa0, 0xbb, 0x20, 0x0, 0xc1, 0x40, 0x11, 0xe2,
    0x1d, 0xf3, 0xaa, 0x0, 0x55, 0x62, 0xd0, 0x2,
    0xe9, 0x40, 0x3f, 0xfe, 0x60,

    /* U+0067 "g" */
    0x0, 0x86, 0x37, 0xfa, 0xd0, 0x37, 0xc8, 0x0,
    0x9e, 0xe0, 0xce, 0xeb, 0x90, 0xc, 0x36, 0x33,
    0xb3, 0x2c, 0xa6, 0x20, 0xa, 0x1, 0x98, 0x1,
    0x96, 0x0, 0x33, 0x85, 0x80, 0x79, 0x80, 0x30,
    0x81, 0x0, 0x78, 0x44, 0x1, 0xff, 0xc5, 0x20,
    0x40, 0xf, 0x10, 0x80, 0x4a, 0x1e, 0x1, 0xeb,
    0x0, 0xd2, 0x29, 0x42, 0x1, 0x43, 0x0, 0x61,
    0xa1, 0x5e, 0xcc, 0x7b, 0xc9, 0x0, 0x64, 0xf7,
    0x23, 0x25, 0xc6, 0x0, 0xf0, 0xc6, 0xff, 0x51,
    0x80, 0x71, 0x29, 0x80, 0x7c, 0x40, 0x40, 0x35,
    0xa0, 0x1e, 0x60, 0x30, 0x1, 0x98, 0x70, 0x80,
    0x24, 0x90, 0x80, 0xb, 0x48, 0xf7, 0x57, 0xb6,
    0x10, 0x80, 0x10, 0xec, 0x99, 0x21, 0xae, 0x38,
    0x0,

    /* U+0068 "h" */
    0x5f, 0xb0, 0xf, 0xff, 0x20, 0xc6, 0xff, 0x51,
    0x0, 0x67, 0xc7, 0x3, 0x15, 0xd4, 0x0, 0x8c,
    0x77, 0x59, 0xec, 0x14, 0x1, 0xb8, 0x80, 0x29,
    0x21, 0x40, 0x1, 0x10, 0x3, 0x90, 0xc, 0x0,
    0xc0, 0x1e, 0xe0, 0xf, 0xfe, 0xf, 0x80, 0x7f,
    0xfc, 0x0,

    /* U+0069 "i" */
    0x4e, 0xa0, 0xd1, 0x50, 0x86, 0xa0, 0x19, 0x50,
    0x5f, 0xb0, 0xf, 0xff, 0x8,

    /* U+006A "j" */
    0x0, 0x1f, 0x58, 0x5, 0x62, 0x80, 0x14, 0xb4,
    0x80, 0x43, 0x2c, 0x1, 0x1f, 0xe0, 0x7, 0xff,
    0xfc, 0x3, 0xff, 0x80, 0xc0, 0xc0, 0xd7, 0x41,
    0x81, 0xe8, 0x2e, 0xc0,

    /* U+006B "k" */
    0x5f, 0xb0, 0xf, 0xff, 0x19, 0x77, 0xd0, 0x7,
    0x87, 0xc5, 0x68, 0x3, 0xda, 0x49, 0x40, 0x1e,
    0xb3, 0x35, 0x80, 0x7a, 0x50, 0xf0, 0x3, 0xc8,
    0xc5, 0xa0, 0x1f, 0xfc, 0x64, 0x62, 0xc1, 0x0,
    0xfa, 0x54, 0xb4, 0x3, 0xf5, 0x19, 0xac, 0x3,
    0xf6, 0x92, 0x58, 0x7, 0xc3, 0x82, 0x94, 0x0,

    /* U+006C "l" */
    0x5f, 0xb0, 0xf, 0xff, 0x8,

    /* U+006D "m" */
    0x5f, 0xb1, 0x9e, 0xfe, 0xa2, 0x0, 0x25, 0xf7,
    0xeb, 0x80, 0x73, 0x7a, 0x3b, 0x89, 0x75, 0x1a,
    0xdd, 0x98, 0x71, 0x80, 0x18, 0x93, 0x66, 0x31,
    0xc2, 0xa6, 0x59, 0x13, 0xe6, 0x68, 0x0, 0xd6,
    0x1, 0xa0, 0x44, 0x6c, 0x1, 0xf, 0x82, 0x80,
    0x44, 0x20, 0x1c, 0xa0, 0x80, 0x1c, 0x60, 0x40,
    0x13, 0x0, 0x78, 0x83, 0x80, 0x3c, 0x20, 0x20,
    0x1f, 0xff, 0xf0, 0xf, 0xff, 0x38,

    /* U+006E "n" */
    0x5f, 0xb1, 0x9e, 0xfe, 0xa2, 0x0, 0xcd, 0xe8,
    0xee, 0x25, 0xd4, 0x0, 0x89, 0x36, 0x63, 0x20,
    0x28, 0x3, 0x58, 0x6, 0x73, 0x14, 0x0, 0x10,
    0x80, 0x72, 0x81, 0x80, 0x18, 0x3, 0xdc, 0x1,
    0xff, 0xc1, 0xf0, 0xf, 0xff, 0x80,

    /* U+006F "o" */
    0x0, 0x85, 0xf3, 0xbf, 0x60, 0x40, 0x38, 0xfe,
    0xc, 0x8c, 0x9f, 0xd0, 0x2, 0x1d, 0x17, 0xfc,
    0xc7, 0xb8, 0xd1, 0x0, 0x24, 0x56, 0x0, 0x34,
    0x30, 0xd8, 0x1, 0x42, 0x40, 0x3d, 0x60, 0xc0,
    0x2, 0x3, 0x0, 0xf1, 0x0, 0x4, 0x3, 0xff,
    0x86, 0x40, 0x60, 0x1e, 0x20, 0x0, 0x82, 0x84,
    0x80, 0x7a, 0x1, 0x80, 0x12, 0x2b, 0x0, 0x1a,
    0x54, 0x60, 0x0, 0x3a, 0x2f, 0xf9, 0x8f, 0x61,
    0xd1, 0x0, 0x8f, 0xe0, 0x8c, 0xe8, 0xf3, 0x0,
    0x0,

    /* U+0070 "p" */
    0x5f, 0xb0, 0x4b, 0xef, 0xd8, 0x10, 0xe, 0x8b,
    0x55, 0x19, 0x3f, 0x90, 0x4, 0x8f, 0x3d, 0x79,
    0xc8, 0x3e, 0x1, 0xa5, 0x80, 0x21, 0xb3, 0x26,
    0x0, 0xb, 0x0, 0x7a, 0x43, 0x40, 0x4, 0x1,
    0xf3, 0x83, 0x0, 0x7f, 0x84, 0x3, 0x10, 0x7,
    0xca, 0xc, 0x0, 0x17, 0x0, 0xf5, 0x86, 0x80,
    0x50, 0xc0, 0x10, 0xd9, 0x11, 0x80, 0x8, 0xd3,
    0xd9, 0x8e, 0x41, 0xf0, 0xd, 0x36, 0xa4, 0x64,
    0xfe, 0x40, 0x1c, 0x97, 0xdf, 0xb0, 0x20, 0x1f,
    0xff, 0x70,

    /* U+0071 "q" */
    0x0, 0x86, 0x37, 0xfa, 0xcc, 0x37, 0xc8, 0x0,
    0x9e, 0xe4, 0x64, 0x98, 0xe0, 0x18, 0x6c, 0x5b,
    0xb3, 0x1e, 0xf0, 0x40, 0x14, 0x2, 0x48, 0x80,
    0x50, 0xc0, 0x19, 0xc2, 0x0, 0x3d, 0x0, 0x18,
    0x40, 0xc0, 0x3c, 0x22, 0x0, 0xff, 0xe2, 0x90,
    0x18, 0x7, 0x84, 0x40, 0x12, 0x84, 0x0, 0x7a,
    0x0, 0x34, 0x8a, 0x50, 0x80, 0x50, 0xc0, 0x18,
    0x68, 0x57, 0xb3, 0x1e, 0xf2, 0x40, 0x19, 0x3d,
    0x88, 0xc9, 0x71, 0x80, 0x3c, 0x33, 0xbf, 0xd4,
    0x60, 0x1f, 0xff, 0xe0,

    /* U+0072 "r" */
    0x5f, 0xb0, 0x8d, 0x90, 0xb, 0x1c, 0x80, 0x24,
    0x2a, 0xe9, 0x0, 0xb5, 0x44, 0x2, 0x23, 0x0,
    0xe6, 0x0, 0xff, 0xf1, 0x0,

    /* U+0073 "s" */
    0x1, 0x9d, 0xfe, 0xb3, 0x0, 0xf, 0xb0, 0x21,
    0x26, 0x30, 0x40, 0xb6, 0xde, 0x58, 0x48, 0x18,
    0x60, 0x4, 0x8e, 0xa5, 0x81, 0x68, 0x1, 0x45,
    0x13, 0x30, 0x6f, 0xa9, 0x40, 0x34, 0xec, 0x12,
    0xd7, 0x20, 0x4, 0x4f, 0x9d, 0x3, 0x63, 0x12,
    0x20, 0x1, 0x75, 0x4, 0x26, 0xb0, 0x8, 0x50,
    0x1a, 0x5, 0x7a, 0xed, 0xc2, 0xa6, 0x5e, 0xe6,
    0x88, 0x39, 0xa0,

    /* U+0074 "t" */
    0x0, 0x6f, 0x90, 0x7, 0xff, 0x1d, 0xbc, 0x83,
    0x7f, 0xc8, 0x4a, 0x0, 0x55, 0x99, 0x28, 0x82,
    0x2a, 0x84, 0x1, 0xff, 0xe6, 0x10, 0x60, 0xe,
    0xb0, 0xbb, 0x51, 0x0, 0x1d, 0xc4, 0x8a, 0xc0,

    /* U+0075 "u" */
    0x6f, 0x90, 0xf, 0x4f, 0xb0, 0x7, 0xff, 0xf0,
    0xc0, 0xc0, 0x3c, 0x40, 0x6, 0x4, 0x0, 0xf2,
    0x80, 0xc, 0x86, 0x0, 0x35, 0x8, 0x5, 0xc0,
    0xfb, 0x35, 0xaa, 0x60, 0x11, 0xeb, 0x1b, 0x23,
    0xea, 0x80, 0x0,

    /* U+0076 "v" */
    0x8f, 0x90, 0xf, 0x27, 0xe8, 0x50, 0x30, 0x7,
    0xb8, 0x28, 0x8, 0xc1, 0x40, 0x39, 0x41, 0x80,
    0x12, 0x1c, 0x1, 0x98, 0x14, 0x40, 0xa, 0x28,
    0x20, 0x15, 0x7, 0x0, 0x67, 0x6, 0x0, 0x11,
    0x8a, 0x0, 0x6b, 0xa, 0x0, 0x50, 0x48, 0x7,
    0x11, 0x91, 0x82, 0x83, 0x0, 0x7a, 0x82, 0x90,
    0x90, 0x40, 0x3c, 0xc0, 0xdc, 0x1e, 0x1, 0xf9,
    0x81, 0x45, 0x0, 0x3f, 0x50, 0x1, 0x80, 0x38,

    /* U+0077 "w" */
    0x9f, 0x70, 0xc, 0x3f, 0xe4, 0x0, 0xcb, 0xf3,
    0xa1, 0x80, 0x19, 0x0, 0x18, 0x1, 0xbc, 0x35,
    0x5, 0x0, 0x37, 0x80, 0x14, 0x3, 0x20, 0x20,
    0x20, 0x20, 0x4, 0xa8, 0xa4, 0x40, 0x1, 0xa,
    0x80, 0x3c, 0x30, 0x0, 0x81, 0xbe, 0x8, 0x0,
    0x50, 0xf0, 0x2, 0x82, 0x80, 0x34, 0x1d, 0x3,
    0x40, 0x18, 0xa, 0x1, 0x21, 0x8, 0x21, 0x88,
    0x8d, 0x0, 0x8, 0x80, 0xd, 0xc0, 0x84, 0x4b,
    0x0, 0x58, 0x22, 0x3, 0x40, 0x32, 0x7, 0xa8,
    0x28, 0x1, 0x43, 0x70, 0x1c, 0x3, 0xa, 0x22,
    0xc8, 0x80, 0x2, 0x22, 0x20, 0xc4, 0x3, 0xb4,
    0x4d, 0x0, 0x32, 0x91, 0xd8, 0x7, 0x9c, 0x1,
    0xa0, 0x1a, 0xc0, 0xa, 0x1, 0x0,

    /* U+0078 "x" */
    0x6f, 0xd0, 0xc, 0x5f, 0xa0, 0xc8, 0x50, 0x1,
    0x70, 0x48, 0x2, 0x41, 0xc8, 0x18, 0xd9, 0x0,
    0x5, 0x1, 0xc3, 0x3, 0x20, 0x19, 0xcc, 0xde,
    0x34, 0x1, 0xee, 0x1, 0x54, 0x0, 0xfe, 0x10,
    0xf, 0xb8, 0x5, 0x14, 0x3, 0x98, 0xde, 0x82,
    0xc4, 0x2, 0x29, 0x28, 0x46, 0x1b, 0x0, 0xa4,
    0x24, 0x1, 0x2, 0xa8, 0xc, 0x8a, 0x80, 0x1,
    0xb0, 0xa0,

    /* U+0079 "y" */
    0x8f, 0xa0, 0xf, 0x17, 0xe8, 0x50, 0x28, 0x80,
    0x75, 0x5, 0x1, 0x20, 0x38, 0x7, 0x30, 0x30,
    0x3, 0x82, 0xc0, 0x32, 0xa, 0x88, 0x1, 0x44,
    0x8c, 0x2, 0xf0, 0xe0, 0xc, 0xc1, 0x40, 0x1,
    0x42, 0x40, 0xd, 0x40, 0xe0, 0x6, 0xa, 0x0,
    0xe2, 0x41, 0x50, 0xa0, 0x60, 0xf, 0x70, 0x71,
    0x92, 0x88, 0x7, 0x94, 0x52, 0x42, 0x40, 0x3f,
    0x30, 0x29, 0x18, 0x7, 0xea, 0x0, 0x58, 0x7,
    0xf1, 0x80, 0x1c, 0x3, 0xf9, 0x81, 0x44, 0x3,
    0xfa, 0x82, 0x40, 0x3f, 0x8c, 0x88, 0x60, 0x1f,
    0xd2, 0x16, 0x1, 0xfc, 0x2a, 0xc, 0x1, 0xf0,

    /* U+007A "z" */
    0xf, 0xff, 0xc2, 0xc, 0xdc, 0x60, 0x1, 0x9,
    0x9e, 0x10, 0x80, 0xf, 0x41, 0x1b, 0x80, 0x71,
    0xb8, 0x70, 0x7, 0xb8, 0x20, 0x80, 0x3a, 0x8,
    0xdc, 0x3, 0x8d, 0xc3, 0x80, 0x3d, 0xc1, 0x4,
    0x1, 0xd0, 0x46, 0xe0, 0x1c, 0x2e, 0xf, 0x33,
    0xc2, 0x1, 0x23, 0x37, 0x0,

    /* U+007B "{" */
    0x0, 0x9f, 0x7e, 0x80, 0xf, 0x4, 0x9a, 0x0,
    0xb0, 0xbb, 0x38, 0x0, 0x81, 0x40, 0x31, 0x81,
    0x80, 0x66, 0x1, 0x0, 0xc2, 0xe, 0x1, 0x88,
    0x8, 0x3, 0x78, 0x8, 0x6, 0xf0, 0x10, 0x8,
    0xd8, 0x10, 0x1, 0x38, 0x76, 0x40, 0x1c, 0x20,
    0x14, 0xe1, 0xd1, 0x0, 0x46, 0xc0, 0x80, 0x1b,
    0xc0, 0x40, 0x37, 0x80, 0x80, 0x62, 0x2, 0x0,
    0xc2, 0xe, 0x1, 0x98, 0x4, 0x3, 0x18, 0x18,
    0x6, 0x20, 0x50, 0xd, 0x61, 0x76, 0x70, 0x3,
    0xc1, 0x26, 0x80,

    /* U+007C "|" */
    0x68, 0x1a, 0x72, 0x0, 0xff, 0xf5, 0x0,

    /* U+007D "}" */
    0x8f, 0xe9, 0x0, 0xb5, 0x1, 0xa4, 0x0, 0xb7,
    0xe0, 0xe0, 0x18, 0x46, 0x0, 0xe1, 0x0, 0xf8,
    0x40, 0x31, 0x1, 0x0, 0x61, 0x7, 0x0, 0xce,
    0x2, 0x1, 0xe1, 0x0, 0xc8, 0x28, 0xa0, 0x1b,
    0x4e, 0xb0, 0x3, 0xfd, 0xa7, 0x58, 0x0, 0x41,
    0x45, 0x0, 0xe1, 0x0, 0xce, 0x2, 0x1, 0x84,
    0x1c, 0x3, 0x10, 0x10, 0x7, 0x84, 0x3, 0x84,
    0x3, 0x84, 0x60, 0x2, 0xdf, 0x83, 0x80, 0x35,
    0x1, 0xa4, 0x0,

    /* U+007E "~" */
    0x0, 0x57, 0x72, 0x4, 0xb, 0xdc, 0x29, 0x48,
    0x1f, 0xb3, 0x41, 0x81, 0x5f, 0x3a, 0x8c, 0xeb,
    0x10,

    /* U+00A0 " " */

    /* U+00A1 "¡" */
    0xa, 0xe4, 0x5, 0x1d, 0xa, 0x68, 0x5, 0x91,
    0x7, 0xc0, 0x6, 0x98, 0x80, 0x70, 0x80, 0x71,
    0x80, 0x73, 0x80, 0x80, 0x7f, 0x8, 0x38, 0x6,

    /* U+00A2 "¢" */
    0x0, 0xe8, 0xa0, 0xf, 0xfe, 0x38, 0xc6, 0xba,
    0xec, 0x0, 0x62, 0xf7, 0x35, 0x50, 0x3f, 0x10,
    0x3, 0x85, 0xfa, 0xa9, 0xb0, 0x3c, 0x6, 0x74,
    0x0, 0x67, 0x50, 0x14, 0xa, 0x0, 0xf5, 0x60,
    0xf8, 0x18, 0x7, 0xf7, 0x81, 0x0, 0x7f, 0x20,
    0x58, 0x7, 0xaf, 0x44, 0xce, 0x90, 0xc, 0xe8,
    0x22, 0xe, 0x26, 0xeb, 0xb7, 0x40, 0xf0, 0x0,
    0xb6, 0x9, 0x10, 0x51, 0xc4, 0x1, 0x9f, 0x1d,
    0x71, 0xc0, 0x3f, 0xf8, 0x60,

    /* U+00A3 "£" */
    0x0, 0xcb, 0x9d, 0xfb, 0x0, 0x1d, 0x34, 0x64,
    0x86, 0xfa, 0x1, 0x1b, 0xe, 0xe5, 0xf2, 0x94,
    0x0, 0x2c, 0x24, 0x80, 0x2b, 0x5, 0x0, 0x8,
    0x10, 0x6, 0x1c, 0xf0, 0x7, 0x1, 0x0, 0x71,
    0x90, 0x9, 0x85, 0x88, 0xe0, 0xd, 0xd6, 0x7,
    0xdd, 0x88, 0x2, 0xbb, 0x28, 0x35, 0xdc, 0x40,
    0x12, 0x23, 0x0, 0x51, 0x20, 0xf, 0xde, 0x1,
    0xfd, 0x80, 0xa0, 0x1f, 0x89, 0x54, 0x40, 0x1f,
    0xbc, 0x1, 0x55, 0xf0, 0x0, 0x81, 0x57, 0xf0,

    /* U+00A4 "¤" */
    0x16, 0x0, 0xf3, 0x82, 0xcc, 0xaf, 0xfa, 0xae,
    0x49, 0x21, 0x9e, 0xa1, 0xd2, 0x88, 0x2c, 0x71,
    0x5b, 0xc3, 0x40, 0x4, 0xa0, 0x11, 0xa, 0x80,
    0xd, 0x80, 0x21, 0x13, 0x0, 0x28, 0xa0, 0x4a,
    0x83, 0x80, 0xe4, 0xdf, 0xb5, 0x8a, 0x44, 0x4f,
    0x9f, 0xbb, 0x63, 0x80,

    /* U+00A5 "¥" */
    0x3f, 0xf0, 0x80, 0x7b, 0xbd, 0xd, 0x42, 0x40,
    0x39, 0x84, 0xd0, 0x20, 0x1c, 0x40, 0x34, 0x7,
    0x80, 0x9, 0x82, 0x40, 0x26, 0x14, 0x30, 0xa,
    0x1, 0xc0, 0x2b, 0x8, 0x0, 0xc2, 0xe0, 0xe0,
    0xa4, 0xa6, 0x1, 0x9, 0x58, 0x48, 0x40, 0x71,
    0x8, 0x3, 0x37, 0x0, 0x70, 0x82, 0xf7, 0x80,
    0x13, 0x55, 0x11, 0x8d, 0x55, 0x60, 0x5, 0x77,
    0x94, 0x11, 0xde, 0x50, 0x6, 0x6e, 0xce, 0xb,
    0xbb, 0x70, 0x2, 0x6a, 0xa6, 0x4, 0xaa, 0xac,
    0x0, 0x8a, 0xb7, 0x1, 0x2a, 0xc8, 0x1, 0xff,
    0xcf,

    /* U+00A6 "¦" */
    0x12, 0xd, 0xd1, 0x80, 0x7f, 0xf2, 0x73, 0xcc,
    0x2, 0x22, 0x7, 0x69, 0x80, 0x7f, 0xf2, 0x40,

    /* U+00A7 "§" */
    0x0, 0x36, 0x7f, 0xb6, 0x4, 0x2, 0x99, 0x4,
    0x41, 0x9f, 0xc8, 0x9, 0x8b, 0x1d, 0xd6, 0xc3,
    0x60, 0xc0, 0xc0, 0x1a, 0xdf, 0xc1, 0x45, 0x1c,
    0x2, 0x28, 0x60, 0x1d, 0x28, 0xe9, 0x30, 0xe,
    0x24, 0x1, 0x6c, 0xd6, 0x0, 0x17, 0xb2, 0xd5,
    0xc8, 0x4d, 0x84, 0x8c, 0x52, 0xa3, 0x69, 0xa3,
    0x20, 0x30, 0x7, 0x58, 0x79, 0x2, 0x0, 0x76,
    0x87, 0x40, 0x5a, 0x80, 0x6, 0x14, 0x59, 0x6c,
    0xeb, 0xfd, 0xce, 0x9e, 0x20, 0x9b, 0x6a, 0x0,
    0x1d, 0x10, 0xc, 0x95, 0xf2, 0x12, 0xe0, 0x3,
    0x30, 0x4, 0xda, 0x12, 0x0, 0xcc, 0x8, 0x4,
    0x40, 0x19, 0x83, 0x50, 0x4e, 0x82, 0x40, 0x12,
    0xe5, 0x7d, 0x8b, 0xe, 0x1, 0x47, 0x6d, 0xe7,
    0x38, 0x0,

    /* U+00A8 "¨" */
    0x3, 0x0, 0x9, 0x2, 0xe5, 0x6, 0xe9, 0x4,
    0x8, 0x18, 0x58,

    /* U+00A9 "©" */
    0x0, 0xc9, 0x39, 0xba, 0xb6, 0x10, 0xf, 0xe,
    0x76, 0xe6, 0xea, 0x47, 0x14, 0x3, 0xe, 0x45,
    0x22, 0x19, 0x4d, 0xf7, 0xdc, 0x2, 0xd9, 0x44,
    0x75, 0xc5, 0x75, 0x5, 0x59, 0x82, 0x32, 0x1d,
    0x9e, 0xf7, 0xca, 0xd8, 0x7c, 0x7, 0x70, 0x20,
    0x3c, 0x80, 0xd, 0x5a, 0x6, 0xc2, 0xcc, 0x4,
    0x22, 0x0, 0x65, 0x60, 0x3, 0x11, 0x40, 0x6,
    0x0, 0xfe, 0x26, 0x22, 0x0, 0x18, 0x3, 0xf8,
    0x99, 0x8e, 0xa, 0x46, 0x1, 0xb7, 0x80, 0xc,
    0x5d, 0xe1, 0x1, 0xa8, 0x5, 0x45, 0x0, 0x8c,
    0x28, 0xc8, 0x58, 0x77, 0xfa, 0x92, 0xc1, 0x1e,
    0x0, 0xe9, 0x43, 0xdd, 0x5e, 0x73, 0x5, 0xd9,
    0x0, 0x5, 0xf1, 0x48, 0x48, 0x64, 0xfb, 0xa7,
    0x0, 0xc5, 0x9d, 0xcc, 0xdd, 0x48, 0xe3, 0x0,
    0x40,

    /* U+00AA "ª" */
    0x0, 0x3e, 0xfe, 0xad, 0xe8, 0x44, 0x1a, 0xae,
    0xca, 0x0, 0x73, 0xb5, 0x6c, 0x10, 0x30, 0xb0,
    0x8, 0x8c, 0x3, 0xfc, 0x61, 0x60, 0x11, 0x18,
    0x2, 0xe, 0xd5, 0xbc, 0x40, 0xf, 0x2d, 0x57,
    0xa, 0x0,

    /* U+00AB "«" */
    0x0, 0xa1, 0xc0, 0x10, 0xe0, 0x13, 0xb8, 0x1,
    0xe, 0x1, 0xc, 0x13, 0x8b, 0x93, 0x80, 0x20,
    0x24, 0x2c, 0x24, 0x2, 0x40, 0x50, 0x70, 0x50,
    0xa, 0x42, 0x2, 0x2, 0x0, 0x24, 0x43, 0x1a,
    0x9b, 0x10, 0x5, 0x21, 0xe1, 0xe1, 0xc0,

    /* U+00AC "¬" */
    0x8, 0x8f, 0xfe, 0x1, 0xb, 0xbf, 0xff, 0x4,
    0x7f, 0xff, 0xca, 0x1, 0xff, 0xd2,

    /* U+00AD "­" */
    0x7a, 0xaf, 0xc1, 0x8a, 0xbf, 0x80,

    /* U+00AE "®" */
    0x0, 0x36, 0x6e, 0x38, 0x6, 0xbf, 0xdd, 0x83,
    0x0, 0xc, 0x37, 0xfd, 0xab, 0x72, 0x1b, 0xc0,
    0x3e, 0xf4, 0xee, 0x6, 0x60, 0x3, 0x96, 0xc0,
    0x26, 0x60, 0x2, 0x80, 0x80, 0x2d, 0xf0, 0x45,
    0x77, 0xc0, 0xc1, 0x12, 0x10, 0x37, 0x20, 0xb,
    0xce, 0xdc, 0xfc, 0x0, 0x0,

    /* U+00AF "¯" */
    0x12, 0x2f, 0x82, 0xf7, 0x7e, 0x29, 0xaa, 0xf8,
    0x80,

    /* U+00B0 "°" */
    0x0, 0x3e, 0x76, 0xb8, 0x5, 0x71, 0x5b, 0x71,
    0x60, 0x69, 0xc, 0x6d, 0x8, 0x6c, 0x6, 0x1,
    0x18, 0x30, 0x81, 0x0, 0x44, 0xc, 0x85, 0x6,
    0x9, 0x6, 0x60, 0xc5, 0xcf, 0xb4, 0xd0, 0x0,
    0xdf, 0xef, 0xd0, 0x80,

    /* U+00B1 "±" */
    0x0, 0xe6, 0xf7, 0x0, 0xff, 0xf0, 0xf, 0xfe,
    0x90, 0x8f, 0xfc, 0x42, 0xab, 0x8c, 0x9, 0x57,
    0x18, 0x55, 0x70, 0x55, 0x70, 0x80, 0x7f, 0xf3,
    0xea, 0xb8, 0x2a, 0xb8, 0x44, 0xab, 0x8c, 0x9,
    0x57, 0x18,

    /* U+00B2 "²" */
    0x4, 0xdf, 0xc3, 0x1, 0xb6, 0xb0, 0xc0, 0x5,
    0x51, 0x2c, 0xc, 0x54, 0x43, 0x0, 0x80, 0x28,
    0x4a, 0x10, 0x4, 0xb6, 0x28, 0xe, 0x3d, 0xba,
    0xa, 0x98, 0xd5, 0xd9, 0x0,

    /* U+00B3 "³" */
    0x5, 0xdf, 0xd6, 0x3, 0xa4, 0xb4, 0x94, 0x3f,
    0x94, 0xf0, 0x10, 0x3, 0xfc, 0xba, 0x80, 0x1f,
    0x59, 0xc8, 0xe0, 0x4a, 0x82, 0x81, 0xec, 0xe4,
    0x30, 0xe9, 0xf1, 0xe5, 0x0,

    /* U+00B4 "´" */
    0x0, 0xd0, 0x1, 0x37, 0x38, 0x1e, 0x4a, 0x68,
    0x53, 0xe5, 0x10, 0x45, 0x98, 0x4,

    /* U+00B5 "µ" */
    0x5f, 0xa0, 0xf, 0x47, 0xc0, 0x7, 0xff, 0xf9,
    0x80, 0x3c, 0x20, 0x18, 0xc4, 0x3, 0x90, 0x3,
    0xac, 0x3, 0x39, 0x0, 0x72, 0xec, 0xc6, 0x4b,
    0x0, 0x65, 0x73, 0x66, 0x2f, 0x88, 0x7, 0x47,
    0x7f, 0x48, 0xc7, 0xc0, 0x7, 0xff, 0xc0,

    /* U+00B6 "¶" */
    0x0, 0x14, 0xef, 0xff, 0x98, 0xf, 0x58, 0x80,
    0x27, 0x40, 0xb, 0x80, 0x38, 0x63, 0x40, 0x6,
    0x40, 0x1f, 0xe7, 0x0, 0xff, 0x98, 0x3, 0xfe,
    0x23, 0x0, 0xff, 0xb8, 0x40, 0x3f, 0xc5, 0xd2,
    0xa6, 0x1, 0xfc, 0xd5, 0x84, 0x1, 0xff, 0xf5,

    /* U+00B7 "·" */
    0x49, 0x2a, 0x68, 0x70, 0xf0,

    /* U+00B8 "¸" */
    0x7, 0x90, 0xd, 0xca, 0x1, 0xc7, 0xd2, 0x0,
    0x8c, 0x96, 0x70, 0x13, 0x20, 0xfa, 0xff, 0x51,
    0x4c, 0x66, 0x37, 0x42,

    /* U+00B9 "¹" */
    0x7f, 0xf2, 0xb4, 0x0, 0x4, 0xc0, 0x3f, 0xf9,
    0x40,

    /* U+00BA "º" */
    0x0, 0x2e, 0x7f, 0x50, 0x80, 0x1a, 0x9a, 0xa1,
    0x3c, 0x42, 0x4e, 0x95, 0xb0, 0x60, 0xc2, 0xc0,
    0x22, 0x22, 0x80, 0x7f, 0x18, 0x60, 0x4, 0x64,
    0x81, 0x29, 0x4a, 0xfa, 0x32, 0xd, 0x4d, 0x52,
    0x9e, 0x20,

    /* U+00BB "»" */
    0x68, 0x10, 0x68, 0x10, 0x1, 0x3d, 0x81, 0xbc,
    0x0, 0x11, 0xa, 0x6a, 0x6c, 0x60, 0x9, 0xf,
    0xf, 0x8, 0x0, 0x10, 0x98, 0x18, 0xa8, 0x1,
    0xc6, 0x1, 0xc6, 0x40, 0x60, 0x9c, 0x60, 0x9c,
    0x20, 0x20, 0x2c, 0x20, 0x0,

    /* U+00BC "¼" */
    0x2f, 0xf4, 0x80, 0x75, 0x79, 0x80, 0xb, 0x0,
    0x3c, 0x6a, 0x86, 0x1, 0x18, 0x7, 0xa0, 0x24,
    0x3, 0xfc, 0x88, 0x52, 0x0, 0xff, 0x40, 0x40,
    0x7, 0xf9, 0x4d, 0x88, 0x3, 0xfd, 0x1, 0x0,
    0x1f, 0x1f, 0x2, 0x93, 0x88, 0x19, 0x80, 0x36,
    0x38, 0x40, 0xc8, 0x2e, 0x60, 0xc0, 0x39, 0x8a,
    0x44, 0x56, 0x60, 0x1f, 0x40, 0xb8, 0x59, 0xc8,
    0x7, 0x9c, 0x60, 0x11, 0x78, 0x3, 0xc3, 0x4,
    0xc1, 0x4c, 0x60, 0x1e, 0x90, 0x80, 0x51, 0x6e,
    0xa0, 0xc4, 0x1, 0x72, 0x50, 0x5e, 0xe7, 0xc8,
    0x5a, 0x2, 0xb7, 0x0, 0x42, 0x32, 0xb3, 0x0,

    /* U+00BD "½" */
    0x3f, 0xf4, 0x80, 0x77, 0x70, 0x2, 0x3c, 0x0,
    0xf3, 0x8c, 0x0, 0x63, 0x0, 0xe1, 0x82, 0x60,
    0xf, 0xf4, 0x84, 0x0, 0x7f, 0x85, 0xc9, 0x40,
    0x3f, 0xd0, 0x12, 0x1, 0xfe, 0x26, 0x34, 0x0,
    0xff, 0x40, 0x78, 0x7, 0xee, 0x93, 0x54, 0x31,
    0xaf, 0xe9, 0x0, 0x84, 0x20, 0x20, 0x2d, 0x6e,
    0x1a, 0x0, 0x23, 0x45, 0x30, 0x9c, 0x46, 0x2,
    0x0, 0xbc, 0x20, 0x0, 0x66, 0x8, 0x9, 0x0,
    0x29, 0xb1, 0x0, 0x69, 0x6c, 0x30, 0x4, 0x4,
    0x0, 0x45, 0xa7, 0xe6, 0x0, 0x52, 0x71, 0x0,
    0xbc, 0x97, 0xbf, 0x1, 0xf2, 0x0, 0x37, 0x66,
    0x6e,

    /* U+00BE "¾" */
    0x2, 0xbf, 0xe7, 0x0, 0xe6, 0xc4, 0x0, 0x7b,
    0x5b, 0x43, 0x0, 0x43, 0x2, 0x80, 0xb, 0xe4,
    0x80, 0xd0, 0xa, 0x6, 0x0, 0x26, 0x30, 0x30,
    0x30, 0x1, 0x31, 0xa8, 0x6, 0x3e, 0xc3, 0x80,
    0x4, 0x7, 0x80, 0x71, 0xfd, 0x9c, 0x1, 0xaa,
    0x8c, 0x2, 0x1f, 0x90, 0x70, 0x30, 0xf0, 0xb0,
    0xc, 0x32, 0xdd, 0x85, 0x2a, 0x6e, 0x20, 0x1c,
    0xdf, 0xbd, 0xa5, 0x63, 0x0, 0xff, 0xc0, 0x18,
    0x84, 0x1c, 0x60, 0xa, 0x8, 0x40, 0x3c, 0x30,
    0x4c, 0x1c, 0xa8, 0x1, 0xf4, 0x4, 0x83, 0x95,
    0x80, 0x7c, 0x4c, 0x88, 0x38, 0xb1, 0x0, 0xfa,
    0x42, 0x2, 0x42, 0xf9, 0x83, 0x80, 0x24, 0x43,
    0x18, 0x57, 0x7f, 0x94, 0x3c, 0x2, 0x26, 0x80,
    0x8, 0x46, 0xf6, 0x10,

    /* U+00BF "¿" */
    0x0, 0xea, 0xe4, 0x0, 0xf9, 0x47, 0x40, 0x3e,
    0xa6, 0x80, 0xf, 0x96, 0x44, 0x3, 0xe3, 0x60,
    0xf, 0xd3, 0x22, 0x0, 0xf8, 0x40, 0x38, 0x67,
    0xbd, 0x0, 0x31, 0x7b, 0x14, 0x55, 0x90, 0x2,
    0x6, 0x31, 0xd5, 0x0, 0x24, 0x7, 0x0, 0xf8,
    0x40, 0x3c, 0x54, 0xc4, 0x6, 0x1, 0x95, 0x5d,
    0x61, 0xa8, 0x2, 0xd0, 0x14, 0xce, 0x37, 0xfd,
    0x23, 0x64, 0x11, 0xb0, 0xcc, 0x9f, 0x40,

    /* U+00C0 "À" */
    0x0, 0xff, 0xe3, 0x8d, 0x90, 0x7, 0xff, 0x5,
    0x76, 0x0, 0x3f, 0xe1, 0xe7, 0x77, 0x20, 0x7,
    0xfd, 0x1c, 0xf8, 0x1, 0xff, 0xc0, 0x19, 0x80,
    0xf, 0xfb, 0xbf, 0x0, 0x3f, 0xe4, 0x10, 0x32,
    0x0, 0xff, 0x70, 0x10, 0x28, 0x7, 0xf9, 0x43,
    0x82, 0x80, 0x3f, 0x98, 0x14, 0xc8, 0x86, 0x1,
    0xfa, 0x83, 0x82, 0x82, 0x80, 0x3e, 0x23, 0x14,
    0x6, 0x6, 0x0, 0xfa, 0x81, 0x80, 0x2, 0x80,
    0xa0, 0x1e, 0x50, 0xa0, 0xb, 0x83, 0x80, 0x39,
    0x8, 0xa0, 0x9, 0x41, 0x4, 0x3, 0x68, 0x17,
    0xff, 0x0, 0x18, 0x3, 0x30, 0x33, 0x79, 0x42,
    0x80, 0x25, 0x4, 0x99, 0xf5, 0x9, 0x10, 0x1,
    0xc1, 0xa0, 0x1f, 0x30, 0x50, 0xa, 0x3, 0x0,
    0x7d, 0x60, 0xc0,

    /* U+00C1 "Á" */
    0x0, 0xff, 0xe5, 0xb3, 0x80, 0x7f, 0xc9, 0xb2,
    0x1, 0xff, 0x5d, 0x9b, 0x1c, 0x3, 0xf8, 0x5e,
    0xec, 0x60, 0x1f, 0xe1, 0xc4, 0x0, 0xff, 0xe1,
    0x77, 0xe0, 0x7, 0xfc, 0x82, 0x6, 0x40, 0x1f,
    0xee, 0x2, 0x5, 0x0, 0xff, 0x28, 0x70, 0x50,
    0x7, 0xf3, 0x2, 0x99, 0x10, 0xc0, 0x3f, 0x50,
    0x70, 0x50, 0x50, 0x7, 0xc4, 0x62, 0x80, 0xc0,
    0xc0, 0x1f, 0x50, 0x30, 0x0, 0x50, 0x14, 0x3,
    0xca, 0x14, 0x1, 0x70, 0x70, 0x7, 0x21, 0x14,
    0x1, 0x28, 0x20, 0x80, 0x6d, 0x2, 0xff, 0xe0,
    0x3, 0x0, 0x66, 0x6, 0x6f, 0x28, 0x50, 0x4,
    0xa0, 0x93, 0x3e, 0xa1, 0x22, 0x0, 0x38, 0x34,
    0x3, 0xe6, 0xa, 0x1, 0x40, 0x60, 0xf, 0xac,
    0x18, 0x0,

    /* U+00C2 "Â" */
    0x0, 0xf8, 0xc0, 0x3f, 0xf8, 0x9, 0xb9, 0x83,
    0x0, 0xfe, 0x7b, 0x7b, 0xc, 0x50, 0xf, 0xeb,
    0xa4, 0xca, 0x30, 0xf, 0xce, 0x80, 0x12, 0xb0,
    0x7, 0xfb, 0xbf, 0x0, 0x3f, 0xe4, 0x10, 0x32,
    0x0, 0xff, 0x70, 0x10, 0x28, 0x7, 0xf9, 0x43,
    0x82, 0x80, 0x3f, 0x98, 0x14, 0xc8, 0x86, 0x1,
    0xfa, 0x83, 0x82, 0x82, 0x80, 0x3e, 0x23, 0x14,
    0x6, 0x6, 0x0, 0xfa, 0x81, 0x80, 0x2, 0x80,
    0xa0, 0x1e, 0x50, 0xa0, 0xb, 0x83, 0x80, 0x39,
    0x8, 0xa0, 0x9, 0x41, 0x4, 0x3, 0x68, 0x17,
    0xff, 0x0, 0x18, 0x3, 0x30, 0x33, 0x79, 0x42,
    0x80, 0x25, 0x4, 0x99, 0xf5, 0x9, 0x10, 0x1,
    0xc1, 0xa0, 0x1f, 0x30, 0x50, 0xa, 0x3, 0x0,
    0x7d, 0x60, 0xc0,

    /* U+00C3 "Ã" */
    0x0, 0xff, 0xe3, 0x8e, 0xfd, 0x93, 0xe8, 0x7,
    0xe8, 0x6a, 0x7d, 0x88, 0x0, 0x7e, 0xaa, 0x2e,
    0x6f, 0x28, 0x7, 0xe3, 0x1e, 0xfe, 0x10, 0xf,
    0xf2, 0x8, 0x19, 0x0, 0x7f, 0xb8, 0x8, 0x14,
    0x3, 0xfc, 0xa1, 0xc1, 0x40, 0x1f, 0xcc, 0xa,
    0x64, 0x43, 0x0, 0xfd, 0x41, 0xc1, 0x41, 0x40,
    0x1f, 0x11, 0x8a, 0x3, 0x3, 0x0, 0x7d, 0x40,
    0xc0, 0x1, 0x40, 0x50, 0xf, 0x28, 0x50, 0x5,
    0xc1, 0xc0, 0x1c, 0x84, 0x50, 0x4, 0xa0, 0x82,
    0x1, 0xb4, 0xb, 0xff, 0x80, 0xc, 0x1, 0x98,
    0x19, 0xbc, 0xa1, 0x40, 0x12, 0x82, 0x4c, 0xfa,
    0x84, 0x88, 0x0, 0xe0, 0xd0, 0xf, 0x98, 0x28,
    0x5, 0x1, 0x80, 0x3e, 0xb0, 0x60,

    /* U+00C4 "Ä" */
    0x0, 0xc9, 0xce, 0x15, 0xc4, 0x1, 0xf8, 0x87,
    0x41, 0x85, 0x80, 0x3f, 0x36, 0x50, 0x6e, 0x90,
    0x3, 0xf8, 0xc0, 0x2, 0x40, 0x1f, 0xf7, 0x7e,
    0x0, 0x7f, 0xc8, 0x20, 0x64, 0x1, 0xfe, 0xe0,
    0x20, 0x50, 0xf, 0xf2, 0x87, 0x5, 0x0, 0x7f,
    0x30, 0x29, 0x91, 0xc, 0x3, 0xf5, 0x7, 0x5,
    0x5, 0x0, 0x7c, 0x46, 0x28, 0xc, 0xc, 0x1,
    0xf5, 0x3, 0x0, 0x5, 0x1, 0x40, 0x3c, 0xa1,
    0x40, 0x17, 0x7, 0x0, 0x72, 0x11, 0x40, 0x12,
    0x82, 0x8, 0x6, 0xd0, 0x2f, 0xfe, 0x0, 0x30,
    0x6, 0x60, 0x66, 0xf2, 0x85, 0x0, 0x4a, 0x9,
    0x33, 0xea, 0x12, 0x20, 0x3, 0x83, 0x40, 0x3e,
    0x60, 0xa0, 0x14, 0x6, 0x0, 0xfa, 0xc1, 0x80,

    /* U+00C5 "Å" */
    0x0, 0xe1, 0xad, 0xa0, 0xf, 0xfa, 0xc3, 0xda,
    0x0, 0x3f, 0xc9, 0xc5, 0x48, 0x1, 0xfe, 0x5c,
    0xc, 0x50, 0xf, 0xf4, 0xb7, 0xbc, 0x0, 0x7f,
    0x8b, 0xb9, 0xa2, 0x1, 0xff, 0x77, 0x30, 0x3,
    0xfe, 0x41, 0x3, 0x20, 0xf, 0xf7, 0x1, 0x2,
    0x80, 0x7f, 0x94, 0x38, 0x28, 0x3, 0xf9, 0x81,
    0x4c, 0x88, 0x60, 0x1f, 0xa8, 0x38, 0x28, 0x28,
    0x3, 0xe2, 0x31, 0x40, 0x60, 0x60, 0xf, 0xa8,
    0x18, 0x0, 0x28, 0xa, 0x1, 0xe5, 0xa, 0x0,
    0xb8, 0x38, 0x3, 0x90, 0x8a, 0x0, 0x94, 0x10,
    0x40, 0x36, 0x81, 0x7f, 0xf0, 0x1, 0x80, 0x33,
    0x3, 0x37, 0x94, 0x28, 0x2, 0x50, 0x49, 0x9f,
    0x50, 0x91, 0x0, 0x1c, 0x1a, 0x1, 0xf3, 0x5,
    0x0, 0xa0, 0x30, 0x7, 0xd6, 0xc, 0x0,

    /* U+00C6 "Æ" */
    0x0, 0xfc, 0xbf, 0xff, 0xce, 0x1, 0xfa, 0xc0,
    0x41, 0x59, 0xb9, 0x0, 0x3e, 0x71, 0x52, 0x9,
    0x9f, 0x18, 0x7, 0x86, 0x2, 0xc0, 0x3f, 0xf8,
    0x76, 0x10, 0x20, 0x1f, 0xfc, 0x23, 0x52, 0x70,
    0xf, 0xfe, 0x1f, 0x84, 0x80, 0x69, 0x88, 0xcc,
    0x1, 0xcc, 0x68, 0x80, 0xc, 0xae, 0xfa, 0x80,
    0x3a, 0x2, 0x40, 0x3b, 0x3f, 0xf6, 0x0, 0x68,
    0x17, 0x20, 0xf, 0xfe, 0x11, 0x38, 0x3f, 0xfe,
    0x30, 0xf, 0xf4, 0x82, 0xbb, 0xf0, 0x80, 0x7f,
    0x22, 0xa, 0xa2, 0x38, 0x80, 0x3f, 0xa4, 0x24,
    0x3, 0xf4, 0xc4, 0x71, 0xb9, 0x22, 0x0, 0x3f,
    0x2b, 0xbf, 0x20,

    /* U+00C7 "Ç" */
    0x0, 0xe5, 0xbd, 0xff, 0x64, 0x8, 0x7, 0x8b,
    0x69, 0x0, 0xc8, 0xdf, 0x98, 0x3, 0x16, 0x92,
    0xee, 0xb3, 0x79, 0xc2, 0x5c, 0x2, 0xf0, 0x8a,
    0x20, 0x8, 0x62, 0x82, 0xc, 0x18, 0x91, 0xc0,
    0x3e, 0x59, 0x87, 0xa, 0xe, 0x0, 0xfe, 0x67,
    0x40, 0x20, 0x40, 0xf, 0xfe, 0x8, 0x80, 0x80,
    0x7f, 0xf0, 0xc4, 0x3, 0xff, 0x82, 0x60, 0xa0,
    0x1f, 0xfc, 0x1b, 0xe, 0x0, 0xfe, 0x45, 0x30,
    0x61, 0x55, 0x0, 0x7c, 0x97, 0x40, 0x1, 0xa0,
    0xa8, 0x0, 0xe6, 0xb0, 0x63, 0x0, 0x25, 0x83,
    0xfe, 0x55, 0xf4, 0x83, 0xc8, 0x6, 0x4e, 0x83,
    0x25, 0x40, 0x5d, 0x80, 0xf, 0xb, 0xe7, 0x4,
    0xf5, 0x10, 0x7, 0xff, 0x42, 0x75, 0x40, 0x3f,
    0xf8, 0x1b, 0x8d, 0x42, 0x1, 0xfe, 0x46, 0x63,
    0x80, 0x7f, 0xf0, 0x2e, 0xd4, 0x34, 0x20, 0x10,

    /* U+00C8 "È" */
    0x0, 0x49, 0x0, 0x7c, 0xfb, 0x0, 0x1e, 0xf7,
    0x77, 0x28, 0x6, 0x18, 0xe7, 0xe0, 0xf, 0xc,
    0xd8, 0x1, 0x7f, 0xff, 0x0, 0x5, 0x57, 0x98,
    0x0, 0xb5, 0x5d, 0x20, 0x1f, 0xfd, 0x15, 0xaa,
    0xe2, 0x0, 0xa, 0xaf, 0x30, 0x1, 0x3f, 0xf9,
    0x0, 0x3f, 0xfb, 0x4b, 0x33, 0xe0, 0x0, 0xb3,
    0x78,

    /* U+00C9 "É" */
    0x0, 0xe3, 0x80, 0xe, 0x1a, 0xc3, 0x0, 0xcf,
    0xc9, 0x36, 0x1, 0xaa, 0x39, 0x80, 0x3b, 0x5c,
    0x3, 0x97, 0xff, 0xf0, 0x0, 0x55, 0x79, 0x80,
    0xb, 0x55, 0xd2, 0x1, 0xff, 0xd1, 0x5a, 0xae,
    0x20, 0x0, 0xaa, 0xf3, 0x0, 0x13, 0xff, 0x90,
    0x3, 0xff, 0xb4, 0xb3, 0x3e, 0x0, 0xb, 0x37,
    0x80,

    /* U+00CA "Ê" */
    0x0, 0xc4, 0x1, 0xe1, 0xad, 0xc2, 0x0, 0x93,
    0x9e, 0x43, 0x5c, 0x0, 0x51, 0xad, 0x95, 0xe0,
    0x6, 0x70, 0x9, 0x60, 0x17, 0xff, 0xf0, 0x0,
    0x55, 0x79, 0x80, 0xb, 0x55, 0xd2, 0x1, 0xff,
    0xd1, 0x5a, 0xae, 0x20, 0x0, 0xaa, 0xf3, 0x0,
    0x13, 0xff, 0x90, 0x3, 0xff, 0xb4, 0xb3, 0x3e,
    0x0, 0xb, 0x37, 0x80,

    /* U+00CB "Ë" */
    0x2, 0xea, 0x7, 0xf4, 0x0, 0x8, 0x9c, 0x34,
    0xc, 0x0, 0x7b, 0x81, 0x58, 0xe0, 0x11, 0x8,
    0x0, 0xc0, 0xb, 0xff, 0xf8, 0x0, 0x2a, 0xbc,
    0xc0, 0x5, 0xaa, 0xe9, 0x0, 0xff, 0xe8, 0xad,
    0x57, 0x10, 0x0, 0x55, 0x79, 0x80, 0x9, 0xff,
    0xc8, 0x1, 0xff, 0xda, 0x59, 0x9f, 0x0, 0x5,
    0x9b, 0xc0,

    /* U+00CC "Ì" */
    0x93, 0x0, 0x97, 0x24, 0x43, 0x21, 0xf9, 0x81,
    0xfa, 0x28, 0x2, 0x7c, 0x5, 0xfb, 0x0, 0xff,
    0xfd, 0x80,

    /* U+00CD "Í" */
    0x0, 0x8e, 0x40, 0x67, 0x15, 0xb9, 0xe3, 0x2a,
    0x39, 0xc3, 0x1c, 0x3, 0x2f, 0xd8, 0x7, 0xff,
    0xec,

    /* U+00CE "Î" */
    0x0, 0x88, 0x3, 0xc, 0xee, 0x90, 0xf, 0x92,
    0x9e, 0xe1, 0x9f, 0x56, 0xac, 0x56, 0x0, 0x24,
    0x90, 0x2, 0xfd, 0x80, 0x7f, 0xff, 0xc0, 0x3f,
    0xf9, 0xa0,

    /* U+00CF "Ï" */
    0x1d, 0xc0, 0x6f, 0x53, 0x22, 0x7, 0x6, 0x96,
    0xf8, 0x46, 0x40, 0x10, 0x80, 0xc, 0x2, 0x5f,
    0xb0, 0xf, 0xff, 0xf8, 0x7, 0xff, 0x34,

    /* U+00D0 "Ð" */
    0x0, 0x77, 0xff, 0x6d, 0x28, 0x7, 0xe5, 0x66,
    0x28, 0xad, 0x69, 0x80, 0x7a, 0xe6, 0x55, 0x9e,
    0xe5, 0x86, 0x1, 0xff, 0x45, 0x6, 0x80, 0x7f,
    0xf0, 0x15, 0x5, 0x80, 0x3f, 0xf8, 0x1c, 0x1a,
    0x1, 0xff, 0xc0, 0x70, 0x5c, 0xf1, 0xe, 0xff,
    0x94, 0x2, 0x30, 0x16, 0x20, 0x1, 0x16, 0x10,
    0xe, 0x1a, 0xd1, 0xc, 0xdd, 0x90, 0x2, 0x50,
    0x20, 0xf, 0xfe, 0x7, 0x5, 0x0, 0x7f, 0xc8,
    0xa2, 0xe0, 0x1f, 0xe6, 0xb0, 0xa1, 0x0, 0xd1,
    0x1a, 0xba, 0x4b, 0x10, 0x3, 0x99, 0xdf, 0x25,
    0x69, 0x80, 0x0,

    /* U+00D1 "Ñ" */
    0x0, 0xff, 0xe2, 0xcf, 0xea, 0x1f, 0x98, 0x7,
    0x23, 0xd2, 0x5e, 0x29, 0x80, 0x72, 0xe2, 0xcf,
    0x6d, 0x0, 0x4b, 0xfc, 0x4, 0x0, 0x12, 0x4,
    0xfc, 0x0, 0xd, 0x0, 0x7f, 0xf0, 0x11, 0x80,
    0x3f, 0xc6, 0x32, 0x20, 0x1f, 0xcf, 0x61, 0x40,
    0x1f, 0xe5, 0x52, 0x30, 0x7, 0xfa, 0xc6, 0x48,
    0x3, 0xf8, 0x6c, 0x38, 0x3, 0xfc, 0xaa, 0x37,
    0x0, 0xff, 0x58, 0xc1, 0x0, 0x7f, 0xd, 0x7,
    0x0, 0x7f, 0x91, 0x8f, 0xc0, 0x3f, 0xd2, 0x28,
    0x1, 0xff, 0x50, 0x7, 0xff, 0x1, 0x18, 0x0,

    /* U+00D2 "Ò" */
    0x0, 0xf3, 0x88, 0x7, 0xff, 0xe, 0xbd, 0xc0,
    0x3f, 0xf8, 0x58, 0xf1, 0xa8, 0x1, 0xff, 0xc0,
    0x19, 0xd7, 0x90, 0xf, 0xfe, 0x11, 0x57, 0x80,
    0x7f, 0xcb, 0x7b, 0xfd, 0xc7, 0x10, 0xf, 0x8b,
    0x69, 0x1, 0x8, 0xe3, 0x94, 0x3, 0x8b, 0x49,
    0xbb, 0x6f, 0x3e, 0x42, 0x9c, 0x3, 0x78, 0x4c,
    0x84, 0x3, 0x36, 0x4, 0x18, 0x1, 0xc9, 0x18,
    0x3, 0xe3, 0x80, 0x80, 0x5, 0x87, 0x80, 0x7f,
    0x38, 0x20, 0x81, 0x82, 0x80, 0x7f, 0x88, 0x14,
    0x2, 0x10, 0xf, 0xf3, 0x0, 0x80, 0x42, 0x1,
    0xfe, 0x60, 0x10, 0x30, 0x50, 0xf, 0xe1, 0x20,
    0x50, 0xb0, 0xf0, 0xf, 0xe6, 0x4, 0x10, 0x72,
    0x47, 0x0, 0xf8, 0xe0, 0x20, 0x2, 0xf0, 0x89,
    0x10, 0xc, 0xd8, 0x10, 0x60, 0x11, 0x69, 0x37,
    0x6d, 0xe7, 0xc8, 0x53, 0x80, 0x71, 0x6d, 0x20,
    0x21, 0x1c, 0x72, 0x80, 0x40,

    /* U+00D3 "Ó" */
    0x0, 0xfe, 0x17, 0x0, 0xff, 0xe1, 0x3f, 0x50,
    0x7, 0xff, 0x1, 0x36, 0x1b, 0x0, 0x3f, 0xf8,
    0x12, 0xfb, 0x22, 0x1, 0xff, 0xc0, 0xfa, 0x20,
    0xf, 0xfe, 0xa, 0xce, 0xff, 0x63, 0x88, 0x7,
    0xc5, 0xb4, 0x80, 0x84, 0x71, 0xca, 0x1, 0xc5,
    0xa4, 0xdd, 0xb7, 0x9f, 0x21, 0x4e, 0x1, 0xbc,
    0x26, 0x42, 0x1, 0x9b, 0x2, 0xc, 0x0, 0xe4,
    0x8c, 0x1, 0xf1, 0xc0, 0x40, 0x2, 0xc3, 0xc0,
    0x3f, 0x9c, 0x10, 0x40, 0xc1, 0x40, 0x3f, 0xc4,
    0xa, 0x1, 0x8, 0x7, 0xf9, 0x80, 0x40, 0x21,
    0x0, 0xff, 0x30, 0x8, 0x18, 0x28, 0x7, 0xf0,
    0x90, 0x28, 0x58, 0x78, 0x7, 0xf3, 0x2, 0x8,
    0x39, 0x23, 0x80, 0x7c, 0x70, 0x10, 0x1, 0x78,
    0x44, 0x88, 0x6, 0x6c, 0x8, 0x30, 0x8, 0xb4,
    0x9b, 0xb6, 0xf3, 0xe4, 0x29, 0xc0, 0x38, 0xb6,
    0x90, 0x10, 0x8e, 0x39, 0x40, 0x20,

    /* U+00D4 "Ô" */
    0x0, 0xff, 0xe6, 0x37, 0x51, 0x0, 0x7f, 0xc5,
    0xb2, 0xcf, 0xac, 0x1, 0xfe, 0x76, 0xd8, 0xd8,
    0xd0, 0xf, 0xf2, 0xd9, 0x0, 0x1e, 0xc0, 0x3f,
    0xcb, 0x7b, 0xfd, 0x8e, 0x20, 0x1f, 0x16, 0xd2,
    0x2, 0x11, 0xc7, 0x28, 0x7, 0x16, 0x93, 0x76,
    0xde, 0x7c, 0x85, 0x38, 0x6, 0xf0, 0x99, 0x8,
    0x6, 0x6c, 0x8, 0x30, 0x3, 0x92, 0x30, 0x7,
    0xc7, 0x1, 0x0, 0xb, 0xf, 0x0, 0xfe, 0x70,
    0x41, 0x3, 0x5, 0x0, 0xff, 0x10, 0x28, 0x4,
    0x20, 0x1f, 0xe6, 0x1, 0x0, 0x84, 0x3, 0xfc,
    0xc0, 0x20, 0x60, 0xa0, 0x1f, 0xc2, 0x40, 0xa1,
    0x61, 0xe0, 0x1f, 0xcc, 0x8, 0x20, 0xe4, 0x8e,
    0x1, 0xf1, 0xc0, 0x40, 0x5, 0xe1, 0x12, 0x20,
    0x19, 0xb0, 0x20, 0xc0, 0x22, 0xd2, 0x6e, 0xdb,
    0xcf, 0x90, 0xa7, 0x0, 0xe2, 0xda, 0x40, 0x42,
    0x38, 0xe5, 0x0, 0x80,

    /* U+00D5 "Õ" */
    0x0, 0xff, 0xe5, 0xd7, 0xea, 0x1f, 0x90, 0x7,
    0xf2, 0xa5, 0x25, 0xe2, 0x90, 0x7, 0xf2, 0x62,
    0xcf, 0x6d, 0x0, 0x7f, 0x84, 0x80, 0x2, 0x40,
    0x1f, 0xf2, 0xde, 0xff, 0x63, 0x88, 0x7, 0xc5,
    0xb4, 0x80, 0x84, 0x71, 0xca, 0x1, 0xc5, 0xa4,
    0xdd, 0xb7, 0x9f, 0x21, 0x4e, 0x1, 0xbc, 0x26,
    0x42, 0x1, 0x9b, 0x2, 0xc, 0x0, 0xe4, 0x8c,
    0x1, 0xf1, 0xc0, 0x40, 0x2, 0xc3, 0xc0, 0x3f,
    0x9c, 0x10, 0x40, 0xc1, 0x40, 0x3f, 0xc4, 0xa,
    0x1, 0x8, 0x7, 0xf9, 0x80, 0x40, 0x21, 0x0,
    0xff, 0x30, 0x8, 0x18, 0x28, 0x7, 0xf0, 0x90,
    0x28, 0x58, 0x78, 0x7, 0xf3, 0x2, 0x8, 0x39,
    0x23, 0x80, 0x7c, 0x70, 0x10, 0x1, 0x78, 0x44,
    0x88, 0x6, 0x6c, 0x8, 0x30, 0x8, 0xb4, 0x9b,
    0xb6, 0xf3, 0xe4, 0x29, 0xc0, 0x38, 0xb6, 0x90,
    0x10, 0x8e, 0x39, 0x40, 0x20,

    /* U+00D6 "Ö" */
    0x0, 0xe1, 0xdc, 0x6, 0xf5, 0x0, 0xff, 0x19,
    0x10, 0x38, 0x34, 0x3, 0xfc, 0x5b, 0xe1, 0x19,
    0x0, 0x1f, 0xf1, 0x8, 0x0, 0xc0, 0x3f, 0xe5,
    0xbd, 0xfe, 0xc7, 0x10, 0xf, 0x8b, 0x69, 0x1,
    0x8, 0xe3, 0x94, 0x3, 0x8b, 0x49, 0xbb, 0x6f,
    0x3e, 0x42, 0x9c, 0x3, 0x78, 0x4c, 0x84, 0x3,
    0x36, 0x4, 0x18, 0x1, 0xc9, 0x18, 0x3, 0xe3,
    0x80, 0x80, 0x5, 0x87, 0x80, 0x7f, 0x38, 0x20,
    0x81, 0x82, 0x80, 0x7f, 0x88, 0x14, 0x2, 0x10,
    0xf, 0xf3, 0x0, 0x80, 0x42, 0x1, 0xfe, 0x60,
    0x10, 0x30, 0x50, 0xf, 0xe1, 0x20, 0x50, 0xb0,
    0xf0, 0xf, 0xe6, 0x4, 0x10, 0x72, 0x47, 0x0,
    0xf8, 0xe0, 0x20, 0x2, 0xf0, 0x89, 0x10, 0xc,
    0xd8, 0x10, 0x60, 0x11, 0x69, 0x37, 0x6d, 0xe7,
    0xc8, 0x53, 0x80, 0x71, 0x6d, 0x20, 0x21, 0x1c,
    0x72, 0x80, 0x40,

    /* U+00D7 "×" */
    0x5, 0x0, 0xf2, 0x83, 0x55, 0x0, 0x34, 0xd4,
    0x31, 0xad, 0x80, 0x25, 0x86, 0x83, 0xd, 0x2e,
    0x98, 0x70, 0x80, 0x18, 0x68, 0xa5, 0xe4, 0x1,
    0x98, 0x0, 0x22, 0x0, 0xd6, 0xa4, 0x87, 0x80,
    0x15, 0xa1, 0x65, 0xa1, 0xe0, 0x3a, 0x1e, 0x8,
    0x5a, 0x1c, 0xbb, 0xb4, 0x40, 0x2b, 0x78,

    /* U+00D8 "Ø" */
    0x0, 0xe5, 0xbd, 0xfe, 0xc7, 0x10, 0x8e, 0x20,
    0x8, 0xb6, 0x90, 0x10, 0x8e, 0x3a, 0x5b, 0x8,
    0x0, 0x5a, 0x4d, 0xdb, 0x79, 0xf2, 0xc, 0x84,
    0x1, 0x78, 0x4c, 0x84, 0x3, 0x18, 0x1, 0x50,
    0x0, 0xe4, 0x8c, 0x1, 0xc9, 0x53, 0x20, 0x80,
    0x5, 0x87, 0x80, 0x72, 0x5c, 0xb3, 0x0, 0xc4,
    0xc, 0x14, 0x3, 0x1d, 0xcb, 0x0, 0xc, 0x14,
    0x2, 0x10, 0x8, 0xf2, 0x18, 0x2, 0x70, 0x10,
    0x8, 0x40, 0x7, 0xae, 0xe0, 0xc, 0xc0, 0x20,
    0x60, 0xa0, 0x5a, 0xd0, 0x1, 0x84, 0x81, 0x42,
    0x83, 0xcb, 0x1e, 0x0, 0x39, 0x81, 0x4, 0x18,
    0x93, 0x5e, 0x40, 0x38, 0xe0, 0x20, 0x2, 0x90,
    0x8, 0x40, 0x33, 0x60, 0x49, 0x80, 0x6, 0x50,
    0x9b, 0xb6, 0xf3, 0xe4, 0x29, 0x80, 0x2d, 0x1b,
    0xda, 0x43, 0x42, 0x38, 0xe5, 0x0, 0x80,

    /* U+00D9 "Ù" */
    0x0, 0x86, 0x44, 0x3, 0xfe, 0x6e, 0x70, 0xf,
    0xe1, 0xe6, 0x8d, 0x30, 0xf, 0xc3, 0x3a, 0xf6,
    0x1, 0xfe, 0x2a, 0x80, 0xc, 0xbf, 0x40, 0x1f,
    0x67, 0x98, 0x7, 0xff, 0xfc, 0x3, 0xff, 0xba,
    0x2c, 0xc, 0x1, 0xf1, 0x1, 0x98, 0xc, 0x40,
    0x38, 0xc4, 0x84, 0x1c, 0x30, 0xc0, 0x24, 0xd0,
    0x80, 0x4, 0x21, 0x66, 0xe7, 0x58, 0xba, 0x80,
    0x57, 0x48, 0x66, 0x5, 0xb8, 0x0, 0x0,

    /* U+00DA "Ú" */
    0x0, 0xf9, 0x5c, 0x3, 0xf8, 0xf2, 0x80, 0x3f,
    0xa7, 0x6, 0xdc, 0x3, 0xe1, 0x4a, 0xd4, 0x0,
    0xfc, 0x3a, 0xa0, 0x1f, 0x2f, 0xd0, 0x7, 0xd9,
    0xe6, 0x1, 0xff, 0xff, 0x0, 0xff, 0xee, 0x8b,
    0x3, 0x0, 0x7c, 0x40, 0x66, 0x3, 0x10, 0xe,
    0x31, 0x21, 0x7, 0xc, 0x30, 0x9, 0x34, 0x20,
    0x1, 0x8, 0x59, 0xb9, 0xd6, 0x2e, 0xa0, 0x15,
    0xd2, 0x19, 0x81, 0x6e, 0x0, 0x0,

    /* U+00DB "Û" */
    0x0, 0xf1, 0x0, 0x7f, 0x8f, 0x36, 0x88, 0x3,
    0xe7, 0xc0, 0xa7, 0xd5, 0x0, 0xf7, 0xd6, 0x2e,
    0xc1, 0x80, 0x7a, 0x14, 0x2, 0x76, 0x0, 0x97,
    0xe8, 0x3, 0xec, 0xf3, 0x0, 0xff, 0xff, 0x80,
    0x7f, 0xf7, 0x45, 0x81, 0x80, 0x3e, 0x20, 0x33,
    0x1, 0x88, 0x7, 0x18, 0x90, 0x83, 0x86, 0x18,
    0x4, 0x9a, 0x10, 0x0, 0x84, 0x2c, 0xdc, 0xeb,
    0x17, 0x50, 0xa, 0xe9, 0xc, 0xc0, 0xb7, 0x0,
    0x0,

    /* U+00DC "Ü" */
    0x0, 0x93, 0x9c, 0x2b, 0x88, 0x3, 0xc4, 0x3a,
    0xc, 0x2c, 0x1, 0xe6, 0xca, 0xd, 0xd2, 0x0,
    0x7c, 0x60, 0x1, 0x20, 0xc, 0xbf, 0x40, 0x1f,
    0x67, 0x98, 0x7, 0xff, 0xfc, 0x3, 0xff, 0xba,
    0x2c, 0xc, 0x1, 0xf1, 0x1, 0x98, 0xc, 0x40,
    0x38, 0xc4, 0x84, 0x1c, 0x30, 0xc0, 0x24, 0xd0,
    0x80, 0x4, 0x21, 0x66, 0xe7, 0x58, 0xba, 0x80,
    0x57, 0x48, 0x66, 0x5, 0xb8, 0x0, 0x0,

    /* U+00DD "Ý" */
    0x0, 0xf9, 0x5c, 0x3, 0xf8, 0xf2, 0xbc, 0x3,
    0xf4, 0xe0, 0xdc, 0x0, 0x7c, 0x29, 0x5a, 0x80,
    0x1f, 0x87, 0x54, 0x3, 0xe5, 0xfd, 0x0, 0xf0,
    0xff, 0x89, 0x4c, 0x98, 0x3, 0xa4, 0x14, 0x83,
    0xc2, 0xc0, 0x30, 0xb8, 0x40, 0x0, 0xd0, 0x98,
    0x2, 0x90, 0x62, 0x0, 0xa4, 0x2c, 0x0, 0x2e,
    0x10, 0x1, 0x89, 0x49, 0x82, 0x42, 0x4, 0x3,
    0xac, 0x2c, 0x5c, 0x5c, 0x3, 0xc2, 0xe5, 0x81,
    0x0, 0x1f, 0xa4, 0x8, 0x8c, 0x1, 0xf8, 0x58,
    0x28, 0x3, 0xff, 0xf4,

    /* U+00DE "Þ" */
    0x5f, 0xb0, 0xf, 0xfe, 0xa2, 0x7f, 0xec, 0x60,
    0xc, 0x4c, 0xd2, 0x94, 0xd8, 0x4, 0xd3, 0x35,
    0x79, 0xa3, 0x80, 0x7c, 0x30, 0x14, 0x1, 0xf9,
    0x80, 0xc0, 0x3f, 0x30, 0x18, 0x7, 0xc3, 0x0,
    0xa0, 0x6, 0x99, 0xaf, 0xcc, 0xd0, 0x0, 0x26,
    0x69, 0xa, 0x30, 0x2, 0x4f, 0xfd, 0x8e, 0x1,
    0xff, 0xcc,

    /* U+00DF "ß" */
    0x0, 0x2d, 0xf7, 0xf5, 0xa0, 0x7, 0x4d, 0x21,
    0x29, 0x25, 0xc0, 0x4, 0x8c, 0x19, 0x8a, 0xcc,
    0x3, 0x90, 0x3, 0x41, 0xcc, 0x2, 0x34, 0x6,
    0x0, 0x18, 0x68, 0x6, 0x15, 0x5, 0x0, 0x8,
    0x7, 0x16, 0xc, 0x88, 0x7, 0xc5, 0x85, 0x4c,
    0x1, 0xfa, 0x6, 0x94, 0x3, 0xf8, 0x43, 0x0,
    0x3f, 0xd0, 0x2d, 0xf2, 0x60, 0x1f, 0x1f, 0xc1,
    0xb6, 0x50, 0x7, 0xc2, 0xf9, 0x81, 0x56, 0x0,
    0xd5, 0x62, 0x0, 0x38, 0xc, 0x0, 0xe4, 0x90,
    0xb, 0xc0, 0xc0, 0x34, 0xb, 0xe4, 0xdb, 0x5,
    0x80, 0x62, 0xf6, 0x16, 0x55, 0x69, 0x0,

    /* U+00E0 "à" */
    0x0, 0xc3, 0x0, 0x1f, 0xfc, 0x17, 0xe5, 0x0,
    0xff, 0xe, 0xa5, 0x61, 0x80, 0x7f, 0x15, 0x63,
    0xd0, 0x7, 0xfc, 0x77, 0x0, 0x1f, 0xc, 0x6f,
    0xf5, 0x10, 0x6f, 0x90, 0x1, 0x3d, 0xc8, 0xc9,
    0x71, 0xc0, 0x30, 0xd8, 0xb7, 0x66, 0x3d, 0xe0,
    0x80, 0x28, 0x4, 0x91, 0x0, 0xa1, 0x80, 0x33,
    0x84, 0x0, 0x7a, 0x0, 0x30, 0x81, 0x80, 0x78,
    0x44, 0x1, 0xff, 0xc5, 0x20, 0x30, 0xf, 0x8,
    0x80, 0x25, 0x9, 0x0, 0xf4, 0x80, 0x69, 0x15,
    0x70, 0xc, 0xae, 0x1, 0x86, 0x86, 0x36, 0x65,
    0xb4, 0xe4, 0x1, 0x93, 0xd8, 0x19, 0xda, 0xe0,
    0x2,

    /* U+00E1 "á" */
    0x0, 0xfc, 0x6c, 0x1, 0xfe, 0x1a, 0xcf, 0x0,
    0xfe, 0x7e, 0x49, 0x90, 0x7, 0xe1, 0x98, 0xe6,
    0x0, 0xfe, 0x1f, 0x70, 0xf, 0xf0, 0xc6, 0x7f,
    0x51, 0x86, 0xf9, 0x0, 0x13, 0xdc, 0x8c, 0x97,
    0x1c, 0x3, 0xd, 0x8b, 0x76, 0x63, 0xde, 0x8,
    0x2, 0x80, 0x49, 0x10, 0xa, 0x18, 0x3, 0x38,
    0x40, 0x7, 0xa0, 0x3, 0x8, 0x18, 0x7, 0x84,
    0x40, 0x1f, 0xfc, 0x52, 0x3, 0x0, 0xf0, 0x88,
    0x2, 0x50, 0x90, 0xf, 0x48, 0x6, 0x91, 0x57,
    0x0, 0xca, 0xe0, 0x18, 0x68, 0x63, 0x66, 0x5b,
    0x4e, 0x40, 0x19, 0x3d, 0x81, 0x9d, 0xae, 0x0,
    0x20,

    /* U+00E2 "â" */
    0x0, 0xf8, 0x40, 0x3f, 0xe1, 0xae, 0x91, 0x0,
    0xfc, 0xbc, 0xf0, 0xfe, 0x80, 0x1f, 0x6c, 0x6b,
    0xf3, 0x18, 0x7, 0xd0, 0xe0, 0x14, 0x38, 0x7,
    0x86, 0x37, 0xfa, 0x8c, 0x37, 0xc8, 0x0, 0x9e,
    0xe4, 0x64, 0xb8, 0xe0, 0x18, 0x6c, 0x5b, 0xb3,
    0x1e, 0xf0, 0x40, 0x14, 0x2, 0x48, 0x80, 0x50,
    0xc0, 0x19, 0xc2, 0x0, 0x3d, 0x0, 0x18, 0x40,
    0xc0, 0x3c, 0x22, 0x0, 0xff, 0xe2, 0x90, 0x18,
    0x7, 0x84, 0x40, 0x12, 0x84, 0x80, 0x7a, 0x40,
    0x34, 0x8a, 0xb8, 0x6, 0x57, 0x0, 0xc3, 0x43,
    0x1b, 0x32, 0xda, 0x72, 0x0, 0xc9, 0xec, 0xc,
    0xed, 0x70, 0x1, 0x0,

    /* U+00E3 "ã" */
    0x0, 0xc3, 0x7f, 0x44, 0xdc, 0x1, 0xf4, 0x3c,
    0xb6, 0xcc, 0x0, 0x7d, 0x7a, 0xd9, 0xbc, 0xc0,
    0x1e, 0x1a, 0xcf, 0xe8, 0x20, 0xdf, 0x20, 0x2,
    0x7b, 0x91, 0x92, 0xe3, 0x80, 0x61, 0xb1, 0x6e,
    0xcc, 0x7b, 0xc1, 0x0, 0x50, 0x9, 0x22, 0x1,
    0x43, 0x0, 0x67, 0x8, 0x0, 0xf4, 0x0, 0x61,
    0x3, 0x0, 0xf0, 0x88, 0x3, 0xff, 0x8a, 0x40,
    0x60, 0x1e, 0x11, 0x0, 0x4a, 0x12, 0x1, 0xe9,
    0x0, 0xd2, 0x2a, 0xe0, 0x19, 0x5c, 0x3, 0xd,
    0xc, 0x6c, 0xcb, 0x69, 0xc8, 0x3, 0x27, 0xb0,
    0x33, 0xb5, 0xc0, 0x4,

    /* U+00E4 "ä" */
    0x0, 0xc7, 0xd0, 0x13, 0xc4, 0x1, 0xf3, 0x9,
    0x82, 0x8b, 0x0, 0x7c, 0xb9, 0x61, 0xb8, 0x80,
    0x1f, 0x8c, 0x0, 0x26, 0x1, 0xf0, 0xc6, 0xff,
    0x51, 0x86, 0xf9, 0x0, 0x13, 0xdc, 0x8c, 0x97,
    0x1c, 0x3, 0xd, 0x8b, 0x76, 0x63, 0xde, 0x8,
    0x2, 0x80, 0x49, 0x10, 0xa, 0x18, 0x3, 0x38,
    0x40, 0x7, 0xa0, 0x3, 0x8, 0x18, 0x7, 0x84,
    0x40, 0x1f, 0xfc, 0x52, 0x3, 0x0, 0xf0, 0x88,
    0x2, 0x50, 0x90, 0xf, 0x48, 0x6, 0x91, 0x57,
    0x0, 0xca, 0xe0, 0x18, 0x68, 0x63, 0x66, 0x5b,
    0x4e, 0x40, 0x19, 0x3d, 0x81, 0x9d, 0xae, 0x0,
    0x20,

    /* U+00E5 "å" */
    0x0, 0xe1, 0xad, 0xa0, 0xf, 0xf5, 0x87, 0xb4,
    0x0, 0x7f, 0x3f, 0x15, 0x20, 0x7, 0xf3, 0x68,
    0x63, 0x0, 0x7f, 0x4a, 0x7b, 0xc0, 0x7, 0xf1,
    0x6f, 0x69, 0x0, 0x7c, 0x31, 0xbf, 0xea, 0x30,
    0xdf, 0x20, 0x2, 0x7b, 0x91, 0x92, 0xe3, 0x80,
    0x61, 0xb1, 0x6e, 0xcc, 0x7b, 0xc1, 0x0, 0x50,
    0x9, 0x22, 0x1, 0x43, 0x0, 0x67, 0x8, 0x0,
    0xf4, 0x0, 0x61, 0x3, 0x0, 0xf0, 0x88, 0x3,
    0xff, 0x8a, 0x40, 0x60, 0x1e, 0x11, 0x0, 0x4a,
    0x12, 0x1, 0xe9, 0x0, 0xd2, 0x2a, 0xe0, 0x19,
    0x5c, 0x3, 0xd, 0xc, 0x6c, 0xcb, 0x69, 0xc8,
    0x3, 0x27, 0xb0, 0x33, 0xb5, 0xc0, 0x4,

    /* U+00E6 "æ" */
    0x0, 0x86, 0x37, 0xfa, 0xd4, 0x2f, 0xc0, 0xeb,
    0xbf, 0xad, 0x0, 0x39, 0x3d, 0xc9, 0x15, 0x55,
    0x20, 0x5, 0xc5, 0x24, 0x34, 0xb9, 0x0, 0x86,
    0x85, 0xbe, 0xed, 0xd0, 0xc8, 0x14, 0xdd, 0x97,
    0xb8, 0x2c, 0xc0, 0x4, 0x8a, 0xc8, 0x6, 0x77,
    0x0, 0x12, 0x44, 0x2, 0x3d, 0x8, 0x0, 0x28,
    0x48, 0x7, 0xa4, 0x1, 0xa2, 0x3e, 0x21, 0x18,
    0x8, 0xc, 0x3, 0xc2, 0x20, 0x9e, 0xef, 0x84,
    0xc, 0x3, 0xff, 0x83, 0x17, 0x7f, 0xc4, 0x4,
    0x6, 0x1, 0xe1, 0x10, 0x1, 0x13, 0xf8, 0x0,
    0xa1, 0x20, 0x1e, 0x80, 0x4, 0x80, 0x79, 0xbe,
    0xc0, 0x12, 0x2b, 0x20, 0x19, 0xd8, 0x40, 0x18,
    0x20, 0x12, 0x48, 0x78, 0x0, 0x68, 0x5b, 0xee,
    0xdd, 0x12, 0x41, 0x47, 0xd9, 0x7b, 0x61, 0x28,
    0x1, 0x27, 0xb9, 0x22, 0xa6, 0x30, 0x1, 0x35,
    0x85, 0xd, 0x31, 0x80, 0x0,

    /* U+00E7 "ç" */
    0x0, 0x86, 0x37, 0xfd, 0x8e, 0x1, 0xc7, 0xee,
    0x68, 0x66, 0x8c, 0x0, 0xda, 0x31, 0xd7, 0x9c,
    0x66, 0xa0, 0x3, 0x8a, 0xb8, 0x4, 0x3a, 0xa,
    0x41, 0x61, 0x20, 0x1c, 0x3d, 0xa4, 0x6, 0x6,
    0x1, 0xe1, 0x20, 0xf, 0xfe, 0x28, 0x80, 0x7f,
    0x8c, 0x10, 0x3, 0xca, 0xc2, 0x14, 0x12, 0x1,
    0xc5, 0x52, 0x0, 0x62, 0x3b, 0x20, 0x2, 0x60,
    0x38, 0x80, 0x30, 0x93, 0x7b, 0xec, 0x5a, 0x0,
    0x21, 0xd9, 0x41, 0x13, 0x5c, 0x80, 0x79, 0xac,
    0x66, 0x48, 0x1, 0xfe, 0x8d, 0x60, 0xf, 0xec,
    0xc3, 0xc9, 0x0, 0x7c, 0x8c, 0xe2, 0x1, 0xfd,
    0x77, 0x34, 0x90, 0x0,

    /* U+00E8 "è" */
    0x0, 0xce, 0x40, 0x1f, 0xf6, 0xea, 0x44, 0x3,
    0xfa, 0xa1, 0xbd, 0x80, 0x3f, 0x9f, 0x9a, 0x0,
    0x3f, 0xc3, 0x1e, 0x1, 0xf0, 0xc6, 0xff, 0x6b,
    0x80, 0x72, 0x7b, 0x9a, 0x29, 0xc6, 0x90, 0x0,
    0x6c, 0x67, 0xae, 0xde, 0xc5, 0xc0, 0x8, 0x7,
    0x60, 0xd, 0x26, 0x65, 0x7, 0xa, 0x0, 0xf5,
    0x86, 0x0, 0x86, 0xff, 0xfa, 0x0, 0xc0, 0x26,
    0x6f, 0xec, 0x2, 0xa, 0x99, 0xfc, 0xc0, 0xa1,
    0x40, 0x1e, 0xcd, 0x30, 0x91, 0x67, 0x0, 0xd4,
    0x62, 0x60, 0x3a, 0x31, 0xd7, 0x6f, 0x52, 0xd0,
    0x8, 0xfd, 0xcd, 0x10, 0x51, 0xa2, 0x0,

    /* U+00E9 "é" */
    0x0, 0xf8, 0x60, 0x3, 0xfc, 0xde, 0xe0, 0x1f,
    0x93, 0x65, 0xf8, 0x3, 0xf7, 0xbe, 0xc8, 0x80,
    0x7e, 0xaa, 0x10, 0x7, 0xf0, 0xce, 0xff, 0x63,
    0x80, 0x72, 0x7b, 0x9a, 0x29, 0xc6, 0x90, 0x0,
    0x6c, 0x67, 0xae, 0xde, 0xc5, 0xc0, 0x8, 0x7,
    0x60, 0xd, 0x26, 0x65, 0x7, 0xa, 0x0, 0xf5,
    0x86, 0x0, 0x86, 0xff, 0xfa, 0x0, 0xc0, 0x26,
    0x6f, 0xec, 0x2, 0xa, 0x99, 0xfc, 0xc0, 0xa1,
    0x40, 0x1e, 0xcd, 0x30, 0x91, 0x67, 0x0, 0xd4,
    0x62, 0x60, 0x3a, 0x31, 0xd7, 0x6f, 0x52, 0xd0,
    0x8, 0xfd, 0xcd, 0x10, 0x51, 0xa2, 0x0,

    /* U+00EA "ê" */
    0x0, 0xff, 0xe3, 0x37, 0x61, 0x80, 0x7c, 0x3b,
    0x2c, 0xf9, 0x20, 0x1e, 0x26, 0xd8, 0xbb, 0x10,
    0x7, 0x8e, 0xc8, 0x0, 0x96, 0x1, 0xe1, 0x8d,
    0xfe, 0xc7, 0x0, 0xe4, 0xf7, 0x34, 0x53, 0x8d,
    0x20, 0x0, 0xd8, 0xcf, 0x5d, 0xbd, 0x8b, 0x80,
    0x10, 0xe, 0xc0, 0x1a, 0x4c, 0xca, 0xe, 0x14,
    0x1, 0xeb, 0xc, 0x1, 0xd, 0xff, 0xf4, 0x1,
    0x80, 0x4c, 0xdf, 0xd8, 0x4, 0x15, 0x33, 0xf9,
    0x81, 0x42, 0x80, 0x3d, 0x9a, 0x61, 0x22, 0xce,
    0x1, 0xa8, 0xc4, 0xc0, 0x74, 0x63, 0xae, 0xde,
    0xa5, 0xa0, 0x11, 0xfb, 0x9a, 0x20, 0xa3, 0x44,
    0x0,

    /* U+00EB "ë" */
    0x0, 0xd9, 0xa0, 0x9e, 0xe0, 0x1f, 0x19, 0x9,
    0x6, 0x80, 0x7d, 0xda, 0x2d, 0x94, 0x1, 0xf0,
    0x90, 0x0, 0xc0, 0x3e, 0x18, 0xdf, 0xec, 0x70,
    0xe, 0x4f, 0x73, 0x45, 0x38, 0xd2, 0x0, 0xd,
    0x8c, 0xf5, 0xdb, 0xd8, 0xb8, 0x1, 0x0, 0xec,
    0x1, 0xa4, 0xcc, 0xa0, 0xe1, 0x40, 0x1e, 0xb0,
    0xc0, 0x10, 0xdf, 0xff, 0x40, 0x18, 0x4, 0xcd,
    0xfd, 0x80, 0x41, 0x53, 0x3f, 0x98, 0x14, 0x28,
    0x3, 0xd9, 0xa6, 0x12, 0x2c, 0xe0, 0x1a, 0x8c,
    0x4c, 0x7, 0x46, 0x3a, 0xed, 0xea, 0x5a, 0x1,
    0x1f, 0xb9, 0xa2, 0xa, 0x34, 0x40,

    /* U+00EC "ì" */
    0x0, 0xea, 0x40, 0x8, 0x6e, 0xc4, 0x17, 0x4d,
    0xae, 0xb, 0xb3, 0x80, 0x13, 0x58, 0x2f, 0xd8,
    0x7, 0xff, 0xb0,

    /* U+00ED "í" */
    0x0, 0xfc, 0x94, 0x5, 0x76, 0x17, 0xd6, 0xab,
    0xc9, 0xd5, 0xb, 0x60, 0xc, 0xbf, 0x60, 0x1f,
    0xfe, 0xc0,

    /* U+00EE "î" */
    0x0, 0x8c, 0x3, 0x15, 0xe7, 0x28, 0x26, 0xb5,
    0xbd, 0x48, 0x46, 0xa4, 0xe0, 0xa3, 0x80, 0x47,
    0x0, 0x5, 0xfb, 0x0, 0xff, 0xff, 0x80, 0x60,

    /* U+00EF "ï" */
    0x1d, 0xc0, 0x6f, 0x53, 0x22, 0x7, 0x6, 0x96,
    0xf8, 0x46, 0x40, 0x10, 0x80, 0xc, 0x2, 0x5f,
    0xb0, 0xf, 0xff, 0xf8, 0x6,

    /* U+00F0 "ð" */
    0x0, 0xff, 0xe4, 0x27, 0xd9, 0xc6, 0x90, 0x7,
    0xcc, 0xa9, 0x85, 0x24, 0x1, 0xe3, 0xc3, 0x90,
    0x2, 0x0, 0x7c, 0x7d, 0x2d, 0xa, 0xc0, 0x1c,
    0x31, 0xbf, 0xd6, 0x65, 0x0, 0x18, 0xfd, 0xcd,
    0x15, 0x56, 0x22, 0x60, 0x0, 0xe8, 0xbf, 0x5d,
    0xb9, 0xcc, 0x34, 0x1, 0x22, 0xb0, 0x1, 0xa1,
    0x41, 0x0, 0xa, 0x12, 0x1, 0xe9, 0x0, 0xc4,
    0x6, 0x1, 0xe3, 0x0, 0x8, 0x7, 0xff, 0x4,
    0x40, 0x80, 0xc0, 0x3c, 0x60, 0x60, 0x5, 0x9,
    0x0, 0xf4, 0x85, 0x80, 0x24, 0x56, 0x0, 0x34,
    0x29, 0x38, 0x0, 0x74, 0x5f, 0xae, 0xdc, 0xe5,
    0xe0, 0x18, 0xfd, 0xcd, 0x10, 0x51, 0xa4, 0x0,

    /* U+00F1 "ñ" */
    0x0, 0x93, 0xb8, 0xe5, 0x70, 0x1, 0xd4, 0xf3,
    0x2d, 0x59, 0x0, 0xea, 0x97, 0xec, 0xe1, 0x0,
    0x2f, 0xda, 0xcf, 0x7e, 0xd1, 0x0, 0x66, 0xf4,
    0x77, 0x12, 0xea, 0x0, 0x44, 0x9b, 0x31, 0x90,
    0x14, 0x1, 0xac, 0x3, 0x39, 0x8a, 0x0, 0x8,
    0x40, 0x39, 0x40, 0xc0, 0xc, 0x1, 0xee, 0x0,
    0xff, 0xe0, 0xf8, 0x7, 0xff, 0xc0,

    /* U+00F2 "ò" */
    0x0, 0xcc, 0xc0, 0xf, 0xfe, 0xc, 0xea, 0x0,
    0x7f, 0x9b, 0x1a, 0xec, 0x20, 0x1f, 0xc7, 0x76,
    0x72, 0x0, 0xff, 0x93, 0xc, 0x3, 0xe1, 0x7c,
    0xef, 0xd8, 0x10, 0xe, 0x3f, 0x83, 0x23, 0x27,
    0xf4, 0x0, 0x87, 0x45, 0xff, 0x31, 0xee, 0x34,
    0x40, 0x9, 0x15, 0x80, 0xd, 0xc, 0x36, 0x0,
    0x50, 0x90, 0xf, 0x58, 0x30, 0x0, 0x80, 0xc0,
    0x3c, 0x40, 0x1, 0x0, 0xff, 0xe1, 0x90, 0x18,
    0x7, 0x88, 0x0, 0x20, 0xa1, 0x20, 0x1e, 0x80,
    0x60, 0x4, 0x8a, 0xc0, 0x6, 0x95, 0x18, 0x0,
    0xe, 0x8b, 0xfe, 0x63, 0xd8, 0x74, 0x40, 0x23,
    0xf8, 0x23, 0x3a, 0x3c, 0xc0, 0x0,

    /* U+00F3 "ó" */
    0x0, 0xf8, 0x64, 0xc0, 0x3f, 0xcf, 0xcc, 0x20,
    0x1f, 0x8f, 0x61, 0xb8, 0x80, 0x3f, 0x23, 0xec,
    0x88, 0x7, 0xf3, 0xd1, 0x0, 0x7f, 0x85, 0xf3,
    0xbf, 0x60, 0x40, 0x38, 0xfe, 0xc, 0x8c, 0x9f,
    0xd0, 0x2, 0x1d, 0x17, 0xfc, 0xc7, 0xb8, 0xd1,
    0x0, 0x24, 0x56, 0x0, 0x34, 0x30, 0xd8, 0x1,
    0x42, 0x40, 0x3d, 0x60, 0xc0, 0x2, 0x3, 0x0,
    0xf1, 0x0, 0x4, 0x3, 0xff, 0x86, 0x40, 0x60,
    0x1e, 0x20, 0x0, 0x82, 0x84, 0x80, 0x7a, 0x1,
    0x80, 0x12, 0x2b, 0x0, 0x1a, 0x54, 0x60, 0x0,
    0x3a, 0x2f, 0xf9, 0x8f, 0x61, 0xd1, 0x0, 0x8f,
    0xe0, 0x8c, 0xe8, 0xf3, 0x0, 0x0,

    /* U+00F4 "ô" */
    0x0, 0xf0, 0x90, 0x7, 0xfc, 0xfd, 0xb0, 0x1,
    0xfd, 0xb1, 0x9, 0x6e, 0x0, 0xfc, 0xda, 0xed,
    0xe8, 0x20, 0x1f, 0x59, 0x0, 0x6, 0x84, 0x3,
    0xc2, 0xf9, 0xdf, 0xb0, 0x20, 0x1c, 0x7f, 0x6,
    0x46, 0x4f, 0xe8, 0x1, 0xe, 0x8b, 0xfe, 0x63,
    0xdc, 0x68, 0x80, 0x12, 0x2b, 0x0, 0x1a, 0x18,
    0x6c, 0x0, 0xa1, 0x20, 0x1e, 0xb0, 0x60, 0x1,
    0x1, 0x80, 0x78, 0x80, 0x2, 0x1, 0xff, 0xc3,
    0x20, 0x30, 0xf, 0x10, 0x0, 0x41, 0x42, 0x40,
    0x3d, 0x0, 0xc0, 0x9, 0x15, 0x80, 0xd, 0x2a,
    0x30, 0x0, 0x1d, 0x17, 0xfc, 0xc7, 0xb0, 0xe8,
    0x80, 0x47, 0xf0, 0x46, 0x74, 0x79, 0x80, 0x0,

    /* U+00F5 "õ" */
    0x0, 0xff, 0xe3, 0x4f, 0xff, 0x28, 0x7, 0xdb,
    0x77, 0x67, 0x28, 0x7, 0xc8, 0x98, 0xc4, 0x3,
    0xe1, 0x7c, 0xef, 0xd8, 0x10, 0xe, 0x3f, 0x83,
    0x23, 0x27, 0xf4, 0x0, 0x87, 0x45, 0xff, 0x31,
    0xee, 0x34, 0x40, 0x9, 0x15, 0x80, 0xd, 0xc,
    0x36, 0x0, 0x50, 0x90, 0xf, 0x58, 0x30, 0x0,
    0x80, 0xc0, 0x3c, 0x40, 0x1, 0x0, 0xff, 0xe1,
    0x90, 0x18, 0x7, 0x88, 0x0, 0x20, 0xa1, 0x20,
    0x1e, 0x80, 0x60, 0x4, 0x8a, 0xc0, 0x6, 0x95,
    0x18, 0x0, 0xe, 0x8b, 0xfe, 0x63, 0xd8, 0x74,
    0x40, 0x23, 0xf8, 0x23, 0x3a, 0x3c, 0xc0, 0x0,

    /* U+00F6 "ö" */
    0x0, 0xd3, 0xc6, 0x3d, 0x60, 0x1f, 0x94, 0x5c,
    0xc5, 0x40, 0x3f, 0x66, 0xa1, 0x6f, 0x80, 0x7f,
    0x10, 0x0, 0x84, 0x3, 0xe1, 0x7c, 0xef, 0xd8,
    0x10, 0xe, 0x3f, 0x83, 0x23, 0x27, 0xf4, 0x0,
    0x87, 0x45, 0xff, 0x31, 0xee, 0x34, 0x40, 0x9,
    0x15, 0x80, 0xd, 0xc, 0x36, 0x0, 0x50, 0x90,
    0xf, 0x58, 0x30, 0x0, 0x80, 0xc0, 0x3c, 0x40,
    0x1, 0x0, 0xff, 0xe1, 0x90, 0x18, 0x7, 0x88,
    0x0, 0x20, 0xa1, 0x20, 0x1e, 0x80, 0x60, 0x4,
    0x8a, 0xc0, 0x6, 0x95, 0x18, 0x0, 0xe, 0x8b,
    0xfe, 0x63, 0xd8, 0x74, 0x40, 0x23, 0xf8, 0x23,
    0x3a, 0x3c, 0xc0, 0x0,

    /* U+00F7 "÷" */
    0x0, 0xe9, 0xf5, 0x0, 0xfe, 0x60, 0xf0, 0xf,
    0xea, 0x68, 0x0, 0xfe, 0x59, 0x20, 0xf, 0xfe,
    0x21, 0xd5, 0x7f, 0xce, 0xab, 0xff, 0x27, 0xff,
    0xfc, 0x1, 0xff, 0xc5, 0x59, 0x20, 0xf, 0xea,
    0x68, 0x0, 0xfe, 0x60, 0xf0, 0xc,

    /* U+00F8 "ø" */
    0x0, 0x85, 0xf3, 0xbf, 0x60, 0x63, 0x0, 0x23,
    0xf8, 0x32, 0x32, 0x7e, 0x5c, 0x0, 0xe, 0x8b,
    0xfe, 0x63, 0xd0, 0x8, 0xc0, 0x12, 0x2b, 0x0,
    0x12, 0x2a, 0x4, 0x0, 0x14, 0x24, 0x2, 0x4a,
    0xd9, 0x4, 0x0, 0x10, 0x18, 0x0, 0xea, 0x86,
    0x40, 0x1, 0x0, 0xe3, 0xdb, 0x40, 0xf, 0x10,
    0x19, 0x6d, 0xa8, 0x0, 0x80, 0x44, 0xa, 0x11,
    0x90, 0xa0, 0x14, 0x3, 0x80, 0x24, 0x50, 0x98,
    0x2, 0x95, 0x18, 0x0, 0x9, 0x81, 0xfe, 0x63,
    0xd8, 0x74, 0x40, 0x16, 0xfc, 0xe4, 0x67, 0x47,
    0x98, 0x0,

    /* U+00F9 "ù" */
    0x0, 0xff, 0xe1, 0xb3, 0x80, 0x7f, 0xd1, 0xaa,
    0x1, 0xf9, 0xb5, 0xaa, 0xc4, 0x3, 0xe2, 0xbc,
    0x72, 0x0, 0xfe, 0x3c, 0x30, 0x9, 0xbe, 0x40,
    0x3d, 0x3e, 0xc0, 0x1f, 0xff, 0xc3, 0x3, 0x0,
    0xf1, 0x0, 0x18, 0x10, 0x3, 0xca, 0x0, 0x32,
    0x18, 0x0, 0xd4, 0x20, 0x17, 0x3, 0xec, 0xd6,
    0xa9, 0x80, 0x47, 0xac, 0x6c, 0x8f, 0xaa, 0x0,

    /* U+00FA "ú" */
    0x0, 0xff, 0xe3, 0xd, 0x18, 0x7, 0xe7, 0xe5,
    0x10, 0xf, 0x1f, 0x43, 0xf1, 0x0, 0x79, 0x1f,
    0xa0, 0x40, 0x3e, 0x79, 0x10, 0xf, 0x37, 0xc8,
    0x7, 0xa7, 0xd8, 0x3, 0xff, 0xf8, 0x60, 0x60,
    0x1e, 0x20, 0x3, 0x2, 0x0, 0x79, 0x40, 0x6,
    0x43, 0x0, 0x1a, 0x84, 0x2, 0xe0, 0x7d, 0x9a,
    0xd5, 0x30, 0x8, 0xf5, 0x8d, 0x91, 0xf5, 0x40,
    0x0,

    /* U+00FB "û" */
    0x0, 0xe1, 0x20, 0xf, 0xe7, 0xed, 0x80, 0xf,
    0xb6, 0x21, 0x2d, 0xc0, 0x1e, 0x7e, 0x76, 0xf7,
    0x10, 0xe, 0xa1, 0x0, 0xc, 0x88, 0x1, 0xbe,
    0x40, 0x3d, 0x3e, 0xc0, 0x1f, 0xff, 0xc3, 0x3,
    0x0, 0xf1, 0x0, 0x18, 0x10, 0x3, 0xca, 0x0,
    0x32, 0x18, 0x0, 0xd4, 0x20, 0x17, 0x3, 0xec,
    0xd6, 0xa9, 0x80, 0x47, 0xac, 0x6c, 0x8f, 0xaa,
    0x0,

    /* U+00FC "ü" */
    0x0, 0xa7, 0x88, 0x7a, 0xc0, 0x3c, 0xa2, 0xc4,
    0x2a, 0x1, 0xed, 0xc4, 0x3d, 0xf0, 0xf, 0x9,
    0x80, 0x8, 0x40, 0x26, 0xf9, 0x0, 0xf4, 0xfb,
    0x0, 0x7f, 0xff, 0xc, 0xc, 0x3, 0xc4, 0x0,
    0x60, 0x40, 0xf, 0x28, 0x0, 0xc8, 0x60, 0x3,
    0x50, 0x80, 0x5c, 0xf, 0xb3, 0x5a, 0xa6, 0x1,
    0x1e, 0xb1, 0xb2, 0x3e, 0xa8, 0x0,

    /* U+00FD "ý" */
    0x0, 0xff, 0xe3, 0x8c, 0x28, 0x7, 0xf3, 0x7b,
    0x88, 0x7, 0xc5, 0xb2, 0x9a, 0x80, 0x1f, 0x3b,
    0xb6, 0x88, 0x3, 0xf2, 0xd1, 0x0, 0x7d, 0x1f,
    0x40, 0x1e, 0x2f, 0xd0, 0xa0, 0x51, 0x0, 0xea,
    0xa, 0x2, 0x40, 0x70, 0xe, 0x60, 0x60, 0x7,
    0x5, 0x80, 0x64, 0x15, 0x10, 0x2, 0x89, 0x18,
    0x5, 0xe1, 0xc0, 0x19, 0x82, 0x80, 0x2, 0x84,
    0x80, 0x1a, 0x81, 0xc0, 0xc, 0x14, 0x1, 0xc4,
    0x82, 0xa1, 0x40, 0xc0, 0x1e, 0xe0, 0xe3, 0x25,
    0x10, 0xf, 0x28, 0xa4, 0x84, 0x80, 0x7e, 0x60,
    0x52, 0x30, 0xf, 0xd4, 0x0, 0xb0, 0xf, 0xe3,
    0x0, 0x38, 0x7, 0xf3, 0x2, 0x88, 0x7, 0xf5,
    0x4, 0x80, 0x7f, 0x19, 0x10, 0xc0, 0x3f, 0xa4,
    0x2c, 0x3, 0xf8, 0x54, 0x18, 0x3, 0xe0,

    /* U+00FE "þ" */
    0x5f, 0xb0, 0xf, 0xff, 0x4a, 0x5f, 0x7e, 0xc0,
    0x80, 0x73, 0xda, 0xa8, 0xc9, 0xfc, 0x80, 0x26,
    0x89, 0xeb, 0xce, 0x41, 0xf0, 0x8, 0xa5, 0x80,
    0x21, 0xb3, 0x26, 0x0, 0xb, 0x0, 0x7a, 0x43,
    0x40, 0x4, 0x1, 0xf3, 0x83, 0x0, 0x7f, 0x84,
    0x3, 0x10, 0x7, 0xca, 0xc, 0x0, 0x17, 0x0,
    0xf5, 0x86, 0x80, 0xa, 0x18, 0x2, 0x1b, 0x22,
    0x30, 0x1, 0xa6, 0x5d, 0x98, 0xe4, 0x1f, 0x0,
    0xcd, 0x8a, 0x46, 0x4f, 0xe4, 0x1, 0xc7, 0x7d,
    0xfb, 0x2, 0x1, 0xff, 0xf7,

    /* U+00FF "ÿ" */
    0x0, 0x9f, 0xd0, 0x37, 0x0, 0x3e, 0xd0, 0x31,
    0x23, 0x10, 0xf, 0x56, 0x38, 0xee, 0x84, 0x3,
    0xe3, 0x0, 0x11, 0x0, 0x34, 0x7d, 0x0, 0x78,
    0xbf, 0x42, 0x81, 0x44, 0x3, 0xa8, 0x28, 0x9,
    0x1, 0xc0, 0x39, 0x81, 0x80, 0x1c, 0x16, 0x1,
    0x90, 0x54, 0x40, 0xa, 0x24, 0x60, 0x17, 0x87,
    0x0, 0x66, 0xa, 0x0, 0xa, 0x12, 0x0, 0x6a,
    0x7, 0x0, 0x30, 0x50, 0x7, 0x12, 0xa, 0x85,
    0x3, 0x0, 0x7b, 0x83, 0x8c, 0x94, 0x40, 0x3c,
    0xa2, 0x92, 0x12, 0x1, 0xf9, 0x81, 0x48, 0xc0,
    0x3f, 0x50, 0x2, 0xc0, 0x3f, 0x8c, 0x0, 0xe0,
    0x1f, 0xcc, 0xa, 0x20, 0x1f, 0xd4, 0x12, 0x1,
    0xfc, 0x64, 0x43, 0x0, 0xfe, 0x90, 0xb0, 0xf,
    0xe1, 0x50, 0x60, 0xf, 0x80,

    /* U+0100 "Ā" */
    0x0, 0x84, 0x8b, 0xe0, 0xf, 0x9b, 0x77, 0xe4,
    0x0, 0xf2, 0xd5, 0x7c, 0xa0, 0x1e, 0x25, 0x5f,
    0x84, 0x3, 0xfb, 0xbf, 0x0, 0x3f, 0xe4, 0x10,
    0x32, 0x0, 0xff, 0x70, 0x10, 0x28, 0x7, 0xf9,
    0x43, 0x82, 0x80, 0x3f, 0x98, 0x14, 0xc8, 0x86,
    0x1, 0xfa, 0x83, 0x82, 0x82, 0x80, 0x3e, 0x23,
    0x14, 0x6, 0x6, 0x0, 0xfa, 0x81, 0x80, 0x2,
    0x80, 0xa0, 0x1e, 0x50, 0xa0, 0xb, 0x83, 0x80,
    0x39, 0x8, 0xa0, 0x9, 0x41, 0x4, 0x3, 0x68,
    0x17, 0xff, 0x0, 0x18, 0x3, 0x30, 0x33, 0x79,
    0x42, 0x80, 0x25, 0x4, 0x99, 0xf5, 0x9, 0x10,
    0x1, 0xc1, 0xa0, 0x1f, 0x30, 0x50, 0xa, 0x3,
    0x0, 0x7d, 0x60, 0xc0,

    /* U+0101 "ā" */
    0x0, 0x9b, 0xff, 0xe5, 0x0, 0xe5, 0x88, 0xf9,
    0xc0, 0x38, 0xdd, 0xfe, 0x20, 0xe, 0x18, 0xdf,
    0xea, 0x30, 0xdf, 0x20, 0x2, 0x7b, 0x91, 0x92,
    0xe3, 0x80, 0x61, 0xb1, 0x6e, 0xcc, 0x7b, 0xc1,
    0x0, 0x50, 0x9, 0x22, 0x1, 0x43, 0x0, 0x67,
    0x8, 0x0, 0xf4, 0x0, 0x61, 0x3, 0x0, 0xf0,
    0x88, 0x3, 0xff, 0x8a, 0x40, 0x60, 0x1e, 0x11,
    0x0, 0x4a, 0x12, 0x1, 0xe9, 0x0, 0xd2, 0x2a,
    0xe0, 0x19, 0x5c, 0x3, 0xd, 0xc, 0x6c, 0xcb,
    0x69, 0xc8, 0x3, 0x27, 0xb0, 0x33, 0xb5, 0xc0,
    0x4,

    /* U+0102 "Ă" */
    0x0, 0xca, 0x80, 0x12, 0xa0, 0x7, 0xec, 0xf0,
    0xa, 0xc, 0x3, 0xf6, 0xa5, 0xce, 0x12, 0x80,
    0x7e, 0x49, 0x66, 0x5, 0x90, 0x7, 0xf3, 0x6f,
    0xe2, 0x0, 0x7f, 0xdd, 0xf8, 0x1, 0xff, 0x20,
    0x81, 0x90, 0x7, 0xfb, 0x80, 0x81, 0x40, 0x3f,
    0xca, 0x1c, 0x14, 0x1, 0xfc, 0xc0, 0xa6, 0x44,
    0x30, 0xf, 0xd4, 0x1c, 0x14, 0x14, 0x1, 0xf1,
    0x18, 0xa0, 0x30, 0x30, 0x7, 0xd4, 0xc, 0x0,
    0x14, 0x5, 0x0, 0xf2, 0x85, 0x0, 0x5c, 0x1c,
    0x1, 0xc8, 0x45, 0x0, 0x4a, 0x8, 0x20, 0x1b,
    0x40, 0xbf, 0xf8, 0x0, 0xc0, 0x19, 0x81, 0x9b,
    0xca, 0x14, 0x1, 0x28, 0x24, 0xcf, 0xa8, 0x48,
    0x80, 0xe, 0xd, 0x0, 0xf9, 0x82, 0x80, 0x50,
    0x18, 0x3, 0xeb, 0x6, 0x0,

    /* U+0103 "ă" */
    0x0, 0xd5, 0x40, 0xa, 0xe0, 0x3, 0xef, 0x5a,
    0x8b, 0x4c, 0x0, 0xf9, 0x61, 0xdc, 0xd2, 0x80,
    0x1f, 0x9f, 0x7f, 0x58, 0x3, 0xe1, 0x8d, 0xfe,
    0xa3, 0xd, 0xf2, 0x0, 0x27, 0xb9, 0x19, 0x2e,
    0x38, 0x6, 0x1b, 0x16, 0xec, 0xc7, 0xbc, 0x10,
    0x5, 0x0, 0x92, 0x20, 0x14, 0x30, 0x6, 0x70,
    0x80, 0xf, 0x40, 0x6, 0x10, 0x30, 0xf, 0x8,
    0x80, 0x3f, 0xf8, 0xa4, 0x6, 0x1, 0xe1, 0x10,
    0x4, 0xa1, 0x20, 0x1e, 0x90, 0xd, 0x22, 0xae,
    0x1, 0x95, 0xc0, 0x30, 0xd0, 0xc6, 0xcc, 0xb6,
    0x9c, 0x80, 0x32, 0x7b, 0x3, 0x3b, 0x5c, 0x0,
    0x40,

    /* U+0104 "Ą" */
    0x0, 0xf7, 0x7e, 0x0, 0x7f, 0xc8, 0x20, 0x64,
    0x1, 0xfe, 0xe0, 0x20, 0x50, 0xf, 0xf2, 0x87,
    0x5, 0x0, 0x7f, 0x30, 0x29, 0x91, 0xc, 0x3,
    0xf5, 0x7, 0x5, 0x5, 0x0, 0x7c, 0x46, 0x28,
    0xc, 0xc, 0x1, 0xf5, 0x3, 0x0, 0x5, 0x1,
    0x40, 0x3c, 0xa1, 0x40, 0x17, 0x7, 0x0, 0x72,
    0x11, 0x40, 0x12, 0x82, 0x8, 0x6, 0xd0, 0x2f,
    0xfe, 0x0, 0x30, 0x6, 0x60, 0x66, 0xf2, 0x85,
    0x0, 0x4a, 0x9, 0x33, 0xea, 0x12, 0x20, 0x3,
    0x83, 0x40, 0x3e, 0x60, 0xa0, 0x14, 0x6, 0x0,
    0xfb, 0x1, 0x80, 0x7f, 0xc0, 0x1f, 0x25, 0x1d,
    0x0, 0x7f, 0xd4, 0xb8, 0x80, 0x1f, 0xf0, 0xb9,
    0x10, 0x40, 0x3f, 0xd0, 0x7b, 0xa5, 0x0, 0xff,
    0x3f, 0x66, 0xa0,

    /* U+0105 "ą" */
    0x0, 0x86, 0x37, 0xfa, 0xd0, 0x37, 0xc8, 0x0,
    0x9e, 0xe4, 0x64, 0x96, 0xe0, 0x18, 0x6c, 0x5b,
    0xb3, 0x1e, 0xf0, 0x40, 0x14, 0x2, 0x48, 0x80,
    0x50, 0xc0, 0x19, 0xc2, 0x0, 0x3d, 0x0, 0x18,
    0x40, 0xc0, 0x3c, 0x22, 0x0, 0xff, 0xe2, 0x90,
    0x18, 0x7, 0x84, 0x40, 0x12, 0x84, 0x0, 0x7a,
    0x0, 0x34, 0x8a, 0x50, 0x80, 0x50, 0xc0, 0x18,
    0x68, 0x57, 0xb3, 0x1e, 0xf2, 0x40, 0x19, 0x3d,
    0x88, 0xc9, 0x71, 0xc, 0x3, 0x86, 0x77, 0xfa,
    0x9f, 0x53, 0x48, 0x3, 0xfa, 0x4e, 0x88, 0x3,
    0xfc, 0x62, 0x44, 0x10, 0xf, 0xe8, 0x2d, 0xd2,
    0x0, 0x7f, 0x37, 0x66, 0xa8,

    /* U+0106 "Ć" */
    0x0, 0xfe, 0x28, 0x0, 0xff, 0xe0, 0xc6, 0xa8,
    0x7, 0xfc, 0xbc, 0xee, 0xc0, 0xf, 0xfa, 0x5f,
    0xa0, 0x40, 0x3f, 0xed, 0x91, 0x0, 0xff, 0xe0,
    0x2d, 0x6f, 0xfb, 0x20, 0x40, 0x3c, 0x5b, 0x48,
    0x6, 0x46, 0xfc, 0xc0, 0x18, 0xb4, 0x9b, 0x75,
    0x9b, 0xce, 0x12, 0xe0, 0x17, 0x84, 0x49, 0x0,
    0x43, 0x14, 0x10, 0x60, 0xc4, 0x8e, 0x1, 0xf2,
    0xcc, 0x38, 0x50, 0x78, 0x7, 0xf3, 0x3a, 0x1,
    0x2, 0x80, 0x7f, 0xf0, 0x44, 0x4, 0x3, 0xff,
    0x82, 0x20, 0x20, 0x1f, 0xfc, 0x12, 0x5, 0x0,
    0xff, 0xe0, 0xd0, 0x78, 0x7, 0xf2, 0xb2, 0x3,
    0xa, 0x30, 0x7, 0xcb, 0x52, 0xe0, 0xd, 0x9,
    0x90, 0x80, 0x67, 0xa0, 0x73, 0x0, 0x1e, 0x13,
    0x76, 0xde, 0x7c, 0x4, 0x40, 0x3, 0x1e, 0xd2,
    0x2, 0x19, 0x9f, 0x9c, 0x0,

    /* U+0107 "ć" */
    0x0, 0xf8, 0x60, 0x3, 0xfd, 0x1c, 0xa0, 0x1f,
    0x97, 0x9d, 0xd8, 0x1, 0xfa, 0x1f, 0xa0, 0x40,
    0x3f, 0x64, 0x88, 0x7, 0xf0, 0xce, 0xff, 0xb1,
    0xc0, 0x39, 0x3d, 0xcd, 0x10, 0x71, 0xa2, 0x0,
    0x1a, 0x19, 0xeb, 0xb7, 0x21, 0x50, 0x2, 0x5,
    0x98, 0x1, 0xd, 0x8a, 0x90, 0x38, 0x58, 0x7,
    0xbb, 0x84, 0x2, 0x4, 0x1, 0xff, 0xcb, 0x20,
    0x20, 0xf, 0xf2, 0x85, 0x80, 0x7b, 0xb8, 0x41,
    0x22, 0xcc, 0x0, 0xd4, 0x2a, 0x40, 0x34, 0x33,
    0xb5, 0x7e, 0xa7, 0x40, 0x12, 0x7b, 0x82, 0xa1,
    0xc6, 0x8, 0x0,

    /* U+010A "Ċ" */
    0x0, 0xf8, 0xfa, 0x40, 0x3f, 0xf8, 0x2c, 0x2a,
    0x1, 0xff, 0xc1, 0x5c, 0xd0, 0xf, 0xfe, 0x11,
    0x88, 0x7, 0xfc, 0xb7, 0xbf, 0xec, 0x81, 0x0,
    0xf1, 0x6d, 0x20, 0x19, 0x1b, 0xf3, 0x0, 0x62,
    0xd2, 0x6d, 0xd6, 0x6f, 0x38, 0x4b, 0x80, 0x5e,
    0x11, 0x24, 0x1, 0xc, 0x50, 0x41, 0x83, 0x12,
    0x38, 0x7, 0xcb, 0x30, 0xe1, 0x41, 0xe0, 0x1f,
    0xcc, 0xe8, 0x4, 0xa, 0x1, 0xff, 0xc1, 0x10,
    0x10, 0xf, 0xfe, 0x8, 0x80, 0x80, 0x7f, 0xf0,
    0x48, 0x14, 0x3, 0xff, 0x83, 0x41, 0xe0, 0x1f,
    0xca, 0xc8, 0xc, 0x28, 0xc0, 0x1f, 0x2d, 0x4b,
    0x80, 0x34, 0x26, 0x42, 0x1, 0x9e, 0x81, 0xcc,
    0x0, 0x78, 0x4d, 0xdb, 0x79, 0xf0, 0x11, 0x0,
    0xc, 0x7b, 0x48, 0x8, 0x66, 0x7e, 0x70, 0x0,

    /* U+010B "ċ" */
    0x0, 0xe3, 0xe8, 0x0, 0xff, 0x30, 0x98, 0x7,
    0xf9, 0x72, 0xc0, 0x3f, 0xc, 0x6e, 0x7e, 0x38,
    0x7, 0x27, 0xb9, 0xa2, 0xe, 0x34, 0x40, 0x3,
    0x43, 0x3d, 0x76, 0xe4, 0x2a, 0x0, 0x40, 0xb3,
    0x0, 0x21, 0xb1, 0x52, 0x7, 0xb, 0x0, 0xf7,
    0x70, 0x80, 0x40, 0x80, 0x3f, 0xf9, 0x64, 0x4,
    0x1, 0xfe, 0x50, 0xb0, 0xf, 0x77, 0x8, 0x24,
    0x59, 0x80, 0x1a, 0x85, 0x48, 0x6, 0x86, 0x76,
    0xaf, 0xd4, 0xe8, 0x2, 0x4f, 0x70, 0x54, 0x38,
    0xc1, 0x0,

    /* U+010C "Č" */
    0x0, 0xff, 0xe4, 0xad, 0x90, 0x1, 0xec, 0x3,
    0xf9, 0xdd, 0xb3, 0xb1, 0xa0, 0x1f, 0xc5, 0x92,
    0xee, 0xe6, 0x0, 0xff, 0x9b, 0xa8, 0x40, 0x3f,
    0xcb, 0x7b, 0xfe, 0xc8, 0x10, 0xf, 0x16, 0xd2,
    0x1, 0x91, 0xbf, 0x30, 0x6, 0x2d, 0x26, 0xdd,
    0x66, 0xf3, 0x84, 0xb8, 0x5, 0xe1, 0x12, 0x40,
    0x10, 0xc5, 0x4, 0x18, 0x31, 0x23, 0x80, 0x7c,
    0xb3, 0xe, 0x14, 0x1e, 0x1, 0xfc, 0xce, 0x80,
    0x40, 0xa0, 0x1f, 0xfc, 0x11, 0x1, 0x0, 0xff,
    0xe0, 0x88, 0x8, 0x7, 0xff, 0x4, 0x81, 0x40,
    0x3f, 0xf8, 0x34, 0x1e, 0x1, 0xfc, 0xac, 0x80,
    0xc2, 0x8c, 0x1, 0xf2, 0xd4, 0xb8, 0x3, 0x42,
    0x64, 0x20, 0x19, 0xe8, 0x1c, 0xc0, 0x7, 0x84,
    0xdd, 0xb7, 0x9f, 0x1, 0x10, 0x0, 0xc7, 0xb4,
    0x80, 0x86, 0x67, 0xe7, 0x0, 0x0,

    /* U+010D "č" */
    0x0, 0xff, 0xe2, 0x2d, 0x8, 0x1, 0xe8, 0x3,
    0xce, 0xee, 0x8d, 0x8c, 0x0, 0xf1, 0x6c, 0x3b,
    0xb9, 0x80, 0x3f, 0x3f, 0xd0, 0x80, 0x7c, 0x31,
    0xbf, 0xec, 0x70, 0xe, 0x4f, 0x73, 0x44, 0x1c,
    0x68, 0x80, 0x6, 0x86, 0x7a, 0xed, 0xc8, 0x54,
    0x0, 0x81, 0x66, 0x0, 0x43, 0x62, 0xa4, 0xe,
    0x16, 0x1, 0xee, 0xe1, 0x0, 0x81, 0x0, 0x7f,
    0xf2, 0xc8, 0x8, 0x3, 0xfc, 0xa1, 0x60, 0x1e,
    0xee, 0x10, 0x48, 0xb3, 0x0, 0x35, 0xa, 0x90,
    0xd, 0xc, 0xed, 0x5f, 0xa9, 0xd0, 0x4, 0x9e,
    0xe0, 0xa8, 0x71, 0x82, 0x0,

    /* U+010E "Ď" */
    0x0, 0x84, 0x3, 0x84, 0x3, 0xe4, 0xc3, 0x0,
    0x46, 0x80, 0x7c, 0x8f, 0x95, 0xcd, 0x40, 0x1f,
    0xd, 0xd9, 0xdd, 0xec, 0x1, 0xfc, 0x9b, 0x22,
    0x1, 0xcb, 0xff, 0xdd, 0x90, 0x40, 0x1e, 0x16,
    0x69, 0x5, 0xf6, 0x40, 0x39, 0x66, 0x6a, 0xdc,
    0x36, 0xc0, 0xf, 0xf1, 0xe2, 0x1c, 0x0, 0x7f,
    0xd4, 0xe, 0x1, 0xff, 0xa, 0x2, 0x80, 0x7f,
    0xc6, 0x4, 0x1, 0xff, 0x78, 0x70, 0x7, 0xfd,
    0xe1, 0xc0, 0x1f, 0xf1, 0x81, 0x0, 0x7f, 0x85,
    0x1, 0x0, 0x3f, 0xd4, 0xc, 0x20, 0x1f, 0x8f,
    0x10, 0xe4, 0x2, 0x59, 0x9a, 0xb7, 0xd, 0x74,
    0x3, 0xb, 0x34, 0x82, 0xf9, 0x42, 0x0,

    /* U+010F "ď" */
    0x0, 0xff, 0xb7, 0xca, 0xbd, 0x80, 0x3f, 0xf8,
    0x46, 0x1c, 0x1, 0xff, 0xc2, 0x96, 0x0, 0xff,
    0xe2, 0x2f, 0x0, 0x43, 0x1b, 0xfd, 0x46, 0x1,
    0xa5, 0x58, 0x0, 0x9e, 0xe4, 0x64, 0xb8, 0xe0,
    0x14, 0xc8, 0x0, 0x36, 0x2d, 0xd9, 0x8f, 0x78,
    0x20, 0xf, 0x40, 0x24, 0x88, 0x5, 0xc, 0x1,
    0xf3, 0x84, 0x0, 0x7a, 0x0, 0x3e, 0x10, 0x30,
    0xf, 0x8, 0x80, 0x3f, 0xf9, 0x64, 0x6, 0x1,
    0xe1, 0x10, 0x7, 0x94, 0x24, 0x3, 0xd2, 0x1,
    0xf4, 0x8a, 0xb8, 0x6, 0x57, 0x0, 0xf8, 0x68,
    0x63, 0x66, 0x5b, 0x4e, 0x40, 0x1f, 0x27, 0xb8,
    0x33, 0xb5, 0xc0, 0x7, 0x80,

    /* U+0110 "Đ" */
    0x0, 0x77, 0xff, 0x6d, 0x28, 0x7, 0xe5, 0x66,
    0x28, 0xad, 0x69, 0x80, 0x7a, 0xe6, 0x55, 0x9e,
    0xe5, 0x86, 0x1, 0xff, 0x45, 0x6, 0x80, 0x7f,
    0xf0, 0x15, 0x5, 0x80, 0x3f, 0xf8, 0x1c, 0x1a,
    0x1, 0xff, 0xc0, 0x70, 0x5c, 0xf1, 0xe, 0xff,
    0x94, 0x2, 0x30, 0x16, 0x20, 0x1, 0x16, 0x10,
    0xe, 0x1a, 0xd1, 0xc, 0xdd, 0x90, 0x2, 0x50,
    0x20, 0xf, 0xfe, 0x7, 0x5, 0x0, 0x7f, 0xc8,
    0xa2, 0xe0, 0x1f, 0xe6, 0xb0, 0xa1, 0x0, 0xd1,
    0x1a, 0xba, 0x4b, 0x10, 0x3, 0x99, 0xdf, 0x25,
    0x69, 0x80, 0x0,

    /* U+0111 "đ" */
    0x0, 0xff, 0xb7, 0xc8, 0x3, 0xff, 0x98, 0x9f,
    0xe2, 0xd, 0x80, 0xf, 0xc9, 0xba, 0x20, 0xa9,
    0x0, 0x86, 0x37, 0xfa, 0x84, 0x80, 0xe, 0x20,
    0x4, 0xf7, 0x23, 0x25, 0xc7, 0x0, 0xe1, 0xb1,
    0x6e, 0xcc, 0x7b, 0xc1, 0x0, 0x68, 0x4, 0x91,
    0x0, 0xa1, 0x80, 0x39, 0xc2, 0x0, 0x3d, 0x0,
    0x1c, 0x20, 0x60, 0x1e, 0x11, 0x0, 0x7f, 0xf1,
    0xc8, 0xc, 0x3, 0xc2, 0x20, 0xc, 0xa1, 0x20,
    0x1e, 0x90, 0xe, 0x91, 0x57, 0x0, 0xca, 0xe0,
    0x1c, 0x34, 0x31, 0xb3, 0x2d, 0xa7, 0x20, 0xe,
    0x4f, 0x70, 0x67, 0x6b, 0x80, 0xc,

    /* U+0112 "Ē" */
    0x2, 0x2f, 0x85, 0x37, 0x7e, 0x65, 0xaa, 0xf9,
    0x45, 0x57, 0xe2, 0x5f, 0xff, 0xc0, 0x1, 0x55,
    0xe6, 0x0, 0x2d, 0x57, 0x48, 0x7, 0xff, 0x45,
    0x6a, 0xb8, 0x80, 0x2, 0xab, 0xcc, 0x0, 0x4f,
    0xfe, 0x40, 0xf, 0xfe, 0xd2, 0xcc, 0xf8, 0x0,
    0x2c, 0xde,

    /* U+0113 "ē" */
    0x0, 0xbf, 0xfe, 0xb0, 0xe, 0x88, 0xfb, 0x80,
    0x39, 0xdf, 0xe5, 0x0, 0xe1, 0x8d, 0xfe, 0xc7,
    0x0, 0xe4, 0xf7, 0x34, 0x53, 0x8d, 0x20, 0x0,
    0xd8, 0xcf, 0x5d, 0xbd, 0x8b, 0x80, 0x10, 0xe,
    0xc0, 0x1a, 0x4c, 0xca, 0xe, 0x14, 0x1, 0xeb,
    0xc, 0x1, 0xd, 0xff, 0xf4, 0x1, 0x80, 0x4c,
    0xdf, 0xd8, 0x4, 0x15, 0x33, 0xf9, 0x81, 0x42,
    0x80, 0x3d, 0x9a, 0x61, 0x22, 0xce, 0x1, 0xa8,
    0xc4, 0xc0, 0x74, 0x63, 0xae, 0xde, 0xa5, 0xa0,
    0x11, 0xfb, 0x9a, 0x20, 0xa3, 0x44, 0x0,

    /* U+0114 "Ĕ" */
    0x4, 0x50, 0x8, 0xd4, 0x0, 0x50, 0x1, 0x4f,
    0x80, 0x10, 0xb2, 0x6d, 0x78, 0x0, 0x56, 0xc,
    0xc9, 0x40, 0x9, 0x33, 0xf5, 0x80, 0xb, 0xff,
    0xf8, 0x0, 0x2a, 0xbc, 0xc0, 0x5, 0xaa, 0xe9,
    0x0, 0xff, 0xe8, 0xad, 0x57, 0x10, 0x0, 0x55,
    0x79, 0x80, 0x9, 0xff, 0xc8, 0x1, 0xff, 0xda,
    0x59, 0x9f, 0x0, 0x5, 0x9b, 0xc0,

    /* U+0115 "ĕ" */
    0x0, 0x93, 0xc0, 0x25, 0xe0, 0xf, 0x20, 0xec,
    0xca, 0x90, 0x3, 0xed, 0x16, 0x76, 0xb0, 0xf,
    0x8f, 0x3f, 0xa4, 0x40, 0x3c, 0x31, 0xbf, 0xd8,
    0xe0, 0x1c, 0x9e, 0xe6, 0x8a, 0x71, 0xa4, 0x0,
    0x1b, 0x19, 0xeb, 0xb7, 0xb1, 0x70, 0x2, 0x1,
    0xd8, 0x3, 0x49, 0x99, 0x41, 0xc2, 0x80, 0x3d,
    0x61, 0x80, 0x21, 0xbf, 0xfe, 0x80, 0x30, 0x9,
    0x9b, 0xfb, 0x0, 0x82, 0xa6, 0x7f, 0x30, 0x28,
    0x50, 0x7, 0xb3, 0x4c, 0x24, 0x59, 0xc0, 0x35,
    0x18, 0x98, 0xe, 0x8c, 0x75, 0xdb, 0xd4, 0xb4,
    0x2, 0x3f, 0x73, 0x44, 0x14, 0x68, 0x80,

    /* U+0116 "Ė" */
    0x0, 0x93, 0xdc, 0x3, 0xc6, 0x1a, 0x1, 0xe7,
    0xca, 0x0, 0xf8, 0xc0, 0x32, 0xff, 0xfe, 0x0,
    0xa, 0xaf, 0x30, 0x1, 0x6a, 0xba, 0x40, 0x3f,
    0xfa, 0x2b, 0x55, 0xc4, 0x0, 0x15, 0x5e, 0x60,
    0x2, 0x7f, 0xf2, 0x0, 0x7f, 0xf6, 0x96, 0x67,
    0xc0, 0x1, 0x66, 0xf0,

    /* U+0117 "ė" */
    0x0, 0xe1, 0xea, 0x0, 0xff, 0x10, 0xb8, 0x7,
    0xf8, 0xf7, 0x0, 0x3f, 0xc, 0x6e, 0xbf, 0x1c,
    0x3, 0x93, 0xdc, 0xd1, 0x4e, 0x34, 0x80, 0x3,
    0x63, 0x3d, 0x76, 0xf6, 0x2e, 0x0, 0x40, 0x3b,
    0x0, 0x69, 0x33, 0x28, 0x38, 0x50, 0x7, 0xac,
    0x30, 0x4, 0x37, 0xff, 0xd0, 0x6, 0x1, 0x33,
    0x7f, 0x60, 0x10, 0x54, 0xcf, 0xe6, 0x5, 0xa,
    0x0, 0xf6, 0x69, 0x84, 0x8b, 0x38, 0x6, 0xa3,
    0x13, 0x1, 0xd1, 0x8e, 0xbb, 0x7a, 0x96, 0x80,
    0x47, 0xee, 0x68, 0x82, 0x8d, 0x10,

    /* U+0118 "Ę" */
    0x5f, 0xff, 0xc0, 0x10, 0xaa, 0xf3, 0x0, 0x4b,
    0x55, 0xd2, 0x1, 0xff, 0xd5, 0x5a, 0xae, 0x20,
    0x8, 0x55, 0x79, 0x80, 0x24, 0xff, 0xe4, 0x0,
    0xff, 0xef, 0xac, 0xcf, 0x80, 0x21, 0x66, 0xf0,
    0x2f, 0xfe, 0xa0, 0x5c, 0x0, 0xe1, 0xa6, 0xa3,
    0x0, 0xe3, 0x3, 0x22, 0x0, 0x71, 0x2a, 0xb7,
    0x44, 0x1, 0xd5, 0xd9, 0xc4,

    /* U+0119 "ę" */
    0x0, 0x86, 0x37, 0xfb, 0x18, 0x3, 0x8f, 0xdc,
    0xd1, 0x4e, 0x70, 0x40, 0x3, 0xa2, 0xfd, 0x76,
    0xe5, 0x3a, 0x0, 0x48, 0xac, 0x0, 0x43, 0x44,
    0x86, 0xa, 0x12, 0x1, 0xea, 0xb, 0x2, 0xa,
    0x99, 0xf5, 0x81, 0x0, 0x4c, 0xdf, 0x18, 0x4,
    0x21, 0xdf, 0xff, 0xa8, 0x10, 0x1c, 0x3, 0xcc,
    0xe4, 0x12, 0x12, 0x40, 0x19, 0x66, 0xc, 0xe,
    0x3, 0x65, 0x99, 0x54, 0xa, 0x10, 0x3, 0xd1,
    0x34, 0xc9, 0x4f, 0x14, 0x3, 0x2e, 0xd0, 0x26,
    0xe1, 0x80, 0x7d, 0x25, 0x64, 0x1, 0xfc, 0x26,
    0x42, 0x20, 0xf, 0xd0, 0x3b, 0xce, 0x1, 0xf9,
    0x7f, 0x35, 0x80, 0x20,

    /* U+011A "Ě" */
    0x0, 0xff, 0x3d, 0x90, 0xc, 0xd0, 0x1, 0x1b,
    0x67, 0xdf, 0x80, 0x7, 0xb2, 0xed, 0xc8, 0x1,
    0x9b, 0xa0, 0x2, 0x5f, 0xff, 0xc0, 0x1, 0x55,
    0xe6, 0x0, 0x2d, 0x57, 0x48, 0x7, 0xff, 0x45,
    0x6a, 0xb8, 0x80, 0x2, 0xab, 0xcc, 0x0, 0x4f,
    0xfe, 0x40, 0xf, 0xfe, 0xd2, 0xcc, 0xf8, 0x0,
    0x2c, 0xde,

    /* U+011B "ě" */
    0x0, 0xff, 0xe2, 0x1e, 0x10, 0x1, 0x70, 0x3,
    0xc4, 0x1b, 0x39, 0x48, 0x1, 0xe1, 0xca, 0x70,
    0xd8, 0x0, 0xfc, 0xbd, 0x84, 0x1, 0xf0, 0xc6,
    0xff, 0x63, 0x80, 0x72, 0x7b, 0x9a, 0x29, 0xc6,
    0x90, 0x0, 0x6c, 0x67, 0xae, 0xde, 0xc5, 0xc0,
    0x8, 0x7, 0x60, 0xd, 0x26, 0x65, 0x7, 0xa,
    0x0, 0xf5, 0x86, 0x0, 0x86, 0xff, 0xfa, 0x0,
    0xc0, 0x26, 0x6f, 0xec, 0x2, 0xa, 0x99, 0xfc,
    0xc0, 0xa1, 0x40, 0x1e, 0xcd, 0x30, 0x91, 0x67,
    0x0, 0xd4, 0x62, 0x60, 0x3a, 0x31, 0xd7, 0x6f,
    0x52, 0xd0, 0x8, 0xfd, 0xcd, 0x10, 0x51, 0xa2,
    0x0,

    /* U+011E "Ğ" */
    0x0, 0xe3, 0x50, 0x8, 0xd8, 0x3, 0xfc, 0xb6,
    0x1, 0x4e, 0x0, 0x7f, 0x9c, 0x76, 0x6d, 0x7c,
    0x3, 0xfc, 0x38, 0x2c, 0xc9, 0x50, 0xf, 0xf8,
    0xf3, 0xf5, 0x80, 0x3f, 0xe5, 0xbd, 0xff, 0x64,
    0x8, 0x7, 0xc5, 0xb4, 0x86, 0x62, 0x37, 0xe6,
    0x0, 0xe2, 0xd2, 0x5d, 0xec, 0xde, 0x70, 0x97,
    0x0, 0xde, 0x11, 0x44, 0x1, 0xc, 0x48, 0x41,
    0x80, 0x1c, 0x8d, 0xc0, 0x3e, 0x69, 0x87, 0x0,
    0x58, 0x48, 0x7, 0xf3, 0x3a, 0x0, 0xc, 0x10,
    0x3, 0xff, 0x88, 0x20, 0x10, 0xff, 0xfe, 0x20,
    0x8, 0x40, 0x21, 0x66, 0xf0, 0x6, 0x30, 0x40,
    0xd, 0x33, 0xd6, 0x0, 0x20, 0xb0, 0xe0, 0xf,
    0xea, 0x5, 0x0, 0x39, 0x23, 0x80, 0x7c, 0x6e,
    0x10, 0x1, 0x78, 0x45, 0x10, 0x6, 0x7c, 0xa,
    0x20, 0x8, 0xb4, 0x97, 0x7b, 0x37, 0xe0, 0x69,
    0x40, 0x38, 0xb6, 0x90, 0xcf, 0x47, 0xa8, 0x4,

    /* U+011F "ğ" */
    0x0, 0xd5, 0x40, 0xa, 0xe0, 0x3, 0xef, 0x5a,
    0x8b, 0x4c, 0x0, 0xf9, 0x61, 0xdc, 0xd2, 0x80,
    0x1f, 0x9f, 0x7f, 0x58, 0x3, 0xe1, 0x8d, 0xfe,
    0xb4, 0xd, 0xf2, 0x0, 0x27, 0xb8, 0x33, 0xba,
    0xe4, 0x3, 0xd, 0x8c, 0xec, 0xcb, 0x29, 0x88,
    0x2, 0x80, 0x66, 0x0, 0x65, 0x80, 0xc, 0xe1,
    0x60, 0x1e, 0x60, 0xc, 0x20, 0x40, 0x1e, 0x11,
    0x0, 0x7f, 0xf1, 0x48, 0x10, 0x3, 0xc4, 0x20,
    0x12, 0x87, 0x80, 0x7a, 0xc0, 0x34, 0x8a, 0x50,
    0x80, 0x50, 0xc0, 0x18, 0x68, 0x57, 0xb3, 0x1e,
    0xf2, 0x40, 0x19, 0x3d, 0xc8, 0xc9, 0x71, 0x80,
    0x3c, 0x31, 0xbf, 0xd4, 0x60, 0x1c, 0x4a, 0x60,
    0x1f, 0x10, 0x10, 0xd, 0x68, 0x7, 0x98, 0xc,
    0x0, 0x66, 0x1c, 0x20, 0x9, 0x24, 0x20, 0x2,
    0xd2, 0x3d, 0xd5, 0xed, 0x84, 0x20, 0x4, 0x3b,
    0x26, 0x48, 0x6b, 0x8e, 0x0,

    /* U+0120 "Ġ" */
    0x0, 0xf9, 0x3d, 0xc0, 0x3f, 0xf8, 0x44, 0x1a,
    0x1, 0xff, 0xc2, 0x6c, 0xa0, 0xf, 0xfe, 0x19,
    0x80, 0x7f, 0xf0, 0x56, 0xf7, 0xfd, 0x90, 0x20,
    0x1f, 0x16, 0xd2, 0x19, 0x88, 0xdf, 0x98, 0x3,
    0x8b, 0x49, 0x77, 0xb3, 0x79, 0xc2, 0x5c, 0x3,
    0x78, 0x45, 0x10, 0x4, 0x31, 0x21, 0x6, 0x0,
    0x72, 0x37, 0x0, 0xf9, 0xa6, 0x1c, 0x1, 0x61,
    0x20, 0x1f, 0xcc, 0xe8, 0x0, 0x30, 0x40, 0xf,
    0xfe, 0x20, 0x80, 0x43, 0xff, 0xf8, 0x80, 0x21,
    0x0, 0x85, 0x9b, 0xc0, 0x18, 0xc1, 0x0, 0x34,
    0xcf, 0x58, 0x0, 0x82, 0xc3, 0x80, 0x3f, 0xa8,
    0x14, 0x0, 0xe4, 0x8e, 0x1, 0xf1, 0xb8, 0x40,
    0x5, 0xe1, 0x14, 0x40, 0x19, 0xf0, 0x28, 0x80,
    0x22, 0xd2, 0x5d, 0xec, 0xdf, 0x81, 0xa5, 0x0,
    0xe2, 0xda, 0x43, 0x3d, 0x1e, 0xa0, 0x10,

    /* U+0121 "ġ" */
    0x0, 0xf3, 0x7a, 0x80, 0x7f, 0xde, 0x4, 0x1,
    0xff, 0x4e, 0x38, 0x7, 0xe1, 0x8d, 0xfd, 0xb4,
    0xd, 0xf2, 0x0, 0x27, 0xb8, 0x33, 0xba, 0xe4,
    0x3, 0xd, 0x8c, 0xec, 0xcb, 0x29, 0x88, 0x2,
    0x80, 0x66, 0x0, 0x65, 0x80, 0xc, 0xe1, 0x60,
    0x1e, 0x60, 0xc, 0x20, 0x40, 0x1e, 0x11, 0x0,
    0x7f, 0xf1, 0x48, 0x10, 0x3, 0xc4, 0x20, 0x12,
    0x87, 0x80, 0x7a, 0xc0, 0x34, 0x8a, 0x50, 0x80,
    0x50, 0xc0, 0x18, 0x68, 0x57, 0xb3, 0x1e, 0xf2,
    0x40, 0x19, 0x3d, 0xc8, 0xc9, 0x71, 0x80, 0x3c,
    0x31, 0xbf, 0xd4, 0x60, 0x1c, 0x4a, 0x60, 0x1f,
    0x10, 0x10, 0xd, 0x68, 0x7, 0x98, 0xc, 0x0,
    0x66, 0x1c, 0x20, 0x9, 0x24, 0x20, 0x2, 0xd2,
    0x3d, 0xd5, 0xed, 0x84, 0x20, 0x4, 0x3b, 0x26,
    0x48, 0x6b, 0x8e, 0x0,

    /* U+0122 "Ģ" */
    0x0, 0xe5, 0xbd, 0xff, 0x63, 0x88, 0x7, 0xc5,
    0xb4, 0x86, 0x61, 0x38, 0xe5, 0x0, 0xe2, 0xd2,
    0x5d, 0xec, 0xed, 0x60, 0xa6, 0x0, 0xde, 0x11,
    0x44, 0x1, 0x14, 0xc0, 0x49, 0x0, 0x1c, 0x8d,
    0xc0, 0x3e, 0x76, 0x47, 0x0, 0x58, 0x48, 0x7,
    0xf4, 0xda, 0x80, 0xc, 0x10, 0x3, 0xff, 0x88,
    0x20, 0x1a, 0x67, 0xf0, 0x80, 0x42, 0x1, 0xb,
    0x37, 0xe3, 0x3, 0x4, 0x0, 0x87, 0xff, 0xb8,
    0x0, 0x41, 0x61, 0xc0, 0x1f, 0xce, 0x6, 0x0,
    0x72, 0x47, 0x0, 0xf8, 0xa0, 0x20, 0x2, 0xf0,
    0x8a, 0x20, 0xc, 0xd8, 0x2e, 0x80, 0x11, 0x69,
    0x2e, 0xf6, 0x6f, 0xc8, 0xcc, 0x0, 0x71, 0x6d,
    0x21, 0x9e, 0x8e, 0x60, 0xf, 0xcb, 0x7b, 0xfd,
    0x8e, 0x20, 0x1f, 0xfd, 0x7, 0xf9, 0x0, 0xff,
    0xe1, 0x11, 0x40, 0x1f, 0xfc, 0x25, 0x50, 0x80,
    0x7f, 0xf0, 0x99, 0x20, 0x3, 0xe0,

    /* U+0123 "ģ" */
    0x0, 0xf1, 0xe2, 0x80, 0x7f, 0xd1, 0x6a, 0x1,
    0xff, 0x3c, 0x30, 0x7, 0xfc, 0xa4, 0x60, 0x1f,
    0xf4, 0xea, 0x80, 0x7e, 0x18, 0xdf, 0xeb, 0x40,
    0xdf, 0x20, 0x2, 0x7b, 0x83, 0x3b, 0xae, 0x40,
    0x30, 0xd8, 0xce, 0xcc, 0xb2, 0x98, 0x80, 0x28,
    0x6, 0x60, 0x6, 0x58, 0x0, 0xce, 0x16, 0x1,
    0xe6, 0x0, 0xc2, 0x4, 0x1, 0xe1, 0x10, 0x7,
    0xff, 0x14, 0x81, 0x0, 0x3c, 0x42, 0x1, 0x28,
    0x78, 0x7, 0xac, 0x3, 0x48, 0xa5, 0x8, 0x5,
    0xc, 0x1, 0x86, 0x85, 0x7b, 0x31, 0xef, 0x24,
    0x1, 0x93, 0xdc, 0x8c, 0x97, 0x18, 0x3, 0xc3,
    0x1b, 0xfd, 0x46, 0x1, 0xc4, 0xa6, 0x1, 0xf1,
    0x1, 0x0, 0xd6, 0x80, 0x79, 0x80, 0xc0, 0x6,
    0x61, 0xc2, 0x0, 0x92, 0x42, 0x0, 0x2d, 0x23,
    0xdd, 0x5e, 0xd8, 0x42, 0x0, 0x43, 0xb2, 0x64,
    0x86, 0xb8, 0xe0, 0x0,

    /* U+0128 "Ĩ" */
    0x0, 0xfe, 0xaf, 0xd4, 0x3f, 0x25, 0x4a, 0x4b,
    0xc6, 0x27, 0xc5, 0x9e, 0xd9, 0x2, 0x22, 0xfd,
    0x10, 0x7, 0xff, 0xfc, 0x3, 0xff, 0xb6,

    /* U+0129 "ĩ" */
    0x9, 0xfc, 0x43, 0xf2, 0x57, 0x96, 0xbc, 0x52,
    0x4c, 0x6a, 0xdd, 0x50, 0x9, 0x2f, 0xc9, 0x0,
    0x7f, 0xff, 0xc0, 0x3f, 0xf8, 0x60,

    /* U+012A "Ī" */
    0x2, 0x2f, 0x84, 0xf7, 0x7e, 0x83, 0xaa, 0xfa,
    0xc1, 0x57, 0xe2, 0x0, 0x97, 0xec, 0x3, 0xff,
    0xfe, 0x1, 0xff, 0xea,

    /* U+012B "ī" */
    0x3f, 0xff, 0xa4, 0xa2, 0x3e, 0xd1, 0x77, 0xf9,
    0x0, 0x25, 0xfb, 0x0, 0xff, 0xff, 0x80, 0x7f,
    0xf3, 0xc0,

    /* U+012C "Ĭ" */
    0x36, 0x0, 0x8d, 0x99, 0x0, 0x15, 0x6a, 0x6,
    0xcd, 0x36, 0x8e, 0x8b, 0x3c, 0x30, 0x1e, 0x7e,
    0xb8, 0x4, 0xbf, 0x60, 0x1f, 0xff, 0xf0, 0xf,
    0xfe, 0x68,

    /* U+012D "ĭ" */
    0x6d, 0x0, 0x9f, 0x10, 0xb2, 0x2a, 0x10, 0xac,
    0x1d, 0x1e, 0x1, 0x33, 0xfa, 0x0, 0x25, 0xfb,
    0x0, 0xff, 0xff, 0x80, 0x60,

    /* U+012E "Į" */
    0x0, 0x2f, 0xd8, 0x7, 0xff, 0xdf, 0x40, 0x42,
    0xda, 0x69, 0x52, 0x98, 0xc, 0xc, 0x4d, 0xce,
    0x3b, 0x47, 0x37, 0x3c,

    /* U+012F "į" */
    0x0, 0x27, 0x50, 0x5, 0xa2, 0xa0, 0x14, 0x35,
    0x0, 0x43, 0x2a, 0x1, 0x2f, 0xd8, 0x7, 0xff,
    0xcf, 0x40, 0x40, 0x16, 0xd3, 0x40, 0xa9, 0x4c,
    0x0, 0x30, 0x31, 0x30, 0x63, 0x8e, 0xd0, 0x6,
    0x6e, 0x78, 0x0,

    /* U+0130 "İ" */
    0x3e, 0x86, 0x13, 0x5d, 0xb0, 0x20, 0x5f, 0xb0,
    0xf, 0xfe, 0xf0,

    /* U+0131 "ı" */
    0x5f, 0xb0, 0xf, 0xfe, 0xa8,

    /* U+0136 "Ķ" */
    0x5f, 0xb0, 0xe, 0x6f, 0xe2, 0x0, 0xf9, 0x64,
    0x34, 0x80, 0x3c, 0x94, 0x16, 0x60, 0x1e, 0x3b,
    0xa, 0x40, 0xf, 0x16, 0x84, 0xa8, 0x7, 0x87,
    0xc6, 0x18, 0x3, 0xcf, 0x84, 0xee, 0x0, 0xf8,
    0xc8, 0x90, 0x1, 0xf8, 0xc4, 0xa0, 0x3, 0xf3,
    0xe0, 0xbb, 0x80, 0x3f, 0x16, 0x84, 0x30, 0x7,
    0xe3, 0xc0, 0x95, 0x0, 0xfc, 0x76, 0x14, 0x80,
    0x1f, 0x92, 0x42, 0xd0, 0x3, 0xf3, 0x40, 0x59,
    0xaf, 0xd8, 0x7, 0x3f, 0xf8, 0xc0, 0x3f, 0xf8,
    0x8f, 0xf2, 0x1, 0xfc, 0x45, 0x0, 0x7f, 0x2a,
    0x88, 0x3, 0xf9, 0x92, 0xc0, 0x38,

    /* U+0137 "ķ" */
    0x5f, 0xb0, 0xf, 0xff, 0x19, 0x77, 0xd0, 0x7,
    0x87, 0xc5, 0x68, 0x3, 0xda, 0x49, 0x40, 0x1e,
    0xb3, 0x35, 0x80, 0x7a, 0x50, 0xf0, 0x3, 0xc8,
    0xc5, 0xa0, 0x1f, 0xfc, 0x64, 0x62, 0xc1, 0x0,
    0xfa, 0x54, 0xb4, 0x3, 0xf5, 0x19, 0xac, 0x3,
    0xf6, 0x92, 0x58, 0x7, 0xc3, 0x82, 0x94, 0xb,
    0xf6, 0x1, 0xf, 0x7d, 0x0, 0x7f, 0xf0, 0xd7,
    0xec, 0x3, 0xf0, 0x93, 0x0, 0x7e, 0x4b, 0x60,
    0xf, 0xc9, 0x70, 0x1, 0xc0,

    /* U+0139 "Ĺ" */
    0x0, 0xc5, 0x40, 0x1c, 0x33, 0xae, 0x1, 0x9b,
    0xde, 0x34, 0x3, 0x6b, 0x7b, 0x80, 0x75, 0xc0,
    0x80, 0x72, 0xfd, 0x80, 0x7f, 0xff, 0xc0, 0x3f,
    0xfb, 0xab, 0x33, 0xc0, 0x10, 0xb3, 0x70, 0x80,

    /* U+013A "ĺ" */
    0x0, 0xfc, 0x94, 0x5, 0x56, 0x2f, 0xa9, 0x37,
    0x93, 0xcc, 0x16, 0xc0, 0x19, 0x7e, 0xc0, 0x3f,
    0xff, 0xe0,

    /* U+013B "Ļ" */
    0x5f, 0xb0, 0xf, 0xff, 0xf8, 0x7, 0xff, 0x75,
    0x66, 0x78, 0x2, 0x16, 0x6e, 0x15, 0xff, 0xf8,
    0x40, 0x3f, 0xf8, 0x17, 0xec, 0x1, 0xe3, 0x1e,
    0x0, 0xf4, 0x2f, 0x0, 0x7a, 0x41, 0x80, 0x20,

    /* U+013C "ļ" */
    0x5f, 0xb0, 0xf, 0xff, 0xa, 0xfd, 0x80, 0x4b,
    0xf6, 0x24, 0xc9, 0x62, 0x97, 0xe0,

    /* U+013D "Ľ" */
    0x5f, 0xb0, 0x6, 0xfa, 0x0, 0x79, 0xc0, 0x80,
    0x3d, 0x44, 0x60, 0x1e, 0xa4, 0x50, 0xf, 0x54,
    0x80, 0x7f, 0xff, 0xc1, 0x66, 0x78, 0x2, 0x16,
    0x6e, 0x10,

    /* U+013E "ľ" */
    0x5f, 0xb0, 0xbf, 0x60, 0xc, 0x40, 0x20, 0x1a,
    0x5b, 0xc0, 0x39, 0x34, 0x3, 0x4a, 0x28, 0x6,
    0x99, 0x0, 0x7f, 0xfe, 0xc0,

    /* U+013F "Ŀ" */
    0x5f, 0xb0, 0xf, 0xff, 0x21, 0x80, 0x7c, 0xf9,
    0x20, 0x1e, 0x30, 0xe0, 0xf, 0x27, 0xb8, 0x7,
    0xff, 0x6d, 0x66, 0x78, 0x2, 0x16, 0x6e, 0x10,

    /* U+0140 "ŀ" */
    0x5f, 0xb0, 0xf, 0xff, 0x36, 0xe0, 0x6, 0x12,
    0x30, 0xc, 0x3b, 0xc0, 0x1c, 0x42, 0x1, 0xff,
    0xd8,

    /* U+0141 "Ł" */
    0x0, 0x7f, 0x80, 0x3f, 0xfc, 0xea, 0x60, 0x1f,
    0x7d, 0x30, 0x5, 0x1c, 0x0, 0x8d, 0x50, 0x8,
    0x98, 0x0, 0xe4, 0x1, 0xaa, 0x0, 0x3f, 0xfb,
    0xd1, 0x1c, 0x40, 0x19, 0xdf, 0xc0,

    /* U+0142 "ł" */
    0x3, 0xfc, 0x0, 0xff, 0xeb, 0x96, 0xaa, 0x78,
    0xb, 0xba, 0x8, 0xe, 0x8b, 0xb4, 0x3, 0x10,
    0x7, 0xff, 0x5c,

    /* U+0143 "Ń" */
    0x0, 0xf8, 0xa4, 0x3, 0xf8, 0x67, 0x50, 0x3,
    0xf3, 0x7b, 0x46, 0x80, 0x7e, 0xa6, 0xe7, 0x0,
    0xfe, 0xc8, 0x10, 0xf, 0x2f, 0xf0, 0x80, 0x79,
    0x3f, 0x0, 0x3, 0x40, 0x1f, 0xfc, 0x4, 0x60,
    0xf, 0xf1, 0x8c, 0x88, 0x7, 0xf3, 0xd8, 0x50,
    0x7, 0xf9, 0x54, 0x8c, 0x1, 0xfe, 0xb1, 0x92,
    0x0, 0xfe, 0x1b, 0xe, 0x0, 0xff, 0x2a, 0x8d,
    0xc0, 0x3f, 0xd6, 0x30, 0x40, 0x1f, 0xc3, 0x41,
    0xc0, 0x1f, 0xe4, 0x63, 0xf0, 0xf, 0xf4, 0x8a,
    0x0, 0x7f, 0xd4, 0x1, 0xff, 0xc0, 0x46, 0x0,
    0x0,

    /* U+0144 "ń" */
    0x0, 0xff, 0xe3, 0xd, 0x18, 0x7, 0xe7, 0xe5,
    0x10, 0xf, 0x1e, 0xc3, 0x71, 0x0, 0x79, 0x11,
    0xd2, 0x20, 0x1f, 0x3c, 0x88, 0x7, 0x97, 0xec,
    0x67, 0xbf, 0xa8, 0x80, 0x33, 0x7a, 0x3b, 0x89,
    0x75, 0x0, 0x22, 0x4d, 0x98, 0xc8, 0xa, 0x0,
    0xd6, 0x1, 0x9c, 0xc5, 0x0, 0x4, 0x20, 0x1c,
    0xa0, 0x60, 0x6, 0x0, 0xf7, 0x0, 0x7f, 0xf0,
    0x7c, 0x3, 0xff, 0xe0,

    /* U+0145 "Ņ" */
    0x5f, 0xe1, 0x0, 0xf2, 0x7e, 0x0, 0x6, 0x80,
    0x3f, 0xf8, 0x8, 0xc0, 0x1f, 0xe3, 0x19, 0x10,
    0xf, 0xe7, 0xb0, 0xa0, 0xf, 0xf2, 0xa9, 0x18,
    0x3, 0xfd, 0x63, 0x24, 0x1, 0xfc, 0x36, 0x1c,
    0x1, 0xfe, 0x55, 0x1b, 0x80, 0x7f, 0xac, 0x60,
    0x80, 0x3f, 0x86, 0x83, 0x80, 0x3f, 0xc8, 0xc7,
    0xe0, 0x1f, 0xe9, 0x14, 0x0, 0xff, 0xa8, 0x3,
    0xff, 0x80, 0x8c, 0x0, 0x5f, 0xb0, 0xf, 0xa7,
    0xf0, 0x3, 0xff, 0x8c, 0xbf, 0x60, 0x1f, 0xe6,
    0x26, 0x0, 0xff, 0x1d, 0x88, 0x7, 0xf9, 0x2f,
    0xc0, 0x38,

    /* U+0146 "ņ" */
    0x5f, 0xb1, 0x9e, 0xfe, 0xa2, 0x0, 0xcd, 0xe8,
    0xee, 0x25, 0xd4, 0x0, 0x89, 0x36, 0x63, 0x20,
    0x28, 0x3, 0x58, 0x6, 0x73, 0x14, 0x0, 0x10,
    0x80, 0x72, 0x81, 0x80, 0x18, 0x3, 0xdc, 0x1,
    0xff, 0xc1, 0xf0, 0xf, 0xff, 0x82, 0xfd, 0x80,
    0x79, 0xfe, 0x0, 0x3f, 0xf8, 0xbf, 0xe1, 0x0,
    0xfe, 0x40, 0x20, 0xf, 0xea, 0x1, 0x0, 0xfe,
    0xc7, 0x20, 0xc,

    /* U+0147 "Ň" */
    0x0, 0xff, 0xe2, 0x2e, 0x18, 0x1, 0xec, 0x3,
    0xc8, 0x19, 0x3b, 0x1a, 0x1, 0xe1, 0xca, 0x74,
    0xe6, 0x0, 0xfc, 0xbd, 0x22, 0x1, 0x97, 0xf8,
    0x40, 0x3c, 0x9f, 0x80, 0x1, 0xa0, 0xf, 0xfe,
    0x2, 0x30, 0x7, 0xf8, 0xc6, 0x44, 0x3, 0xf9,
    0xec, 0x28, 0x3, 0xfc, 0xaa, 0x46, 0x0, 0xff,
    0x58, 0xc9, 0x0, 0x7f, 0xd, 0x87, 0x0, 0x7f,
    0x95, 0x46, 0xe0, 0x1f, 0xeb, 0x18, 0x20, 0xf,
    0xe1, 0xa0, 0xe0, 0xf, 0xf2, 0x31, 0xf8, 0x7,
    0xfa, 0x45, 0x0, 0x3f, 0xea, 0x0, 0xff, 0xe0,
    0x23, 0x0, 0x0,

    /* U+0148 "ň" */
    0x0, 0x84, 0x3, 0x8, 0x7, 0xbd, 0xc0, 0xd,
    0xe4, 0x1, 0xd3, 0x1b, 0x92, 0xc4, 0x1, 0xcf,
    0xc8, 0xfb, 0x0, 0x1f, 0xc, 0xd9, 0x0, 0x65,
    0xfb, 0x19, 0xef, 0xea, 0x20, 0xc, 0xde, 0x8e,
    0xe2, 0x5d, 0x40, 0x8, 0x93, 0x66, 0x32, 0x2,
    0x80, 0x35, 0x80, 0x67, 0x31, 0x40, 0x1, 0x8,
    0x7, 0x28, 0x18, 0x1, 0x80, 0x3d, 0xc0, 0x1f,
    0xfc, 0x1f, 0x0, 0xff, 0xf8, 0x0,

    /* U+014C "Ō" */
    0x0, 0xe2, 0x2f, 0x84, 0x3, 0xf1, 0xee, 0xfd,
    0x0, 0x1f, 0x8e, 0xab, 0xeb, 0x0, 0xfe, 0x55,
    0xf8, 0x80, 0x3f, 0x96, 0xf7, 0xfb, 0x1c, 0x40,
    0x3e, 0x2d, 0xa4, 0x4, 0x23, 0x8e, 0x50, 0xe,
    0x2d, 0x26, 0xed, 0xbc, 0xf9, 0xa, 0x70, 0xd,
    0xe1, 0x32, 0x10, 0xc, 0xd8, 0x10, 0x60, 0x7,
    0x24, 0x60, 0xf, 0x8e, 0x2, 0x0, 0x16, 0x1e,
    0x1, 0xfc, 0xe0, 0x82, 0x6, 0xa, 0x1, 0xfe,
    0x20, 0x50, 0x8, 0x40, 0x3f, 0xcc, 0x2, 0x1,
    0x8, 0x7, 0xf9, 0x80, 0x40, 0xc1, 0x40, 0x3f,
    0x84, 0x81, 0x42, 0xc3, 0xc0, 0x3f, 0x98, 0x10,
    0x41, 0xc9, 0x1c, 0x3, 0xe3, 0x80, 0x80, 0xb,
    0xc2, 0x24, 0x40, 0x33, 0x60, 0x41, 0x80, 0x45,
    0xa4, 0xdd, 0xb7, 0x9f, 0x21, 0x4e, 0x1, 0xc5,
    0xb4, 0x80, 0x84, 0x71, 0xca, 0x1, 0x0,

    /* U+014D "ō" */
    0x0, 0xb7, 0xff, 0xdc, 0x1, 0xeb, 0x88, 0xf8,
    0x3, 0xcc, 0xef, 0xe6, 0x0, 0xf0, 0xbe, 0x77,
    0xec, 0x8, 0x7, 0x1f, 0xc1, 0x91, 0x93, 0xfa,
    0x0, 0x43, 0xa2, 0xff, 0x98, 0xf7, 0x1a, 0x20,
    0x4, 0x8a, 0xc0, 0x6, 0x86, 0x1b, 0x0, 0x28,
    0x48, 0x7, 0xac, 0x18, 0x0, 0x40, 0x60, 0x1e,
    0x20, 0x0, 0x80, 0x7f, 0xf0, 0xc8, 0xc, 0x3,
    0xc4, 0x0, 0x10, 0x50, 0x90, 0xf, 0x40, 0x30,
    0x2, 0x45, 0x60, 0x3, 0x4a, 0x8c, 0x0, 0x7,
    0x45, 0xff, 0x31, 0xec, 0x3a, 0x20, 0x11, 0xfc,
    0x11, 0x9d, 0x1e, 0x60, 0x0,

    /* U+014E "Ŏ" */
    0x0, 0xe3, 0x60, 0x8, 0xd8, 0x3, 0xfc, 0xf2,
    0x80, 0x31, 0xa0, 0x1f, 0xe4, 0x3b, 0xfe, 0x48,
    0x0, 0xff, 0xb2, 0xa2, 0x78, 0xc0, 0x3f, 0xf8,
    0xa, 0xec, 0x20, 0x1f, 0xf2, 0xde, 0xff, 0x63,
    0x88, 0x7, 0xc5, 0xb4, 0x80, 0x84, 0x71, 0xca,
    0x1, 0xc5, 0xa4, 0xdd, 0xb7, 0x9f, 0x21, 0x4e,
    0x1, 0xbc, 0x26, 0x42, 0x1, 0x9b, 0x2, 0xc,
    0x0, 0xe4, 0x8c, 0x1, 0xf1, 0xc0, 0x40, 0x2,
    0xc3, 0xc0, 0x3f, 0x9c, 0x10, 0x40, 0xc1, 0x40,
    0x3f, 0xc4, 0xa, 0x1, 0x8, 0x7, 0xf9, 0x80,
    0x40, 0x21, 0x0, 0xff, 0x30, 0x8, 0x18, 0x28,
    0x7, 0xf0, 0x90, 0x28, 0x58, 0x78, 0x7, 0xf3,
    0x2, 0x8, 0x39, 0x23, 0x80, 0x7c, 0x70, 0x10,
    0x1, 0x78, 0x44, 0x88, 0x6, 0x6c, 0x8, 0x30,
    0x8, 0xb4, 0x9b, 0xb6, 0xf3, 0xe4, 0x29, 0xc0,
    0x38, 0xb6, 0x90, 0x10, 0x8e, 0x39, 0x40, 0x20,

    /* U+014F "ŏ" */
    0x0, 0xde, 0xc0, 0x5, 0xf2, 0x0, 0xf9, 0xa7,
    0xfd, 0x48, 0x40, 0x1f, 0x4e, 0x44, 0x2e, 0xc0,
    0x1f, 0xc6, 0xee, 0x40, 0xf, 0xc2, 0xf9, 0xdf,
    0xb0, 0x20, 0x1c, 0x7f, 0x6, 0x46, 0x4f, 0xe8,
    0x1, 0xe, 0x8b, 0xfe, 0x63, 0xdc, 0x68, 0x80,
    0x12, 0x2b, 0x0, 0x1a, 0x18, 0x6c, 0x0, 0xa1,
    0x20, 0x1e, 0xb0, 0x60, 0x1, 0x1, 0x80, 0x78,
    0x80, 0x2, 0x1, 0xff, 0xc3, 0x20, 0x30, 0xf,
    0x10, 0x0, 0x41, 0x42, 0x40, 0x3d, 0x0, 0xc0,
    0x9, 0x15, 0x80, 0xd, 0x2a, 0x30, 0x0, 0x1d,
    0x17, 0xfc, 0xc7, 0xb0, 0xe8, 0x80, 0x47, 0xf0,
    0x46, 0x74, 0x79, 0x80, 0x0,

    /* U+0150 "Ő" */
    0x0, 0xf8, 0xe0, 0x81, 0xd4, 0x3, 0xfe, 0xf5,
    0x26, 0x86, 0x0, 0xff, 0x11, 0xc0, 0x5a, 0x98,
    0x7, 0xfa, 0xcd, 0x54, 0x56, 0x1, 0xff, 0x4e,
    0x2, 0xf8, 0x80, 0x7f, 0x96, 0xf7, 0xfb, 0x1c,
    0x40, 0x3e, 0x2d, 0xa4, 0x4, 0x23, 0x8e, 0x50,
    0xe, 0x2d, 0x26, 0xed, 0xbc, 0xf9, 0xa, 0x70,
    0xd, 0xe1, 0x32, 0x10, 0xc, 0xd8, 0x10, 0x60,
    0x7, 0x24, 0x60, 0xf, 0x8e, 0x2, 0x0, 0x16,
    0x1e, 0x1, 0xfc, 0xe0, 0x82, 0x6, 0xa, 0x1,
    0xfe, 0x20, 0x50, 0x8, 0x40, 0x3f, 0xcc, 0x2,
    0x1, 0x8, 0x7, 0xf9, 0x80, 0x40, 0xc1, 0x40,
    0x3f, 0x84, 0x81, 0x42, 0xc3, 0xc0, 0x3f, 0x98,
    0x10, 0x41, 0xc9, 0x1c, 0x3, 0xe3, 0x80, 0x80,
    0xb, 0xc2, 0x24, 0x40, 0x33, 0x60, 0x41, 0x80,
    0x45, 0xa4, 0xdd, 0xb7, 0x9f, 0x21, 0x4e, 0x1,
    0xc5, 0xb4, 0x80, 0x84, 0x71, 0xca, 0x1, 0x0,

    /* U+0151 "ő" */
    0x0, 0xe3, 0xf7, 0xd, 0xc0, 0xf, 0xd0, 0x6e,
    0xc5, 0xc0, 0x1f, 0x1a, 0x78, 0x44, 0x8, 0x3,
    0xe3, 0xf3, 0xe, 0x70, 0xf, 0x85, 0xf3, 0xbf,
    0x60, 0x40, 0x38, 0xfe, 0xc, 0x8c, 0x9f, 0xd0,
    0x2, 0x1d, 0x17, 0xfc, 0xc7, 0xb8, 0xd1, 0x0,
    0x24, 0x56, 0x0, 0x34, 0x30, 0xd8, 0x1, 0x42,
    0x40, 0x3d, 0x60, 0xc0, 0x2, 0x3, 0x0, 0xf1,
    0x0, 0x4, 0x3, 0xff, 0x86, 0x40, 0x60, 0x1e,
    0x20, 0x0, 0x82, 0x84, 0x80, 0x7a, 0x1, 0x80,
    0x12, 0x2b, 0x0, 0x1a, 0x54, 0x60, 0x0, 0x3a,
    0x2f, 0xf9, 0x8f, 0x61, 0xd1, 0x0, 0x8f, 0xe0,
    0x8c, 0xe8, 0xf3, 0x0, 0x0,

    /* U+0152 "Œ" */
    0x0, 0xe5, 0xbe, 0xfe, 0xb5, 0x0, 0x5f, 0xff,
    0xd0, 0x1, 0x1e, 0xd2, 0x1a, 0x12, 0x56, 0x8,
    0x0, 0xd1, 0x3b, 0x40, 0x7, 0x84, 0xbb, 0xab,
    0xcf, 0x83, 0xc0, 0x4, 0x5d, 0xf2, 0x80, 0x34,
    0x22, 0x88, 0x3, 0x3e, 0x12, 0x0, 0x7f, 0x30,
    0x9b, 0x80, 0x7c, 0x70, 0x1, 0xfe, 0xa0, 0x90,
    0xf, 0xe6, 0x0, 0xff, 0x10, 0x20, 0x7, 0xf0,
    0x90, 0x74, 0x46, 0x70, 0x0, 0x80, 0x80, 0x7f,
    0x98, 0x15, 0xdf, 0x48, 0x0, 0x40, 0x40, 0x3f,
    0xce, 0x17, 0xff, 0xb8, 0x0, 0x40, 0xa0, 0x1f,
    0xe3, 0x0, 0xfe, 0xa0, 0xe0, 0xf, 0xe6, 0x0,
    0xff, 0x31, 0x2a, 0x80, 0x3e, 0x28, 0x0, 0xff,
    0xb8, 0x29, 0xc0, 0x39, 0x30, 0x90, 0x3, 0xfc,
    0x78, 0x51, 0xf5, 0x35, 0xb6, 0x5a, 0x0, 0xe8,
    0x8e, 0x40, 0x8, 0xf6, 0x91, 0xc, 0x8d, 0x58,
    0x20, 0x5, 0x77, 0xec,

    /* U+0153 "œ" */
    0x0, 0x85, 0xf3, 0xbf, 0x1c, 0x3, 0x3e, 0x7f,
    0xb6, 0x4, 0x3, 0x1f, 0xc1, 0x2a, 0x14, 0x69,
    0xe, 0xc1, 0x22, 0xd, 0xfc, 0xc0, 0x3, 0xa2,
    0xfd, 0x76, 0xe7, 0x2f, 0xd2, 0x8e, 0xbb, 0x74,
    0xe, 0x88, 0x48, 0xac, 0x0, 0x68, 0x62, 0x36,
    0x70, 0xc, 0xec, 0x2c, 0xa, 0x12, 0x1, 0xeb,
    0x0, 0x60, 0x8f, 0xb0, 0x30, 0x8, 0xc, 0x3,
    0xc4, 0x0, 0xae, 0xef, 0x50, 0x38, 0x7, 0xff,
    0x6, 0x6e, 0xff, 0x78, 0x10, 0x18, 0x7, 0x88,
    0x0, 0x68, 0x9f, 0x8c, 0x14, 0x24, 0x3, 0xd0,
    0x0, 0x90, 0xf, 0x77, 0xa0, 0x48, 0xac, 0x0,
    0x68, 0x54, 0x63, 0x80, 0xd, 0x42, 0x68, 0x3,
    0xa2, 0xfd, 0x76, 0xf7, 0x3a, 0x94, 0x7e, 0xbb,
    0x72, 0x96, 0x80, 0x47, 0xee, 0x68, 0xa7, 0x38,
    0x21, 0x72, 0x48, 0x83, 0x8d, 0x10,

    /* U+0154 "Ŕ" */
    0x0, 0xf1, 0x50, 0x7, 0xf4, 0x6a, 0x0, 0x7c,
    0xbc, 0xee, 0xe0, 0xf, 0xbd, 0xfa, 0x0, 0x3f,
    0x54, 0x88, 0x7, 0x97, 0xff, 0xbb, 0x18, 0x3,
    0x85, 0x9a, 0x53, 0x9c, 0x0, 0xcb, 0x33, 0x5f,
    0x19, 0x9c, 0x3, 0xf0, 0xc0, 0x50, 0x7, 0xf3,
    0x1, 0x80, 0x7f, 0x30, 0x10, 0x7, 0xe1, 0x90,
    0xb0, 0x9, 0xa6, 0x6b, 0xe2, 0x47, 0x0, 0x89,
    0x9a, 0x42, 0x9b, 0x0, 0xc9, 0xfe, 0x60, 0x66,
    0x0, 0x7e, 0x81, 0x45, 0x0, 0xfc, 0x36, 0x16,
    0x20, 0x1f, 0x94, 0xc6, 0x0, 0x3f, 0xb8, 0x18,
    0xc0, 0x3f, 0x13, 0x87, 0x0,

    /* U+0155 "ŕ" */
    0x0, 0xe6, 0x20, 0x9, 0x36, 0x44, 0x6, 0xac,
    0x6c, 0xc1, 0x9e, 0xf1, 0x0, 0xd, 0xa8, 0x1,
    0x2f, 0x58, 0x46, 0xc8, 0x5, 0x8e, 0x40, 0x12,
    0x15, 0x74, 0x80, 0x5a, 0xa2, 0x1, 0x11, 0x80,
    0x73, 0x0, 0x7f, 0xf8, 0x80,

    /* U+0156 "Ŗ" */
    0x5f, 0xfe, 0xeb, 0x50, 0xe, 0x16, 0x69, 0x52,
    0xa8, 0x1, 0x96, 0x66, 0xbe, 0x25, 0x60, 0xf,
    0xc3, 0x1, 0x40, 0x1f, 0xce, 0x4, 0x1, 0xfc,
    0x20, 0x60, 0x1f, 0xd6, 0xe, 0x1, 0xf1, 0x43,
    0x84, 0x0, 0x49, 0xff, 0x6b, 0x8d, 0x90, 0x4,
    0x4c, 0xc1, 0x5, 0xe4, 0x0, 0xcd, 0x32, 0xa0,
    0x51, 0x0, 0xfc, 0x8c, 0x14, 0x1, 0xfd, 0x24,
    0x8e, 0x1, 0xfd, 0x21, 0x4, 0x1, 0xf9, 0x18,
    0x38, 0x17, 0xec, 0x3, 0xa7, 0xf0, 0x3, 0xff,
    0x8a, 0xdf, 0x40, 0x1f, 0xc4, 0x46, 0x0, 0xfe,
    0x4a, 0x70, 0xf, 0xe5, 0xa8, 0x0, 0xe0,

    /* U+0157 "ŗ" */
    0x5f, 0xb0, 0x8d, 0x90, 0xb, 0x1c, 0x80, 0x24,
    0x2a, 0xe9, 0x0, 0xb5, 0x44, 0x2, 0x23, 0x0,
    0xe6, 0x0, 0xff, 0xf1, 0x2f, 0xd8, 0x7, 0xfc,
    0xbf, 0x60, 0x18, 0x49, 0x80, 0x32, 0x53, 0x0,
    0x64, 0xa8, 0x0, 0xc0,

    /* U+0158 "Ř" */
    0x0, 0xfc, 0x20, 0x1c, 0x7a, 0x80, 0x7, 0xc0,
    0xe, 0x27, 0xba, 0xd8, 0xa0, 0xe, 0x1a, 0xb7,
    0x77, 0x38, 0x7, 0xc9, 0xb4, 0x20, 0x19, 0x7f,
    0xfb, 0xb1, 0x80, 0x38, 0x59, 0xa5, 0x39, 0xc0,
    0xc, 0xb3, 0x35, 0xf1, 0x99, 0xc0, 0x3f, 0xc,
    0x5, 0x0, 0x7f, 0x30, 0x18, 0x7, 0xf3, 0x1,
    0x0, 0x7e, 0x19, 0xb, 0x0, 0x9a, 0x66, 0xbe,
    0x24, 0x70, 0x8, 0x99, 0xa4, 0x29, 0xb0, 0xc,
    0x9f, 0xe6, 0x6, 0x60, 0x7, 0xe8, 0x14, 0x50,
    0xf, 0xc3, 0x61, 0x62, 0x1, 0xf9, 0x4c, 0x60,
    0x3, 0xfb, 0x81, 0x8c, 0x3, 0xf1, 0x38, 0x70,
    0x0,

    /* U+0159 "ř" */
    0x0, 0xfe, 0xd4, 0x0, 0x1e, 0x10, 0x3d, 0xd4,
    0xe0, 0x10, 0x55, 0xbb, 0xab, 0x0, 0x24, 0xde,
    0x50, 0x2, 0xfd, 0x84, 0x6c, 0x80, 0x6c, 0x72,
    0x0, 0xc8, 0x55, 0xd2, 0x1, 0xb5, 0x44, 0x3,
    0x11, 0x80, 0x79, 0x80, 0x3f, 0xfd, 0x20,

    /* U+015A "Ś" */
    0x0, 0xf2, 0x30, 0x7, 0xc5, 0x76, 0xe0, 0xf,
    0x46, 0xb5, 0x40, 0x7, 0x13, 0x4e, 0xa8, 0x7,
    0x8b, 0x98, 0x3, 0xf2, 0xdf, 0x7f, 0x51, 0x80,
    0x53, 0x48, 0x48, 0xb, 0x8c, 0x8, 0xc3, 0xb9,
    0x7c, 0xe1, 0x25, 0xa1, 0x24, 0x1, 0x42, 0x9b,
    0x80, 0x7e, 0xac, 0x5c, 0x9, 0x30, 0xf, 0x95,
    0x7, 0x2d, 0xc8, 0x3, 0xae, 0x91, 0x11, 0xba,
    0x70, 0xc, 0xb7, 0xf6, 0xc5, 0x18, 0x1, 0xe4,
    0x9e, 0x23, 0x61, 0x10, 0x7, 0xd, 0x87, 0xdf,
    0x48, 0x7, 0x8, 0xf, 0x83, 0x20, 0x4, 0x72,
    0x16, 0xac, 0x17, 0xb7, 0x98, 0x18, 0x30, 0x9b,
    0x43, 0x42, 0x4b, 0x70,

    /* U+015B "ś" */
    0x0, 0xe3, 0xa0, 0xf, 0xd, 0x63, 0x0, 0x73,
    0xf2, 0x4e, 0x0, 0x76, 0x47, 0x30, 0x7, 0xad,
    0xc0, 0x3e, 0x19, 0xdf, 0xeb, 0x30, 0x0, 0xfb,
    0x2, 0x12, 0x63, 0x4, 0xb, 0x6d, 0xe5, 0x84,
    0x81, 0x86, 0x0, 0x48, 0xea, 0x58, 0x16, 0x80,
    0x14, 0x51, 0x33, 0x6, 0xfa, 0x94, 0x3, 0x4e,
    0xc1, 0x2d, 0x72, 0x0, 0x44, 0xf9, 0xd0, 0x36,
    0x31, 0x22, 0x0, 0x17, 0x50, 0x42, 0x6b, 0x0,
    0x85, 0x1, 0xa0, 0x57, 0xae, 0xdc, 0x2a, 0x65,
    0xee, 0x68, 0x83, 0x9a, 0x0,

    /* U+015E "Ş" */
    0x0, 0x25, 0xf7, 0xf5, 0x18, 0x5, 0x16, 0x84,
    0x80, 0xb8, 0xc0, 0x6e, 0x39, 0x8b, 0xe7, 0x9,
    0x1b, 0x6, 0x30, 0xa, 0xc, 0x5c, 0x43, 0xc0,
    0x3b, 0x39, 0xb8, 0x28, 0x40, 0x3e, 0x61, 0x2f,
    0x72, 0x0, 0xe1, 0xc3, 0x18, 0xdd, 0x41, 0x0,
    0x45, 0x9b, 0x8, 0x4f, 0xac, 0x1, 0x89, 0xef,
    0x9c, 0x24, 0xc0, 0x3c, 0x30, 0xc1, 0x6d, 0x6,
    0x1, 0xde, 0x3, 0xef, 0x0, 0x1d, 0x81, 0xd6,
    0x9, 0x22, 0x3, 0xa, 0x2c, 0x54, 0x2d, 0xdf,
    0xce, 0x3a, 0x20, 0xbf, 0x2a, 0x9, 0x1e, 0x60,
    0x10, 0xb5, 0x84, 0x38, 0x80, 0x7e, 0xcc, 0x20,
    0x7, 0x87, 0x30, 0x16, 0x1, 0xe4, 0x76, 0x11,
    0x0, 0x71, 0x5d, 0xa8, 0x68, 0x0,

    /* U+015F "ş" */
    0x1, 0x8d, 0xfe, 0xb4, 0x0, 0xe, 0x38, 0x21,
    0x25, 0xa8, 0x49, 0x2e, 0xde, 0x50, 0x58, 0x10,
    0x78, 0x4, 0xa8, 0x64, 0x40, 0x91, 0x0, 0xaf,
    0x4a, 0x44, 0xfa, 0x94, 0x3, 0xf, 0xb0, 0x2d,
    0x7c, 0x80, 0x43, 0x3f, 0x6c, 0x2d, 0x80, 0x1c,
    0x93, 0xe4, 0x66, 0xef, 0x40, 0x8, 0x5c, 0x19,
    0x81, 0x26, 0x0, 0x45, 0x4, 0x84, 0x2c, 0xff,
    0x58, 0x40, 0x85, 0xd2, 0x80, 0xae, 0x38, 0x4,
    0xb4, 0x53, 0x46, 0x1, 0xf4, 0x6b, 0x80, 0x7b,
    0xf1, 0xe0, 0xc0, 0x32, 0x33, 0x88, 0x7, 0xaa,
    0xec, 0xb2, 0x60,

    /* U+0160 "Š" */
    0x0, 0xff, 0xe0, 0xd4, 0x0, 0x6, 0x98, 0x3,
    0x7b, 0x74, 0x73, 0xa8, 0x6, 0x5f, 0x76, 0x8d,
    0x30, 0xe, 0x19, 0xe7, 0x0, 0xf2, 0xdf, 0x7f,
    0x51, 0x80, 0x53, 0x48, 0x48, 0xb, 0x8c, 0x8,
    0xc3, 0xb9, 0x7c, 0xe1, 0x25, 0xa1, 0x24, 0x1,
    0x42, 0x9b, 0x80, 0x7e, 0xac, 0x5c, 0x9, 0x30,
    0xf, 0x95, 0x7, 0x2d, 0xc8, 0x3, 0xae, 0x91,
    0x11, 0xba, 0x70, 0xc, 0xb7, 0xf6, 0xc5, 0x18,
    0x1, 0xe4, 0x9e, 0x23, 0x61, 0x10, 0x7, 0xd,
    0x87, 0xdf, 0x48, 0x7, 0x8, 0xf, 0x83, 0x20,
    0x4, 0x72, 0x16, 0xac, 0x17, 0xb7, 0x98, 0x18,
    0x30, 0x9b, 0x43, 0x42, 0x4b, 0x70,

    /* U+0161 "š" */
    0x1, 0x0, 0xe1, 0x0, 0x93, 0x4c, 0x1, 0x1a,
    0x1, 0x23, 0x65, 0x73, 0x48, 0x4, 0x37, 0x66,
    0x67, 0x28, 0x7, 0x26, 0x40, 0x7, 0xc, 0xef,
    0xf5, 0x98, 0x0, 0x7d, 0x81, 0x9, 0x31, 0x82,
    0x5, 0xb6, 0xf2, 0xc2, 0x40, 0xc3, 0x0, 0x24,
    0x75, 0x2c, 0xb, 0x40, 0xa, 0x28, 0x99, 0x83,
    0x7d, 0x4a, 0x1, 0xa7, 0x60, 0x96, 0xb9, 0x0,
    0x22, 0x7c, 0xe8, 0x1b, 0x18, 0x91, 0x0, 0xb,
    0xa8, 0x21, 0x35, 0x80, 0x42, 0x80, 0xd0, 0x2b,
    0xd7, 0x6e, 0x15, 0x32, 0xf7, 0x34, 0x41, 0xcd,
    0x0,

    /* U+0162 "Ţ" */
    0x4f, 0xff, 0xf1, 0x33, 0x70, 0x1, 0x9b, 0x19,
    0x4c, 0xe0, 0x4, 0xce, 0x10, 0xf, 0xff, 0xf8,
    0x7, 0xff, 0xf9, 0x14, 0x3, 0xff, 0x96, 0xbd,
    0x0, 0x1f, 0xa7, 0x19, 0xd4, 0x3, 0xc6, 0xce,
    0x20, 0x1f, 0xa2, 0xec, 0xee, 0x50, 0x0,

    /* U+0163 "ţ" */
    0x0, 0x6f, 0x90, 0x7, 0xff, 0x1d, 0xbc, 0x83,
    0x7f, 0xc8, 0x4a, 0x0, 0x55, 0x99, 0x28, 0x82,
    0x2a, 0x84, 0x1, 0xff, 0xe6, 0x10, 0x60, 0xe,
    0xb0, 0xbb, 0x51, 0x0, 0x1d, 0x41, 0x15, 0x80,
    0x2c, 0xf, 0xf2, 0x0, 0x7f, 0xf0, 0x7e, 0xc8,
    0x2, 0x7c, 0xb4, 0x90, 0x0, 0xab, 0x90, 0x6,
    0x7b, 0xb4, 0xa4, 0x80,

    /* U+0164 "Ť" */
    0x0, 0xfc, 0x20, 0x1c, 0x3c, 0xa0, 0x6, 0xf0,
    0xe, 0x17, 0xab, 0xc9, 0x60, 0xf, 0x4e, 0x3b,
    0xb6, 0x0, 0x3e, 0x3c, 0xb2, 0x0, 0xc9, 0xff,
    0xfe, 0x26, 0x6e, 0x0, 0x33, 0x63, 0x29, 0x9c,
    0x0, 0x99, 0xc2, 0x1, 0xff, 0xff, 0x0, 0xff,
    0xfc, 0x80,

    /* U+0165 "ť" */
    0x0, 0xe3, 0xdb, 0x0, 0xf8, 0x90, 0x2, 0xdf,
    0x23, 0xb1, 0x0, 0xf1, 0xcd, 0x80, 0x78, 0xf5,
    0x41, 0xbc, 0x83, 0x7f, 0xc8, 0x4, 0xa0, 0x5,
    0x59, 0x81, 0x28, 0x82, 0x2a, 0x84, 0x1, 0xff,
    0xed, 0x10, 0x60, 0xf, 0x58, 0x5d, 0xa8, 0x80,
    0x27, 0x71, 0x22, 0xb0, 0x0,

    /* U+0168 "Ũ" */
    0x0, 0xff, 0xe2, 0xe, 0xfd, 0x93, 0xe8, 0x7,
    0xa1, 0xa9, 0xf6, 0x20, 0x1, 0xea, 0xa2, 0xe6,
    0xf2, 0x80, 0x78, 0xc4, 0x0, 0x42, 0x1, 0x97,
    0xe8, 0x3, 0xec, 0xf3, 0x0, 0xff, 0xff, 0x80,
    0x7f, 0xf7, 0x45, 0x81, 0x80, 0x3e, 0x20, 0x33,
    0x1, 0x88, 0x7, 0x18, 0x90, 0x83, 0x86, 0x18,
    0x4, 0x9a, 0x10, 0x0, 0x84, 0x2c, 0xdc, 0xeb,
    0x17, 0x50, 0xa, 0xe9, 0xc, 0xc0, 0xb7, 0x0,
    0x0,

    /* U+0169 "ũ" */
    0x0, 0x93, 0xb8, 0xe5, 0x90, 0x1, 0xd4, 0xd3,
    0x2d, 0x29, 0x0, 0xea, 0x87, 0xec, 0xe1, 0x0,
    0x37, 0xca, 0x0, 0x46, 0x13, 0xec, 0x1, 0xff,
    0xfc, 0x30, 0x30, 0xf, 0x10, 0x1, 0x81, 0x0,
    0x3c, 0xa0, 0x3, 0x21, 0x80, 0xd, 0x42, 0x1,
    0x70, 0x3e, 0xcd, 0x6a, 0x98, 0x4, 0x7a, 0xc6,
    0xc8, 0xfa, 0xa0, 0x0,

    /* U+016A "Ū" */
    0x0, 0x9, 0x17, 0xc0, 0x1c, 0xdb, 0xbf, 0x20,
    0x6, 0x5a, 0xaf, 0x94, 0x3, 0x12, 0xaf, 0xc2,
    0x0, 0x5f, 0xa0, 0xf, 0xb3, 0xcc, 0x3, 0xff,
    0xfe, 0x1, 0xff, 0xdd, 0x16, 0x6, 0x0, 0xf8,
    0x80, 0xcc, 0x6, 0x20, 0x1c, 0x62, 0x42, 0xe,
    0x18, 0x60, 0x12, 0x68, 0x40, 0x2, 0x10, 0xb3,
    0x73, 0xac, 0x5d, 0x40, 0x2b, 0xa4, 0x33, 0x2,
    0xdc, 0x0, 0x0,

    /* U+016B "ū" */
    0x0, 0x6f, 0xff, 0xb8, 0x3, 0x5c, 0x47, 0xc0,
    0x19, 0x9d, 0xfc, 0xc0, 0x6, 0xf9, 0x0, 0xf4,
    0xfb, 0x0, 0x7f, 0xff, 0xc, 0xc, 0x3, 0xc4,
    0x0, 0x60, 0x40, 0xf, 0x28, 0x0, 0xc8, 0x60,
    0x3, 0x50, 0x80, 0x5c, 0xf, 0xb3, 0x5a, 0xa6,
    0x1, 0x1e, 0xb1, 0xb2, 0x3e, 0xa8, 0x0,

    /* U+016C "Ŭ" */
    0x0, 0x95, 0x0, 0x25, 0x40, 0xf, 0x64, 0x90,
    0x1d, 0x90, 0x7, 0xac, 0xf7, 0xf0, 0xdc, 0x3,
    0xc5, 0xf3, 0x15, 0xa2, 0x1, 0xf0, 0xb3, 0xa8,
    0x7, 0x2f, 0xd0, 0x7, 0xd9, 0xe6, 0x1, 0xff,
    0xff, 0x0, 0xff, 0xee, 0x8b, 0x3, 0x0, 0x7c,
    0x40, 0x66, 0x3, 0x10, 0xe, 0x31, 0x21, 0x7,
    0xc, 0x30, 0x9, 0x34, 0x20, 0x1, 0x8, 0x59,
    0xb9, 0xd6, 0x2e, 0xa0, 0x15, 0xd2, 0x19, 0x81,
    0x6e, 0x0, 0x0,

    /* U+016D "ŭ" */
    0x0, 0xbc, 0xc0, 0x5, 0xe4, 0x1, 0xc7, 0xb3,
    0x2c, 0x22, 0x0, 0x76, 0xa3, 0xb2, 0xf8, 0x7,
    0x86, 0xbb, 0xec, 0x80, 0x26, 0xf9, 0x0, 0xf4,
    0xfb, 0x0, 0x7f, 0xff, 0xc, 0xc, 0x3, 0xc4,
    0x0, 0x60, 0x40, 0xf, 0x28, 0x0, 0xc8, 0x60,
    0x3, 0x50, 0x80, 0x5c, 0xf, 0xb3, 0x5a, 0xa6,
    0x1, 0x1e, 0xb1, 0xb2, 0x3e, 0xa8, 0x0,

    /* U+016E "Ů" */
    0x0, 0xc3, 0x5b, 0x40, 0x1f, 0xd6, 0x1e, 0xd0,
    0x1, 0xf9, 0x38, 0xa9, 0x0, 0x3f, 0x2e, 0x6,
    0x28, 0x7, 0xe9, 0x6f, 0x78, 0x0, 0xfc, 0x5d,
    0xcd, 0x10, 0xc, 0xbf, 0x40, 0x10, 0x80, 0x59,
    0xe6, 0x1, 0xff, 0xff, 0x0, 0xff, 0xee, 0x8b,
    0x3, 0x0, 0x7c, 0x40, 0x66, 0x3, 0x10, 0xe,
    0x31, 0x21, 0x7, 0xc, 0x30, 0x9, 0x34, 0x20,
    0x1, 0x8, 0x59, 0xb9, 0xd6, 0x2e, 0xa0, 0x15,
    0xd2, 0x19, 0x81, 0x6e, 0x0, 0x0,

    /* U+016F "ů" */
    0x0, 0xc9, 0x9a, 0xc0, 0x1f, 0xd, 0xcc, 0xc4,
    0x1, 0xe5, 0x15, 0x43, 0x40, 0xf, 0x28, 0x98,
    0x9a, 0x80, 0x78, 0x63, 0x39, 0x8c, 0x3, 0xe7,
    0xff, 0x48, 0x6, 0x6f, 0x90, 0xf, 0x4f, 0xb0,
    0x7, 0xff, 0xf0, 0xc0, 0xc0, 0x3c, 0x40, 0x6,
    0x4, 0x0, 0xf2, 0x80, 0xc, 0x86, 0x0, 0x35,
    0x8, 0x5, 0xc0, 0xfb, 0x35, 0xaa, 0x60, 0x11,
    0xeb, 0x1b, 0x23, 0xea, 0x80, 0x0,

    /* U+0170 "Ű" */
    0x0, 0xe5, 0x70, 0x28, 0x30, 0xf, 0xd, 0x70,
    0x4b, 0x18, 0x7, 0x98, 0x20, 0x92, 0xc0, 0x3e,
    0xa7, 0x1b, 0x35, 0x0, 0xfb, 0x60, 0x27, 0x0,
    0x32, 0xfd, 0x0, 0x7d, 0x9e, 0x60, 0x1f, 0xff,
    0xf0, 0xf, 0xfe, 0xe8, 0xb0, 0x30, 0x7, 0xc4,
    0x6, 0x60, 0x31, 0x0, 0xe3, 0x12, 0x10, 0x70,
    0xc3, 0x0, 0x93, 0x42, 0x0, 0x10, 0x85, 0x9b,
    0x9d, 0x62, 0xea, 0x1, 0x5d, 0x21, 0x98, 0x16,
    0xe0, 0x0,

    /* U+0171 "ű" */
    0x0, 0xc7, 0xee, 0x1b, 0x80, 0x1e, 0x83, 0x76,
    0x2e, 0x0, 0xe3, 0x4f, 0xb, 0x82, 0x0, 0xe3,
    0xf3, 0xd, 0x70, 0x9, 0xbe, 0x40, 0x3d, 0x3e,
    0xc0, 0x1f, 0xff, 0xc3, 0x3, 0x0, 0xf1, 0x0,
    0x18, 0x10, 0x3, 0xca, 0x0, 0x32, 0x18, 0x0,
    0xd4, 0x20, 0x17, 0x3, 0xec, 0xd6, 0xa9, 0x80,
    0x47, 0xac, 0x6c, 0x8f, 0xaa, 0x0,

    /* U+0172 "Ų" */
    0x5f, 0xa0, 0xf, 0xb3, 0xcc, 0x3, 0xff, 0xfe,
    0x1, 0xff, 0xdb, 0x10, 0x3, 0x3, 0x80, 0x7c,
    0x40, 0x46, 0x4, 0x40, 0xe, 0x40, 0x21, 0x7,
    0xf, 0x20, 0x9, 0x28, 0x2c, 0x1, 0x8, 0x5b,
    0xac, 0xeb, 0x17, 0x60, 0xa, 0xe9, 0x8, 0xc5,
    0x6e, 0x0, 0x39, 0x70, 0x1b, 0xa9, 0x0, 0x3c,
    0x30, 0xd2, 0x20, 0x1f, 0xe2, 0x12, 0x0, 0xfc,
    0x2c, 0x9d, 0xa4, 0x1, 0xfa, 0x7b, 0x38, 0x80,
    0x30,

    /* U+0173 "ų" */
    0x6f, 0x90, 0xf, 0x4f, 0xb0, 0x7, 0xff, 0xe4,
    0xc0, 0x6, 0x6, 0x1, 0xe6, 0x0, 0x30, 0x20,
    0x7, 0x9, 0x80, 0xc, 0x86, 0x84, 0x0, 0x3a,
    0x1, 0xb8, 0x17, 0xb3, 0x1c, 0x48, 0x1, 0x1e,
    0xb0, 0x99, 0x36, 0x38, 0x18, 0x0, 0xa7, 0xbf,
    0xaf, 0x6, 0xd4, 0x3, 0xe8, 0x1d, 0x40, 0xf,
    0xc2, 0x6, 0x24, 0x1, 0xf4, 0xe, 0x75, 0x80,
    0x7c, 0x7d, 0x98, 0x90,

    /* U+0174 "Ŵ" */
    0x0, 0xff, 0x28, 0x80, 0x7f, 0xf1, 0x4f, 0x2b,
    0xd8, 0x3, 0xff, 0x86, 0xb8, 0xfa, 0xd3, 0x40,
    0x1f, 0xfc, 0x21, 0xab, 0x28, 0xdd, 0x0, 0x7f,
    0xf0, 0x91, 0x40, 0x22, 0x70, 0xf, 0x97, 0xf0,
    0x3, 0xcf, 0xfe, 0x10, 0xe, 0x5f, 0xd4, 0x3,
    0x0, 0xf5, 0x80, 0x10, 0x3, 0xb0, 0x14, 0x4c,
    0x10, 0x3, 0x8c, 0x1, 0x80, 0x1c, 0x81, 0x60,
    0x81, 0x80, 0x19, 0x41, 0x41, 0xc0, 0x30, 0x90,
    0x98, 0x58, 0x28, 0x6, 0xf0, 0x92, 0x12, 0x0,
    0x9c, 0x10, 0x0, 0x62, 0x42, 0x1, 0x20, 0x9a,
    0x82, 0x80, 0x58, 0x1e, 0x1, 0x20, 0x20, 0x0,
    0xc5, 0xc2, 0xc3, 0x0, 0x24, 0x5, 0x0, 0xbc,
    0x30, 0x0, 0x81, 0x80, 0x62, 0x80, 0x3, 0x14,
    0x0, 0xc8, 0x8, 0x0, 0xb0, 0x50, 0x2, 0x2,
    0x2, 0x6, 0x0, 0x61, 0x32, 0x20, 0x9a, 0x0,
    0x5e, 0x18, 0x18, 0xa, 0x1, 0xd6, 0x8, 0x80,
    0xd0, 0x9, 0x1, 0x41, 0x8, 0x80, 0x1c, 0x81,
    0x9e, 0xe, 0x1, 0x9, 0x92, 0x82, 0x80, 0x78,
    0xc5, 0x10, 0x62, 0x1, 0xac, 0x2c, 0x30, 0x3,
    0xe4, 0x11, 0x58, 0x7, 0x28, 0x8, 0x20, 0x7,
    0xde, 0x0, 0x50, 0xe, 0x22, 0x2, 0x80, 0x60,

    /* U+0175 "ŵ" */
    0x0, 0xfc, 0x24, 0x1, 0xff, 0xc3, 0x7e, 0xd8,
    0x0, 0xff, 0xe0, 0xf4, 0x42, 0x5b, 0x80, 0x3f,
    0xf8, 0x9, 0xce, 0xde, 0xe2, 0x1, 0xff, 0x50,
    0x80, 0x6, 0x44, 0x3, 0xa7, 0xdc, 0x3, 0xf,
    0xf9, 0x0, 0x32, 0xfc, 0xe8, 0x60, 0x6, 0x40,
    0x6, 0x0, 0x6f, 0xd, 0x41, 0x40, 0xd, 0xe0,
    0x5, 0x0, 0xc8, 0x8, 0x8, 0x8, 0x1, 0x2a,
    0x29, 0x10, 0x0, 0x42, 0xa0, 0xf, 0xc, 0x0,
    0x20, 0x6f, 0x82, 0x0, 0x14, 0x3c, 0x0, 0xa0,
    0xa0, 0xd, 0x7, 0x40, 0xd0, 0x6, 0x2, 0x80,
    0x48, 0x42, 0x8, 0x62, 0x23, 0x40, 0x2, 0x20,
    0x3, 0x70, 0x21, 0x12, 0xc0, 0x16, 0x8, 0x80,
    0xd0, 0xc, 0x81, 0xea, 0xa, 0x0, 0x50, 0xdc,
    0x7, 0x0, 0xc2, 0x88, 0xb2, 0x20, 0x0, 0x88,
    0x88, 0x31, 0x0, 0xed, 0x13, 0x40, 0xc, 0xa4,
    0x76, 0x1, 0xe7, 0x0, 0x68, 0x6, 0xb0, 0x2,
    0x80, 0x40,

    /* U+0176 "Ŷ" */
    0x0, 0xf1, 0x0, 0x7f, 0x8b, 0x36, 0xc8, 0x3,
    0xe6, 0xd0, 0xa6, 0xd5, 0x0, 0xf7, 0x56, 0x2e,
    0xc9, 0x80, 0x7a, 0x14, 0x2, 0x66, 0x0, 0x4b,
    0xfa, 0x1, 0xe1, 0xff, 0x12, 0x99, 0x30, 0x7,
    0x48, 0x29, 0x7, 0x85, 0x80, 0x61, 0x70, 0x80,
    0x1, 0xa1, 0x30, 0x5, 0x20, 0xc4, 0x1, 0x48,
    0x58, 0x0, 0x5c, 0x20, 0x3, 0x12, 0x93, 0x4,
    0x84, 0x8, 0x7, 0x58, 0x58, 0xb8, 0xb8, 0x7,
    0x85, 0xcb, 0x2, 0x0, 0x3f, 0x48, 0x11, 0x18,
    0x3, 0xf0, 0xb0, 0x50, 0x7, 0xff, 0xe8,

    /* U+0177 "ŷ" */
    0x0, 0xe1, 0x30, 0xf, 0xf3, 0x7e, 0x50, 0x80,
    0x7d, 0x72, 0xd4, 0xfc, 0x40, 0x1e, 0x2d, 0x85,
    0xd7, 0x10, 0xf, 0x49, 0x0, 0x50, 0x60, 0x14,
    0x7d, 0x0, 0x78, 0xbf, 0x42, 0x81, 0x44, 0x3,
    0xa8, 0x28, 0x9, 0x1, 0xc0, 0x39, 0x81, 0x80,
    0x1c, 0x16, 0x1, 0x90, 0x54, 0x40, 0xa, 0x24,
    0x60, 0x17, 0x87, 0x0, 0x66, 0xa, 0x0, 0xa,
    0x12, 0x0, 0x6a, 0x7, 0x0, 0x30, 0x50, 0x7,
    0x12, 0xa, 0x85, 0x3, 0x0, 0x7b, 0x83, 0x8c,
    0x94, 0x40, 0x3c, 0xa2, 0x92, 0x12, 0x1, 0xf9,
    0x81, 0x48, 0xc0, 0x3f, 0x50, 0x2, 0xc0, 0x3f,
    0x8c, 0x0, 0xe0, 0x1f, 0xcc, 0xa, 0x20, 0x1f,
    0xd4, 0x12, 0x1, 0xfc, 0x64, 0x43, 0x0, 0xfe,
    0x90, 0xb0, 0xf, 0xe1, 0x50, 0x60, 0xf, 0x80,

    /* U+0178 "Ÿ" */
    0x0, 0x8f, 0xa0, 0x27, 0x88, 0x3, 0xca, 0x26,
    0xa, 0x2c, 0x1, 0xe6, 0xcb, 0xd, 0xd2, 0x0,
    0x7c, 0x60, 0x1, 0x20, 0xc, 0xbf, 0xa0, 0x1e,
    0x1f, 0xf1, 0x29, 0x93, 0x0, 0x74, 0x82, 0x90,
    0x78, 0x58, 0x6, 0x17, 0x8, 0x0, 0x1a, 0x13,
    0x0, 0x52, 0xc, 0x40, 0x14, 0x85, 0x80, 0x5,
    0xc2, 0x0, 0x31, 0x29, 0x30, 0x48, 0x40, 0x80,
    0x75, 0x85, 0x8b, 0x8b, 0x80, 0x78, 0x5c, 0xb0,
    0x20, 0x3, 0xf4, 0x81, 0x11, 0x80, 0x3f, 0xb,
    0x5, 0x0, 0x7f, 0xfe, 0x80,

    /* U+0179 "Ź" */
    0x0, 0xe1, 0xa1, 0x0, 0xf3, 0xf2, 0x80, 0x72,
    0x6c, 0x37, 0x8, 0x6, 0xd7, 0xd9, 0x10, 0xe,
    0x9a, 0x20, 0xe, 0xef, 0xff, 0xda, 0x89, 0xf0,
    0x80, 0xd5, 0xdf, 0x50, 0x87, 0x80, 0x7a, 0xc1,
    0x8c, 0x3, 0x95, 0x43, 0x20, 0x1e, 0xb0, 0xb0,
    0xf, 0x48, 0xa2, 0x80, 0x71, 0xb0, 0x50, 0x7,
    0xb8, 0x24, 0x40, 0x39, 0xc8, 0xd8, 0x3, 0x8a,
    0x3, 0x80, 0x3d, 0x20, 0xe4, 0x1, 0xcc, 0x85,
    0x0, 0x1e, 0x80, 0x5, 0xdf, 0xa4, 0x40, 0x91,
    0x3c, 0xe0,

    /* U+017A "ź" */
    0x0, 0xff, 0xe1, 0x8d, 0x10, 0x7, 0xa3, 0x94,
    0xc0, 0x32, 0x73, 0xbb, 0x84, 0x3, 0x1b, 0xf4,
    0x8, 0x7, 0x3c, 0x88, 0x7, 0xbf, 0xff, 0x8,
    0x33, 0x71, 0x80, 0x4, 0x26, 0x78, 0x42, 0x0,
    0x3d, 0x4, 0x6e, 0x1, 0xc6, 0xe1, 0xc0, 0x1e,
    0xe0, 0x82, 0x0, 0xe8, 0x23, 0x70, 0xe, 0x37,
    0xe, 0x0, 0xf7, 0x4, 0x10, 0x7, 0x41, 0x1b,
    0x80, 0x70, 0xb8, 0x3c, 0xcf, 0x8, 0x4, 0x8c,
    0xdc, 0x0,

    /* U+017B "Ż" */
    0x0, 0xdb, 0x80, 0x1f, 0x9, 0x18, 0x7, 0xc3,
    0xbc, 0x1, 0xf8, 0x84, 0x3, 0x77, 0xff, 0xed,
    0x44, 0xf8, 0x40, 0x6a, 0xef, 0xa8, 0x43, 0xc0,
    0x3d, 0x60, 0xc6, 0x1, 0xca, 0xa1, 0x90, 0xf,
    0x58, 0x58, 0x7, 0xa4, 0x51, 0x40, 0x38, 0xd8,
    0x28, 0x3, 0xdc, 0x12, 0x20, 0x1c, 0xe4, 0x6c,
    0x1, 0xc5, 0x1, 0xc0, 0x1e, 0x90, 0x72, 0x0,
    0xe6, 0x42, 0x80, 0xf, 0x40, 0x2, 0xef, 0xd2,
    0x20, 0x48, 0x9e, 0x70,

    /* U+017C "ż" */
    0x0, 0xd9, 0xa0, 0x1f, 0x8c, 0x84, 0x3, 0xee,
    0xd1, 0x0, 0xdf, 0xf7, 0x6f, 0xfc, 0x20, 0xcd,
    0xc6, 0x0, 0x10, 0x99, 0xe1, 0x8, 0x0, 0xf4,
    0x11, 0xb8, 0x7, 0x1b, 0x87, 0x0, 0x7b, 0x82,
    0x8, 0x3, 0xa0, 0x8d, 0xc0, 0x38, 0xdc, 0x38,
    0x3, 0xdc, 0x10, 0x40, 0x1d, 0x4, 0x6e, 0x1,
    0xc2, 0xe0, 0xf3, 0x3c, 0x20, 0x12, 0x33, 0x70,
    0x0,

    /* U+017D "Ž" */
    0x0, 0xf8, 0x40, 0x21, 0xe5, 0x0, 0x37, 0x80,
    0x42, 0xf5, 0x79, 0x2c, 0x1, 0xa7, 0x1d, 0xdb,
    0x0, 0x1c, 0x79, 0x64, 0x1, 0x77, 0xff, 0xed,
    0x44, 0xf8, 0x40, 0x6a, 0xef, 0xa8, 0x43, 0xc0,
    0x3d, 0x60, 0xc6, 0x1, 0xca, 0xa1, 0x90, 0xf,
    0x58, 0x58, 0x7, 0xa4, 0x51, 0x40, 0x38, 0xd8,
    0x28, 0x3, 0xdc, 0x12, 0x20, 0x1c, 0xe4, 0x6c,
    0x1, 0xc5, 0x1, 0xc0, 0x1e, 0x90, 0x72, 0x0,
    0xe6, 0x42, 0x80, 0xf, 0x40, 0x2, 0xef, 0xd2,
    0x20, 0x48, 0x9e, 0x70,

    /* U+017E "ž" */
    0x0, 0x8, 0x6, 0x10, 0xd, 0xce, 0x0, 0x6e,
    0x10, 0xa, 0x21, 0xba, 0x97, 0x10, 0x9, 0xf9,
    0xdd, 0xb0, 0x1, 0xc3, 0x54, 0x20, 0xd, 0xff,
    0xf8, 0x41, 0x9b, 0x8c, 0x0, 0x21, 0x33, 0xc2,
    0x10, 0x1, 0xe8, 0x23, 0x70, 0xe, 0x37, 0xe,
    0x0, 0xf7, 0x4, 0x10, 0x7, 0x41, 0x1b, 0x80,
    0x71, 0xb8, 0x70, 0x7, 0xb8, 0x20, 0x80, 0x3a,
    0x8, 0xdc, 0x3, 0x85, 0xc1, 0xe6, 0x78, 0x40,
    0x24, 0x66, 0xe0,

    /* U+2013 "–" */
    0x3a, 0xaf, 0xf8, 0x99, 0x57, 0xfe, 0x60,

    /* U+2014 "—" */
    0x3a, 0xaf, 0xfe, 0x1c, 0x32, 0xaf, 0xff, 0xd,
    0x0,

    /* U+2018 "‘" */
    0x0, 0x4f, 0x0, 0x4c, 0x80, 0x7, 0xc, 0x0,
    0x50, 0x20, 0x19, 0xc4, 0x0,

    /* U+2019 "’" */
    0x2, 0xff, 0x0, 0x10, 0x18, 0x1, 0x81, 0x60,
    0x4, 0x41, 0x1, 0x7, 0x80, 0x0,

    /* U+201A "‚" */
    0x0, 0x5f, 0x20, 0xa, 0x2, 0x2, 0x4, 0x80,
    0x3c, 0x18, 0x0, 0x8c, 0x20,

    /* U+201C "“" */
    0x0, 0x4f, 0x0, 0x3e, 0x0, 0xc, 0x80, 0xe1,
    0x60, 0xe1, 0x81, 0x40, 0x61, 0x40, 0x88, 0x24,
    0x3, 0x38, 0xb8, 0x74, 0x0,

    /* U+201D "”" */
    0x2, 0xff, 0x4, 0xfc, 0x82, 0x3, 0x2, 0x5,
    0x86, 0x5, 0x89, 0x21, 0x2, 0x20, 0x9c, 0x3c,
    0x8, 0x3c, 0x38, 0xd0, 0x0,

    /* U+201E "„" */
    0x0, 0x67, 0x21, 0xf6, 0x0, 0x4, 0xc1, 0x10,
    0x28, 0x0, 0x70, 0x90, 0xb0, 0x90, 0x6, 0x3,
    0x1, 0xa8, 0x80, 0x11, 0x85, 0x2, 0x40, 0x0,

    /* U+2022 "•" */
    0x0, 0x9, 0x88, 0x4, 0xbd, 0x9c, 0xc0, 0xa,
    0x0, 0xa4, 0x44, 0x1, 0xc6, 0x24, 0x1, 0x9,
    0x7, 0x98, 0x1e, 0x0,

    /* U+2026 "…" */
    0x5, 0x91, 0x4, 0x92, 0x2, 0x94, 0xa, 0x68,
    0x9, 0x69, 0x9, 0x69, 0x5, 0xd, 0x5, 0xd,
    0xd, 0x5,

    /* U+20AC "€" */
    0x0, 0xf1, 0xce, 0xff, 0xb6, 0x90, 0x3, 0xf0,
    0xde, 0x31, 0x16, 0x5b, 0xb0, 0x80, 0x7b, 0x10,
    0xab, 0xf7, 0x5f, 0x44, 0x98, 0x20, 0x1a, 0x89,
    0x35, 0x40, 0x32, 0xe9, 0x12, 0xc0, 0x2, 0x6a,
    0x12, 0x23, 0x80, 0x36, 0x5f, 0x3, 0xf6, 0x0,
    0x37, 0xbb, 0x0, 0x61, 0x44, 0x3, 0x5a, 0x3,
    0x5d, 0xf0, 0x7, 0xe1, 0x41, 0xf, 0x44, 0xe0,
    0xf, 0xe1, 0x0, 0x8, 0xf8, 0x3, 0xf3, 0xf2,
    0x84, 0x77, 0x70, 0x7, 0xe5, 0xb9, 0x0, 0x55,
    0xde, 0x0, 0xe2, 0x20, 0x12, 0x32, 0x7, 0xa2,
    0x60, 0xd, 0x9b, 0x20, 0x1a, 0x85, 0x71, 0x0,
    0x32, 0x69, 0x8d, 0x0, 0x61, 0xf3, 0x35, 0xfe,
    0xeb, 0xac, 0x8f, 0x4, 0x3, 0x87, 0x2d, 0x48,
    0xa0, 0x5a, 0xc2, 0x0, 0x0
};


/*---------------------
 *  GLYPH DESCRIPTION
 *--------------------*/

static const lv_font_fmt_txt_glyph_dsc_t glyph_dsc[] = {
    {.bitmap_index = 0, .adv_w = 0, .box_w = 0, .box_h = 0, .ofs_x = 0, .ofs_y = 0} /* id = 0 reserved */,
    {.bitmap_index = 0, .adv_w = 94, .box_w = 0, .box_h = 0, .ofs_x = 0, .ofs_y = 0},
    {.bitmap_index = 0, .adv_w = 105, .box_w = 4, .box_h = 15, .ofs_x = 1, .ofs_y = 0},
    {.bitmap_index = 24, .adv_w = 103, .box_w = 6, .box_h = 5, .ofs_x = 0, .ofs_y = 13},
    {.bitmap_index = 40, .adv_w = 296, .box_w = 18, .box_h = 16, .ofs_x = 0, .ofs_y = 0},
    {.bitmap_index = 153, .adv_w = 219, .box_w = 11, .box_h = 19, .ofs_x = 1, .ofs_y = -2},
    {.bitmap_index = 240, .adv_w = 267, .box_w = 16, .box_h = 15, .ofs_x = 0, .ofs_y = 0},
    {.bitmap_index = 341, .adv_w = 260, .box_w = 17, .box_h = 15, .ofs_x = 0, .ofs_y = 0},
    {.bitmap_index = 447, .adv_w = 56, .box_w = 3, .box_h = 5, .ofs_x = 0, .ofs_y = 13},
    {.bitmap_index = 455, .adv_w = 160, .box_w = 8, .box_h = 24, .ofs_x = 2, .ofs_y = -4},
    {.bitmap_index = 528, .adv_w = 160, .box_w = 8, .box_h = 24, .ofs_x = 0, .ofs_y = -4},
    {.bitmap_index = 603, .adv_w = 171, .box_w = 9, .box_h = 9, .ofs_x = 1, .ofs_y = 7},
    {.bitmap_index = 642, .adv_w = 240, .box_w = 13, .box_h = 11, .ofs_x = 1, .ofs_y = 2},
    {.bitmap_index = 667, .adv_w = 70, .box_w = 5, .box_h = 6, .ofs_x = -1, .ofs_y = -3},
    {.bitmap_index = 683, .adv_w = 194, .box_w = 10, .box_h = 2, .ofs_x = 1, .ofs_y = 7},
    {.bitmap_index = 689, .adv_w = 74, .box_w = 4, .box_h = 3, .ofs_x = 0, .ofs_y = 0},
    {.bitmap_index = 695, .adv_w = 168, .box_w = 9, .box_h = 24, .ofs_x = 1, .ofs_y = -4},
    {.bitmap_index = 771, .adv_w = 221, .box_w = 12, .box_h = 16, .ofs_x = 1, .ofs_y = 0},
    {.bitmap_index = 852, .adv_w = 113, .box_w = 5, .box_h = 16, .ofs_x = 0, .ofs_y = 0},
    {.bitmap_index = 861, .adv_w = 202, .box_w = 11, .box_h = 16, .ofs_x = 1, .ofs_y = 0},
    {.bitmap_index = 934, .adv_w = 207, .box_w = 11, .box_h = 16, .ofs_x = 1, .ofs_y = 0},
    {.bitmap_index = 1013, .adv_w = 221, .box_w = 14, .box_h = 15, .ofs_x = 0, .ofs_y = 0},
    {.bitmap_index = 1074, .adv_w = 221, .box_w = 12, .box_h = 16, .ofs_x = 1, .ofs_y = 0},
    {.bitmap_index = 1146, .adv_w = 224, .box_w = 12, .box_h = 16, .ofs_x = 1, .ofs_y = 0},
    {.bitmap_index = 1235, .adv_w = 192, .box_w = 12, .box_h = 16, .ofs_x = 0, .ofs_y = 0},
    {.bitmap_index = 1295, .adv_w = 222, .box_w = 12, .box_h = 16, .ofs_x = 1, .ofs_y = 0},
    {.bitmap_index = 1386, .adv_w = 222, .box_w = 12, .box_h = 16, .ofs_x = 1, .ofs_y = 0},
    {.bitmap_index = 1473, .adv_w = 75, .box_w = 4, .box_h = 12, .ofs_x = 0, .ofs_y = 0},
    {.bitmap_index = 1490, .adv_w = 93, .box_w = 5, .box_h = 15, .ofs_x = 0, .ofs_y = -3},
    {.bitmap_index = 1518, .adv_w = 195, .box_w = 9, .box_h = 10, .ofs_x = 1, .ofs_y = 3},
    {.bitmap_index = 1556, .adv_w = 254, .box_w = 12, .box_h = 6, .ofs_x = 2, .ofs_y = 5},
    {.bitmap_index = 1575, .adv_w = 190, .box_w = 8, .box_h = 10, .ofs_x = 2, .ofs_y = 3},
    {.bitmap_index = 1612, .adv_w = 184, .box_w = 11, .box_h = 15, .ofs_x = 0, .ofs_y = 0},
    {.bitmap_index = 1677, .adv_w = 357, .box_w = 20, .box_h = 20, .ofs_x = 1, .ofs_y = -5},
    {.bitmap_index = 1848, .adv_w = 237, .box_w = 15, .box_h = 15, .ofs_x = 0, .ofs_y = 0},
    {.bitmap_index = 1931, .adv_w = 216, .box_w = 12, .box_h = 15, .ofs_x = 1, .ofs_y = 0},
    {.bitmap_index = 1997, .adv_w = 272, .box_w = 16, .box_h = 15, .ofs_x = 0, .ofs_y = 0},
    {.bitmap_index = 2092, .adv_w = 249, .box_w = 14, .box_h = 15, .ofs_x = 1, .ofs_y = 0},
    {.bitmap_index = 2162, .adv_w = 181, .box_w = 9, .box_h = 15, .ofs_x = 1, .ofs_y = 0},
    {.bitmap_index = 2193, .adv_w = 177, .box_w = 10, .box_h = 15, .ofs_x = 1, .ofs_y = 0},
    {.bitmap_index = 2219, .adv_w = 274, .box_w = 17, .box_h = 15, .ofs_x = 0, .ofs_y = 0},
    {.bitmap_index = 2320, .adv_w = 244, .box_w = 13, .box_h = 15, .ofs_x = 1, .ofs_y = 0},
    {.bitmap_index = 2344, .adv_w = 87, .box_w = 3, .box_h = 15, .ofs_x = 1, .ofs_y = 0},
    {.bitmap_index = 2349, .adv_w = 187, .box_w = 10, .box_h = 15, .ofs_x = 0, .ofs_y = 0},
    {.bitmap_index = 2381, .adv_w = 211, .box_w = 12, .box_h = 15, .ofs_x = 1, .ofs_y = 0},
    {.bitmap_index = 2446, .adv_w = 152, .box_w = 9, .box_h = 15, .ofs_x = 1, .ofs_y = 0},
    {.bitmap_index = 2460, .adv_w = 303, .box_w = 17, .box_h = 15, .ofs_x = 1, .ofs_y = 0},
    {.bitmap_index = 2547, .adv_w = 247, .box_w = 13, .box_h = 15, .ofs_x = 1, .ofs_y = 0},
    {.bitmap_index = 2607, .adv_w = 277, .box_w = 17, .box_h = 15, .ofs_x = 0, .ofs_y = 0},
    {.bitmap_index = 2708, .adv_w = 204, .box_w = 11, .box_h = 15, .ofs_x = 1, .ofs_y = 0},
    {.bitmap_index = 2755, .adv_w = 277, .box_w = 17, .box_h = 18, .ofs_x = 0, .ofs_y = -3},
    {.bitmap_index = 2872, .adv_w = 214, .box_w = 12, .box_h = 15, .ofs_x = 1, .ofs_y = 0},
    {.bitmap_index = 2938, .adv_w = 207, .box_w = 11, .box_h = 15, .ofs_x = 1, .ofs_y = 0},
    {.bitmap_index = 3012, .adv_w = 190, .box_w = 12, .box_h = 15, .ofs_x = 0, .ofs_y = 0},
    {.bitmap_index = 3031, .adv_w = 238, .box_w = 13, .box_h = 15, .ofs_x = 1, .ofs_y = 0},
    {.bitmap_index = 3073, .adv_w = 238, .box_w = 15, .box_h = 15, .ofs_x = 0, .ofs_y = 0},
    {.bitmap_index = 3158, .adv_w = 344, .box_w = 21, .box_h = 15, .ofs_x = 0, .ofs_y = 0},
    {.bitmap_index = 3296, .adv_w = 219, .box_w = 13, .box_h = 15, .ofs_x = 0, .ofs_y = 0},
    {.bitmap_index = 3378, .adv_w = 206, .box_w = 13, .box_h = 15, .ofs_x = 0, .ofs_y = 0},
    {.bitmap_index = 3434, .adv_w = 190, .box_w = 10, .box_h = 15, .ofs_x = 1, .ofs_y = 0},
    {.bitmap_index = 3489, .adv_w = 149, .box_w = 5, .box_h = 24, .ofs_x = 2, .ofs_y = -4},
    {.bitmap_index = 3507, .adv_w = 232, .box_w = 10, .box_h = 24, .ofs_x = 2, .ofs_y = -4},
    {.bitmap_index = 3585, .adv_w = 149, .box_w = 5, .box_h = 24, .ofs_x = 2, .ofs_y = -4},
    {.bitmap_index = 3603, .adv_w = 221, .box_w = 14, .box_h = 12, .ofs_x = 0, .ofs_y = 4},
    {.bitmap_index = 3667, .adv_w = 258, .box_w = 13, .box_h = 2, .ofs_x = 2, .ofs_y = -3},
    {.bitmap_index = 3674, .adv_w = 90, .box_w = 6, .box_h = 5, .ofs_x = 0, .ofs_y = 12},
    {.bitmap_index = 3689, .adv_w = 238, .box_w = 14, .box_h = 12, .ofs_x = 0, .ofs_y = 0},
    {.bitmap_index = 3758, .adv_w = 238, .box_w = 13, .box_h = 16, .ofs_x = 1, .ofs_y = 0},
    {.bitmap_index = 3827, .adv_w = 214, .box_w = 13, .box_h = 12, .ofs_x = 0, .ofs_y = 0},
    {.bitmap_index = 3890, .adv_w = 238, .box_w = 14, .box_h = 16, .ofs_x = 0, .ofs_y = 0},
    {.bitmap_index = 3963, .adv_w = 218, .box_w = 13, .box_h = 12, .ofs_x = 0, .ofs_y = 0},
    {.bitmap_index = 4030, .adv_w = 116, .box_w = 7, .box_h = 16, .ofs_x = 0, .ofs_y = 0},
    {.bitmap_index = 4059, .adv_w = 238, .box_w = 14, .box_h = 18, .ofs_x = 0, .ofs_y = -6},
    {.bitmap_index = 4164, .adv_w = 225, .box_w = 12, .box_h = 16, .ofs_x = 1, .ofs_y = 0},
    {.bitmap_index = 4206, .adv_w = 87, .box_w = 4, .box_h = 16, .ofs_x = 1, .ofs_y = 0},
    {.bitmap_index = 4219, .adv_w = 87, .box_w = 6, .box_h = 22, .ofs_x = -1, .ofs_y = -6},
    {.bitmap_index = 4247, .adv_w = 181, .box_w = 11, .box_h = 16, .ofs_x = 1, .ofs_y = 0},
    {.bitmap_index = 4295, .adv_w = 87, .box_w = 3, .box_h = 16, .ofs_x = 1, .ofs_y = 0},
    {.bitmap_index = 4300, .adv_w = 363, .box_w = 21, .box_h = 12, .ofs_x = 1, .ofs_y = 0},
    {.bitmap_index = 4362, .adv_w = 225, .box_w = 12, .box_h = 12, .ofs_x = 1, .ofs_y = 0},
    {.bitmap_index = 4400, .adv_w = 225, .box_w = 14, .box_h = 12, .ofs_x = 0, .ofs_y = 0},
    {.bitmap_index = 4473, .adv_w = 238, .box_w = 13, .box_h = 18, .ofs_x = 1, .ofs_y = -6},
    {.bitmap_index = 4547, .adv_w = 238, .box_w = 14, .box_h = 18, .ofs_x = 0, .ofs_y = -6},
    {.bitmap_index = 4623, .adv_w = 131, .box_w = 7, .box_h = 12, .ofs_x = 1, .ofs_y = 0},
    {.bitmap_index = 4644, .adv_w = 184, .box_w = 10, .box_h = 12, .ofs_x = 1, .ofs_y = 0},
    {.bitmap_index = 4703, .adv_w = 128, .box_w = 8, .box_h = 15, .ofs_x = 0, .ofs_y = 0},
    {.bitmap_index = 4735, .adv_w = 225, .box_w = 12, .box_h = 12, .ofs_x = 1, .ofs_y = 0},
    {.bitmap_index = 4770, .adv_w = 197, .box_w = 13, .box_h = 12, .ofs_x = 0, .ofs_y = 0},
    {.bitmap_index = 4834, .adv_w = 289, .box_w = 18, .box_h = 12, .ofs_x = 0, .ofs_y = 0},
    {.bitmap_index = 4936, .adv_w = 169, .box_w = 11, .box_h = 12, .ofs_x = 0, .ofs_y = 0},
    {.bitmap_index = 4994, .adv_w = 198, .box_w = 13, .box_h = 18, .ofs_x = 0, .ofs_y = -6},
    {.bitmap_index = 5082, .adv_w = 160, .box_w = 10, .box_h = 12, .ofs_x = 0, .ofs_y = 0},
    {.bitmap_index = 5127, .adv_w = 163, .box_w = 7, .box_h = 24, .ofs_x = 2, .ofs_y = -4},
    {.bitmap_index = 5202, .adv_w = 102, .box_w = 3, .box_h = 20, .ofs_x = 2, .ofs_y = -2},
    {.bitmap_index = 5209, .adv_w = 163, .box_w = 7, .box_h = 24, .ofs_x = 1, .ofs_y = -4},
    {.bitmap_index = 5276, .adv_w = 183, .box_w = 11, .box_h = 3, .ofs_x = 0, .ofs_y = 5},
    {.bitmap_index = 5293, .adv_w = 94, .box_w = 0, .box_h = 0, .ofs_x = 0, .ofs_y = 0},
    {.bitmap_index = 5293, .adv_w = 105, .box_w = 4, .box_h = 15, .ofs_x = 1, .ofs_y = -3},
    {.bitmap_index = 5317, .adv_w = 234, .box_w = 12, .box_h = 15, .ofs_x = 1, .ofs_y = -2},
    {.bitmap_index = 5386, .adv_w = 218, .box_w = 12, .box_h = 15, .ofs_x = 0, .ofs_y = 0},
    {.bitmap_index = 5458, .adv_w = 189, .box_w = 10, .box_h = 9, .ofs_x = 1, .ofs_y = 4},
    {.bitmap_index = 5502, .adv_w = 209, .box_w = 13, .box_h = 15, .ofs_x = 0, .ofs_y = 0},
    {.bitmap_index = 5583, .adv_w = 102, .box_w = 3, .box_h = 20, .ofs_x = 2, .ofs_y = -2},
    {.bitmap_index = 5599, .adv_w = 202, .box_w = 11, .box_h = 20, .ofs_x = 1, .ofs_y = -5},
    {.bitmap_index = 5705, .adv_w = 111, .box_w = 7, .box_h = 3, .ofs_x = 0, .ofs_y = 13},
    {.bitmap_index = 5716, .adv_w = 279, .box_w = 16, .box_h = 15, .ofs_x = 1, .ofs_y = 0},
    {.bitmap_index = 5829, .adv_w = 158, .box_w = 9, .box_h = 8, .ofs_x = 0, .ofs_y = 8},
    {.bitmap_index = 5863, .adv_w = 162, .box_w = 10, .box_h = 8, .ofs_x = 0, .ofs_y = 3},
    {.bitmap_index = 5902, .adv_w = 229, .box_w = 14, .box_h = 5, .ofs_x = 0, .ofs_y = 5},
    {.bitmap_index = 5916, .adv_w = 194, .box_w = 10, .box_h = 2, .ofs_x = 1, .ofs_y = 7},
    {.bitmap_index = 5922, .adv_w = 179, .box_w = 10, .box_h = 9, .ofs_x = 1, .ofs_y = 6},
    {.bitmap_index = 5967, .adv_w = 136, .box_w = 9, .box_h = 3, .ofs_x = 0, .ofs_y = 13},
    {.bitmap_index = 5976, .adv_w = 144, .box_w = 9, .box_h = 8, .ofs_x = 0, .ofs_y = 7},
    {.bitmap_index = 6012, .adv_w = 241, .box_w = 13, .box_h = 11, .ofs_x = 1, .ofs_y = 3},
    {.bitmap_index = 6046, .adv_w = 116, .box_w = 7, .box_h = 8, .ofs_x = 0, .ofs_y = 8},
    {.bitmap_index = 6075, .adv_w = 117, .box_w = 7, .box_h = 8, .ofs_x = 0, .ofs_y = 8},
    {.bitmap_index = 6104, .adv_w = 87, .box_w = 6, .box_h = 5, .ofs_x = 0, .ofs_y = 12},
    {.bitmap_index = 6118, .adv_w = 227, .box_w = 12, .box_h = 18, .ofs_x = 1, .ofs_y = -6},
    {.bitmap_index = 6157, .adv_w = 210, .box_w = 12, .box_h = 15, .ofs_x = 0, .ofs_y = 0},
    {.bitmap_index = 6197, .adv_w = 75, .box_w = 3, .box_h = 3, .ofs_x = 1, .ofs_y = 6},
    {.bitmap_index = 6202, .adv_w = 96, .box_w = 6, .box_h = 7, .ofs_x = 0, .ofs_y = -6},
    {.bitmap_index = 6222, .adv_w = 69, .box_w = 4, .box_h = 8, .ofs_x = 0, .ofs_y = 8},
    {.bitmap_index = 6231, .adv_w = 153, .box_w = 9, .box_h = 8, .ofs_x = 0, .ofs_y = 8},
    {.bitmap_index = 6265, .adv_w = 162, .box_w = 9, .box_h = 8, .ofs_x = 1, .ofs_y = 3},
    {.bitmap_index = 6302, .adv_w = 225, .box_w = 14, .box_h = 16, .ofs_x = 0, .ofs_y = 0},
    {.bitmap_index = 6390, .adv_w = 238, .box_w = 14, .box_h = 16, .ofs_x = 0, .ofs_y = -1},
    {.bitmap_index = 6479, .adv_w = 250, .box_w = 15, .box_h = 16, .ofs_x = 0, .ofs_y = 0},
    {.bitmap_index = 6587, .adv_w = 183, .box_w = 10, .box_h = 16, .ofs_x = 1, .ofs_y = -4},
    {.bitmap_index = 6650, .adv_w = 237, .box_w = 15, .box_h = 21, .ofs_x = 0, .ofs_y = 0},
    {.bitmap_index = 6757, .adv_w = 237, .box_w = 15, .box_h = 21, .ofs_x = 0, .ofs_y = 0},
    {.bitmap_index = 6863, .adv_w = 237, .box_w = 15, .box_h = 20, .ofs_x = 0, .ofs_y = 0},
    {.bitmap_index = 6970, .adv_w = 237, .box_w = 15, .box_h = 19, .ofs_x = 0, .ofs_y = 0},
    {.bitmap_index = 7072, .adv_w = 237, .box_w = 15, .box_h = 19, .ofs_x = 0, .ofs_y = 0},
    {.bitmap_index = 7176, .adv_w = 237, .box_w = 15, .box_h = 21, .ofs_x = 0, .ofs_y = 0},
    {.bitmap_index = 7287, .adv_w = 317, .box_w = 19, .box_h = 15, .ofs_x = 0, .ofs_y = 0},
    {.bitmap_index = 7378, .adv_w = 272, .box_w = 16, .box_h = 21, .ofs_x = 0, .ofs_y = -6},
    {.bitmap_index = 7498, .adv_w = 181, .box_w = 9, .box_h = 20, .ofs_x = 1, .ofs_y = 0},
    {.bitmap_index = 7547, .adv_w = 181, .box_w = 9, .box_h = 20, .ofs_x = 1, .ofs_y = 0},
    {.bitmap_index = 7596, .adv_w = 181, .box_w = 9, .box_h = 20, .ofs_x = 1, .ofs_y = 0},
    {.bitmap_index = 7648, .adv_w = 181, .box_w = 9, .box_h = 19, .ofs_x = 1, .ofs_y = 0},
    {.bitmap_index = 7698, .adv_w = 87, .box_w = 5, .box_h = 20, .ofs_x = 0, .ofs_y = 0},
    {.bitmap_index = 7716, .adv_w = 87, .box_w = 5, .box_h = 20, .ofs_x = 0, .ofs_y = 0},
    {.bitmap_index = 7733, .adv_w = 87, .box_w = 7, .box_h = 20, .ofs_x = -1, .ofs_y = 0},
    {.bitmap_index = 7759, .adv_w = 87, .box_w = 7, .box_h = 19, .ofs_x = -1, .ofs_y = 0},
    {.bitmap_index = 7782, .adv_w = 255, .box_w = 15, .box_h = 15, .ofs_x = 0, .ofs_y = 0},
    {.bitmap_index = 7865, .adv_w = 247, .box_w = 13, .box_h = 19, .ofs_x = 1, .ofs_y = 0},
    {.bitmap_index = 7945, .adv_w = 277, .box_w = 17, .box_h = 20, .ofs_x = 0, .ofs_y = 0},
    {.bitmap_index = 8070, .adv_w = 277, .box_w = 17, .box_h = 20, .ofs_x = 0, .ofs_y = 0},
    {.bitmap_index = 8196, .adv_w = 277, .box_w = 17, .box_h = 20, .ofs_x = 0, .ofs_y = 0},
    {.bitmap_index = 8320, .adv_w = 277, .box_w = 17, .box_h = 20, .ofs_x = 0, .ofs_y = 0},
    {.bitmap_index = 8445, .adv_w = 277, .box_w = 17, .box_h = 19, .ofs_x = 0, .ofs_y = 0},
    {.bitmap_index = 8568, .adv_w = 226, .box_w = 10, .box_h = 10, .ofs_x = 2, .ofs_y = 3},
    {.bitmap_index = 8615, .adv_w = 277, .box_w = 17, .box_h = 15, .ofs_x = 0, .ofs_y = 0},
    {.bitmap_index = 8734, .adv_w = 238, .box_w = 13, .box_h = 20, .ofs_x = 1, .ofs_y = 0},
    {.bitmap_index = 8797, .adv_w = 238, .box_w = 13, .box_h = 20, .ofs_x = 1, .ofs_y = 0},
    {.bitmap_index = 8859, .adv_w = 238, .box_w = 13, .box_h = 20, .ofs_x = 1, .ofs_y = 0},
    {.bitmap_index = 8924, .adv_w = 238, .box_w = 13, .box_h = 19, .ofs_x = 1, .ofs_y = 0},
    {.bitmap_index = 8987, .adv_w = 206, .box_w = 13, .box_h = 20, .ofs_x = 0, .ofs_y = 0},
    {.bitmap_index = 9063, .adv_w = 204, .box_w = 11, .box_h = 15, .ofs_x = 1, .ofs_y = 0},
    {.bitmap_index = 9113, .adv_w = 240, .box_w = 13, .box_h = 16, .ofs_x = 1, .ofs_y = 0},
    {.bitmap_index = 9200, .adv_w = 238, .box_w = 14, .box_h = 17, .ofs_x = 0, .ofs_y = 0},
    {.bitmap_index = 9289, .adv_w = 238, .box_w = 14, .box_h = 17, .ofs_x = 0, .ofs_y = 0},
    {.bitmap_index = 9378, .adv_w = 238, .box_w = 14, .box_h = 17, .ofs_x = 0, .ofs_y = 0},
    {.bitmap_index = 9470, .adv_w = 238, .box_w = 14, .box_h = 15, .ofs_x = 0, .ofs_y = 0},
    {.bitmap_index = 9554, .adv_w = 238, .box_w = 14, .box_h = 16, .ofs_x = 0, .ofs_y = 0},
    {.bitmap_index = 9643, .adv_w = 238, .box_w = 14, .box_h = 18, .ofs_x = 0, .ofs_y = 0},
    {.bitmap_index = 9738, .adv_w = 386, .box_w = 24, .box_h = 12, .ofs_x = 0, .ofs_y = 0},
    {.bitmap_index = 9863, .adv_w = 214, .box_w = 13, .box_h = 18, .ofs_x = 0, .ofs_y = -6},
    {.bitmap_index = 9955, .adv_w = 218, .box_w = 13, .box_h = 17, .ofs_x = 0, .ofs_y = 0},
    {.bitmap_index = 10042, .adv_w = 218, .box_w = 13, .box_h = 17, .ofs_x = 0, .ofs_y = 0},
    {.bitmap_index = 10129, .adv_w = 218, .box_w = 13, .box_h = 17, .ofs_x = 0, .ofs_y = 0},
    {.bitmap_index = 10218, .adv_w = 218, .box_w = 13, .box_h = 16, .ofs_x = 0, .ofs_y = 0},
    {.bitmap_index = 10304, .adv_w = 87, .box_w = 5, .box_h = 18, .ofs_x = 0, .ofs_y = 0},
    {.bitmap_index = 10323, .adv_w = 87, .box_w = 5, .box_h = 18, .ofs_x = 0, .ofs_y = 0},
    {.bitmap_index = 10341, .adv_w = 87, .box_w = 7, .box_h = 17, .ofs_x = -1, .ofs_y = 0},
    {.bitmap_index = 10365, .adv_w = 87, .box_w = 7, .box_h = 16, .ofs_x = -1, .ofs_y = 0},
    {.bitmap_index = 10386, .adv_w = 225, .box_w = 14, .box_h = 17, .ofs_x = 0, .ofs_y = 0},
    {.bitmap_index = 10482, .adv_w = 225, .box_w = 12, .box_h = 15, .ofs_x = 1, .ofs_y = 0},
    {.bitmap_index = 10536, .adv_w = 225, .box_w = 14, .box_h = 17, .ofs_x = 0, .ofs_y = 0},
    {.bitmap_index = 10630, .adv_w = 225, .box_w = 14, .box_h = 17, .ofs_x = 0, .ofs_y = 0},
    {.bitmap_index = 10724, .adv_w = 225, .box_w = 14, .box_h = 17, .ofs_x = 0, .ofs_y = 0},
    {.bitmap_index = 10820, .adv_w = 225, .box_w = 14, .box_h = 16, .ofs_x = 0, .ofs_y = 0},
    {.bitmap_index = 10908, .adv_w = 225, .box_w = 14, .box_h = 16, .ofs_x = 0, .ofs_y = 0},
    {.bitmap_index = 11000, .adv_w = 231, .box_w = 12, .box_h = 12, .ofs_x = 1, .ofs_y = 2},
    {.bitmap_index = 11038, .adv_w = 225, .box_w = 14, .box_h = 12, .ofs_x = 0, .ofs_y = 0},
    {.bitmap_index = 11120, .adv_w = 225, .box_w = 12, .box_h = 18, .ofs_x = 1, .ofs_y = 0},
    {.bitmap_index = 11176, .adv_w = 225, .box_w = 12, .box_h = 18, .ofs_x = 1, .ofs_y = 0},
    {.bitmap_index = 11233, .adv_w = 225, .box_w = 12, .box_h = 17, .ofs_x = 1, .ofs_y = 0},
    {.bitmap_index = 11290, .adv_w = 225, .box_w = 12, .box_h = 16, .ofs_x = 1, .ofs_y = 0},
    {.bitmap_index = 11344, .adv_w = 198, .box_w = 13, .box_h = 24, .ofs_x = 0, .ofs_y = -6},
    {.bitmap_index = 11455, .adv_w = 238, .box_w = 13, .box_h = 22, .ofs_x = 1, .ofs_y = -6},
    {.bitmap_index = 11532, .adv_w = 198, .box_w = 13, .box_h = 22, .ofs_x = 0, .ofs_y = -6},
    {.bitmap_index = 11641, .adv_w = 237, .box_w = 15, .box_h = 19, .ofs_x = 0, .ofs_y = 0},
    {.bitmap_index = 11741, .adv_w = 238, .box_w = 14, .box_h = 15, .ofs_x = 0, .ofs_y = 0},
    {.bitmap_index = 11822, .adv_w = 237, .box_w = 15, .box_h = 20, .ofs_x = 0, .ofs_y = 0},
    {.bitmap_index = 11931, .adv_w = 238, .box_w = 14, .box_h = 16, .ofs_x = 0, .ofs_y = 0},
    {.bitmap_index = 12020, .adv_w = 237, .box_w = 15, .box_h = 20, .ofs_x = 0, .ofs_y = -5},
    {.bitmap_index = 12127, .adv_w = 238, .box_w = 14, .box_h = 17, .ofs_x = 0, .ofs_y = -5},
    {.bitmap_index = 12220, .adv_w = 272, .box_w = 16, .box_h = 20, .ofs_x = 0, .ofs_y = 0},
    {.bitmap_index = 12337, .adv_w = 214, .box_w = 13, .box_h = 17, .ofs_x = 0, .ofs_y = 0},
    {.bitmap_index = 12420, .adv_w = 272, .box_w = 16, .box_h = 19, .ofs_x = 0, .ofs_y = 0},
    {.bitmap_index = 12532, .adv_w = 214, .box_w = 13, .box_h = 15, .ofs_x = 0, .ofs_y = 0},
    {.bitmap_index = 12606, .adv_w = 272, .box_w = 16, .box_h = 20, .ofs_x = 0, .ofs_y = 0},
    {.bitmap_index = 12724, .adv_w = 214, .box_w = 13, .box_h = 17, .ofs_x = 0, .ofs_y = 0},
    {.bitmap_index = 12809, .adv_w = 249, .box_w = 14, .box_h = 20, .ofs_x = 1, .ofs_y = 0},
    {.bitmap_index = 12904, .adv_w = 265, .box_w = 17, .box_h = 16, .ofs_x = 0, .ofs_y = 0},
    {.bitmap_index = 12997, .adv_w = 255, .box_w = 15, .box_h = 15, .ofs_x = 0, .ofs_y = 0},
    {.bitmap_index = 13080, .adv_w = 238, .box_w = 15, .box_h = 16, .ofs_x = 0, .ofs_y = 0},
    {.bitmap_index = 13166, .adv_w = 181, .box_w = 9, .box_h = 19, .ofs_x = 1, .ofs_y = 0},
    {.bitmap_index = 13208, .adv_w = 218, .box_w = 13, .box_h = 15, .ofs_x = 0, .ofs_y = 0},
    {.bitmap_index = 13287, .adv_w = 181, .box_w = 9, .box_h = 20, .ofs_x = 1, .ofs_y = 0},
    {.bitmap_index = 13341, .adv_w = 218, .box_w = 13, .box_h = 16, .ofs_x = 0, .ofs_y = 0},
    {.bitmap_index = 13428, .adv_w = 181, .box_w = 9, .box_h = 19, .ofs_x = 1, .ofs_y = 0},
    {.bitmap_index = 13472, .adv_w = 218, .box_w = 13, .box_h = 15, .ofs_x = 0, .ofs_y = 0},
    {.bitmap_index = 13550, .adv_w = 181, .box_w = 10, .box_h = 20, .ofs_x = 1, .ofs_y = -5},
    {.bitmap_index = 13603, .adv_w = 218, .box_w = 13, .box_h = 17, .ofs_x = 0, .ofs_y = -5},
    {.bitmap_index = 13695, .adv_w = 181, .box_w = 9, .box_h = 20, .ofs_x = 1, .ofs_y = 0},
    {.bitmap_index = 13745, .adv_w = 218, .box_w = 13, .box_h = 17, .ofs_x = 0, .ofs_y = 0},
    {.bitmap_index = 13834, .adv_w = 274, .box_w = 17, .box_h = 20, .ofs_x = 0, .ofs_y = 0},
    {.bitmap_index = 13962, .adv_w = 238, .box_w = 14, .box_h = 22, .ofs_x = 0, .ofs_y = -6},
    {.bitmap_index = 14087, .adv_w = 274, .box_w = 17, .box_h = 19, .ofs_x = 0, .ofs_y = 0},
    {.bitmap_index = 14206, .adv_w = 238, .box_w = 14, .box_h = 21, .ofs_x = 0, .ofs_y = -6},
    {.bitmap_index = 14322, .adv_w = 274, .box_w = 17, .box_h = 21, .ofs_x = 0, .ofs_y = -6},
    {.bitmap_index = 14448, .adv_w = 238, .box_w = 14, .box_h = 23, .ofs_x = 0, .ofs_y = -6},
    {.bitmap_index = 14572, .adv_w = 87, .box_w = 8, .box_h = 19, .ofs_x = -1, .ofs_y = 0},
    {.bitmap_index = 14595, .adv_w = 87, .box_w = 8, .box_h = 15, .ofs_x = -1, .ofs_y = 0},
    {.bitmap_index = 14617, .adv_w = 87, .box_w = 9, .box_h = 19, .ofs_x = -2, .ofs_y = 0},
    {.bitmap_index = 14637, .adv_w = 87, .box_w = 9, .box_h = 15, .ofs_x = -2, .ofs_y = 0},
    {.bitmap_index = 14655, .adv_w = 87, .box_w = 7, .box_h = 20, .ofs_x = -1, .ofs_y = 0},
    {.bitmap_index = 14681, .adv_w = 87, .box_w = 7, .box_h = 16, .ofs_x = -1, .ofs_y = 0},
    {.bitmap_index = 14702, .adv_w = 87, .box_w = 5, .box_h = 20, .ofs_x = -1, .ofs_y = -5},
    {.bitmap_index = 14722, .adv_w = 87, .box_w = 6, .box_h = 21, .ofs_x = -1, .ofs_y = -5},
    {.bitmap_index = 14757, .adv_w = 87, .box_w = 3, .box_h = 19, .ofs_x = 1, .ofs_y = 0},
    {.bitmap_index = 14768, .adv_w = 87, .box_w = 3, .box_h = 12, .ofs_x = 1, .ofs_y = 0},
    {.bitmap_index = 14773, .adv_w = 211, .box_w = 12, .box_h = 21, .ofs_x = 1, .ofs_y = -6},
    {.bitmap_index = 14859, .adv_w = 181, .box_w = 11, .box_h = 22, .ofs_x = 1, .ofs_y = -6},
    {.bitmap_index = 14928, .adv_w = 152, .box_w = 9, .box_h = 20, .ofs_x = 1, .ofs_y = 0},
    {.bitmap_index = 14960, .adv_w = 87, .box_w = 5, .box_h = 22, .ofs_x = 0, .ofs_y = 0},
    {.bitmap_index = 14978, .adv_w = 152, .box_w = 9, .box_h = 21, .ofs_x = 1, .ofs_y = -6},
    {.bitmap_index = 15010, .adv_w = 87, .box_w = 3, .box_h = 22, .ofs_x = 1, .ofs_y = -6},
    {.bitmap_index = 15024, .adv_w = 157, .box_w = 9, .box_h = 15, .ofs_x = 1, .ofs_y = 0},
    {.bitmap_index = 15050, .adv_w = 130, .box_w = 7, .box_h = 16, .ofs_x = 1, .ofs_y = 0},
    {.bitmap_index = 15071, .adv_w = 152, .box_w = 9, .box_h = 15, .ofs_x = 1, .ofs_y = 0},
    {.bitmap_index = 15095, .adv_w = 104, .box_w = 7, .box_h = 16, .ofs_x = 1, .ofs_y = 0},
    {.bitmap_index = 15112, .adv_w = 154, .box_w = 10, .box_h = 15, .ofs_x = 0, .ofs_y = 0},
    {.bitmap_index = 15142, .adv_w = 88, .box_w = 6, .box_h = 16, .ofs_x = 0, .ofs_y = 0},
    {.bitmap_index = 15161, .adv_w = 247, .box_w = 13, .box_h = 20, .ofs_x = 1, .ofs_y = 0},
    {.bitmap_index = 15242, .adv_w = 225, .box_w = 12, .box_h = 18, .ofs_x = 1, .ofs_y = 0},
    {.bitmap_index = 15302, .adv_w = 247, .box_w = 13, .box_h = 21, .ofs_x = 1, .ofs_y = -6},
    {.bitmap_index = 15384, .adv_w = 225, .box_w = 12, .box_h = 18, .ofs_x = 1, .ofs_y = -6},
    {.bitmap_index = 15443, .adv_w = 247, .box_w = 13, .box_h = 20, .ofs_x = 1, .ofs_y = 0},
    {.bitmap_index = 15526, .adv_w = 225, .box_w = 12, .box_h = 17, .ofs_x = 1, .ofs_y = 0},
    {.bitmap_index = 15588, .adv_w = 277, .box_w = 17, .box_h = 19, .ofs_x = 0, .ofs_y = 0},
    {.bitmap_index = 15707, .adv_w = 225, .box_w = 14, .box_h = 15, .ofs_x = 0, .ofs_y = 0},
    {.bitmap_index = 15792, .adv_w = 277, .box_w = 17, .box_h = 20, .ofs_x = 0, .ofs_y = 0},
    {.bitmap_index = 15920, .adv_w = 225, .box_w = 14, .box_h = 16, .ofs_x = 0, .ofs_y = 0},
    {.bitmap_index = 16013, .adv_w = 277, .box_w = 17, .box_h = 20, .ofs_x = 0, .ofs_y = 0},
    {.bitmap_index = 16141, .adv_w = 225, .box_w = 14, .box_h = 16, .ofs_x = 0, .ofs_y = 0},
    {.bitmap_index = 16234, .adv_w = 382, .box_w = 23, .box_h = 15, .ofs_x = 0, .ofs_y = 0},
    {.bitmap_index = 16358, .adv_w = 380, .box_w = 23, .box_h = 12, .ofs_x = 0, .ofs_y = 0},
    {.bitmap_index = 16476, .adv_w = 214, .box_w = 12, .box_h = 20, .ofs_x = 1, .ofs_y = 0},
    {.bitmap_index = 16561, .adv_w = 131, .box_w = 7, .box_h = 17, .ofs_x = 1, .ofs_y = 0},
    {.bitmap_index = 16598, .adv_w = 214, .box_w = 12, .box_h = 21, .ofs_x = 1, .ofs_y = -6},
    {.bitmap_index = 16685, .adv_w = 131, .box_w = 7, .box_h = 18, .ofs_x = 1, .ofs_y = -6},
    {.bitmap_index = 16721, .adv_w = 214, .box_w = 12, .box_h = 20, .ofs_x = 1, .ofs_y = 0},
    {.bitmap_index = 16810, .adv_w = 131, .box_w = 8, .box_h = 17, .ofs_x = 1, .ofs_y = 0},
    {.bitmap_index = 16849, .adv_w = 207, .box_w = 11, .box_h = 20, .ofs_x = 1, .ofs_y = 0},
    {.bitmap_index = 16941, .adv_w = 184, .box_w = 10, .box_h = 17, .ofs_x = 1, .ofs_y = 0},
    {.bitmap_index = 17018, .adv_w = 207, .box_w = 11, .box_h = 21, .ofs_x = 1, .ofs_y = -6},
    {.bitmap_index = 17120, .adv_w = 184, .box_w = 10, .box_h = 18, .ofs_x = 1, .ofs_y = -6},
    {.bitmap_index = 17203, .adv_w = 207, .box_w = 11, .box_h = 20, .ofs_x = 1, .ofs_y = 0},
    {.bitmap_index = 17297, .adv_w = 184, .box_w = 10, .box_h = 17, .ofs_x = 1, .ofs_y = 0},
    {.bitmap_index = 17378, .adv_w = 190, .box_w = 12, .box_h = 21, .ofs_x = 0, .ofs_y = -6},
    {.bitmap_index = 17417, .adv_w = 128, .box_w = 8, .box_h = 21, .ofs_x = 0, .ofs_y = -6},
    {.bitmap_index = 17469, .adv_w = 190, .box_w = 12, .box_h = 20, .ofs_x = 0, .ofs_y = 0},
    {.bitmap_index = 17511, .adv_w = 129, .box_w = 9, .box_h = 17, .ofs_x = 0, .ofs_y = 0},
    {.bitmap_index = 17556, .adv_w = 238, .box_w = 13, .box_h = 20, .ofs_x = 1, .ofs_y = 0},
    {.bitmap_index = 17621, .adv_w = 225, .box_w = 12, .box_h = 15, .ofs_x = 1, .ofs_y = 0},
    {.bitmap_index = 17673, .adv_w = 238, .box_w = 13, .box_h = 19, .ofs_x = 1, .ofs_y = 0},
    {.bitmap_index = 17732, .adv_w = 225, .box_w = 12, .box_h = 15, .ofs_x = 1, .ofs_y = 0},
    {.bitmap_index = 17779, .adv_w = 238, .box_w = 13, .box_h = 20, .ofs_x = 1, .ofs_y = 0},
    {.bitmap_index = 17846, .adv_w = 225, .box_w = 12, .box_h = 16, .ofs_x = 1, .ofs_y = 0},
    {.bitmap_index = 17901, .adv_w = 238, .box_w = 13, .box_h = 21, .ofs_x = 1, .ofs_y = 0},
    {.bitmap_index = 17971, .adv_w = 225, .box_w = 12, .box_h = 18, .ofs_x = 1, .ofs_y = 0},
    {.bitmap_index = 18033, .adv_w = 238, .box_w = 13, .box_h = 20, .ofs_x = 1, .ofs_y = 0},
    {.bitmap_index = 18099, .adv_w = 225, .box_w = 12, .box_h = 16, .ofs_x = 1, .ofs_y = 0},
    {.bitmap_index = 18153, .adv_w = 238, .box_w = 13, .box_h = 20, .ofs_x = 1, .ofs_y = -5},
    {.bitmap_index = 18218, .adv_w = 225, .box_w = 12, .box_h = 17, .ofs_x = 1, .ofs_y = -5},
    {.bitmap_index = 18278, .adv_w = 344, .box_w = 21, .box_h = 20, .ofs_x = 0, .ofs_y = 0},
    {.bitmap_index = 18446, .adv_w = 289, .box_w = 18, .box_h = 17, .ofs_x = 0, .ofs_y = 0},
    {.bitmap_index = 18576, .adv_w = 206, .box_w = 13, .box_h = 20, .ofs_x = 0, .ofs_y = 0},
    {.bitmap_index = 18655, .adv_w = 198, .box_w = 13, .box_h = 23, .ofs_x = 0, .ofs_y = -6},
    {.bitmap_index = 18767, .adv_w = 206, .box_w = 13, .box_h = 19, .ofs_x = 0, .ofs_y = 0},
    {.bitmap_index = 18844, .adv_w = 190, .box_w = 10, .box_h = 20, .ofs_x = 1, .ofs_y = 0},
    {.bitmap_index = 18918, .adv_w = 160, .box_w = 10, .box_h = 18, .ofs_x = 0, .ofs_y = 0},
    {.bitmap_index = 18984, .adv_w = 190, .box_w = 10, .box_h = 19, .ofs_x = 1, .ofs_y = 0},
    {.bitmap_index = 19052, .adv_w = 160, .box_w = 10, .box_h = 15, .ofs_x = 0, .ofs_y = 0},
    {.bitmap_index = 19109, .adv_w = 190, .box_w = 10, .box_h = 20, .ofs_x = 1, .ofs_y = 0},
    {.bitmap_index = 19185, .adv_w = 160, .box_w = 10, .box_h = 17, .ofs_x = 0, .ofs_y = 0},
    {.bitmap_index = 19252, .adv_w = 238, .box_w = 13, .box_h = 2, .ofs_x = 1, .ofs_y = 7},
    {.bitmap_index = 19259, .adv_w = 312, .box_w = 17, .box_h = 2, .ofs_x = 1, .ofs_y = 7},
    {.bitmap_index = 19268, .adv_w = 77, .box_w = 5, .box_h = 5, .ofs_x = 0, .ofs_y = 10},
    {.bitmap_index = 19281, .adv_w = 77, .box_w = 5, .box_h = 5, .ofs_x = 0, .ofs_y = 10},
    {.bitmap_index = 19295, .adv_w = 65, .box_w = 5, .box_h = 5, .ofs_x = -1, .ofs_y = -2},
    {.bitmap_index = 19308, .adv_w = 134, .box_w = 8, .box_h = 5, .ofs_x = 0, .ofs_y = 10},
    {.bitmap_index = 19329, .adv_w = 134, .box_w = 8, .box_h = 5, .ofs_x = 0, .ofs_y = 10},
    {.bitmap_index = 19350, .adv_w = 123, .box_w = 9, .box_h = 5, .ofs_x = -1, .ofs_y = -2},
    {.bitmap_index = 19374, .adv_w = 145, .box_w = 7, .box_h = 6, .ofs_x = 1, .ofs_y = 5},
    {.bitmap_index = 19394, .adv_w = 205, .box_w = 12, .box_h = 3, .ofs_x = 0, .ofs_y = 0},
    {.bitmap_index = 19412, .adv_w = 285, .box_w = 18, .box_h = 15, .ofs_x = 0, .ofs_y = 0}
};

/*---------------------
 *  CHARACTER MAPPING
 *--------------------*/

static const uint8_t glyph_id_ofs_list_3[] = {
    0, 1, 2, 3, 4, 5, 0, 0,
    0, 0, 6, 7, 8, 9, 10, 11,
    12, 13, 14, 15, 0, 0, 0, 0,
    16, 17, 0, 18, 19, 20, 21, 22,
    23, 24, 25, 26, 27, 28, 29, 30,
    31, 32, 33, 0, 0, 0, 34, 35,
    36, 37, 38, 39, 40, 41, 42, 43,
    44, 45, 46, 47, 48, 49, 0, 0,
    50, 51, 52, 53, 54, 55, 56, 57
};

static const uint16_t unicode_list_5[] = {
    0x0, 0x1, 0x5, 0x6, 0x7, 0x9, 0xa, 0xb,
    0xf, 0x13, 0x99
};

/*Collect the unicode lists and glyph_id offsets*/
static const lv_font_fmt_txt_cmap_t cmaps[] =
{
    {
        .range_start = 32, .range_length = 95, .glyph_id_start = 1,
        .unicode_list = NULL, .glyph_id_ofs_list = NULL, .list_length = 0, .type = LV_FONT_FMT_TXT_CMAP_FORMAT0_TINY
    },
    {
        .range_start = 160, .range_length = 104, .glyph_id_start = 96,
        .unicode_list = NULL, .glyph_id_ofs_list = NULL, .list_length = 0, .type = LV_FONT_FMT_TXT_CMAP_FORMAT0_TINY
    },
    {
        .range_start = 266, .range_length = 18, .glyph_id_start = 200,
        .unicode_list = NULL, .glyph_id_ofs_list = NULL, .list_length = 0, .type = LV_FONT_FMT_TXT_CMAP_FORMAT0_TINY
    },
    {
        .range_start = 286, .range_length = 72, .glyph_id_start = 218,
        .unicode_list = NULL, .glyph_id_ofs_list = glyph_id_ofs_list_3, .list_length = 72, .type = LV_FONT_FMT_TXT_CMAP_FORMAT0_FULL
    },
    {
        .range_start = 360, .range_length = 23, .glyph_id_start = 276,
        .unicode_list = NULL, .glyph_id_ofs_list = NULL, .list_length = 0, .type = LV_FONT_FMT_TXT_CMAP_FORMAT0_TINY
    },
    {
        .range_start = 8211, .range_length = 154, .glyph_id_start = 299,
        .unicode_list = unicode_list_5, .glyph_id_ofs_list = NULL, .list_length = 11, .type = LV_FONT_FMT_TXT_CMAP_SPARSE_TINY
    }
};



/*--------------------
 *  ALL CUSTOM DATA
 *--------------------*/

#if LVGL_VERSION_MAJOR == 8
/*Store all the custom data of the font*/
static  lv_font_fmt_txt_glyph_cache_t cache;
#endif

#if LVGL_VERSION_MAJOR >= 8
static const lv_font_fmt_txt_dsc_t font_dsc = {
#else
static lv_font_fmt_txt_dsc_t font_dsc = {
#endif
    .glyph_bitmap = glyph_bitmap,
    .glyph_dsc = glyph_dsc,
    .cmaps = cmaps,
    .kern_dsc = NULL,
    .kern_scale = 0,
    .cmap_num = 6,
    .bpp = 4,
    .kern_classes = 0,
    .bitmap_format = 1,
#if LVGL_VERSION_MAJOR == 8
    .cache = &cache
#endif
};

extern const lv_font_t lv_font_montserrat_22;


/*-----------------
 *  PUBLIC FONT
 *----------------*/

/*Initialize a public general font descriptor*/
#if LVGL_VERSION_MAJOR >= 8
const lv_font_t poppins_regular_22 = {
#else
lv_font_t poppins_regular_22 = {
#endif
    .get_glyph_dsc = lv_font_get_glyph_dsc_fmt_txt,    /*Function pointer to get glyph's data*/
    .get_glyph_bitmap = lv_font_get_bitmap_fmt_txt,    /*Function pointer to get glyph's bitmap*/
    .line_height = 28,          /*The maximum line height required by the font*/
    .base_line = 6,             /*Baseline measured from the bottom of the line*/
#if !(LVGL_VERSION_MAJOR == 6 && LVGL_VERSION_MINOR == 0)
    .subpx = LV_FONT_SUBPX_NONE,
#endif
#if LV_VERSION_CHECK(7, 4, 0) || LVGL_VERSION_MAJOR >= 8
    .underline_position = -2,
    .underline_thickness = 1,
#endif
    .dsc = &font_dsc,          /*The custom font data. Will be accessed by `get_glyph_bitmap/dsc` */
#if LV_VERSION_CHECK(8, 2, 0) || LVGL_VERSION_MAJOR >= 9
    .fallback = &lv_font_montserrat_22,
#endif
    .user_data = NULL,
};



#endif /*#if POPPINS_REGULAR_22*/

