/*******************************************************************************
 * Size: 18 px
 * Bpp: 4
 * Opts: --bpp 4 --format lvgl --lv-include lvgl.h --lv-font-name poppins_regular_18 --lv-fallback lv_font_montserrat_20 --size 18 --font C:\Projects\OfflineWorkspace\PROJEKTY\PROJEKTY_W_BUDOWIE\Guiton_BETTA\.tmp_fonts\Poppins-Regular.ttf -r 0x20-0x7F -r 0xA0-0xFF -r 0x100-0x17F -r 0x2013-0x2014 -r 0x2018-0x201E -r 0x2022 -r 0x2026 -r 0x20AC -o C:\Projects\OfflineWorkspace\PROJEKTY\PROJEKTY_W_BUDOWIE\Guiton_BETTA\main\ui\fonts\poppins_regular_18.c
 ******************************************************************************/

#ifdef LV_LVGL_H_INCLUDE_SIMPLE
#include "lvgl.h"
#else
#include "lvgl.h"
#endif

#ifndef POPPINS_REGULAR_18
#define POPPINS_REGULAR_18 1
#endif

#if POPPINS_REGULAR_18

/*-----------------
 *    BITMAPS
 *----------------*/

/*Store the image of the glyphs*/
static LV_ATTRIBUTE_LARGE_CONST const uint8_t glyph_bitmap[] = {
    /* U+0020 " " */

    /* U+0021 "!" */
    0x3f, 0x80, 0x7, 0x80, 0x42, 0x2, 0x1, 0xe3,
    0x3, 0x0, 0xe1, 0x17, 0xa0, 0x10, 0x26, 0xd3,
    0x89, 0x0,

    /* U+0022 "\"" */
    0x39, 0x18, 0x56, 0x60, 0x36, 0x88, 0x9, 0xfb,
    0x80, 0x4, 0x40,

    /* U+0023 "#" */
    0x0, 0xea, 0xe0, 0x9, 0x3d, 0x0, 0x3e, 0x44,
    0x0, 0x58, 0x8, 0x1, 0xe2, 0x1c, 0x0, 0x90,
    0xc0, 0x33, 0x7f, 0xb4, 0x27, 0xfe, 0x33, 0x7f,
    0x88, 0x12, 0x20, 0x61, 0x11, 0x30, 0x34, 0x40,
    0x80, 0x9d, 0xc0, 0x6e, 0xf7, 0x4, 0x3b, 0x80,
    0x38, 0xd4, 0x2, 0xd1, 0x10, 0x6, 0x22, 0x20,
    0x71, 0x14, 0xe4, 0x50, 0x1, 0xb7, 0x56, 0x11,
    0xbb, 0x11, 0xee, 0x88, 0x12, 0xa8, 0x61, 0x55,
    0x38, 0x45, 0x50, 0x80, 0x95, 0x42, 0x8a, 0xb7,
    0x83, 0x2a, 0x80, 0x38, 0x8c, 0x2, 0xc2, 0x10,
    0xf, 0x20, 0x68, 0x4, 0xae, 0x1, 0xc0,

    /* U+0024 "$" */
    0x0, 0x8f, 0x0, 0x39, 0x33, 0x7, 0xae, 0x0,
    0x4b, 0x7, 0x27, 0x8a, 0x8, 0x1c, 0xb1, 0xa4,
    0x52, 0x28, 0x3, 0x56, 0x19, 0x19, 0x0, 0x42,
    0x63, 0x1, 0xb2, 0x1, 0xc9, 0xaa, 0x87, 0xd2,
    0x20, 0x2, 0xad, 0x27, 0x6c, 0x0, 0xe1, 0x98,
    0x25, 0x53, 0x0, 0x64, 0x2, 0x99, 0x10, 0x4,
    0x80, 0x70, 0x19, 0x43, 0x10, 0x34, 0x46, 0x2b,
    0x13, 0x33, 0x0, 0x7, 0x78, 0x7d, 0x20, 0x1c,
    0x54, 0x1, 0x80,

    /* U+0025 "%" */
    0x3, 0xcf, 0xb1, 0x0, 0xab, 0x80, 0x2d, 0x4f,
    0xb, 0x0, 0x1a, 0xc0, 0x0, 0x86, 0x43, 0x94,
    0x1, 0xe4, 0xc0, 0x1f, 0x8, 0x29, 0xc8, 0x4,
    0x43, 0x21, 0xc8, 0x10, 0x88, 0x0, 0xda, 0x9e,
    0x16, 0xe5, 0x0, 0x1c, 0x79, 0xf6, 0x12, 0xc6,
    0x1, 0xfd, 0x3, 0x0, 0x1f, 0xc4, 0xce, 0x29,
    0x9b, 0x22, 0x1, 0xa0, 0x60, 0x6e, 0xbd, 0x6c,
    0x2, 0x35, 0x80, 0x50, 0x62, 0xb7, 0x0, 0xbc,
    0x98, 0x18, 0x8, 0x35, 0xc0, 0xa, 0x72, 0x0,
    0x2a, 0xfd, 0x1b,

    /* U+0026 "&" */
    0x0, 0x8f, 0x3f, 0xa4, 0x3, 0xf1, 0x60, 0xcb,
    0xb4, 0x80, 0x7c, 0x81, 0xcd, 0x28, 0x80, 0xf,
    0x8c, 0x18, 0x1, 0x7a, 0x1, 0xf2, 0x8d, 0x88,
    0x7, 0xf8, 0x54, 0x70, 0x40, 0x3f, 0x1f, 0x2b,
    0x96, 0x8, 0x1, 0x6c, 0xc0, 0x1a, 0x5f, 0x16,
    0x58, 0x21, 0x6e, 0x60, 0x63, 0x62, 0x9, 0x65,
    0x92, 0x3e, 0x0, 0x70, 0x30, 0x9, 0x2c, 0x99,
    0x86, 0x0, 0x50, 0x90, 0xf, 0x94, 0x2, 0x17,
    0x3d, 0x77, 0x55, 0x94, 0x9d, 0x80, 0x51, 0x43,
    0x10, 0x78, 0xd6, 0x94, 0xa0,

    /* U+0027 "'" */
    0x39, 0x17, 0x63, 0x70, 0x31, 0x1,

    /* U+0028 "(" */
    0x0, 0xd1, 0xe8, 0x1, 0x33, 0xca, 0x0, 0x6,
    0x55, 0x80, 0x28, 0x8, 0x0, 0x85, 0x94, 0x80,
    0x27, 0xe, 0x0, 0xd8, 0x8, 0x1, 0x9c, 0xc0,
    0x38, 0x98, 0x3, 0xc4, 0x1, 0xe1, 0x0, 0xf1,
    0x80, 0x71, 0x8, 0x7, 0x32, 0x80, 0x76, 0x89,
    0x80, 0x64, 0xb, 0x0, 0xc4, 0x8e, 0x20, 0x1a,
    0x2, 0x40, 0x31, 0xb3, 0xa0, 0x6, 0x93, 0xa1,

    /* U+0029 ")" */
    0x2f, 0xb0, 0xc, 0x56, 0x92, 0x1, 0x91, 0xd8,
    0xc0, 0x34, 0xc, 0x0, 0x74, 0xa1, 0x80, 0x66,
    0xb, 0x0, 0xc2, 0x4a, 0x1, 0xc8, 0x40, 0x1d,
    0xc0, 0x40, 0x18, 0x40, 0x40, 0x3f, 0xe1, 0x2,
    0x0, 0xdc, 0x2, 0x1, 0x94, 0x80, 0x30, 0x9a,
    0x0, 0x67, 0xc, 0x0, 0xd6, 0x4a, 0x1, 0x29,
    0x58, 0x4, 0x56, 0x6c, 0x1, 0x78, 0x68, 0x4,

    /* U+002A "*" */
    0x0, 0x1f, 0x80, 0x4c, 0xa2, 0x20, 0x82, 0xb,
    0x80, 0xc4, 0x16, 0xd7, 0x16, 0xd3, 0x9c, 0xb2,
    0x27, 0x2d, 0x6a, 0x1c, 0x5a, 0x19, 0x2, 0x82,
    0x8,

    /* U+002B "+" */
    0x0, 0xc2, 0x40, 0x1f, 0xaf, 0x0, 0x3f, 0xf9,
    0xa2, 0x30, 0x0, 0x47, 0x3f, 0x74, 0xa3, 0xdd,
    0x6b, 0x5d, 0xc8, 0x37, 0x77, 0x8a, 0x24, 0x20,
    0x89, 0x18, 0x7, 0xff, 0x20,

    /* U+002C "," */
    0x0, 0x6e, 0x80, 0x2, 0x54, 0x0, 0x70, 0x60,
    0x6, 0x28, 0x80, 0x13, 0x80, 0x0,

    /* U+002D "-" */
    0x11, 0xf8, 0x3b, 0xbe, 0x3b, 0xbf, 0x8c,

    /* U+002E "." */
    0x1, 0x1b, 0xb0, 0x49, 0x80,

    /* U+002F "/" */
    0x0, 0xe4, 0xf5, 0x0, 0xe3, 0x7, 0x0, 0xec,
    0x12, 0x0, 0xe4, 0x40, 0x7, 0x18, 0x60, 0x7,
    0x20, 0x20, 0x7, 0x60, 0x90, 0x7, 0x22, 0x0,
    0x38, 0xc3, 0x0, 0x39, 0x1, 0x0, 0x3b, 0x4,
    0x80, 0x39, 0x10, 0x1, 0xc6, 0x18, 0x1, 0xc8,
    0x8, 0x1, 0xd8, 0x24, 0x1, 0xca, 0x80, 0x1c,
    0x63, 0x80, 0x1c, 0xa0, 0xa0, 0x1d, 0x82, 0x60,
    0x1c, 0x8a, 0x1, 0xc0,

    /* U+0030 "0" */
    0x0, 0x46, 0xff, 0x51, 0x0, 0x56, 0xec, 0xe8,
    0xb8, 0x20, 0x68, 0xf7, 0x15, 0x63, 0x21, 0x41,
    0x20, 0x12, 0x1a, 0x82, 0x90, 0x80, 0x65, 0x20,
    0x11, 0x0, 0x77, 0x1, 0x1b, 0x80, 0x7e, 0x37,
    0x0, 0xf8, 0xd8, 0x40, 0x3b, 0x80, 0x4c, 0x84,
    0x3, 0x29, 0x5, 0x84, 0x80, 0x48, 0x6a, 0x6,
    0x8f, 0x71, 0x56, 0x32, 0x0, 0xb7, 0x67, 0x45,
    0xc1, 0x0,

    /* U+0031 "1" */
    0x5f, 0xf8, 0x5e, 0xc, 0x0, 0x4e, 0xa0, 0x1f,
    0xfe, 0x80,

    /* U+0032 "2" */
    0x0, 0x15, 0xf7, 0xeb, 0x0, 0x45, 0xaa, 0xd0,
    0xd2, 0xe0, 0x9, 0xc, 0x87, 0xb3, 0x80, 0x2,
    0x29, 0x0, 0x56, 0x4, 0x1b, 0x60, 0x1b, 0xc0,
    0xc0, 0x84, 0x3, 0x29, 0x8, 0x7, 0x98, 0xac,
    0x3, 0xc7, 0x28, 0xc0, 0x1c, 0x7a, 0x54, 0x1,
    0xc9, 0x85, 0x82, 0x1, 0x9a, 0xd3, 0x4, 0x3,
    0x4c, 0x8b, 0x95, 0x71, 0x8b, 0x1, 0x55, 0x78,

    /* U+0033 "3" */
    0x0, 0x1d, 0xf7, 0xec, 0x8, 0x1, 0x31, 0x99,
    0x28, 0xfa, 0x0, 0x81, 0xc8, 0x69, 0x73, 0x30,
    0x77, 0x88, 0x5, 0xc0, 0x20, 0x42, 0x2, 0x4d,
    0xa, 0x40, 0x10, 0xf6, 0xcc, 0xa8, 0x3, 0xd,
    0xca, 0x43, 0x80, 0x72, 0x35, 0xbc, 0x10, 0x8,
    0x7, 0x50, 0x20, 0x74, 0x80, 0x78, 0x41, 0x18,
    0x80, 0x25, 0x3, 0x9, 0xc, 0x86, 0xa8, 0x44,
    0x1, 0x6a, 0x34, 0xbb, 0xac, 0x0,

    /* U+0034 "4" */
    0x0, 0xf2, 0xff, 0x80, 0x3e, 0x1b, 0x0, 0xfe,
    0xa0, 0x60, 0xf, 0x99, 0x28, 0x40, 0x3c, 0x52,
    0xc8, 0x1, 0xf7, 0x14, 0x80, 0x7c, 0xe7, 0xc0,
    0x1f, 0x1c, 0x39, 0x80, 0x7d, 0xc3, 0x42, 0x38,
    0x4, 0x48, 0x43, 0xbd, 0xd3, 0x7, 0x6a, 0xdd,
    0xf9, 0x2, 0xfc, 0x51, 0x3c, 0x20, 0x86, 0x1,
    0xff, 0x0,

    /* U+0035 "5" */
    0x6f, 0xff, 0x98, 0x2, 0x89, 0x9e, 0x40, 0x9,
    0x9b, 0xc4, 0x1, 0xff, 0xc1, 0x5c, 0xff, 0x73,
    0x0, 0x6b, 0x6a, 0x92, 0x96, 0x0, 0xa2, 0x95,
    0xb0, 0xa0, 0x1b, 0x9c, 0x3, 0x50, 0x90, 0x8,
    0x7, 0x10, 0xb, 0x50, 0x7, 0x68, 0x11, 0x15,
    0xc0, 0x33, 0x10, 0xa2, 0xc5, 0x33, 0xe8, 0xf0,
    0x2, 0xa5, 0xa6, 0x4d, 0x86, 0x0,

    /* U+0036 "6" */
    0x0, 0x2e, 0x7f, 0x5a, 0x0, 0x4d, 0x4d, 0x32,
    0x7b, 0x40, 0x4, 0xbd, 0x33, 0xe1, 0xf0, 0x28,
    0x40, 0x0, 0x43, 0x28, 0x34, 0x89, 0x7f, 0xdc,
    0x70, 0x1, 0x6, 0xd, 0x49, 0x43, 0x80, 0x9,
    0xa9, 0x5b, 0xe, 0x0, 0x28, 0x0, 0xd4, 0x6,
    0x40, 0x1e, 0x20, 0x7d, 0x2, 0x0, 0xc4, 0xe,
    0x81, 0x0, 0x1a, 0xc4, 0xc6, 0x16, 0xdd, 0xda,
    0x56, 0x0, 0x7a, 0x79, 0x81, 0xb5, 0x0,

    /* U+0037 "7" */
    0x6f, 0xff, 0xc4, 0x93, 0x3e, 0x30, 0x22, 0x33,
    0x78, 0x98, 0x3, 0xe5, 0x1b, 0x0, 0xfa, 0x50,
    0x80, 0x3c, 0x66, 0xe0, 0xf, 0xa0, 0x54, 0x3,
    0xc4, 0x92, 0x1, 0xf5, 0x83, 0x0, 0x7c, 0xcc,
    0x10, 0xf, 0x38, 0x50, 0x7, 0xd4, 0x66, 0x0,
    0xf2, 0x94, 0x80, 0x70,

    /* U+0038 "8" */
    0x2, 0xae, 0xfe, 0xb5, 0x0, 0x16, 0x23, 0x4c,
    0x9e, 0x98, 0x28, 0x76, 0x19, 0xf0, 0xac, 0x2,
    0x20, 0xc, 0xc0, 0x9, 0x1a, 0x30, 0x28, 0x48,
    0x1, 0xc5, 0xcf, 0xd7, 0x95, 0x1, 0xc3, 0x9b,
    0xa4, 0x95, 0xb, 0xc, 0x64, 0x5b, 0x4a, 0x7,
    0x51, 0x0, 0xda, 0x6, 0xe, 0x1, 0xc2, 0x0,
    0x43, 0x30, 0x6, 0xa1, 0x38, 0x1c, 0x96, 0x7d,
    0x2b, 0x1, 0xf6, 0x49, 0x93, 0x62, 0x80,

    /* U+0039 "9" */
    0x1, 0x9e, 0xfe, 0xa2, 0x0, 0xb1, 0x9e, 0x59,
    0x30, 0x41, 0x8a, 0x64, 0xd1, 0xe3, 0x21, 0x80,
    0xc0, 0x10, 0xb2, 0x80, 0x7e, 0x12, 0xd, 0x3,
    0x0, 0xc8, 0x2, 0xc1, 0xaa, 0x47, 0x44, 0x6,
    0x38, 0x75, 0xb8, 0xd0, 0x6, 0x7, 0xba, 0xbd,
    0xc0, 0x0, 0x89, 0xc8, 0x88, 0x41, 0xe4, 0x3,
    0x10, 0x0, 0x85, 0xd4, 0x0, 0xeb, 0x4c, 0xf8,
    0x12, 0x0, 0x89, 0x79, 0x93, 0xe0, 0x80,

    /* U+003A ":" */
    0xd, 0xb1, 0x26, 0x1e, 0xc0, 0x11, 0x0, 0x7f,
    0x84, 0x6e, 0xc1, 0x26,

    /* U+003B ";" */
    0x8, 0xe3, 0x2, 0x17, 0xa, 0xd4, 0x0, 0x10,
    0x7, 0xff, 0x8, 0xa0, 0xc2, 0x9c, 0x81, 0x54,
    0x22, 0x29, 0x7, 0x23, 0x7, 0xc0, 0x0,

    /* U+003C "<" */
    0x0, 0xc2, 0x64, 0x1, 0xe, 0x68, 0x80, 0x7,
    0xf, 0xc, 0xb, 0xcf, 0x8, 0xb, 0xf, 0xc8,
    0x0, 0x45, 0x28, 0x6, 0xc4, 0xb4, 0x0, 0xd6,
    0x96, 0xa0, 0x1a, 0xd6, 0x98,

    /* U+003D "=" */
    0x1, 0x1f, 0xe0, 0x3e, 0xef, 0xe2, 0x3b, 0xbf,
    0xe2, 0x4, 0x4f, 0xe0, 0x0, 0x8f, 0xf0, 0x1f,
    0x77, 0xf1, 0x1d, 0xdf, 0xf1, 0x0,

    /* U+003E ">" */
    0x3, 0x30, 0x7, 0xaf, 0x20, 0x3, 0xa2, 0xf,
    0x20, 0x1c, 0xf2, 0xd4, 0x1, 0xcd, 0x4b, 0x60,
    0x1d, 0x81, 0x80, 0x1a, 0x9a, 0x5c, 0x2, 0xb5,
    0xa6, 0x0, 0xad, 0x29, 0x40, 0x20,

    /* U+003F "?" */
    0x0, 0x46, 0xfe, 0xc8, 0x80, 0x29, 0xd2, 0x55,
    0xb0, 0x9, 0x62, 0x5a, 0x28, 0x98, 0x1d, 0x40,
    0x25, 0xe, 0x28, 0x20, 0x8, 0x83, 0xc0, 0x30,
    0xaf, 0x83, 0x0, 0x13, 0xfa, 0x9b, 0x4, 0x3,
    0x5f, 0xd9, 0x80, 0x73, 0x80, 0x79, 0x38, 0xc0,
    0x3e, 0x30, 0xf, 0xa3, 0x58, 0x3, 0xdc, 0x4,
    0x1, 0x80,

    /* U+0040 "@" */
    0x0, 0xe2, 0x8c, 0xef, 0xda, 0x50, 0xf, 0xa7,
    0x4a, 0x77, 0x52, 0x57, 0x61, 0x0, 0x87, 0x13,
    0x69, 0x4c, 0x92, 0x3d, 0xe8, 0x2, 0xa7, 0xd2,
    0x0, 0xf0, 0xea, 0x28, 0x3a, 0xd0, 0x2, 0x3b,
    0xf1, 0xbc, 0x85, 0x78, 0x26, 0x42, 0x18, 0xd1,
    0x6b, 0x20, 0x41, 0xac, 0xa2, 0xc0, 0xe7, 0x8c,
    0x92, 0x44, 0x0, 0x9, 0xe9, 0x8, 0x52, 0x90,
    0x4, 0xce, 0x0, 0xe2, 0x23, 0x0, 0xb, 0x40,
    0x32, 0xe8, 0x0, 0xd4, 0x3, 0xbc, 0x2, 0x51,
    0x20, 0x14, 0xa2, 0x60, 0x2, 0x3a, 0x93, 0x48,
    0xe1, 0x6a, 0x9e, 0x11, 0x2, 0x96, 0xb3, 0xf6,
    0xdf, 0x12, 0x81, 0xf, 0xc4, 0x55, 0xfd, 0x22,
    0xbd, 0xc8, 0x0, 0xb4, 0x3d, 0x88, 0x0, 0x2a,
    0x1, 0xf0, 0xec, 0xde, 0xff, 0xbb, 0x84, 0x1,
    0xf9, 0xf7, 0xf7, 0xbe, 0xc8, 0x3, 0x80,

    /* U+0041 "A" */
    0x0, 0xc3, 0xfe, 0x20, 0xf, 0xce, 0x0, 0xa0,
    0xf, 0xda, 0x24, 0xc0, 0x1f, 0xa, 0x3d, 0x9,
    0x80, 0x79, 0x83, 0x54, 0x28, 0x3, 0xd6, 0x28,
    0x44, 0x70, 0xe, 0x23, 0x70, 0x5, 0xa, 0x0,
    0x65, 0xd, 0x0, 0x28, 0x68, 0x6, 0xa0, 0x51,
    0x11, 0x93, 0x0, 0x46, 0x41, 0xdd, 0x88, 0x14,
    0x1, 0x61, 0x37, 0x7c, 0x1e, 0x0, 0x62, 0x64,
    0x4f, 0x28, 0x18, 0xa8, 0x7, 0xb8, 0x14,

    /* U+0042 "B" */
    0x9f, 0xfe, 0xb3, 0x0, 0xd5, 0x54, 0x2e, 0x18,
    0x4, 0xab, 0x3e, 0x4, 0x0, 0x7c, 0x44, 0x60,
    0xf, 0xc4, 0xe0, 0x10, 0x8c, 0x76, 0x12, 0x1,
    0x77, 0x58, 0x96, 0x60, 0x15, 0xdd, 0x49, 0x66,
    0x1, 0x22, 0x4b, 0x67, 0xa0, 0x1f, 0x90, 0x44,
    0x1, 0xf2, 0x0, 0x80, 0x15, 0x66, 0xb3, 0x70,
    0xa, 0xaa, 0x97, 0x98, 0x0,

    /* U+0043 "C" */
    0x0, 0xcd, 0x9d, 0xfb, 0x2, 0x1, 0x8b, 0x65,
    0xda, 0x19, 0xfc, 0xc0, 0x2f, 0x3c, 0xb8, 0x7b,
    0xc0, 0xc2, 0x8, 0x2a, 0x30, 0xc, 0x76, 0x54,
    0xc, 0x68, 0x1, 0xe5, 0xd8, 0x11, 0x20, 0x7,
    0xf8, 0x83, 0xc0, 0x3f, 0xc4, 0x1e, 0x1, 0xfe,
    0x11, 0x20, 0x7, 0xfc, 0xc6, 0x80, 0x1e, 0x4c,
    0x80, 0x82, 0xa3, 0x0, 0xc5, 0x47, 0x40, 0xf,
    0x3c, 0xb7, 0x75, 0x68, 0xd9, 0x0, 0xb, 0x65,
    0xe2, 0xe, 0xee, 0x40,

    /* U+0044 "D" */
    0x9f, 0xfd, 0xb4, 0xa0, 0x1d, 0x55, 0x86, 0xac,
    0x40, 0x25, 0x59, 0xee, 0xc9, 0x40, 0x1f, 0x92,
    0x11, 0x0, 0x1f, 0x9c, 0x38, 0x3, 0xf8, 0xdc,
    0x3, 0xf9, 0xcc, 0x3, 0xf9, 0xcc, 0x3, 0xf8,
    0xdc, 0x3, 0xf3, 0x7, 0x80, 0x7c, 0x92, 0x8a,
    0x0, 0x55, 0x9e, 0xec, 0x74, 0x1, 0x55, 0x52,
    0x15, 0x82, 0x0,

    /* U+0045 "E" */
    0x9f, 0xff, 0x10, 0x2, 0x6a, 0xb1, 0x0, 0x19,
    0x57, 0x0, 0x7f, 0xf1, 0xc4, 0x70, 0x6, 0xee,
    0xd2, 0x1, 0x5d, 0xf0, 0x4, 0x89, 0x88, 0x3,
    0xff, 0x8e, 0xab, 0xc0, 0x15, 0x57, 0x10,

    /* U+0046 "F" */
    0x9f, 0xff, 0x38, 0x2, 0xab, 0x94, 0x0, 0xab,
    0xc4, 0x1, 0xff, 0xc6, 0x11, 0xc0, 0x1b, 0xbb,
    0x38, 0x5, 0x77, 0x98, 0x2, 0x44, 0xc2, 0x1,
    0xff, 0xd5,

    /* U+0047 "G" */
    0x0, 0xcd, 0x9d, 0xf9, 0x2, 0x1, 0xc5, 0xb2,
    0xc, 0xef, 0x79, 0x80, 0x6f, 0x3b, 0xc8, 0x85,
    0xe0, 0x61, 0x0, 0x20, 0xa9, 0x0, 0x31, 0xd1,
    0xd0, 0x1, 0x89, 0x0, 0x3c, 0x99, 0x0, 0x22,
    0x50, 0xc, 0x23, 0xe0, 0x20, 0xf0, 0xa, 0x3b,
    0xbc, 0x64, 0x1e, 0x1, 0x55, 0xde, 0x40, 0x11,
    0x90, 0x2, 0x24, 0x4c, 0xc2, 0x40, 0xc6, 0x80,
    0x1e, 0x42, 0x60, 0x4, 0x15, 0x20, 0x6, 0x3a,
    0x29, 0x0, 0xbc, 0xef, 0x22, 0x17, 0x87, 0xe2,
    0x1, 0x16, 0xc8, 0x33, 0xba, 0x34, 0x80, 0x0,

    /* U+0048 "H" */
    0x9f, 0x0, 0xf4, 0xf8, 0x7, 0xff, 0x8c, 0x47,
    0xc6, 0x1, 0xbb, 0xbc, 0xa0, 0x1a, 0xef, 0xc8,
    0x1, 0x91, 0x3c, 0x40, 0x1f, 0xfe, 0x20,

    /* U+0049 "I" */
    0x9f, 0x0, 0xff, 0xec, 0x80,

    /* U+004A "J" */
    0x0, 0xf7, 0xd8, 0x7, 0xff, 0xd0, 0xa4, 0xc0,
    0x30, 0x9b, 0x50, 0x0, 0x80, 0x85, 0x5a, 0xa3,
    0x2, 0x82, 0x9d, 0x1c, 0xb0, 0x80,

    /* U+004B "K" */
    0x9f, 0x0, 0xc7, 0xf8, 0x1, 0xe2, 0xd1, 0xd0,
    0xe, 0x1f, 0xc, 0x10, 0xe, 0xd2, 0xa2, 0x0,
    0xea, 0x3a, 0x40, 0xe, 0x85, 0x85, 0x0, 0xf3,
    0x9b, 0x80, 0x7c, 0xc6, 0xe0, 0x1f, 0x4a, 0x42,
    0x80, 0x7d, 0x67, 0x48, 0x1, 0xf6, 0x8d, 0x90,
    0x7, 0x87, 0x3, 0x4, 0x3, 0xc5, 0x63, 0x80,

    /* U+004C "L" */
    0x9f, 0x0, 0xff, 0xff, 0x80, 0x15, 0x71, 0x0,
    0x2a, 0xb2, 0x0,

    /* U+004D "M" */
    0x9f, 0x50, 0xf, 0xdb, 0xe2, 0x0, 0x90, 0xf,
    0x90, 0x80, 0x31, 0x98, 0x3, 0xde, 0x1, 0xc3,
    0x20, 0x1c, 0x48, 0x20, 0x1a, 0x54, 0x40, 0x35,
    0x8b, 0x80, 0x66, 0x9, 0x0, 0xcc, 0xc1, 0x0,
    0xc2, 0xcc, 0x0, 0x98, 0x24, 0x3, 0xd6, 0x2a,
    0x0, 0xb5, 0x10, 0xf, 0x12, 0x48, 0x21, 0x70,
    0x7, 0xef, 0x33, 0x79, 0x20, 0x7, 0xe4, 0x2f,
    0x4b, 0x0, 0xff, 0x51, 0x8b, 0x0, 0x7f, 0x98,
    0x18, 0x3, 0xc0,

    /* U+004E "N" */
    0x9f, 0x50, 0xe, 0x6f, 0x40, 0x5, 0x88, 0x7,
    0xf0, 0xc0, 0x7, 0xf4, 0x32, 0x0, 0x7e, 0x73,
    0x90, 0xf, 0xee, 0x28, 0x0, 0xfc, 0x4e, 0xe3,
    0x0, 0xfd, 0x5, 0xe0, 0x1f, 0xd2, 0x6e, 0x1,
    0xf9, 0x1a, 0x38, 0x3, 0xf4, 0xb, 0x80, 0x7e,
    0x1b, 0x0, 0xff, 0x2a, 0x0, 0x0,

    /* U+004F "O" */
    0x0, 0xcd, 0x9d, 0xfa, 0xe2, 0x1, 0xc5, 0xb2,
    0xf3, 0xf, 0x1e, 0x60, 0x1b, 0xcf, 0x2d, 0xdd,
    0x5a, 0x7a, 0x20, 0x8, 0x2a, 0x30, 0xc, 0x5e,
    0x36, 0x0, 0x63, 0x40, 0xf, 0x12, 0xa8, 0x46,
    0x40, 0xf, 0xd8, 0xa, 0x41, 0xe0, 0x1f, 0x8c,
    0x4, 0x83, 0xc0, 0x3f, 0x18, 0x8, 0xc8, 0x1,
    0xfb, 0x1, 0x41, 0x8d, 0x0, 0x3c, 0x4a, 0xa1,
    0x8, 0x2a, 0x30, 0xc, 0x5e, 0x10, 0x1, 0x79,
    0xe5, 0xbb, 0xab, 0x4f, 0x8, 0x2, 0x2d, 0x97,
    0x98, 0x78, 0xf3, 0x0, 0x0,

    /* U+0050 "P" */
    0x9f, 0xfd, 0xd2, 0x20, 0x15, 0x54, 0xcc, 0xc1,
    0x0, 0x2a, 0xd1, 0x44, 0xc0, 0x1e, 0x50, 0xc0,
    0xf, 0xce, 0x1, 0xe3, 0x5, 0x0, 0x8, 0xc9,
    0xc1, 0x60, 0xe, 0xea, 0xce, 0xc8, 0x1, 0x77,
    0x6f, 0x20, 0x4, 0x89, 0x10, 0x7, 0xff, 0x48,

    /* U+0051 "Q" */
    0x0, 0xcd, 0x9d, 0xfa, 0xe2, 0x1, 0xc5, 0xb2,
    0xf3, 0xf, 0x1e, 0x60, 0x1b, 0xcf, 0x2d, 0xdd,
    0x5a, 0x7a, 0x20, 0x8, 0x2a, 0x30, 0xc, 0x5e,
    0x36, 0x0, 0x63, 0x40, 0xf, 0x12, 0xa8, 0x46,
    0x40, 0xf, 0xd8, 0xa, 0x41, 0xe0, 0x1f, 0x8c,
    0x4, 0x83, 0xc0, 0x3f, 0x18, 0x8, 0xc8, 0x1,
    0xfb, 0x1, 0x41, 0x8d, 0x0, 0x3c, 0x4a, 0xa1,
    0x8, 0x2a, 0x30, 0xc, 0x5e, 0x10, 0x1, 0x79,
    0xe5, 0xbb, 0xab, 0x4f, 0x8, 0x2, 0x2d, 0x97,
    0x98, 0x60, 0x22, 0x0, 0x79, 0xb3, 0xbf, 0x2c,
    0xf0, 0x40, 0x3f, 0xc9, 0x87, 0xe4,

    /* U+0052 "R" */
    0x9f, 0xfd, 0xd2, 0x20, 0x15, 0x54, 0xcc, 0xc0,
    0x9, 0x56, 0x8a, 0x27, 0x0, 0xf2, 0x86, 0x0,
    0x7f, 0xf0, 0xcc, 0xc, 0x0, 0x23, 0x27, 0x5,
    0x0, 0x3b, 0xab, 0xc, 0x20, 0x5, 0xd8, 0x83,
    0xc, 0x2, 0x44, 0x70, 0x58, 0x7, 0x8d, 0x95,
    0x40, 0x1e, 0x91, 0xb1, 0x0, 0xf5, 0x8d, 0x80,

    /* U+0053 "S" */
    0x3, 0xbe, 0xfd, 0x70, 0x1, 0xe2, 0xcc, 0xc,
    0x50, 0x40, 0x7b, 0xbb, 0x11, 0x49, 0x4c, 0x40,
    0x2a, 0xb3, 0x23, 0x30, 0x4, 0x28, 0x30, 0x19,
    0x28, 0x1, 0x93, 0x15, 0xaf, 0xe4, 0x40, 0x7,
    0x5f, 0x6a, 0xde, 0x1, 0xc9, 0x50, 0x2c, 0xec,
    0x1, 0x94, 0x3a, 0xe4, 0x80, 0x24, 0xd, 0xf0,
    0xc8, 0x69, 0x91, 0xa9, 0xe2, 0x34, 0xa3, 0xe0,
    0x0,

    /* U+0054 "T" */
    0x6f, 0xff, 0xc2, 0x95, 0x50, 0x1d, 0x54, 0x24,
    0xab, 0x3, 0xaa, 0xc0, 0x1f, 0xff, 0xf0, 0xf,
    0xfe, 0x70,

    /* U+0055 "U" */
    0xaf, 0x0, 0xf6, 0xe0, 0x7, 0xff, 0xe8, 0xc0,
    0x3e, 0x30, 0xe0, 0x20, 0xe, 0x16, 0x50, 0x80,
    0xd, 0x1, 0xc4, 0xeb, 0xb1, 0xc, 0x75, 0x40,
    0x8a, 0x17, 0x70, 0x4d, 0x0,

    /* U+0056 "V" */
    0x6f, 0x50, 0xf, 0x17, 0xcb, 0x87, 0x80, 0x7a,
    0x82, 0x85, 0x14, 0x3, 0xca, 0x46, 0x1c, 0xa,
    0x1, 0x8c, 0xa8, 0x0, 0xa1, 0xc0, 0x1a, 0xc1,
    0x80, 0x26, 0x41, 0x0, 0x99, 0x4, 0x2, 0xa0,
    0x70, 0x2, 0xe, 0x80, 0x63, 0x2a, 0x0, 0x68,
    0x30, 0x7, 0x29, 0x90, 0x32, 0x80, 0x7a, 0x81,
    0x54, 0x1c, 0x1, 0xe2, 0x3a, 0xf1, 0x40, 0xf,
    0xa8, 0x95, 0x80, 0x3f, 0x38, 0x2, 0xc0, 0x30,

    /* U+0057 "W" */
    0x7f, 0x40, 0xc, 0x7f, 0xc0, 0x1d, 0x7e, 0x8,
    0x18, 0x1, 0x90, 0x4, 0x80, 0x32, 0x20, 0xc,
    0x50, 0x3, 0x58, 0x1, 0x0, 0x23, 0xc, 0x0,
    0x21, 0x80, 0x63, 0x70, 0xc0, 0x9, 0x1, 0x40,
    0x18, 0x8, 0x0, 0x50, 0xb4, 0x40, 0x5, 0x82,
    0x40, 0x7, 0xc, 0x0, 0x60, 0x9e, 0x89, 0x80,
    0x11, 0xc0, 0x21, 0x24, 0x0, 0x23, 0x82, 0x2,
    0x1, 0x86, 0x0, 0x64, 0x30, 0x22, 0x60, 0x11,
    0x30, 0x10, 0x10, 0x3, 0x68, 0x22, 0x1, 0x40,
    0x8, 0x80, 0xc3, 0x10, 0xc, 0x81, 0x9a, 0x80,
    0x16, 0x82, 0x22, 0xc0, 0x3c, 0x68, 0x8c, 0x0,
    0x90, 0x20, 0x10, 0x3, 0xd6, 0x60, 0xa0, 0x19,
    0xc, 0x4c, 0x3, 0xc8, 0x2, 0x40, 0x1b, 0x1,
    0x0, 0x30,

    /* U+0058 "X" */
    0xd, 0xe0, 0xe, 0xbf, 0x20, 0x91, 0x80, 0x9,
    0x11, 0x4, 0x8, 0x87, 0x20, 0x4, 0x93, 0x80,
    0x52, 0x12, 0xc, 0x52, 0x1, 0x89, 0xd1, 0xa1,
    0x10, 0x1, 0xd0, 0x32, 0x32, 0x1, 0xf4, 0x82,
    0x90, 0x7, 0xd2, 0xa, 0x40, 0x1e, 0x81, 0xa0,
    0x90, 0xe, 0x27, 0x65, 0x74, 0x40, 0x6, 0x90,
    0x80, 0x81, 0x90, 0x9, 0x11, 0x2, 0x0, 0xb2,
    0x70, 0x4, 0x8b, 0x80, 0x4a, 0x70, 0x20,

    /* U+0059 "Y" */
    0x6f, 0x60, 0xe, 0xde, 0x6, 0x2b, 0x0, 0xca,
    0x50, 0x0, 0xb2, 0x50, 0xa, 0x5, 0x80, 0xc,
    0x52, 0x0, 0x42, 0x80, 0xd, 0x66, 0x81, 0x4,
    0xc0, 0x19, 0x8b, 0xcc, 0xd6, 0x1, 0xe8, 0x4e,
    0x26, 0x0, 0xf2, 0x91, 0x2c, 0x3, 0xf2, 0x83,
    0x80, 0x7f, 0xf9, 0x0,

    /* U+005A "Z" */
    0x1f, 0xff, 0xb4, 0x66, 0x79, 0x81, 0x81, 0x9b,
    0x88, 0x24, 0x3, 0x95, 0x1c, 0x80, 0x3a, 0xc6,
    0x0, 0x3a, 0x6, 0xc0, 0x38, 0x9c, 0xd4, 0x3,
    0xa4, 0x3c, 0x3, 0x91, 0xc, 0x60, 0x1d, 0x23,
    0x0, 0x1c, 0xe5, 0x2, 0x1, 0x86, 0x0, 0xc,
    0xdc, 0x60, 0x9, 0x9e, 0x80,

    /* U+005B "[" */
    0x1, 0x10, 0x4f, 0x72, 0x80, 0x17, 0x0, 0x28,
    0x40, 0x1f, 0xff, 0x21, 0x0, 0xf, 0x55, 0xdd,
    0x0,

    /* U+005C "\\" */
    0x8f, 0x10, 0xe, 0xb0, 0x70, 0xe, 0x31, 0xc0,
    0xf, 0x22, 0x80, 0x7b, 0x0, 0xc0, 0x39, 0xc2,
    0xc0, 0x38, 0x49, 0x0, 0x3c, 0xa6, 0x20, 0x1d,
    0x80, 0x80, 0x1c, 0x81, 0xe0, 0x1e, 0x44, 0x0,
    0x7b, 0x44, 0xc0, 0x39, 0x1, 0x0, 0x38, 0x89,
    0x60, 0x1e, 0x43, 0x10, 0xe, 0xd0, 0x40, 0xe,
    0x40, 0xc0, 0xf, 0x23, 0x80, 0x7b, 0x4, 0x80,
    0x39, 0x41, 0x40,

    /* U+005D "]" */
    0x1, 0x18, 0x1, 0xdd, 0x18, 0x5c, 0x0, 0x48,
    0x40, 0x1f, 0xff, 0xf0, 0x8, 0x4c, 0x2, 0xe9,
    0x0, 0xae, 0xe3,

    /* U+005E "^" */
    0x0, 0xc3, 0x8, 0x1, 0xfa, 0x5e, 0x40, 0x3f,
    0x38, 0x92, 0x80, 0x79, 0xc2, 0x8a, 0x40, 0x3d,
    0x46, 0x94, 0x66, 0x0, 0xca, 0x52, 0xe, 0x12,
    0x1, 0xa4, 0x54, 0x0, 0xca, 0x20, 0x3, 0x34,
    0x80, 0x56, 0x12, 0x0, 0x90, 0x60, 0x8, 0x91,
    0xc0, 0x55, 0x84, 0x3, 0x78, 0x38,

    /* U+005F "_" */
    0x8, 0x8f, 0xe3, 0x17, 0x7f, 0xe4,

    /* U+0060 "`" */
    0x0, 0xe9, 0x50, 0xb, 0xeb, 0x8, 0x1b, 0x93,
    0x44, 0x6, 0x38, 0x40,

    /* U+0061 "a" */
    0x0, 0xc, 0x6f, 0xec, 0x7, 0x60, 0xe, 0x3b,
    0x42, 0xb6, 0x0, 0x56, 0x53, 0x6f, 0x1c, 0x2,
    0x0, 0x54, 0x60, 0xd, 0xe0, 0x2, 0x3, 0x0,
    0xe3, 0x10, 0xb, 0xc0, 0x3f, 0x10, 0x60, 0x7,
    0x10, 0x80, 0x19, 0x10, 0x1, 0xa0, 0x2, 0x82,
    0xb8, 0x56, 0xc6, 0x10, 0x0, 0xe3, 0xb5, 0x5a,
    0x60, 0x0,

    /* U+0062 "b" */
    0x9f, 0x0, 0xff, 0xeb, 0x36, 0x7f, 0x51, 0x0,
    0x69, 0x85, 0x84, 0x5c, 0x20, 0x9, 0x3e, 0x5e,
    0xb0, 0x78, 0x2, 0x81, 0x0, 0x8d, 0x8c, 0x80,
    0x8, 0x1, 0xd8, 0xe, 0x1, 0xff, 0xc1, 0x40,
    0xe, 0xc0, 0x70, 0x4, 0x8, 0x4, 0x8c, 0x64,
    0x0, 0x7f, 0x97, 0xab, 0x1e, 0x0, 0xaa, 0x12,
    0x11, 0x70, 0x80,

    /* U+0063 "c" */
    0x0, 0xc, 0x6f, 0xf5, 0x10, 0x4, 0x38, 0xe9,
    0x2c, 0x9a, 0x60, 0xb, 0x2b, 0x96, 0x8c, 0xf,
    0x0, 0x2a, 0x20, 0x2, 0x2c, 0x80, 0x20, 0x30,
    0xe, 0x34, 0x0, 0xff, 0xe0, 0x10, 0x18, 0x7,
    0x12, 0x0, 0x15, 0x10, 0x1, 0xe, 0x40, 0x2,
    0xca, 0xe5, 0xa3, 0xc3, 0xc0, 0x3, 0x8e, 0x92,
    0xc9, 0x86, 0x0,

    /* U+0064 "d" */
    0x0, 0xfe, 0xec, 0x0, 0xff, 0xe6, 0xc, 0x6f,
    0xeb, 0x80, 0x61, 0xc7, 0x68, 0x59, 0xc0, 0xa,
    0xca, 0x6d, 0xe3, 0x80, 0x40, 0xa, 0x8c, 0x1,
    0xbc, 0x0, 0x40, 0x60, 0x1c, 0x62, 0x1, 0x78,
    0x7, 0xe2, 0xc, 0x0, 0xe2, 0x10, 0x3, 0x22,
    0x0, 0x34, 0x0, 0x50, 0x57, 0xa, 0xd8, 0xc2,
    0x0, 0x1c, 0x76, 0xab, 0x4c, 0x0, 0x0,

    /* U+0065 "e" */
    0x0, 0xa3, 0x7f, 0xa8, 0xc0, 0x21, 0xd7, 0x49,
    0x64, 0xc4, 0x0, 0x59, 0x6c, 0xb4, 0x71, 0xd0,
    0x1, 0x54, 0x62, 0x3a, 0x85, 0x8, 0x17, 0xbb,
    0xa4, 0x4, 0x0, 0xb7, 0x7f, 0x21, 0x0, 0xa2,
    0x73, 0x88, 0x81, 0x91, 0x40, 0x21, 0xd8, 0x0,
    0x41, 0x55, 0x1a, 0x3c, 0x78, 0x0, 0x3a, 0xee,
    0x96, 0x4d, 0x30,

    /* U+0066 "f" */
    0x0, 0x26, 0x7a, 0x0, 0xd8, 0xc2, 0x82, 0x84,
    0x38, 0xcd, 0x85, 0x7b, 0x53, 0x83, 0xd2, 0x1e,
    0x86, 0xa9, 0x0, 0x7f, 0xf7, 0x80,

    /* U+0067 "g" */
    0x0, 0xc, 0x6f, 0xec, 0x7, 0x60, 0xe, 0x3a,
    0xdc, 0x26, 0x80, 0x56, 0x59, 0x8, 0xb8, 0xe2,
    0x0, 0x54, 0x30, 0xd, 0x0, 0x2, 0xc, 0x0,
    0xe2, 0x10, 0xb, 0xc0, 0x3c, 0x20, 0x40, 0x80,
    0x1c, 0x60, 0x13, 0x1b, 0x0, 0x6f, 0x0, 0xa0,
    0xa6, 0xde, 0x39, 0xc4, 0x0, 0x38, 0xeb, 0xb,
    0x36, 0x1, 0x86, 0x3b, 0xf5, 0xc0, 0x33, 0x48,
    0x7, 0x8, 0x94, 0x0, 0xd2, 0x1, 0xac, 0x34,
    0x19, 0x1b, 0x1e, 0x31, 0x59, 0x0, 0x17, 0x21,
    0x2e, 0x15, 0x20,

    /* U+0068 "h" */
    0x9f, 0x0, 0xff, 0xe9, 0xc, 0xf7, 0xe2, 0x80,
    0x6c, 0x59, 0x72, 0xa6, 0x0, 0x9f, 0x1e, 0x3c,
    0x60, 0x2, 0x90, 0x8, 0x58, 0x48, 0x0, 0x60,
    0x1b, 0x80, 0x40, 0x3f, 0xfc, 0xc0,

    /* U+0069 "i" */
    0x9e, 0x25, 0x11, 0x66, 0x9c, 0xe8, 0x7, 0xff,
    0x40,

    /* U+006A "j" */
    0x0, 0x47, 0x10, 0x0, 0xc4, 0x40, 0xb, 0xd3,
    0x0, 0x4e, 0x88, 0x7, 0xff, 0xbc, 0x4d, 0x9c,
    0x81, 0x24, 0xf8, 0x0,

    /* U+006B "k" */
    0x9f, 0x0, 0xff, 0xe9, 0x4f, 0xd0, 0x7, 0x3b,
    0x25, 0x0, 0x65, 0x84, 0xb0, 0xc, 0x74, 0x76,
    0x1, 0xda, 0x5a, 0x1, 0xff, 0xc3, 0xd2, 0xd0,
    0xf, 0x1d, 0x9e, 0x0, 0x79, 0x24, 0xec, 0x3,
    0xcc, 0xe9, 0x40,

    /* U+006C "l" */
    0x9f, 0x0, 0xff, 0xec, 0x80,

    /* U+006D "m" */
    0x9f, 0x2a, 0xef, 0xc5, 0x1, 0x9e, 0xfc, 0x50,
    0xd, 0x87, 0x54, 0xa, 0x7c, 0x3a, 0xa3, 0xd3,
    0x0, 0x4d, 0x28, 0xb8, 0x30, 0xf4, 0x8b, 0x65,
    0x0, 0x15, 0x0, 0x67, 0xe, 0x0, 0xd4, 0x24,
    0x0, 0x20, 0xd, 0xc0, 0xc0, 0x18, 0x40, 0x40,
    0x3f, 0xf8, 0x8e, 0x1, 0xff, 0xf8,

    /* U+006E "n" */
    0x9f, 0x2a, 0xef, 0xc5, 0x0, 0xd8, 0x75, 0x40,
    0xa6, 0x0, 0x9a, 0x51, 0x70, 0xa0, 0x2, 0xa0,
    0xc, 0xa2, 0x40, 0x2, 0x0, 0xdc, 0x2, 0x1,
    0xff, 0xe6,

    /* U+006F "o" */
    0x0, 0x9f, 0x7f, 0xa8, 0xc0, 0x36, 0x43, 0xc3,
    0x26, 0x30, 0x2, 0x4e, 0xa8, 0xf1, 0xc7, 0x24,
    0xc, 0x8a, 0x1, 0xbc, 0x28, 0x80, 0xc0, 0x38,
    0xc0, 0xc0, 0x3f, 0xc2, 0x40, 0x60, 0x1c, 0x60,
    0x40, 0xc8, 0x80, 0x8, 0x7c, 0x28, 0x20, 0xae,
    0x9e, 0x3c, 0xe8, 0x80, 0x75, 0xdd, 0xc, 0x98,
    0xa0,

    /* U+0070 "p" */
    0x9f, 0x6, 0xdf, 0xe9, 0x20, 0xd, 0x30, 0x90,
    0x8d, 0x84, 0x1, 0x27, 0xcb, 0xd6, 0xf, 0x0,
    0x50, 0x20, 0x11, 0xb1, 0x90, 0x1, 0x0, 0x3b,
    0x1, 0xc0, 0x3f, 0xf8, 0x28, 0x1, 0xd8, 0xe,
    0x0, 0x81, 0x0, 0x91, 0x8c, 0x80, 0x9, 0xf2,
    0xf5, 0x63, 0xc0, 0x14, 0xc2, 0x42, 0x2e, 0x10,
    0x6, 0x6d, 0xfe, 0xa2, 0x0, 0xff, 0xf1, 0x0,

    /* U+0071 "q" */
    0x0, 0xc, 0x6f, 0xec, 0x7, 0x60, 0xe, 0x3b,
    0xa1, 0x5b, 0x0, 0x2b, 0x2a, 0xa3, 0xc7, 0x0,
    0x80, 0x15, 0x14, 0x3, 0x70, 0x0, 0x80, 0xc0,
    0x38, 0x84, 0x3, 0xff, 0x80, 0x40, 0x60, 0x1c,
    0x42, 0x0, 0x64, 0x60, 0xd, 0xc0, 0x14, 0x14,
    0xdb, 0xc7, 0x38, 0x80, 0x7, 0x1d, 0x61, 0x66,
    0xc0, 0x30, 0xc7, 0x7e, 0xb8, 0x7, 0xff, 0x8c,

    /* U+0072 "r" */
    0x9f, 0x19, 0xe3, 0x0, 0x6b, 0xa8, 0x80, 0x1f,
    0xac, 0x80, 0x10, 0x1, 0xc6, 0x1, 0xff, 0xd5,

    /* U+0073 "s" */
    0x0, 0x3e, 0xff, 0x48, 0x80, 0x26, 0x1e, 0x5d,
    0xb4, 0x0, 0xe7, 0x4d, 0x30, 0x68, 0x4, 0x43,
    0x0, 0x3f, 0x20, 0x78, 0x66, 0x1c, 0x84, 0x0,
    0x7d, 0x4d, 0x3b, 0x20, 0x19, 0x6b, 0x9d, 0x94,
    0x3e, 0xc0, 0x2b, 0x3, 0x6, 0x4b, 0x67, 0xd0,
    0x40, 0x99, 0x34, 0xc2, 0xe1, 0x0,

    /* U+0074 "t" */
    0x4, 0xf6, 0x0, 0xff, 0xe1, 0x45, 0x84, 0xff,
    0xa9, 0xc1, 0xaa, 0x85, 0x81, 0xea, 0xa0, 0xf,
    0xfe, 0x6b, 0x80, 0x71, 0x5, 0xb2, 0x80, 0xd0,
    0x4d, 0x0,

    /* U+0075 "u" */
    0xbe, 0x0, 0xe8, 0xf2, 0x0, 0xff, 0xf3, 0x8,
    0x80, 0x38, 0x80, 0x18, 0xc, 0x1, 0xa, 0x80,
    0x18, 0xa6, 0x15, 0xbc, 0x40, 0x2c, 0x66, 0x55,
    0xc3, 0x0, 0x0,

    /* U+0076 "v" */
    0x9f, 0x20, 0xc, 0x3f, 0x54, 0xa, 0x0, 0xce,
    0x1c, 0x64, 0xc0, 0x1a, 0x85, 0x2, 0xc5, 0x0,
    0x4, 0x6c, 0x0, 0x70, 0xe0, 0x5, 0x5, 0x0,
    0x5, 0x54, 0x0, 0x64, 0x20, 0xb, 0x81, 0x90,
    0x78, 0x3, 0x21, 0x57, 0xa, 0x80, 0x75, 0x1a,
    0xb8, 0x7, 0x98, 0x1, 0x40, 0x10,

    /* U+0077 "w" */
    0xaf, 0x0, 0xd1, 0xec, 0x1, 0x1f, 0xb7, 0x82,
    0x0, 0x4a, 0x1a, 0x1, 0x20, 0x3a, 0x86, 0x80,
    0x4, 0x91, 0x0, 0x15, 0x98, 0x82, 0x20, 0x0,
    0xe3, 0x0, 0x80, 0x3, 0xb0, 0x6, 0x90, 0x86,
    0xa1, 0x8e, 0x2, 0x2, 0x80, 0x1c, 0x10, 0x13,
    0xc1, 0xd4, 0x30, 0x88, 0x0, 0x13, 0xf4, 0x4,
    0xd, 0x22, 0x2a, 0x80, 0x35, 0xa6, 0xa0, 0x82,
    0x5, 0x15, 0x80, 0x65, 0x16, 0xc0, 0x9, 0x1c,
    0x4c, 0x3, 0x11, 0x1, 0x40, 0x2d, 0x7, 0x0,
    0x80,

    /* U+0078 "x" */
    0x7f, 0x60, 0xa, 0xbc, 0x5c, 0xe0, 0x41, 0x16,
    0x44, 0x3c, 0x6c, 0x24, 0xd8, 0x0, 0x6e, 0xb6,
    0x5c, 0x1, 0xa0, 0x92, 0x8, 0x3, 0xef, 0x0,
    0xe8, 0x24, 0x73, 0x0, 0x89, 0xe2, 0x83, 0xc0,
    0x2e, 0x27, 0x19, 0x37, 0x7, 0x3e, 0x0, 0x31,
    0xc0, 0x80,

    /* U+0079 "y" */
    0x9f, 0x30, 0xe, 0xfa, 0xa0, 0x50, 0x6, 0x50,
    0xe3, 0x33, 0x80, 0x6e, 0x14, 0xa, 0x15, 0x0,
    0xa, 0x48, 0x1, 0x83, 0x80, 0xc, 0xc, 0x1,
    0x32, 0x8, 0x52, 0x8, 0x5, 0x40, 0xc6, 0x5e,
    0x1, 0x8c, 0xaa, 0x82, 0x80, 0x1d, 0x44, 0xcc,
    0x0, 0xf3, 0x0, 0x24, 0x3, 0xc2, 0x8, 0x20,
    0x1e, 0x50, 0xe0, 0xf, 0xa4, 0x54, 0x3, 0xc4,
    0x6c, 0x1, 0xf5, 0x5, 0x0, 0x70,

    /* U+007A "z" */
    0x3f, 0xff, 0x31, 0x55, 0x63, 0x2, 0x15, 0x59,
    0x8d, 0x50, 0x3, 0x70, 0xd8, 0x6, 0x82, 0xb1,
    0x0, 0x8d, 0xd5, 0x40, 0x1b, 0x86, 0xc0, 0x34,
    0x15, 0x88, 0x4, 0x4e, 0x20, 0xab, 0x13, 0x0,
    0xd5, 0x65,

    /* U+007B "{" */
    0x0, 0xe1, 0x0, 0xd5, 0xfc, 0x20, 0x6, 0x56,
    0xb1, 0x0, 0x78, 0x4a, 0x0, 0x7f, 0x84, 0x4,
    0x3, 0x70, 0x18, 0x6, 0x30, 0x60, 0xc, 0x20,
    0x1e, 0xd0, 0x60, 0x0, 0xe3, 0x41, 0x0, 0x44,
    0x50, 0x4, 0x3c, 0xd4, 0x20, 0x1b, 0x81, 0x40,
    0x3f, 0xe3, 0x6, 0x0, 0xc2, 0x6, 0x1, 0xb8,
    0x4, 0x3, 0xfe, 0xe0, 0x62, 0x0, 0x98, 0xa7,
    0x44, 0x0, 0x3b, 0x96, 0x20,

    /* U+007C "|" */
    0x3f, 0x70, 0xf, 0xff, 0x8,

    /* U+007D "}" */
    0x11, 0x0, 0x6d, 0xed, 0x20, 0x7, 0xc9, 0x48,
    0x0, 0xd9, 0x14, 0x3, 0xfc, 0xe6, 0x1, 0x85,
    0x80, 0x31, 0x8, 0x7, 0x18, 0x6, 0x24, 0x0,
    0xdc, 0x7c, 0x80, 0x1, 0x51, 0x10, 0x3, 0x97,
    0x54, 0x0, 0x68, 0x40, 0x1f, 0xc2, 0x20, 0xc,
    0x4e, 0x1, 0x9c, 0x80, 0x30, 0x80, 0x42, 0x68,
    0x40, 0xd, 0xc1, 0x80, 0x7, 0xdf, 0x20, 0x0,

    /* U+007E "~" */
    0x0, 0x84, 0x2, 0x11, 0x3, 0x7f, 0x62, 0x9e,
    0x30, 0xcb, 0xc8, 0x56, 0x3, 0x5, 0xc3, 0x66,
    0x2f, 0x44,

    /* U+00A0 " " */

    /* U+00A1 "¡" */
    0x3e, 0x87, 0x12, 0x4d, 0xa0, 0x20, 0x1f, 0x50,
    0xf, 0x18, 0x18, 0x7, 0x84, 0x4, 0x3, 0xc0,

    /* U+00A2 "¢" */
    0x0, 0xd6, 0x60, 0x1f, 0x13, 0xa8, 0x7, 0x16,
    0xe8, 0xe7, 0xdc, 0x0, 0x38, 0x75, 0xfc, 0xf0,
    0xc0, 0xc3, 0xaa, 0x3, 0x9, 0x61, 0x84, 0x60,
    0x1a, 0xf4, 0x18, 0x40, 0x3f, 0x30, 0x80, 0x7e,
    0xc2, 0x30, 0xd, 0x7a, 0xc, 0x3a, 0xa2, 0x52,
    0x96, 0x3, 0x85, 0x5d, 0xad, 0xc, 0x0, 0x2c,
    0xd3, 0x9f, 0x70, 0xe, 0x27, 0x20, 0xc,

    /* U+00A3 "£" */
    0x0, 0x97, 0x3f, 0xd6, 0x40, 0x12, 0xd0, 0x44,
    0x17, 0x4, 0x1, 0x5, 0x8e, 0xec, 0x19, 0x0,
    0x12, 0x0, 0x44, 0xfc, 0x1, 0xfa, 0x18, 0x0,
    0x88, 0x0, 0xf1, 0xfa, 0x17, 0xfc, 0xe0, 0x3,
    0xdb, 0x7, 0xdd, 0x30, 0x4, 0x48, 0x0, 0x22,
    0x8, 0x6, 0x20, 0xd0, 0xf, 0x94, 0x10, 0x3,
    0xc5, 0xa, 0x8a, 0xb9, 0x1, 0xc1, 0x6a, 0xba,
    0x40,

    /* U+00A4 "¤" */
    0x31, 0x0, 0xc8, 0x9, 0x97, 0xfd, 0x54, 0x37,
    0x31, 0xed, 0x47, 0x34, 0x1b, 0x13, 0x96, 0x0,
    0xf0, 0x80, 0x10, 0x20, 0x6, 0xd4, 0x18, 0x53,
    0xf9, 0x90, 0x89, 0x9b, 0xdf, 0x76, 0x30,

    /* U+00A5 "¥" */
    0x4f, 0x80, 0xe, 0xcf, 0x14, 0x36, 0x0, 0xc8,
    0x6e, 0x21, 0x22, 0xc0, 0x17, 0x84, 0x80, 0x14,
    0xa0, 0x0, 0x48, 0xe2, 0x1, 0x40, 0xa8, 0x40,
    0x48, 0x6, 0x52, 0x81, 0x56, 0x10, 0xb, 0xfc,
    0x44, 0xd0, 0x6f, 0xc0, 0x6, 0x64, 0x66, 0x6c,
    0xc7, 0x0, 0xc, 0xeb, 0xa, 0x33, 0x10, 0x3,
    0xfe, 0x80, 0xcf, 0xf6, 0x0, 0x33, 0x27, 0xa,
    0xcc, 0x70, 0x0, 0xce, 0xf0, 0x63, 0x31, 0x0,
    0x7f, 0xf0, 0x0,

    /* U+00A6 "¦" */
    0x3f, 0x70, 0xf, 0xfe, 0x18, 0x99, 0x13, 0x14,
    0x2, 0x2d, 0x51, 0x22, 0x0, 0x7f, 0xf0, 0xc0,

    /* U+00A7 "§" */
    0x0, 0x25, 0xff, 0xb1, 0x40, 0x23, 0xb1, 0xcc,
    0x35, 0x28, 0x2, 0x82, 0x8c, 0xd4, 0x3c, 0x0,
    0xe0, 0x60, 0xb, 0xac, 0x0, 0xe9, 0x38, 0xa0,
    0x1e, 0xc0, 0x3a, 0xf9, 0x0, 0xa6, 0x1f, 0x7a,
    0x9f, 0x40, 0x59, 0x60, 0x85, 0x6c, 0x98, 0x0,
    0x60, 0x18, 0x40, 0x44, 0x8c, 0xa0, 0x2, 0x80,
    0x50, 0xb6, 0xaf, 0xed, 0xc, 0x20, 0x4, 0xf4,
    0x18, 0x39, 0x0, 0x61, 0x7d, 0xb4, 0xd0, 0x2,
    0xe1, 0x80, 0x11, 0x6, 0x0, 0x73, 0x81, 0x3,
    0x55, 0x0, 0xa, 0xdb, 0xbf, 0x12, 0x80, 0x24,
    0xdf, 0xdf, 0xa0, 0x0,

    /* U+00A8 "¨" */
    0x5d, 0x16, 0xc1, 0x33, 0x84, 0x80,

    /* U+00A9 "©" */
    0x0, 0xc9, 0x35, 0x74, 0xc0, 0x1e, 0x1a, 0x38,
    0xab, 0xa3, 0xb3, 0x0, 0xd5, 0xd, 0x3b, 0xaa,
    0x7a, 0x82, 0x0, 0x37, 0x16, 0x1f, 0xf8, 0x30,
    0xe6, 0x0, 0x14, 0xae, 0x76, 0x44, 0xa0, 0xb2,
    0x11, 0x3, 0x86, 0x28, 0x6, 0xe9, 0x3, 0x51,
    0x10, 0x38, 0x7, 0xee, 0x11, 0x30, 0x2a, 0x80,
    0x3e, 0xe1, 0x0, 0xa8, 0x68, 0x41, 0x7e, 0x0,
    0xd4, 0x29, 0x8e, 0x97, 0xbe, 0x9a, 0x8, 0x44,
    0xd, 0xa4, 0xbf, 0x76, 0xe9, 0x19, 0xb0, 0xa,
    0xa1, 0xc5, 0x10, 0x2b, 0x50, 0x20, 0x10, 0xd1,
    0xdd, 0xd4, 0x76, 0x60, 0x0,

    /* U+00AA "ª" */
    0x2, 0xcf, 0xd5, 0xf4, 0xf, 0x7d, 0xf9, 0x0,
    0x21, 0x51, 0x13, 0xc0, 0x4, 0x2, 0x0, 0x20,
    0x1, 0x1, 0x0, 0x8, 0x0, 0x85, 0x22, 0x5e,
    0x1, 0x78, 0x77, 0xc8, 0x0,

    /* U+00AB "«" */
    0x0, 0x12, 0x0, 0xa0, 0x80, 0x3f, 0xc1, 0x74,
    0x20, 0xe5, 0x26, 0xb0, 0x0, 0x96, 0x28, 0x26,
    0x0, 0x19, 0x1, 0x18, 0x5, 0x28, 0x88, 0x18,
    0x0, 0x22, 0x24, 0x61, 0xc8,

    /* U+00AC "¬" */
    0x1, 0x1f, 0xe0, 0x4e, 0xef, 0xf2, 0x66, 0x7e,
    0x30, 0x1, 0x9f, 0xe7, 0x0, 0xff, 0x1a, 0x0,

    /* U+00AD "­" */
    0x11, 0xf8, 0x3b, 0xbe, 0x3b, 0xbf, 0x8c,

    /* U+00AE "®" */
    0x0, 0x1d, 0x5d, 0x20, 0x4, 0x71, 0x76, 0xad,
    0x50, 0x4, 0x56, 0xea, 0xe6, 0x40, 0x7, 0x12,
    0xc7, 0x25, 0x20, 0xd, 0x8e, 0x40, 0x13, 0x88,
    0x4b, 0x2, 0x90, 0x45, 0x51, 0x3a, 0xa8, 0x0,
    0x38, 0xeb, 0x8e, 0x60,

    /* U+00AF "¯" */
    0x0, 0xfa, 0xff, 0xfa, 0xa7, 0x33, 0xa0,

    /* U+00B0 "°" */
    0x3, 0xbe, 0xd6, 0x1, 0xcc, 0x77, 0x21, 0x9c,
    0x5c, 0xd, 0xa8, 0x3, 0xe7, 0x17, 0x3, 0x6a,
    0x1c, 0xbf, 0xd9, 0x60,

    /* U+00B1 "±" */
    0x0, 0xcd, 0x40, 0x1f, 0xbd, 0x40, 0x38, 0x46,
    0x0, 0x8, 0xe6, 0xee, 0x98, 0x3b, 0xad, 0x7b,
    0xb9, 0x2, 0xee, 0xf1, 0x44, 0x88, 0x11, 0x23,
    0x0, 0xff, 0x84, 0x60, 0x0, 0x8e, 0x6e, 0xe9,
    0x83, 0xba, 0xd7, 0xbb, 0xfd, 0xe0,

    /* U+00B2 "²" */
    0x9, 0xfe, 0x40, 0x57, 0xd9, 0xb0, 0x5e, 0x23,
    0x1, 0x0, 0xa1, 0x4, 0x1, 0x41, 0x40, 0xb,
    0xd, 0x10, 0x64, 0x5e, 0xf3,

    /* U+00B3 "³" */
    0x9, 0xee, 0x38, 0x2a, 0x7d, 0xc1, 0xae, 0x8b,
    0x0, 0x6c, 0xc3, 0x98, 0x3, 0x30, 0xe6, 0xfc,
    0x2e, 0xe, 0xe4, 0xea, 0x74,

    /* U+00B4 "´" */
    0x0, 0xf8, 0x68, 0x81, 0xf8, 0x4a, 0xae, 0xe0,
    0x8c, 0x40, 0x0,

    /* U+00B5 "µ" */
    0x9f, 0x0, 0xe6, 0xf3, 0x0, 0xff, 0xf4, 0x10,
    0x6, 0xe0, 0xd, 0x40, 0x19, 0x80, 0x33, 0xca,
    0x2e, 0x10, 0x6, 0x84, 0xb8, 0x9a, 0x0, 0xcf,
    0xbf, 0xaa, 0xde, 0x60, 0x1f, 0xfd, 0xc0,

    /* U+00B6 "¶" */
    0x0, 0x3e, 0xff, 0xf2, 0x85, 0xc1, 0x0, 0x16,
    0x40, 0x6, 0x80, 0x1b, 0x50, 0x0, 0xa0, 0x1f,
    0xc6, 0x1, 0xfc, 0x80, 0x1f, 0xc3, 0x20, 0x1f,
    0xcd, 0xb0, 0xc0, 0x1f, 0x13, 0xc8, 0x7, 0xff,
    0x84,

    /* U+00B7 "·" */
    0x1, 0x10, 0xf, 0x78, 0x9, 0x10, 0x0,

    /* U+00B8 "¸" */
    0x2, 0x0, 0xde, 0x80, 0x1a, 0xec, 0x0, 0xde,
    0x57, 0x0, 0x8, 0x2, 0xbf, 0xc6, 0xd7, 0xbd,
    0xa2,

    /* U+00B9 "¹" */
    0x8f, 0xb8, 0x60, 0xf, 0xfe, 0x20,

    /* U+00BA "º" */
    0x1, 0xaf, 0xe9, 0x0, 0xb0, 0x77, 0x12, 0x81,
    0xa, 0x88, 0x92, 0xa2, 0x40, 0x20, 0x5, 0x2,
    0x20, 0x8, 0x1, 0x40, 0x90, 0xa8, 0x4a, 0x54,
    0x43, 0x7, 0xb1, 0x28, 0x0,

    /* U+00BB "»" */
    0x4, 0x20, 0x33, 0x0, 0x5d, 0x80, 0xb8, 0x60,
    0xb, 0x17, 0x62, 0x80, 0x0, 0xbc, 0xc, 0xa2,
    0x0, 0x4, 0x41, 0x30, 0x60, 0x35, 0x81, 0x96,
    0x20, 0xf3, 0x58, 0x18, 0x0,

    /* U+00BC "¼" */
    0x5f, 0xf0, 0x6, 0x6f, 0x20, 0x5a, 0x0, 0xc3,
    0xe, 0x40, 0x1f, 0x48, 0x48, 0x7, 0xc4, 0xf2,
    0x20, 0x1f, 0x41, 0x38, 0x7, 0xc6, 0xb0, 0x1,
    0xcb, 0xe1, 0xe6, 0xa3, 0xde, 0x1, 0x94, 0xfc,
    0x29, 0x40, 0x3a, 0x14, 0xd9, 0xfc, 0x3, 0x31,
    0x41, 0x47, 0x0, 0x74, 0x31, 0x50, 0x7d, 0x5,
    0x84, 0xc, 0x4, 0x76, 0xd0, 0x58, 0x57, 0x8,
    0x6, 0x4d, 0x0,

    /* U+00BD "½" */
    0x5f, 0xe0, 0xd, 0x5c, 0x1, 0x2c, 0x80, 0x62,
    0x58, 0x0, 0xfe, 0x81, 0x60, 0xf, 0xc4, 0xb0,
    0x1, 0xfd, 0x2, 0xc0, 0x1f, 0x89, 0x60, 0x3,
    0xfa, 0x5, 0x80, 0x3c, 0xde, 0x4b, 0x1, 0x1d,
    0xc7, 0x0, 0x86, 0x5, 0x8d, 0xb6, 0xe0, 0x80,
    0x4, 0xb0, 0x7, 0xc6, 0x20, 0x60, 0x8, 0x16,
    0x0, 0x8e, 0xa8, 0x20, 0x4b, 0x0, 0x13, 0xfe,
    0x28, 0x2, 0x5, 0x80, 0xb, 0x7, 0xbe, 0x81,
    0x7e, 0x1, 0x2f, 0x76, 0x40,

    /* U+00BE "¾" */
    0x6, 0xee, 0x48, 0x6, 0xbd, 0x0, 0x15, 0xee,
    0x33, 0x0, 0x6, 0x90, 0x0, 0x2d, 0x33, 0x0,
    0x6f, 0x35, 0x0, 0xd3, 0xc8, 0xc0, 0x87, 0x0,
    0x1d, 0x3c, 0xac, 0x12, 0x88, 0x0, 0x8f, 0xcc,
    0x4, 0x4a, 0x50, 0x1, 0x8e, 0x37, 0xd5, 0xa1,
    0x4c, 0x8, 0x2, 0x7e, 0xe5, 0x39, 0x40, 0x5e,
    0xb8, 0x7, 0xa1, 0x89, 0x9c, 0x80, 0x3c, 0xe3,
    0x3, 0x1e, 0x1, 0xe1, 0x87, 0x1a, 0x63, 0x0,
    0xf4, 0x8c, 0x12, 0xab, 0x4a, 0x4c, 0x0, 0x2f,
    0x20, 0x5d, 0xba, 0x29, 0x30, 0x0, 0xeb, 0x80,
    0x77, 0xb0, 0x0,

    /* U+00BF "¿" */
    0x0, 0xed, 0xc0, 0xf, 0x9, 0x10, 0x3, 0xc3,
    0xde, 0x1, 0xf3, 0xa0, 0x7, 0xd7, 0xe0, 0x19,
    0x2f, 0x88, 0x40, 0x26, 0xb7, 0x8c, 0xa0, 0xa,
    0xf, 0x18, 0xc4, 0x0, 0x22, 0xb0, 0xf, 0x18,
    0x7, 0xa5, 0xc8, 0x34, 0x2, 0x16, 0xf0, 0x75,
    0x72, 0x3d, 0xa, 0x8, 0x68, 0xdc, 0x2b, 0x20,
    0x4, 0xf6, 0x63, 0x90, 0x0,

    /* U+00C0 "À" */
    0x0, 0xff, 0xe2, 0x6a, 0x80, 0x7f, 0xaa, 0x96,
    0x40, 0x1f, 0x9f, 0x8f, 0x80, 0x3f, 0x86, 0x34,
    0x3, 0xf0, 0xff, 0x8c, 0x3, 0xf3, 0x80, 0x28,
    0x3, 0xf6, 0x89, 0x30, 0x7, 0xc2, 0x8f, 0x42,
    0x60, 0x1e, 0x60, 0xd5, 0xa, 0x0, 0xf5, 0x8a,
    0x11, 0x1c, 0x3, 0x88, 0xdc, 0x1, 0x42, 0x80,
    0x19, 0x43, 0x40, 0xa, 0x1a, 0x1, 0xa8, 0x14,
    0x44, 0x64, 0xc0, 0x11, 0x90, 0x77, 0x62, 0x5,
    0x0, 0x58, 0x4d, 0xdf, 0x7, 0x80, 0x18, 0x99,
    0x13, 0xca, 0x6, 0x2a, 0x1, 0xee, 0x5,

    /* U+00C1 "Á" */
    0x0, 0xff, 0xe3, 0x36, 0x0, 0x7e, 0x3d, 0x89,
    0x0, 0xfd, 0xb5, 0xca, 0x1, 0xfb, 0xdc, 0x3,
    0xfe, 0xff, 0x10, 0x7, 0xe7, 0x0, 0x50, 0x7,
    0xed, 0x12, 0x60, 0xf, 0x85, 0x1e, 0x84, 0xc0,
    0x3c, 0xc1, 0xaa, 0x14, 0x1, 0xeb, 0x14, 0x22,
    0x38, 0x7, 0x11, 0xb8, 0x2, 0x85, 0x0, 0x32,
    0x86, 0x80, 0x14, 0x34, 0x3, 0x50, 0x28, 0x88,
    0xc9, 0x80, 0x23, 0x20, 0xee, 0xc4, 0xa, 0x0,
    0xb0, 0x9b, 0xbe, 0xf, 0x0, 0x31, 0x32, 0x27,
    0x94, 0xc, 0x54, 0x3, 0xdc, 0xa,

    /* U+00C2 "Â" */
    0x0, 0xe5, 0x60, 0xf, 0xc5, 0x77, 0x61, 0x80,
    0x79, 0xb, 0xb6, 0xec, 0x1, 0xe6, 0x90, 0x3,
    0xc0, 0x7, 0xc3, 0xfe, 0x20, 0xf, 0xce, 0x0,
    0xa0, 0xf, 0xda, 0x24, 0xc0, 0x1f, 0xa, 0x3d,
    0x9, 0x80, 0x79, 0x83, 0x54, 0x28, 0x3, 0xd6,
    0x28, 0x44, 0x70, 0xe, 0x23, 0x70, 0x5, 0xa,
    0x0, 0x65, 0xd, 0x0, 0x28, 0x68, 0x6, 0xa0,
    0x51, 0x11, 0x93, 0x0, 0x46, 0x41, 0xdd, 0x88,
    0x14, 0x1, 0x61, 0x37, 0x7c, 0x1e, 0x0, 0x62,
    0x64, 0x4f, 0x28, 0x18, 0xa8, 0x7, 0xb8, 0x14,

    /* U+00C3 "Ã" */
    0x0, 0x8f, 0x7f, 0xea, 0x0, 0xf1, 0x7e, 0xeb,
    0xa8, 0x3, 0xc2, 0x7b, 0xa3, 0x0, 0xfc, 0xe0,
    0xa, 0x0, 0xfd, 0xa2, 0x4c, 0x1, 0xf0, 0xa3,
    0xd0, 0x98, 0x7, 0x98, 0x35, 0x42, 0x80, 0x3d,
    0x62, 0x84, 0x47, 0x0, 0xe2, 0x37, 0x0, 0x50,
    0xa0, 0x6, 0x50, 0xd0, 0x2, 0x86, 0x80, 0x6a,
    0x5, 0x11, 0x19, 0x30, 0x4, 0x64, 0x1d, 0xd8,
    0x81, 0x40, 0x16, 0x13, 0x77, 0xc1, 0xe0, 0x6,
    0x26, 0x44, 0xf2, 0x81, 0x8a, 0x80, 0x7b, 0x81,
    0x40,

    /* U+00C4 "Ä" */
    0x0, 0x8b, 0x10, 0xb4, 0xc0, 0x3e, 0x21, 0x11,
    0x30, 0x7, 0x8b, 0x94, 0xfd, 0x40, 0x3e, 0x1f,
    0xf1, 0x0, 0x7e, 0x70, 0x5, 0x0, 0x7e, 0xd1,
    0x26, 0x0, 0xf8, 0x51, 0xe8, 0x4c, 0x3, 0xcc,
    0x1a, 0xa1, 0x40, 0x1e, 0xb1, 0x42, 0x23, 0x80,
    0x71, 0x1b, 0x80, 0x28, 0x50, 0x3, 0x28, 0x68,
    0x1, 0x43, 0x40, 0x35, 0x2, 0x88, 0x8c, 0x98,
    0x2, 0x32, 0xe, 0xec, 0x40, 0xa0, 0xb, 0x9,
    0xbb, 0xe0, 0xf0, 0x3, 0x13, 0x22, 0x79, 0x40,
    0xc5, 0x40, 0x3d, 0xc0, 0xa0,

    /* U+00C5 "Å" */
    0x0, 0xc5, 0x9a, 0x80, 0x1f, 0xa6, 0x32, 0x80,
    0x3f, 0xc6, 0x1, 0xfd, 0x10, 0xfb, 0x0, 0xfc,
    0x46, 0x4e, 0x1, 0xf9, 0xc0, 0x14, 0x1, 0xfb,
    0x44, 0x98, 0x3, 0xe1, 0x47, 0xa1, 0x30, 0xf,
    0x30, 0x6a, 0x85, 0x0, 0x7a, 0xc5, 0x8, 0x8e,
    0x1, 0xc4, 0x6e, 0x0, 0xa1, 0x40, 0xc, 0xa1,
    0xa0, 0x5, 0xd, 0x0, 0xd4, 0xa, 0x22, 0x32,
    0x60, 0x8, 0xc8, 0x3b, 0xb1, 0x2, 0x80, 0x2c,
    0x26, 0xef, 0x83, 0xc0, 0xc, 0x4c, 0x89, 0xe5,
    0x3, 0x15, 0x0, 0xf7, 0x2, 0x80,

    /* U+00C6 "Æ" */
    0x0, 0xfb, 0xbf, 0xfe, 0x10, 0xf, 0x38, 0x90,
    0x5d, 0xf0, 0x80, 0x70, 0xc2, 0x38, 0x22, 0x70,
    0x7, 0xa0, 0x24, 0x3, 0xff, 0x80, 0x4c, 0xa4,
    0x1, 0xff, 0xc0, 0x80, 0x80, 0xf, 0xfe, 0x1,
    0xab, 0x10, 0x5, 0xff, 0xa0, 0x3, 0x78, 0x40,
    0x6, 0xcc, 0xd2, 0x1, 0x29, 0xb8, 0x80, 0x63,
    0x3c, 0x20, 0x14, 0x3, 0xff, 0xca, 0x1, 0xf9,
    0x8a, 0x33, 0x32, 0x0, 0x7e, 0x82, 0x73, 0x3c,
    0x20, 0x89, 0xc1, 0x3, 0x20, 0x1f, 0x5d, 0xf0,
    0x80,

    /* U+00C7 "Ç" */
    0x0, 0xcd, 0x9d, 0xfb, 0x2, 0x1, 0x8b, 0x65,
    0xda, 0x19, 0xfc, 0xc0, 0x2f, 0x3c, 0xb8, 0x7b,
    0xc0, 0xc1, 0x8, 0x2a, 0x30, 0xc, 0x76, 0x32,
    0xc, 0x48, 0x1, 0xe5, 0xe8, 0x11, 0x28, 0x7,
    0xf8, 0x83, 0xc0, 0x3f, 0xc4, 0x1e, 0x1, 0xfe,
    0x11, 0x20, 0x7, 0xfc, 0xe6, 0x60, 0xf, 0x1d,
    0xb8, 0x40, 0xe9, 0x0, 0x62, 0xe4, 0x50, 0x1d,
    0xd, 0xa6, 0x64, 0xe9, 0x59, 0x0, 0xf, 0xdd,
    0xd3, 0x27, 0x6d, 0x40, 0xc, 0x31, 0xb0, 0xbd,
    0x24, 0x1, 0xfc, 0xba, 0x80, 0x1f, 0xcf, 0xeb,
    0x40, 0x1f, 0xc2, 0x30, 0x7, 0xf2, 0x77, 0x12,
    0x80, 0x20,

    /* U+00C8 "È" */
    0x0, 0xfe, 0x78, 0x0, 0xf2, 0x2f, 0x28, 0x6,
    0x3d, 0x8b, 0x50, 0xe, 0x6e, 0x40, 0x4, 0xff,
    0xee, 0xf2, 0x0, 0x4d, 0x56, 0x20, 0x3, 0x2a,
    0xe0, 0xf, 0xfe, 0x38, 0x8e, 0x0, 0xdd, 0xda,
    0x40, 0x2b, 0xbe, 0x0, 0x91, 0x31, 0x0, 0x7f,
    0xf1, 0xd5, 0x78, 0x2, 0xaa, 0xe2,

    /* U+00C9 "É" */
    0x0, 0xff, 0x86, 0x54, 0x3, 0x3f, 0x2b, 0x80,
    0x4f, 0x57, 0x84, 0x1, 0x36, 0xa0, 0x6, 0x9e,
    0xff, 0xe2, 0x0, 0x4d, 0x56, 0x20, 0x3, 0x2a,
    0xe0, 0xf, 0xfe, 0x38, 0x8e, 0x0, 0xdd, 0xda,
    0x40, 0x2b, 0xbe, 0x0, 0x91, 0x31, 0x0, 0x7f,
    0xf1, 0xd5, 0x78, 0x2, 0xaa, 0xe2,

    /* U+00CA "Ê" */
    0x0, 0x98, 0x40, 0x32, 0xf5, 0xfb, 0x0, 0x51,
    0x7b, 0x56, 0x20, 0xd, 0x50, 0x4d, 0x10, 0x9f,
    0xff, 0x10, 0x2, 0x6a, 0xb1, 0x0, 0x19, 0x57,
    0x0, 0x7f, 0xf1, 0xc4, 0x70, 0x6, 0xee, 0xd2,
    0x1, 0x5d, 0xf0, 0x4, 0x89, 0x88, 0x3, 0xff,
    0x8e, 0xab, 0xc0, 0x15, 0x57, 0x10,

    /* U+00CB "Ë" */
    0x8, 0xb0, 0x9a, 0x0, 0x89, 0x80, 0x98, 0x2,
    0xad, 0xb, 0xc0, 0x4, 0xff, 0xf8, 0x80, 0x13,
    0x55, 0x88, 0x0, 0xca, 0xb8, 0x3, 0xff, 0x8e,
    0x23, 0x80, 0x37, 0x76, 0x90, 0xa, 0xef, 0x80,
    0x24, 0x4c, 0x40, 0x1f, 0xfc, 0x75, 0x5e, 0x0,
    0xaa, 0xb8, 0x80,

    /* U+00CC "Ì" */
    0x0, 0xd8, 0xa0, 0xb, 0xab, 0x27, 0xe3, 0xc0,
    0x18, 0xf0, 0x9f, 0x10, 0xf, 0xff, 0x20,

    /* U+00CD "Í" */
    0x0, 0xf2, 0x61, 0x5d, 0x93, 0xcb, 0xa3, 0x24,
    0x40, 0x67, 0xc0, 0x3f, 0xfc, 0xa0,

    /* U+00CE "Î" */
    0x0, 0x13, 0x0, 0x53, 0xb7, 0xa6, 0x85, 0xba,
    0xa9, 0x4b, 0x20, 0x7a, 0x0, 0x4f, 0x80, 0x7f,
    0xff, 0x80,

    /* U+00CF "Ï" */
    0xc, 0x61, 0xc5, 0x12, 0x13, 0x23, 0x1e, 0x72,
    0xe6, 0x0, 0x4f, 0x80, 0x7f, 0xff, 0x80,

    /* U+00D0 "Ð" */
    0x4, 0xff, 0xdd, 0x8e, 0x20, 0x1e, 0x6a, 0xa4,
    0x2c, 0x79, 0x80, 0x76, 0x2a, 0x9a, 0x78, 0xf4,
    0x40, 0x3f, 0x87, 0xc6, 0xc0, 0x3f, 0xc4, 0xaa,
    0x0, 0xff, 0xb4, 0xb, 0x6c, 0x2b, 0xfd, 0xa0,
    0x10, 0x83, 0x5a, 0x82, 0x3b, 0xac, 0x2, 0x10,
    0x66, 0x70, 0x74, 0x41, 0x80, 0x2d, 0x2, 0x0,
    0xfe, 0x15, 0x50, 0x7, 0xf0, 0xe8, 0x40, 0x6,
    0xd4, 0x42, 0xc7, 0x95, 0x90, 0x6, 0x7b, 0xb9,
    0x27, 0xd0, 0x0,

    /* U+00D1 "Ñ" */
    0x0, 0xaf, 0xfe, 0xd1, 0x0, 0xe9, 0xdd, 0xc2,
    0x0, 0x9f, 0x52, 0x2c, 0xd, 0xe8, 0x0, 0xb1,
    0x0, 0xfe, 0x18, 0x0, 0xfe, 0x86, 0x40, 0xf,
    0xce, 0x72, 0x1, 0xfd, 0xc5, 0x0, 0x1f, 0x89,
    0xdc, 0x60, 0x1f, 0xa0, 0xbc, 0x3, 0xfa, 0x4d,
    0xc0, 0x3f, 0x23, 0x47, 0x0, 0x7e, 0x81, 0x70,
    0xf, 0xc3, 0x60, 0x1f, 0xe5, 0x40, 0x0,

    /* U+00D2 "Ò" */
    0x0, 0xea, 0x20, 0xf, 0xfe, 0xe, 0xc0, 0x7,
    0xfd, 0x58, 0x9a, 0x1, 0xff, 0x1e, 0x70, 0x7,
    0xf3, 0x67, 0x7f, 0x38, 0x80, 0x71, 0x6c, 0xbc,
    0xc3, 0xc7, 0x98, 0x6, 0xf3, 0xcb, 0x77, 0x56,
    0x9e, 0x88, 0x2, 0xa, 0x8c, 0x3, 0x17, 0x8d,
    0x80, 0x18, 0xd0, 0x3, 0xc4, 0xaa, 0x11, 0x90,
    0x3, 0xf6, 0x2, 0x90, 0x78, 0x7, 0xe3, 0x1,
    0x20, 0xf0, 0xf, 0xc6, 0x2, 0x32, 0x0, 0x7e,
    0xc0, 0x50, 0x63, 0x40, 0xf, 0x12, 0xa8, 0x42,
    0xa, 0x8c, 0x3, 0x17, 0x84, 0x0, 0x5e, 0x79,
    0x6e, 0xea, 0xd3, 0xc2, 0x0, 0x8b, 0x65, 0xe6,
    0x1e, 0x3c, 0xc0, 0x0,

    /* U+00D3 "Ó" */
    0x0, 0xf8, 0xe8, 0x3, 0xfc, 0x33, 0x86, 0x1,
    0xfe, 0xf2, 0xd9, 0x0, 0xff, 0x6d, 0x90, 0x7,
    0xf9, 0xbf, 0xbf, 0x5c, 0x40, 0x38, 0xb6, 0x5e,
    0x61, 0xe3, 0xcc, 0x3, 0x79, 0xe5, 0xbb, 0xab,
    0x4f, 0x44, 0x1, 0x5, 0x46, 0x1, 0x8b, 0xc6,
    0xc0, 0xc, 0x68, 0x1, 0xe2, 0x55, 0x8, 0xc8,
    0x1, 0xfb, 0x1, 0x48, 0x3c, 0x3, 0xf1, 0x80,
    0x90, 0x78, 0x7, 0xe3, 0x1, 0x19, 0x0, 0x3f,
    0x60, 0x28, 0x31, 0xa0, 0x7, 0x89, 0x54, 0x21,
    0x5, 0x46, 0x1, 0x8b, 0xc2, 0x0, 0x2f, 0x3c,
    0xb7, 0x75, 0x69, 0xe1, 0x0, 0x45, 0xb2, 0xf3,
    0xf, 0x1e, 0x60, 0x0,

    /* U+00D4 "Ô" */
    0x0, 0xf0, 0x98, 0x7, 0xfc, 0xfd, 0x92, 0x20,
    0x1f, 0x96, 0xf3, 0x8e, 0x0, 0x3f, 0x26, 0x18,
    0xd4, 0x0, 0x7e, 0x7c, 0xef, 0xd6, 0x10, 0xe,
    0x2d, 0x97, 0x98, 0x78, 0xf3, 0x0, 0xde, 0x79,
    0x6e, 0xea, 0xd3, 0xd1, 0x0, 0x41, 0x51, 0x80,
    0x62, 0xf1, 0xb0, 0x3, 0x1a, 0x0, 0x78, 0x95,
    0x42, 0x32, 0x0, 0x7e, 0xc0, 0x52, 0xf, 0x0,
    0xfc, 0x60, 0x24, 0x1e, 0x1, 0xf8, 0xc0, 0x46,
    0x40, 0xf, 0xd8, 0xa, 0xc, 0x68, 0x1, 0xe2,
    0x55, 0x8, 0x41, 0x51, 0x80, 0x62, 0xf0, 0x80,
    0xb, 0xcf, 0x2d, 0xdd, 0x5a, 0x78, 0x40, 0x11,
    0x6c, 0xbc, 0xc3, 0xc7, 0x98, 0x0,

    /* U+00D5 "Õ" */
    0x0, 0xea, 0xe5, 0x1e, 0x0, 0xfc, 0xa3, 0x51,
    0xd2, 0x1, 0xf9, 0x29, 0x37, 0x9c, 0x3, 0xf3,
    0xef, 0x7e, 0x38, 0x80, 0x71, 0x6c, 0xbc, 0xc3,
    0xc7, 0x98, 0x6, 0xf3, 0xcb, 0x77, 0x56, 0x9e,
    0x88, 0x2, 0xa, 0x8c, 0x3, 0x17, 0x8d, 0x80,
    0x18, 0xd0, 0x3, 0xc4, 0xaa, 0x11, 0x90, 0x3,
    0xf6, 0x2, 0x90, 0x78, 0x7, 0xe3, 0x1, 0x20,
    0xf0, 0xf, 0xc6, 0x2, 0x32, 0x0, 0x7e, 0xc0,
    0x50, 0x63, 0x40, 0xf, 0x12, 0xa8, 0x42, 0xa,
    0x8c, 0x3, 0x17, 0x84, 0x0, 0x5e, 0x79, 0x6e,
    0xea, 0xd3, 0xc2, 0x0, 0x8b, 0x65, 0xe6, 0x1e,
    0x3c, 0xc0, 0x0,

    /* U+00D6 "Ö" */
    0x0, 0xc3, 0x8a, 0x58, 0x80, 0x1f, 0x8c, 0x8c,
    0x4c, 0x40, 0x3f, 0x17, 0x31, 0xfa, 0x80, 0x7e,
    0x6c, 0xef, 0xd7, 0x10, 0xe, 0x2d, 0x97, 0x98,
    0x78, 0xf3, 0x0, 0xde, 0x79, 0x6e, 0xea, 0xd3,
    0xd1, 0x0, 0x41, 0x51, 0x80, 0x62, 0xf1, 0xb0,
    0x3, 0x1a, 0x0, 0x78, 0x95, 0x42, 0x32, 0x0,
    0x7e, 0xc0, 0x52, 0xf, 0x0, 0xfc, 0x60, 0x24,
    0x1e, 0x1, 0xf8, 0xc0, 0x46, 0x40, 0xf, 0xd8,
    0xa, 0xc, 0x68, 0x1, 0xe2, 0x55, 0x8, 0x41,
    0x51, 0x80, 0x62, 0xf0, 0x80, 0xb, 0xcf, 0x2d,
    0xdd, 0x5a, 0x78, 0x40, 0x11, 0x6c, 0xbc, 0xc3,
    0xc7, 0x98, 0x0,

    /* U+00D7 "×" */
    0x2, 0x10, 0xc, 0x60, 0xf, 0xc1, 0x0, 0x36,
    0x30, 0x71, 0x60, 0xb4, 0xa3, 0x1, 0xe1, 0x7c,
    0xa5, 0x80, 0x46, 0xe2, 0x12, 0x1, 0x99, 0xcc,
    0x3c, 0x40, 0xd, 0x29, 0x98, 0x2c, 0x10, 0xa4,
    0xb0, 0x3c, 0x27, 0xd, 0xb0, 0x8, 0xf9, 0x80,

    /* U+00D8 "Ø" */
    0x0, 0xcd, 0x9d, 0xfb, 0x2, 0x9c, 0x40, 0x2,
    0xd9, 0x79, 0x87, 0x77, 0xd6, 0x90, 0x3, 0xcf,
    0x2d, 0xdd, 0x58, 0x22, 0x0, 0xa0, 0xa8, 0xc0,
    0x37, 0x30, 0x40, 0x1, 0x8d, 0x0, 0x36, 0x2c,
    0xaa, 0x8, 0xc8, 0x1, 0xa9, 0xa0, 0x30, 0x14,
    0x83, 0xc0, 0x29, 0x1a, 0x0, 0x18, 0x8, 0x83,
    0x80, 0xe, 0xb6, 0x1, 0x18, 0x9, 0xa, 0x83,
    0x56, 0x80, 0x6c, 0x5, 0x6, 0x39, 0x8f, 0x10,
    0x8, 0x95, 0x42, 0x12, 0x2d, 0x4, 0x1, 0x17,
    0x8d, 0x80, 0xc, 0x6, 0x6d, 0xdd, 0x5a, 0x7a,
    0x20, 0x3f, 0x1d, 0xf, 0x10, 0x78, 0xf3, 0x0,
    0x0,

    /* U+00D9 "Ù" */
    0x0, 0xff, 0xe0, 0xea, 0x0, 0x7e, 0x5b, 0xa1,
    0x0, 0xf4, 0x71, 0xe8, 0x7, 0xc3, 0x3a, 0x1,
    0x57, 0x80, 0x61, 0xd, 0xc0, 0xf, 0xff, 0xd1,
    0x80, 0x7c, 0x61, 0xc0, 0x40, 0x1c, 0x2c, 0xa1,
    0x0, 0x1a, 0x3, 0x89, 0xd7, 0x62, 0x18, 0xea,
    0x81, 0x14, 0x2e, 0xe0, 0x9a, 0x0,

    /* U+00DA "Ú" */
    0x0, 0xff, 0xe1, 0xad, 0x80, 0x78, 0xf2, 0xf4,
    0x3, 0xd8, 0x9e, 0xc0, 0x1e, 0xe8, 0x10, 0xd,
    0x5e, 0x2, 0x1, 0xb7, 0x0, 0x3f, 0xff, 0x46,
    0x1, 0xf1, 0x87, 0x1, 0x0, 0x70, 0xb2, 0x84,
    0x0, 0x68, 0xe, 0x27, 0x5d, 0x88, 0x63, 0xaa,
    0x4, 0x50, 0xbb, 0x82, 0x68, 0x0,

    /* U+00DB "Û" */
    0x0, 0xc8, 0xa0, 0x1e, 0x1a, 0xa5, 0xd8, 0x80,
    0x33, 0x87, 0xf1, 0xd0, 0x6, 0x6a, 0x10, 0x88,
    0x0, 0x2b, 0xc0, 0x3d, 0xb8, 0x1, 0xff, 0xfa,
    0x30, 0xf, 0x8c, 0x38, 0x8, 0x3, 0x85, 0x94,
    0x20, 0x3, 0x40, 0x71, 0x3a, 0xec, 0x43, 0x1d,
    0x50, 0x22, 0x85, 0xdc, 0x13, 0x40,

    /* U+00DC "Ü" */
    0x0, 0x16, 0x21, 0x69, 0x80, 0x71, 0x8, 0x89,
    0x80, 0x31, 0x72, 0x9f, 0xa8, 0x2, 0xbc, 0x3,
    0xdb, 0x80, 0x1f, 0xff, 0xa3, 0x0, 0xf8, 0xc3,
    0x80, 0x80, 0x38, 0x59, 0x42, 0x0, 0x34, 0x7,
    0x13, 0xae, 0xc4, 0x31, 0xd5, 0x2, 0x28, 0x5d,
    0xc1, 0x34, 0x0,

    /* U+00DD "Ý" */
    0x0, 0xff, 0xe2, 0x26, 0x80, 0x7c, 0x35, 0x6a,
    0x1, 0xf6, 0x87, 0x40, 0x7, 0xdb, 0x42, 0x1,
    0xcd, 0xec, 0x20, 0x1b, 0x78, 0x18, 0xac, 0x3,
    0x29, 0x40, 0x2, 0xc9, 0x40, 0x28, 0x16, 0x0,
    0x31, 0x48, 0x1, 0xa, 0x0, 0x35, 0x9a, 0x4,
    0x13, 0x0, 0x66, 0x2f, 0x33, 0x58, 0x7, 0xa1,
    0x38, 0x98, 0x3, 0xca, 0x44, 0xb0, 0xf, 0xca,
    0xe, 0x1, 0xff, 0xe4,

    /* U+00DE "Þ" */
    0x9f, 0x0, 0xff, 0xe7, 0xff, 0xdd, 0x44, 0x1,
    0x55, 0xd4, 0xa6, 0x10, 0x1, 0x51, 0x5f, 0x46,
    0xc0, 0x3c, 0x60, 0xa0, 0x1e, 0x10, 0x60, 0x0,
    0x8c, 0x7a, 0x1c, 0x0, 0xee, 0xb0, 0xa9, 0x0,
    0x17, 0x6c, 0xde, 0x50, 0x9, 0x10, 0x64, 0x1,
    0xff, 0xc0,

    /* U+00DF "ß" */
    0x4, 0xbf, 0xf6, 0xc0, 0x80, 0x49, 0x6d, 0x12,
    0x8f, 0xa0, 0x14, 0x6, 0x3b, 0x4b, 0x99, 0x80,
    0x4, 0x62, 0x1, 0x8, 0x10, 0x4, 0xe0, 0x13,
    0xb4, 0x8, 0x7, 0x9e, 0x29, 0xc0, 0x3e, 0x92,
    0x50, 0xf, 0xce, 0x58, 0xc2, 0x1, 0xe9, 0xb6,
    0x9e, 0x50, 0xf, 0x25, 0x71, 0xd0, 0x80, 0x57,
    0xc0, 0x1, 0x40, 0x30, 0xb, 0xc6, 0xd5, 0x98,
    0x44, 0x0, 0x92, 0x9e, 0xa1, 0x3c, 0x0,

    /* U+00E0 "à" */
    0x0, 0xff, 0xe1, 0xd9, 0x0, 0x7f, 0xe, 0xc8,
    0x80, 0x7d, 0x58, 0x5a, 0x1, 0xf8, 0xef, 0x80,
    0x38, 0x63, 0x7f, 0x68, 0x3b, 0x0, 0x71, 0xda,
    0x15, 0xb0, 0x2, 0xb2, 0x9b, 0x78, 0xe0, 0x10,
    0x2, 0xa3, 0x0, 0x6f, 0x0, 0x10, 0x18, 0x7,
    0x18, 0x80, 0x5e, 0x1, 0xf8, 0x83, 0x0, 0x38,
    0x84, 0x0, 0xc8, 0x80, 0xd, 0x0, 0x14, 0x15,
    0xc2, 0xb6, 0x30, 0x80, 0x7, 0x1d, 0xaa, 0xd3,
    0x0, 0x0,

    /* U+00E1 "á" */
    0x0, 0xff, 0xe2, 0x9d, 0x0, 0x7c, 0x35, 0x84,
    0x1, 0xf7, 0x6, 0xc0, 0x7, 0xdb, 0x44, 0x1,
    0xe1, 0x8f, 0xf6, 0xc0, 0x76, 0x0, 0xe3, 0xb4,
    0x2b, 0x60, 0x5, 0x65, 0x36, 0xf1, 0xc0, 0x20,
    0x5, 0x46, 0x0, 0xde, 0x0, 0x20, 0x30, 0xe,
    0x31, 0x0, 0xbc, 0x3, 0xf1, 0x6, 0x0, 0x71,
    0x8, 0x1, 0x91, 0x0, 0x1a, 0x0, 0x28, 0x2b,
    0x85, 0x6c, 0x61, 0x0, 0xe, 0x3b, 0x55, 0xa6,
    0x0, 0x0,

    /* U+00E2 "â" */
    0x0, 0xe2, 0x40, 0xf, 0xd1, 0xb5, 0x41, 0x0,
    0xe6, 0x3d, 0xf3, 0x80, 0xe, 0x7b, 0x21, 0x98,
    0x0, 0xc3, 0x3b, 0xfb, 0x3, 0xd8, 0x3, 0x8e,
    0xd0, 0xad, 0x80, 0x15, 0x94, 0xdb, 0xc7, 0x0,
    0x80, 0x15, 0x18, 0x3, 0x78, 0x0, 0x80, 0xc0,
    0x38, 0xc4, 0x2, 0xf0, 0xf, 0xc4, 0x18, 0x1,
    0xc4, 0x20, 0x6, 0x44, 0x0, 0x68, 0x0, 0xa0,
    0xae, 0x15, 0xb1, 0x84, 0x0, 0x38, 0xed, 0x56,
    0x98, 0x0,

    /* U+00E3 "ã" */
    0x0, 0xd7, 0xca, 0x3c, 0x1, 0xcc, 0x3b, 0x1d,
    0x0, 0x1c, 0xf4, 0x7b, 0xcc, 0x1, 0x86, 0x77,
    0xf6, 0x43, 0xb0, 0x7, 0x1d, 0xa1, 0x5b, 0x0,
    0x2b, 0x29, 0xb7, 0x8e, 0x1, 0x0, 0x2a, 0x30,
    0x6, 0xf0, 0x1, 0x1, 0x80, 0x71, 0x88, 0x5,
    0xe0, 0x1f, 0x88, 0x30, 0x3, 0x88, 0x40, 0xc,
    0x88, 0x0, 0xd0, 0x1, 0x41, 0x5c, 0x2b, 0x63,
    0x8, 0x0, 0x71, 0xda, 0xad, 0x30, 0x0,

    /* U+00E4 "ä" */
    0x0, 0x8b, 0x98, 0xfd, 0x40, 0x3c, 0x66, 0x12,
    0x10, 0xe, 0x2d, 0x52, 0xd4, 0x0, 0xc3, 0x1b,
    0xfb, 0x1, 0xd8, 0x3, 0x8e, 0xd0, 0xad, 0x80,
    0x15, 0x94, 0xdb, 0xc7, 0x0, 0x80, 0x15, 0x18,
    0x3, 0x78, 0x0, 0x80, 0xc0, 0x38, 0xc4, 0x2,
    0xf0, 0xf, 0xc4, 0x18, 0x1, 0xc4, 0x20, 0x6,
    0x44, 0x0, 0x68, 0x0, 0xa0, 0xae, 0x15, 0xb1,
    0x84, 0x0, 0x38, 0xed, 0x56, 0x98, 0x0,

    /* U+00E5 "å" */
    0x0, 0xc5, 0x9a, 0xa0, 0x1f, 0x4c, 0x65, 0x80,
    0x7f, 0xf1, 0xa6, 0x32, 0xc0, 0x3e, 0x2c, 0xd5,
    0x0, 0xe1, 0x8d, 0xfd, 0x80, 0xec, 0x1, 0xc7,
    0x68, 0x56, 0xc0, 0xa, 0xca, 0x6d, 0xe3, 0x80,
    0x40, 0xa, 0x8c, 0x1, 0xbc, 0x0, 0x40, 0x60,
    0x1c, 0x62, 0x1, 0x78, 0x7, 0xe2, 0xc, 0x0,
    0xe2, 0x10, 0x3, 0x22, 0x0, 0x34, 0x0, 0x50,
    0x57, 0xa, 0xd8, 0xc2, 0x0, 0x1c, 0x76, 0xab,
    0x4c, 0x0, 0x0,

    /* U+00E6 "æ" */
    0x0, 0xa3, 0x7f, 0xa0, 0x32, 0x46, 0xbb, 0xf6,
    0x0, 0x21, 0xd7, 0x74, 0xc9, 0x74, 0x4b, 0xda,
    0x64, 0xee, 0xd0, 0x5, 0x95, 0x51, 0x9f, 0x44,
    0x91, 0xb1, 0xda, 0xac, 0xa0, 0x15, 0x14, 0x3,
    0x70, 0xc, 0x0, 0x64, 0x36, 0x20, 0x30, 0xe,
    0x21, 0x17, 0xff, 0x8c, 0x40, 0x3f, 0xc3, 0x99,
    0xf6, 0x90, 0x18, 0x7, 0x10, 0x8c, 0x67, 0xcc,
    0xc0, 0x64, 0x50, 0xd, 0x20, 0x9, 0x0, 0xcf,
    0x44, 0x10, 0x55, 0x46, 0x7d, 0x2, 0x56, 0xd7,
    0x6a, 0x84, 0x60, 0x1c, 0x74, 0x9a, 0xa5, 0x81,
    0xe2, 0x4c, 0x9e, 0x2c, 0x0,

    /* U+00E7 "ç" */
    0x0, 0xa3, 0x7f, 0x68, 0x80, 0x21, 0xd7, 0x49,
    0x54, 0xd3, 0x0, 0x41, 0x5c, 0xb4, 0x60, 0x78,
    0x1, 0x91, 0x0, 0x11, 0x64, 0x81, 0x1, 0x80,
    0x71, 0xa8, 0x7, 0xff, 0x0, 0x80, 0x80, 0x38,
    0x48, 0x0, 0xaa, 0x20, 0x8, 0x7f, 0xc0, 0x8,
    0x1d, 0x74, 0x6c, 0x19, 0x0, 0x16, 0x2c, 0x5c,
    0x8e, 0x20, 0x4, 0x55, 0xe1, 0xd8, 0x60, 0x1f,
    0xba, 0x40, 0x3f, 0x7e, 0xb2, 0x0, 0x7c, 0x22,
    0x0, 0xfd, 0xbd, 0x8c, 0x80, 0x0,

    /* U+00E8 "è" */
    0x0, 0xff, 0xe1, 0x33, 0x80, 0x7f, 0x14, 0xea,
    0x0, 0x7c, 0x9d, 0x54, 0x40, 0xf, 0xcf, 0xca,
    0x1, 0xe8, 0xdf, 0xeb, 0x30, 0x8, 0x75, 0xd2,
    0x59, 0x31, 0x0, 0x16, 0x5b, 0x2d, 0x1c, 0x74,
    0x0, 0x55, 0x18, 0x8e, 0xa1, 0x42, 0x5, 0xee,
    0xe9, 0x1, 0x0, 0x2d, 0xdf, 0xc8, 0x40, 0x28,
    0x9c, 0xe2, 0x20, 0x64, 0x50, 0x8, 0x76, 0x0,
    0x10, 0x55, 0x46, 0x8f, 0x1e, 0x0, 0xe, 0xbb,
    0xa5, 0x93, 0x4c, 0x0,

    /* U+00E9 "é" */
    0x0, 0xff, 0xe2, 0xc2, 0x80, 0x7c, 0xbc, 0xae,
    0x1, 0xe7, 0xb8, 0xd2, 0x0, 0xf2, 0xf3, 0x0,
    0x7e, 0xad, 0xfe, 0xa3, 0x0, 0x87, 0x5d, 0x25,
    0x93, 0x10, 0x1, 0x65, 0xb2, 0xd1, 0xc7, 0x40,
    0x5, 0x51, 0x88, 0xea, 0x14, 0x20, 0x5e, 0xee,
    0x90, 0x10, 0x2, 0xdd, 0xfc, 0x84, 0x2, 0x89,
    0xce, 0x22, 0x6, 0x45, 0x0, 0x87, 0x60, 0x1,
    0x5, 0x54, 0x68, 0xf1, 0xe0, 0x0, 0xeb, 0xba,
    0x59, 0x34, 0xc0,

    /* U+00EA "ê" */
    0x0, 0xe5, 0x0, 0xfc, 0x7b, 0x7c, 0xa0, 0x1e,
    0xeb, 0xeb, 0xb0, 0x80, 0x76, 0x30, 0x2f, 0x8,
    0x7, 0x4e, 0xff, 0x51, 0x80, 0x43, 0xae, 0x92,
    0xc9, 0x88, 0x0, 0xb2, 0xd9, 0x68, 0xe3, 0xa0,
    0x2, 0xa8, 0xc4, 0x75, 0xa, 0x10, 0x2f, 0x77,
    0x48, 0x8, 0x1, 0x6e, 0xfe, 0x42, 0x1, 0x44,
    0xe7, 0x11, 0x3, 0x22, 0x80, 0x43, 0xb0, 0x0,
    0x82, 0xaa, 0x34, 0x78, 0xf0, 0x0, 0x75, 0xdd,
    0x2c, 0x9a, 0x60,

    /* U+00EB "ë" */
    0x0, 0xa7, 0x42, 0xb0, 0x3, 0xc2, 0xc0, 0x6c,
    0x1, 0xe8, 0xb0, 0x9a, 0x0, 0xf4, 0x6f, 0xf5,
    0x18, 0x4, 0x3a, 0xe9, 0x2c, 0x98, 0x80, 0xb,
    0x2d, 0x96, 0x8e, 0x3a, 0x0, 0x2a, 0x8c, 0x47,
    0x50, 0xa1, 0x2, 0xf7, 0x74, 0x80, 0x80, 0x16,
    0xef, 0xe4, 0x20, 0x14, 0x4e, 0x71, 0x10, 0x32,
    0x28, 0x4, 0x3b, 0x0, 0x8, 0x2a, 0xa3, 0x47,
    0x8f, 0x0, 0x7, 0x5d, 0xd2, 0xc9, 0xa6, 0x0,

    /* U+00EC "ì" */
    0x0, 0xd8, 0xc0, 0xa, 0x8c, 0x36, 0xeb, 0xd0,
    0x3, 0xf8, 0x4f, 0x88, 0x7, 0xff, 0x60,

    /* U+00ED "í" */
    0x0, 0xf2, 0xe9, 0xe5, 0xd7, 0x27, 0xbe, 0x40,
    0x80, 0xcf, 0x80, 0x7f, 0xf6, 0x40,

    /* U+00EE "î" */
    0x0, 0x1b, 0x80, 0x6, 0xb6, 0xf5, 0x14, 0x3f,
    0x2f, 0x52, 0x84, 0x1a, 0x40, 0x13, 0xe0, 0x1f,
    0xfe, 0xc0,

    /* U+00EF "ï" */
    0x1e, 0x72, 0xe6, 0x2, 0x13, 0x38, 0x71, 0x87,
    0x54, 0x1, 0x3e, 0x1, 0xff, 0xec,

    /* U+00F0 "ð" */
    0x0, 0xff, 0xe2, 0x2f, 0x3c, 0xe0, 0x7, 0x17,
    0x94, 0x6, 0x0, 0x71, 0xc6, 0x53, 0x18, 0x6,
    0x8c, 0xde, 0xd4, 0xf0, 0x0, 0xeb, 0xba, 0x59,
    0x8a, 0x66, 0xb, 0x2b, 0xa6, 0x8e, 0x20, 0xb0,
    0x54, 0x40, 0x6, 0x80, 0x22, 0x6, 0x0, 0x72,
    0x0, 0x80, 0x3c, 0x3, 0xe2, 0x20, 0x18, 0x7,
    0x18, 0x78, 0x32, 0x20, 0x3, 0x78, 0xb8, 0x41,
    0x5c, 0xb3, 0xe9, 0xd8, 0x80, 0xeb, 0xa4, 0xc9,
    0xf1, 0x40,

    /* U+00F1 "ñ" */
    0x0, 0x1f, 0x61, 0x34, 0x80, 0x68, 0x85, 0x6c,
    0x50, 0x6, 0xa6, 0x67, 0xf1, 0x80, 0x27, 0xce,
    0xbb, 0xf1, 0x40, 0x36, 0x1d, 0x50, 0x29, 0x80,
    0x26, 0x94, 0x5c, 0x28, 0x0, 0xa8, 0x3, 0x28,
    0x90, 0x0, 0x80, 0x37, 0x0, 0x80, 0x7f, 0xf9,
    0x80,

    /* U+00F2 "ò" */
    0x0, 0xff, 0xe1, 0x25, 0x10, 0x7, 0xe5, 0x1d,
    0x80, 0xf, 0x86, 0xf1, 0x20, 0x3, 0xf1, 0xe4,
    0x80, 0x79, 0xf7, 0xfa, 0xcc, 0x3, 0x64, 0x3c,
    0x32, 0x63, 0x0, 0x24, 0xea, 0x8f, 0x1c, 0x72,
    0x40, 0xc8, 0xa0, 0x1b, 0xc2, 0x88, 0xc, 0x3,
    0x8c, 0xc, 0x3, 0xfc, 0x24, 0x6, 0x1, 0xc6,
    0x4, 0xc, 0x88, 0x0, 0x87, 0xc2, 0x82, 0xa,
    0xe9, 0xe3, 0xce, 0x88, 0x7, 0x5d, 0xd0, 0xc9,
    0x8a, 0x0,

    /* U+00F3 "ó" */
    0x0, 0xff, 0xe2, 0xc4, 0x0, 0x3e, 0x6e, 0x4b,
    0x0, 0xf2, 0x5d, 0xb0, 0xc0, 0x3c, 0xba, 0xa0,
    0x1f, 0x9b, 0x7f, 0xa8, 0xc0, 0x36, 0x43, 0xc3,
    0x26, 0x30, 0x2, 0x4e, 0xa8, 0xf1, 0xc7, 0x24,
    0xc, 0x8a, 0x1, 0xbc, 0x28, 0x80, 0xc0, 0x38,
    0xc0, 0xc0, 0x3f, 0xc2, 0x40, 0x60, 0x1c, 0x60,
    0x40, 0xc8, 0x80, 0x8, 0x7c, 0x28, 0x20, 0xae,
    0x9e, 0x3c, 0xe8, 0x80, 0x75, 0xdd, 0xc, 0x98,
    0xa0,

    /* U+00F4 "ô" */
    0x0, 0xe6, 0x30, 0xf, 0x8f, 0x6f, 0x24, 0x3,
    0xd3, 0x7b, 0xc4, 0x80, 0x1d, 0x4c, 0x3, 0x68,
    0x1, 0xcf, 0xbf, 0xd4, 0x60, 0x1b, 0x21, 0xe1,
    0x93, 0x18, 0x1, 0x27, 0x54, 0x78, 0xe3, 0x92,
    0x6, 0x45, 0x0, 0xde, 0x14, 0x40, 0x60, 0x1c,
    0x60, 0x60, 0x1f, 0xe1, 0x20, 0x30, 0xe, 0x30,
    0x20, 0x64, 0x40, 0x4, 0x3e, 0x14, 0x10, 0x57,
    0x4f, 0x1e, 0x74, 0x40, 0x3a, 0xee, 0x86, 0x4c,
    0x50,

    /* U+00F5 "õ" */
    0x0, 0x9f, 0xff, 0x30, 0x7, 0x37, 0x75, 0xec,
    0x1, 0xc2, 0x38, 0x3, 0xe7, 0xdf, 0xea, 0x30,
    0xd, 0x90, 0xf0, 0xc9, 0x8c, 0x0, 0x93, 0xaa,
    0x3c, 0x71, 0xc9, 0x3, 0x22, 0x80, 0x6f, 0xa,
    0x20, 0x30, 0xe, 0x30, 0x30, 0xf, 0xf0, 0x90,
    0x18, 0x7, 0x18, 0x10, 0x32, 0x20, 0x2, 0x1f,
    0xa, 0x8, 0x2b, 0xa7, 0x8f, 0x3a, 0x20, 0x1d,
    0x77, 0x43, 0x26, 0x28, 0x0,

    /* U+00F6 "ö" */
    0x0, 0x9b, 0x86, 0x38, 0x40, 0x38, 0xc8, 0x38,
    0x84, 0x3, 0x97, 0x5, 0xb0, 0x3, 0xcf, 0xbf,
    0xd4, 0x60, 0x1b, 0x21, 0xe1, 0x93, 0x18, 0x1,
    0x27, 0x54, 0x78, 0xe3, 0x92, 0x6, 0x45, 0x0,
    0xde, 0x14, 0x40, 0x60, 0x1c, 0x60, 0x60, 0x1f,
    0xe1, 0x20, 0x30, 0xe, 0x30, 0x20, 0x64, 0x40,
    0x4, 0x3e, 0x14, 0x10, 0x57, 0x4f, 0x1e, 0x74,
    0x40, 0x3a, 0xee, 0x86, 0x4c, 0x50,

    /* U+00F7 "÷" */
    0x0, 0xd9, 0xa0, 0x1f, 0x88, 0x80, 0x1f, 0xbf,
    0x80, 0x38, 0x46, 0x0, 0x8, 0xc1, 0x3d, 0xdf,
    0xa6, 0xef, 0xfc, 0x48, 0x9f, 0x88, 0x3, 0x8,
    0x80, 0x3f, 0x7f, 0x0, 0x7e, 0x22, 0x0, 0x60,

    /* U+00F8 "ø" */
    0x0, 0x9f, 0x7f, 0xac, 0xe9, 0x80, 0x19, 0xf,
    0xc, 0xb8, 0x2c, 0x12, 0x75, 0x47, 0x86, 0x4,
    0x20, 0x64, 0x50, 0x3, 0x1e, 0x5, 0x10, 0x18,
    0x1, 0x6a, 0xcc, 0xc, 0x3, 0x24, 0xe8, 0x4,
    0x24, 0x6, 0x69, 0xd1, 0x3, 0xd, 0x6, 0x4e,
    0xf1, 0x1, 0xf0, 0x60, 0xa0, 0x28, 0x78, 0xf3,
    0xa1, 0xe, 0xb8, 0x78, 0x64, 0xc5, 0x0,

    /* U+00F9 "ù" */
    0x0, 0xff, 0xe0, 0x2d, 0x90, 0x7, 0xc8, 0x3b,
    0x22, 0x1, 0xc3, 0x58, 0x52, 0x1, 0xf1, 0xdc,
    0x80, 0x57, 0xc0, 0x18, 0x63, 0xc8, 0x3, 0xff,
    0xcc, 0x22, 0x0, 0xe2, 0x0, 0x60, 0x30, 0x4,
    0x2a, 0x0, 0x62, 0x98, 0x56, 0xf1, 0x0, 0xb1,
    0x99, 0x57, 0xc, 0x0,

    /* U+00FA "ú" */
    0x0, 0xff, 0xe1, 0xc, 0xc0, 0x7, 0x9f, 0x96,
    0xc0, 0x39, 0x2a, 0xf0, 0xc0, 0x39, 0x35, 0x0,
    0x3a, 0xf8, 0x3, 0xa3, 0xc8, 0x3, 0xff, 0xcc,
    0x22, 0x0, 0xe2, 0x0, 0x60, 0x30, 0x4, 0x2a,
    0x0, 0x62, 0x98, 0x56, 0xf1, 0x0, 0xb1, 0x99,
    0x57, 0xc, 0x0,

    /* U+00FB "û" */
    0x0, 0xce, 0x60, 0x1e, 0x4d, 0xbd, 0xa1, 0x0,
    0xdd, 0x19, 0xe0, 0xa0, 0x1a, 0x94, 0x6, 0x90,
    0x1, 0x7c, 0x1, 0xd1, 0xe4, 0x1, 0xff, 0xe6,
    0x11, 0x0, 0x71, 0x0, 0x30, 0x18, 0x2, 0x15,
    0x0, 0x31, 0x4c, 0x2b, 0x78, 0x80, 0x58, 0xcc,
    0xab, 0x86, 0x0, 0x0,

    /* U+00FC "ü" */
    0x0, 0x37, 0xc, 0x70, 0x80, 0x63, 0x20, 0xe2,
    0x10, 0xc, 0xb8, 0x2d, 0x80, 0x15, 0xf0, 0x7,
    0x47, 0x90, 0x7, 0xff, 0x98, 0x44, 0x1, 0xc4,
    0x0, 0xc0, 0x60, 0x8, 0x54, 0x0, 0xc5, 0x30,
    0xad, 0xe2, 0x1, 0x63, 0x32, 0xae, 0x18, 0x0,

    /* U+00FD "ý" */
    0x0, 0xff, 0xe1, 0xb6, 0x0, 0x79, 0x36, 0x24,
    0x3, 0xd5, 0x4e, 0x50, 0xf, 0x73, 0x80, 0x74,
    0xf9, 0x80, 0x77, 0xd5, 0x2, 0x80, 0x32, 0x87,
    0x19, 0x9c, 0x3, 0x70, 0xa0, 0x50, 0xa8, 0x0,
    0x52, 0x40, 0xc, 0x1c, 0x0, 0x60, 0x60, 0x9,
    0x90, 0x42, 0x90, 0x40, 0x2a, 0x6, 0x32, 0xf0,
    0xc, 0x65, 0x54, 0x14, 0x0, 0xea, 0x26, 0x60,
    0x7, 0x98, 0x1, 0x20, 0x1e, 0x10, 0x41, 0x0,
    0xf2, 0x87, 0x0, 0x7d, 0x22, 0xa0, 0x1e, 0x23,
    0x60, 0xf, 0xa8, 0x28, 0x3, 0x80,

    /* U+00FE "þ" */
    0x9f, 0x0, 0xff, 0xeb, 0x2e, 0x7f, 0x49, 0x0,
    0x67, 0xb5, 0x84, 0x6c, 0x20, 0xa, 0xbe, 0x5e,
    0xb0, 0x78, 0x2, 0x81, 0x0, 0x8d, 0x8c, 0x80,
    0x8, 0x1, 0xd8, 0xe, 0x1, 0xff, 0xc1, 0x40,
    0xe, 0xc0, 0x70, 0x4, 0x8, 0x4, 0x8c, 0x64,
    0x0, 0xaf, 0x97, 0xab, 0x1e, 0x0, 0x9e, 0xd6,
    0x11, 0x70, 0x80, 0x32, 0xe7, 0xf5, 0x10, 0x7,
    0xff, 0x88,

    /* U+00FF "ÿ" */
    0x0, 0x17, 0x29, 0xfa, 0x0, 0x71, 0x88, 0x13,
    0x80, 0x62, 0xd4, 0x3d, 0x30, 0x4, 0xf9, 0x80,
    0x77, 0xd5, 0x2, 0x80, 0x32, 0x87, 0x19, 0x9c,
    0x3, 0x70, 0xa0, 0x50, 0xa8, 0x0, 0x52, 0x40,
    0xc, 0x1c, 0x0, 0x60, 0x60, 0x9, 0x90, 0x42,
    0x90, 0x40, 0x2a, 0x6, 0x32, 0xf0, 0xc, 0x65,
    0x54, 0x14, 0x0, 0xea, 0x26, 0x60, 0x7, 0x98,
    0x1, 0x20, 0x1e, 0x10, 0x41, 0x0, 0xf2, 0x87,
    0x0, 0x7d, 0x22, 0xa0, 0x1e, 0x23, 0x60, 0xf,
    0xa8, 0x28, 0x3, 0x80,

    /* U+0100 "Ā" */
    0x0, 0xff, 0xe1, 0xf, 0xff, 0x8c, 0x3, 0xe,
    0x67, 0x8c, 0x3, 0x8c, 0xb3, 0x2, 0x60, 0x1f,
    0x38, 0x2, 0x80, 0x3f, 0x68, 0x93, 0x0, 0x7c,
    0x28, 0xf4, 0x26, 0x1, 0xe6, 0xd, 0x50, 0xa0,
    0xf, 0x58, 0xa1, 0x11, 0xc0, 0x38, 0x8d, 0xc0,
    0x14, 0x28, 0x1, 0x94, 0x34, 0x0, 0xa1, 0xa0,
    0x1a, 0x81, 0x44, 0x46, 0x4c, 0x1, 0x19, 0x7,
    0x76, 0x20, 0x50, 0x5, 0x84, 0xdd, 0xf0, 0x78,
    0x1, 0x89, 0x91, 0x3c, 0xa0, 0x62, 0xa0, 0x1e,
    0xe0, 0x50,

    /* U+0101 "ā" */
    0x0, 0xf, 0xff, 0x90, 0x2, 0x1c, 0xcf, 0x20,
    0x6, 0x33, 0xf0, 0x6, 0x18, 0xdf, 0xd8, 0xe,
    0xc0, 0x1c, 0x76, 0x85, 0x6c, 0x0, 0xac, 0xa6,
    0xde, 0x38, 0x4, 0x0, 0xa8, 0xc0, 0x1b, 0xc0,
    0x4, 0x6, 0x1, 0xc6, 0x20, 0x17, 0x80, 0x7e,
    0x20, 0xc0, 0xe, 0x21, 0x0, 0x32, 0x20, 0x3,
    0x40, 0x5, 0x5, 0x70, 0xad, 0x8c, 0x20, 0x1,
    0xc7, 0x6a, 0xb4, 0xc0, 0x0,

    /* U+0102 "Ă" */
    0x0, 0x9a, 0xc4, 0x53, 0x20, 0xf, 0x3b, 0xbb,
    0x8f, 0x60, 0x1e, 0x1c, 0xdd, 0x71, 0x0, 0x7c,
    0x3b, 0xa2, 0x0, 0xfc, 0xe0, 0xa, 0x0, 0xfd,
    0xa2, 0x4c, 0x1, 0xf0, 0xa3, 0xd0, 0x98, 0x7,
    0x98, 0x35, 0x42, 0x80, 0x3d, 0x62, 0x84, 0x47,
    0x0, 0xe2, 0x37, 0x0, 0x50, 0xa0, 0x6, 0x50,
    0xd0, 0x2, 0x86, 0x80, 0x6a, 0x5, 0x11, 0x19,
    0x30, 0x4, 0x64, 0x1d, 0xd8, 0x81, 0x40, 0x16,
    0x13, 0x77, 0xc1, 0xe0, 0x6, 0x26, 0x44, 0xf2,
    0x81, 0x8a, 0x80, 0x7b, 0x81, 0x40,

    /* U+0103 "ă" */
    0x0, 0x93, 0xff, 0x38, 0x7, 0x27, 0x65, 0xf3,
    0x80, 0x78, 0x4d, 0x4, 0x3, 0x86, 0x37, 0xf6,
    0x3, 0xb0, 0x7, 0x1d, 0xa1, 0x5b, 0x0, 0x2b,
    0x29, 0xb7, 0x8e, 0x1, 0x0, 0x2a, 0x30, 0x6,
    0xf0, 0x1, 0x1, 0x80, 0x71, 0x88, 0x5, 0xe0,
    0x1f, 0x88, 0x30, 0x3, 0x88, 0x40, 0xc, 0x88,
    0x0, 0xd0, 0x1, 0x41, 0x5c, 0x2b, 0x63, 0x8,
    0x0, 0x71, 0xda, 0xad, 0x30, 0x0,

    /* U+0104 "Ą" */
    0x0, 0xc3, 0xfe, 0x20, 0xf, 0xce, 0x0, 0xa0,
    0xf, 0xda, 0x24, 0xc0, 0x1f, 0xa, 0x3d, 0x9,
    0x80, 0x79, 0x83, 0x54, 0x28, 0x3, 0xd6, 0x28,
    0x44, 0x70, 0xe, 0x23, 0x70, 0x5, 0xa, 0x0,
    0x65, 0xd, 0x0, 0x28, 0x68, 0x6, 0xa0, 0x51,
    0x11, 0x93, 0x0, 0x46, 0x41, 0xdd, 0x88, 0x14,
    0x1, 0x61, 0x37, 0x7c, 0x1e, 0x0, 0x62, 0x64,
    0x4f, 0x28, 0x18, 0xa8, 0x7, 0xb4, 0x14, 0xfe,
    0x0, 0x38, 0xe1, 0x90, 0x3, 0xf4, 0x24, 0x88,
    0x7, 0xe7, 0x0, 0x8, 0x7, 0xe9, 0x5f, 0xb0,
    0xf, 0xcb, 0xfd, 0x40,

    /* U+0105 "ą" */
    0x0, 0xc, 0x6f, 0xec, 0x7, 0x60, 0xe, 0x3b,
    0xa1, 0x5b, 0x0, 0x2b, 0x2a, 0xa3, 0xc7, 0x0,
    0x80, 0x15, 0x14, 0x3, 0x70, 0x0, 0x80, 0xc0,
    0x38, 0x84, 0x3, 0xff, 0x80, 0x40, 0x60, 0x1c,
    0x42, 0x0, 0x64, 0x60, 0xd, 0xc0, 0x14, 0x14,
    0xdb, 0xc7, 0x38, 0x80, 0x7, 0x1d, 0x61, 0x66,
    0x40, 0x18, 0x63, 0xbf, 0x53, 0x23, 0x0, 0x3e,
    0xa3, 0x61, 0x0, 0xfa, 0x8f, 0xfc, 0x1, 0xf1,
    0xf7, 0x40,

    /* U+0106 "Ć" */
    0x0, 0xff, 0xe4, 0x25, 0x80, 0x7f, 0xd, 0x59,
    0x80, 0x7f, 0x79, 0xf4, 0x0, 0x7f, 0x64, 0x88,
    0x7, 0xf3, 0x77, 0x3f, 0x60, 0x40, 0x31, 0x6c,
    0xbb, 0x43, 0x3f, 0x98, 0x5, 0xe7, 0x97, 0xf,
    0x78, 0x18, 0x41, 0x5, 0x46, 0x1, 0x8e, 0xca,
    0x81, 0x8d, 0x0, 0x3c, 0xbb, 0x2, 0x24, 0x0,
    0xff, 0x10, 0x78, 0x7, 0xf8, 0x83, 0xc0, 0x3f,
    0xc2, 0x24, 0x0, 0xff, 0x98, 0xd0, 0x3, 0xc9,
    0x90, 0x10, 0x54, 0x60, 0x18, 0xa8, 0xe8, 0x1,
    0xe7, 0x96, 0xee, 0xad, 0x1b, 0x20, 0x1, 0x6c,
    0xbc, 0x41, 0xdd, 0xc8, 0x0,

    /* U+0107 "ć" */
    0x0, 0xff, 0xe2, 0xc, 0x98, 0x7, 0xcd, 0xea,
    0x40, 0x1e, 0x8b, 0xb6, 0x8, 0x7, 0xab, 0x54,
    0x3, 0xe1, 0xad, 0xfe, 0xa2, 0x0, 0x87, 0x1d,
    0x25, 0x93, 0x4c, 0x1, 0x65, 0x72, 0xd1, 0x81,
    0xe0, 0x5, 0x44, 0x0, 0x45, 0x90, 0x4, 0x6,
    0x1, 0xc6, 0x80, 0x1f, 0xfc, 0x2, 0x3, 0x0,
    0xe2, 0x40, 0x2, 0xa2, 0x0, 0x21, 0xc8, 0x0,
    0x59, 0x5c, 0xb4, 0x78, 0x78, 0x0, 0x71, 0xd2,
    0x59, 0x30, 0xc0,

    /* U+010A "Ċ" */
    0x0, 0xf4, 0x58, 0x7, 0xfc, 0x2c, 0x1, 0xff,
    0x4e, 0x80, 0x7f, 0x36, 0x77, 0xec, 0x8, 0x6,
    0x2d, 0x97, 0x68, 0x67, 0xf3, 0x0, 0xbc, 0xf2,
    0xe1, 0xef, 0x3, 0x8, 0x20, 0xa8, 0xc0, 0x31,
    0xd9, 0x50, 0x31, 0xa0, 0x7, 0x97, 0x60, 0x44,
    0x80, 0x1f, 0xe2, 0xf, 0x0, 0xff, 0x10, 0x78,
    0x7, 0xf8, 0x44, 0x80, 0x1f, 0xf3, 0x1a, 0x0,
    0x79, 0x32, 0x2, 0xa, 0x8c, 0x3, 0x15, 0x1d,
    0x0, 0x3c, 0xf2, 0xdd, 0xd5, 0xa3, 0x64, 0x0,
    0x2d, 0x97, 0x88, 0x3b, 0xb9, 0x0,

    /* U+010B "ċ" */
    0x0, 0xc9, 0xe6, 0x1, 0xf9, 0xc8, 0x3, 0xf8,
    0xf4, 0xc0, 0x3c, 0x31, 0xbf, 0xd4, 0x40, 0x10,
    0xe3, 0xa4, 0xb2, 0x69, 0x80, 0x2c, 0xae, 0x5a,
    0x30, 0x3c, 0x0, 0xa8, 0x80, 0x8, 0xb2, 0x0,
    0x80, 0xc0, 0x38, 0xd0, 0x3, 0xff, 0x80, 0x40,
    0x60, 0x1c, 0x48, 0x0, 0x54, 0x40, 0x4, 0x39,
    0x0, 0xb, 0x2b, 0x96, 0x8f, 0xf, 0x0, 0xe,
    0x3a, 0x4b, 0x26, 0x18, 0x0,

    /* U+010C "Č" */
    0x0, 0xc4, 0x20, 0x11, 0x80, 0x7c, 0xfe, 0xc7,
    0x94, 0x1, 0xf2, 0xd5, 0xe5, 0xc8, 0x7, 0xe4,
    0xde, 0x70, 0xf, 0xcd, 0x9d, 0xcd, 0x81, 0x0,
    0xc5, 0xb2, 0xed, 0xc, 0xfe, 0x60, 0x17, 0x9e,
    0x5c, 0x3d, 0xe0, 0x61, 0x4, 0x15, 0x18, 0x6,
    0x3b, 0x2a, 0x6, 0x34, 0x0, 0xf2, 0xec, 0x8,
    0x90, 0x3, 0xfc, 0x41, 0xe0, 0x1f, 0xe2, 0xf,
    0x0, 0xff, 0x8, 0x90, 0x3, 0xfe, 0x63, 0x40,
    0xf, 0x26, 0x40, 0x41, 0x51, 0x80, 0x62, 0xa3,
    0xa0, 0x7, 0x9e, 0x5b, 0xba, 0xb4, 0x6c, 0x80,
    0x5, 0xb2, 0xf1, 0x7, 0x77, 0x20, 0x0,

    /* U+010D "č" */
    0x0, 0x88, 0x2, 0x20, 0xf, 0x6c, 0xc, 0xe0,
    0x7, 0xb4, 0xf8, 0xfc, 0x3, 0xc5, 0x7b, 0x42,
    0x1, 0xc3, 0x1b, 0xae, 0xa2, 0x0, 0x87, 0x1d,
    0x25, 0x93, 0x4c, 0x1, 0x65, 0x72, 0xd1, 0x81,
    0xe0, 0x5, 0x44, 0x0, 0x45, 0x90, 0x4, 0x6,
    0x1, 0xc6, 0x80, 0x1f, 0xfc, 0x2, 0x3, 0x0,
    0xe2, 0x40, 0x2, 0xa2, 0x0, 0x21, 0xc8, 0x0,
    0x59, 0x5c, 0xb4, 0x78, 0x78, 0x0, 0x71, 0xd2,
    0x59, 0x30, 0xc0,

    /* U+010E "Ď" */
    0x0, 0x9, 0x0, 0x48, 0x1, 0xc7, 0xb0, 0x79,
    0xe0, 0x1c, 0x5a, 0x78, 0x96, 0x1, 0xe2, 0xbf,
    0x80, 0xd, 0x3f, 0xfb, 0x69, 0x40, 0x3a, 0xab,
    0xd, 0x58, 0x80, 0x4a, 0xb3, 0xdd, 0x92, 0x80,
    0x3f, 0x24, 0x22, 0x0, 0x3f, 0x38, 0x70, 0x7,
    0xf1, 0xb8, 0x7, 0xf3, 0x98, 0x7, 0xf3, 0x98,
    0x7, 0xf1, 0xb8, 0x7, 0xe6, 0xf, 0x0, 0xf9,
    0x25, 0x14, 0x0, 0xab, 0x3d, 0xd8, 0xe8, 0x2,
    0xaa, 0xa4, 0x2b, 0x4, 0x0,

    /* U+010F "ď" */
    0x0, 0xfe, 0xec, 0x4f, 0x70, 0xf, 0xf9, 0x93,
    0xc0, 0x3f, 0xe2, 0x3f, 0x0, 0xc, 0x6f, 0xeb,
    0x80, 0x46, 0x2e, 0x3, 0x8e, 0xd0, 0xb3, 0x80,
    0x3, 0x90, 0x5, 0x94, 0xdb, 0xc7, 0x0, 0x80,
    0x72, 0xa3, 0x0, 0x6f, 0x0, 0xe2, 0x3, 0x0,
    0xe3, 0x10, 0xf, 0x78, 0x7, 0xfc, 0x41, 0x80,
    0x1c, 0x42, 0x1, 0xcc, 0x88, 0x0, 0xd0, 0x1,
    0xe8, 0x2b, 0x85, 0x6c, 0x61, 0x0, 0xe1, 0xc7,
    0x6a, 0xb4, 0xc0, 0xe,

    /* U+0110 "Đ" */
    0x4, 0xff, 0xdd, 0x8e, 0x20, 0x1e, 0x6a, 0xa4,
    0x2c, 0x79, 0x80, 0x76, 0x2a, 0x9a, 0x78, 0xf4,
    0x40, 0x3f, 0x87, 0xc6, 0xc0, 0x3f, 0xc4, 0xaa,
    0x0, 0xff, 0xb4, 0xb, 0x6c, 0x2b, 0xfd, 0xa0,
    0x10, 0x83, 0x5a, 0x82, 0x3b, 0xac, 0x2, 0x10,
    0x66, 0x70, 0x74, 0x41, 0x80, 0x2d, 0x2, 0x0,
    0xfe, 0x15, 0x50, 0x7, 0xf0, 0xe8, 0x40, 0x6,
    0xd4, 0x42, 0xc7, 0x95, 0x90, 0x6, 0x7b, 0xb9,
    0x27, 0xd0, 0x0,

    /* U+0111 "đ" */
    0x0, 0xfe, 0xec, 0x0, 0xfd, 0xbe, 0x27, 0xa0,
    0x1f, 0x6f, 0x89, 0xe8, 0x0, 0x63, 0x7f, 0x5c,
    0x3, 0x87, 0x1d, 0xa1, 0x67, 0x0, 0x35, 0x94,
    0xdb, 0xc7, 0x0, 0x80, 0x4a, 0x8c, 0x1, 0xbc,
    0x2, 0x20, 0x30, 0xe, 0x31, 0x0, 0xde, 0x1,
    0xfc, 0x41, 0x80, 0x1c, 0x42, 0x1, 0x32, 0x20,
    0x3, 0x40, 0x6, 0x82, 0xb8, 0x56, 0xc6, 0x10,
    0x8, 0x71, 0xda, 0xad, 0x30, 0x2,

    /* U+0112 "Ē" */
    0x0, 0xfd, 0x3f, 0xfd, 0x61, 0x19, 0x9d, 0x21,
    0x19, 0x9d, 0xa4, 0x0, 0x9a, 0xac, 0x40, 0x6,
    0x55, 0xc0, 0x1f, 0xfc, 0x71, 0x1c, 0x1, 0xbb,
    0xb4, 0x80, 0x57, 0x7c, 0x1, 0x22, 0x62, 0x0,
    0xff, 0xe3, 0xaa, 0xf0, 0x5, 0x55, 0xc4,

    /* U+0113 "ē" */
    0x0, 0x4f, 0xff, 0x60, 0x6, 0xbc, 0xce, 0xe0,
    0xc, 0x46, 0x7c, 0x40, 0x1d, 0x1b, 0xfd, 0x46,
    0x1, 0xe, 0xba, 0x4b, 0x26, 0x20, 0x2, 0xcb,
    0x65, 0xa3, 0x8e, 0x80, 0xa, 0xa3, 0x11, 0xd4,
    0x28, 0x40, 0xbd, 0xdd, 0x20, 0x20, 0x5, 0xbb,
    0xf9, 0x8, 0x5, 0x13, 0x9c, 0x44, 0xc, 0x8a,
    0x1, 0xe, 0xc0, 0x2, 0xa, 0xa8, 0xd1, 0xe3,
    0xc0, 0x1, 0xd7, 0x74, 0xb2, 0x69, 0x80,

    /* U+0114 "Ĕ" */
    0xe, 0x40, 0x2f, 0x10, 0x4, 0x5f, 0xeb, 0x88,
    0x1, 0xbf, 0x7a, 0x0, 0x13, 0xfe, 0xde, 0xff,
    0x10, 0x2, 0x6a, 0xb1, 0x0, 0x19, 0x57, 0x0,
    0x7f, 0xf1, 0xc4, 0x70, 0x6, 0xee, 0xd2, 0x1,
    0x5d, 0xf0, 0x4, 0x89, 0x88, 0x3, 0xff, 0x8e,
    0xab, 0xc0, 0x15, 0x57, 0x10,

    /* U+0115 "ĕ" */
    0x0, 0xb3, 0xfe, 0xe0, 0xf, 0x66, 0xde, 0x70,
    0x7, 0xc4, 0x86, 0x1, 0xf4, 0x6f, 0xf5, 0x18,
    0x4, 0x3a, 0xe9, 0x2c, 0x98, 0x80, 0xb, 0x2d,
    0x96, 0x8e, 0x3a, 0x0, 0x2a, 0x8c, 0x47, 0x50,
    0xa1, 0x2, 0xf7, 0x74, 0x80, 0x80, 0x16, 0xef,
    0xe4, 0x20, 0x14, 0x4e, 0x71, 0x10, 0x32, 0x28,
    0x4, 0x3b, 0x0, 0x8, 0x2a, 0xa3, 0x47, 0x8f,
    0x0, 0x7, 0x5d, 0xd2, 0xc9, 0xa6, 0x0,

    /* U+0116 "Ė" */
    0x0, 0x16, 0xa0, 0x7, 0x9, 0x8, 0x7, 0x1f,
    0xa8, 0x5, 0x3f, 0xfe, 0x20, 0x4, 0xd5, 0x62,
    0x0, 0x32, 0xae, 0x0, 0xff, 0xe3, 0x88, 0xe0,
    0xd, 0xdd, 0xa4, 0x2, 0xbb, 0xe0, 0x9, 0x13,
    0x10, 0x7, 0xff, 0x1d, 0x57, 0x80, 0x2a, 0xae,
    0x20,

    /* U+0117 "ė" */
    0x0, 0xc7, 0xca, 0x1, 0xf8, 0x4c, 0x40, 0x3f,
    0x16, 0xa0, 0x7, 0xd1, 0xbf, 0xd4, 0x60, 0x10,
    0xeb, 0xa4, 0xb2, 0x62, 0x0, 0x2c, 0xb6, 0x5a,
    0x38, 0xe8, 0x0, 0xaa, 0x31, 0x1d, 0x42, 0x84,
    0xb, 0xdd, 0xd2, 0x2, 0x0, 0x5b, 0xbf, 0x90,
    0x80, 0x51, 0x39, 0xc4, 0x40, 0xc8, 0xa0, 0x10,
    0xec, 0x0, 0x20, 0xaa, 0x8d, 0x1e, 0x3c, 0x0,
    0x1d, 0x77, 0x4b, 0x26, 0x98, 0x0,

    /* U+0118 "Ę" */
    0x9f, 0xff, 0x10, 0x2, 0x6a, 0xb1, 0x0, 0x19,
    0x57, 0x0, 0x7f, 0xf1, 0xc4, 0x70, 0x6, 0xee,
    0xd2, 0x1, 0x5d, 0xf0, 0x4, 0x89, 0x88, 0x3,
    0xff, 0x8e, 0xab, 0xc0, 0x15, 0x57, 0x14, 0xff,
    0xce, 0x34, 0x40, 0x11, 0x3e, 0xa8, 0x6, 0x10,
    0xf, 0x8d, 0x73, 0xd0, 0x3, 0x57, 0x7a, 0x0,

    /* U+0119 "ę" */
    0x0, 0xc, 0x6f, 0xf5, 0x18, 0x4, 0x38, 0xe9,
    0x2c, 0x98, 0x80, 0xb, 0x2d, 0x96, 0x8e, 0x3a,
    0x0, 0x2a, 0x8c, 0x47, 0x50, 0xa1, 0x2, 0xf7,
    0x74, 0x80, 0x80, 0x16, 0xef, 0xe4, 0x20, 0x64,
    0x4e, 0x3, 0x10, 0x73, 0x70, 0x8, 0xee, 0xc0,
    0x8, 0x48, 0xda, 0xbc, 0x2e, 0x0, 0xae, 0x99,
    0x55, 0x1a, 0x40, 0x19, 0x48, 0xf9, 0xc0, 0x3e,
    0x56, 0x1, 0x0, 0xfa, 0x57, 0xec, 0x3, 0xe5,
    0xfe, 0xa0, 0x8,

    /* U+011A "Ě" */
    0x3, 0x0, 0x8c, 0x2, 0xea, 0x29, 0xc0, 0xb,
    0xf, 0x4f, 0x40, 0x21, 0x9e, 0xa2, 0x0, 0x4f,
    0xfb, 0xbf, 0xe2, 0x0, 0x4d, 0x56, 0x20, 0x3,
    0x2a, 0xe0, 0xf, 0xfe, 0x38, 0x8e, 0x0, 0xdd,
    0xda, 0x40, 0x2b, 0xbe, 0x0, 0x91, 0x31, 0x0,
    0x7f, 0xf1, 0xd5, 0x78, 0x2, 0xaa, 0xe2,

    /* U+011B "ě" */
    0x0, 0x88, 0x2, 0x20, 0xf, 0x7c, 0x8c, 0x68,
    0x80, 0x76, 0x1f, 0x1e, 0x88, 0x7, 0xd, 0x6d,
    0x90, 0x7, 0xa3, 0x75, 0xd4, 0x60, 0x10, 0xeb,
    0xa4, 0xb2, 0x62, 0x0, 0x2c, 0xb6, 0x5a, 0x38,
    0xe8, 0x0, 0xaa, 0x31, 0x1d, 0x42, 0x84, 0xb,
    0xdd, 0xd2, 0x2, 0x0, 0x5b, 0xbf, 0x90, 0x80,
    0x51, 0x39, 0xc4, 0x40, 0xc8, 0xa0, 0x10, 0xec,
    0x0, 0x20, 0xaa, 0x8d, 0x1e, 0x3c, 0x0, 0x1d,
    0x77, 0x4b, 0x26, 0x98, 0x0,

    /* U+011E "Ğ" */
    0x0, 0xcf, 0x62, 0x29, 0x90, 0x7, 0xe6, 0x7e,
    0xe3, 0xd8, 0x7, 0xe1, 0xcd, 0xd7, 0x10, 0x7,
    0xe6, 0xcc, 0x6e, 0x40, 0x80, 0x71, 0x6c, 0x83,
    0x3b, 0xde, 0x60, 0x1b, 0xce, 0xf2, 0x21, 0x78,
    0x18, 0x40, 0x8, 0x2a, 0x40, 0xc, 0x74, 0x74,
    0x0, 0x62, 0x40, 0xf, 0x26, 0x40, 0x8, 0x94,
    0x3, 0x8, 0xf8, 0x8, 0x3c, 0x2, 0x8e, 0xef,
    0x19, 0x7, 0x80, 0x55, 0x77, 0x90, 0x4, 0x64,
    0x0, 0x89, 0x13, 0x30, 0x90, 0x31, 0xa0, 0x7,
    0x90, 0x98, 0x1, 0x5, 0x48, 0x1, 0x8e, 0x8a,
    0x40, 0x2f, 0x3b, 0xc8, 0x85, 0xe1, 0xf8, 0x80,
    0x45, 0xb2, 0xc, 0xee, 0x8d, 0x20, 0x0,

    /* U+011F "ğ" */
    0x0, 0x93, 0xff, 0x38, 0x7, 0x27, 0x65, 0xf3,
    0x80, 0x78, 0x4d, 0x4, 0x3, 0x86, 0x37, 0xf6,
    0x3, 0xb0, 0x7, 0x1d, 0x6e, 0x13, 0x40, 0x2b,
    0x2c, 0x84, 0x5c, 0x71, 0x0, 0x2a, 0x18, 0x6,
    0x80, 0x1, 0x6, 0x0, 0x71, 0x8, 0x5, 0xe0,
    0x1e, 0x10, 0x20, 0x40, 0xe, 0x30, 0x9, 0x8d,
    0x80, 0x37, 0x80, 0x50, 0x53, 0x6f, 0x1c, 0xe2,
    0x0, 0x1c, 0x75, 0x85, 0x9b, 0x0, 0xc3, 0x1d,
    0xfa, 0xe0, 0x19, 0xa4, 0x3, 0x84, 0x4a, 0x0,
    0x69, 0x0, 0xd6, 0x1a, 0xc, 0x8d, 0x8f, 0x18,
    0xac, 0x80, 0xb, 0x90, 0x97, 0xa, 0x90,

    /* U+0120 "Ġ" */
    0x0, 0xf4, 0xd0, 0x7, 0xff, 0x0, 0x98, 0x3,
    0xff, 0x81, 0x78, 0x1, 0xfe, 0x6c, 0xef, 0xc8,
    0x10, 0xe, 0x2d, 0x90, 0x67, 0x7b, 0xcc, 0x3,
    0x79, 0xde, 0x44, 0x2f, 0x3, 0x8, 0x1, 0x5,
    0x48, 0x1, 0x8e, 0x8e, 0x80, 0xc, 0x48, 0x1,
    0xe4, 0xc8, 0x1, 0x12, 0x80, 0x61, 0x1f, 0x1,
    0x7, 0x80, 0x51, 0xdd, 0xe3, 0x20, 0xf0, 0xa,
    0xae, 0xf2, 0x0, 0x8c, 0x80, 0x11, 0x22, 0x66,
    0x12, 0x6, 0x34, 0x0, 0xf2, 0x13, 0x0, 0x20,
    0xa9, 0x0, 0x31, 0xd1, 0x48, 0x5, 0xe7, 0x79,
    0x10, 0xbc, 0x3f, 0x10, 0x8, 0xb6, 0x41, 0x9d,
    0xd1, 0xa4, 0x0,

    /* U+0121 "ġ" */
    0x0, 0xea, 0xd0, 0xf, 0xe2, 0x60, 0xf, 0xe8,
    0xb0, 0xf, 0xc, 0x6f, 0xec, 0x7, 0x60, 0xe,
    0x3a, 0xdc, 0x26, 0x80, 0x56, 0x59, 0x8, 0xb8,
    0xe2, 0x0, 0x54, 0x30, 0xd, 0x0, 0x2, 0xc,
    0x0, 0xe2, 0x10, 0xb, 0xc0, 0x3c, 0x20, 0x40,
    0x80, 0x1c, 0x60, 0x13, 0x1b, 0x0, 0x6f, 0x0,
    0xa0, 0xa6, 0xde, 0x39, 0xc4, 0x0, 0x38, 0xeb,
    0xb, 0x36, 0x1, 0x86, 0x3b, 0xf5, 0xc0, 0x33,
    0x48, 0x7, 0x8, 0x94, 0x0, 0xd2, 0x1, 0xac,
    0x34, 0x19, 0x1b, 0x1e, 0x31, 0x59, 0x0, 0x17,
    0x21, 0x2e, 0x15, 0x20,

    /* U+0122 "Ģ" */
    0x0, 0xcd, 0x9d, 0xfa, 0xe0, 0x1e, 0x2d, 0x90,
    0x67, 0x18, 0xd1, 0x0, 0xde, 0x77, 0x91, 0xc,
    0x92, 0xc0, 0xa, 0xa, 0x90, 0x3, 0x33, 0x93,
    0x80, 0x18, 0x90, 0x3, 0xd1, 0x48, 0x2, 0x25,
    0x0, 0xfc, 0xa6, 0x4, 0x1e, 0x1, 0x84, 0x7c,
    0x4, 0x1e, 0x1, 0x47, 0x77, 0x8c, 0x44, 0x80,
    0x15, 0x5d, 0xe4, 0x1, 0x6, 0x34, 0x0, 0x12,
    0x26, 0x52, 0x20, 0x41, 0x52, 0x0, 0x61, 0xb1,
    0x90, 0xb, 0xce, 0xf2, 0x21, 0x5c, 0x92, 0x80,
    0x11, 0x6c, 0x83, 0x3b, 0xda, 0xc0, 0x1e, 0x6c,
    0xef, 0xd8, 0x20, 0xf, 0xe1, 0x10, 0x7, 0xff,
    0x3, 0x3c, 0x3, 0xff, 0x81, 0x20, 0x1f, 0xfc,
    0x1e, 0x90, 0xf, 0x0,

    /* U+0123 "ģ" */
    0x0, 0xe7, 0xa0, 0xf, 0xe9, 0x40, 0xf, 0xe9,
    0x90, 0x7, 0xf3, 0xb8, 0x3, 0xc3, 0x1b, 0xfb,
    0x1, 0xd8, 0x3, 0x8e, 0xb7, 0x9, 0xa0, 0x15,
    0x96, 0x42, 0x2e, 0x38, 0x80, 0x15, 0xc, 0x3,
    0x40, 0x0, 0x83, 0x0, 0x38, 0x84, 0x2, 0xf0,
    0xf, 0x8, 0x10, 0x20, 0x7, 0x18, 0x4, 0xc6,
    0xc0, 0x1b, 0xc0, 0x28, 0x29, 0xb7, 0x8e, 0x71,
    0x0, 0xe, 0x3a, 0xc2, 0xcd, 0x80, 0x61, 0x8e,
    0xfd, 0x70, 0xc, 0xd2, 0x1, 0xc2, 0x25, 0x0,
    0x34, 0x80, 0x6b, 0xd, 0x6, 0x46, 0xc7, 0x8c,
    0x56, 0x40, 0x5, 0xc8, 0x4b, 0x85, 0x48, 0x0,

    /* U+0128 "Ĩ" */
    0x1c, 0xff, 0xb0, 0x7, 0xb7, 0x5d, 0x80, 0x2,
    0xbd, 0x10, 0xf, 0xff, 0xf8, 0x7, 0xfc,

    /* U+0129 "ĩ" */
    0xa, 0xe7, 0xe, 0x4, 0x6d, 0xbf, 0x60, 0x4d,
    0x3c, 0xe8, 0x0, 0xc, 0xf8, 0x80, 0x7f, 0xfd,
    0x40,

    /* U+012A "Ī" */
    0x0, 0xfb, 0xff, 0xcb, 0x99, 0xe4, 0x33, 0x56,
    0x19, 0x84, 0x3, 0xff, 0xfe, 0x1, 0xfc,

    /* U+012B "ī" */
    0xff, 0xf2, 0xe6, 0x79, 0xc, 0xfc, 0x20, 0x9,
    0xf0, 0xf, 0xff, 0xb0,

    /* U+012C "Ĭ" */
    0x4c, 0x10, 0x7b, 0x47, 0xef, 0x98, 0xb, 0xed,
    0xe3, 0x0, 0x46, 0x80, 0x7f, 0xff, 0x80,

    /* U+012D "ĭ" */
    0x3f, 0xfd, 0x7, 0xf9, 0x7b, 0x0, 0x3, 0x42,
    0x0, 0xa7, 0xc0, 0x3f, 0xfd, 0x80,

    /* U+012E "Į" */
    0x0, 0x4f, 0x80, 0x7f, 0xfb, 0x51, 0xd0, 0xa,
    0xee, 0x7, 0x7, 0x0, 0x21, 0xef, 0x90, 0xe7,
    0x79, 0x0,

    /* U+012F "į" */
    0x0, 0x4f, 0x10, 0x1, 0x44, 0x40, 0xc, 0xd3,
    0x0, 0x4e, 0x80, 0x7f, 0xf7, 0x8d, 0xc, 0xb,
    0x23, 0x1, 0xc1, 0x0, 0x8, 0x5d, 0xe4, 0x3b,
    0xde, 0x40,

    /* U+0130 "İ" */
    0x7c, 0xf, 0x20, 0x8e, 0x9, 0xf0, 0xf, 0xfe,
    0xc8,

    /* U+0131 "ı" */
    0x9f, 0x0, 0xff, 0xe8, 0x0,

    /* U+0136 "Ķ" */
    0x9f, 0x0, 0xc7, 0xf8, 0x1, 0xe2, 0xd1, 0xd0,
    0xe, 0x1f, 0xc, 0x10, 0xe, 0xd2, 0xa2, 0x0,
    0xea, 0x3a, 0x40, 0xe, 0x85, 0x85, 0x0, 0xf3,
    0x9b, 0x80, 0x7c, 0xc6, 0xe0, 0x1f, 0x4a, 0x42,
    0x80, 0x7d, 0x67, 0x48, 0x1, 0xf6, 0x8d, 0x90,
    0x7, 0x87, 0x3, 0x4, 0x3, 0xc5, 0x63, 0x81,
    0x3e, 0x1, 0x93, 0xf4, 0x3, 0x9, 0x0, 0x7e,
    0x6d, 0x30, 0xf, 0x94, 0xdc, 0x3, 0xe7, 0x72,
    0x0, 0x60,

    /* U+0137 "ķ" */
    0x9f, 0x0, 0xff, 0xe9, 0x4f, 0xd0, 0x7, 0x3b,
    0x25, 0x0, 0x65, 0x84, 0xb0, 0xc, 0x74, 0x76,
    0x1, 0xda, 0x5a, 0x1, 0xff, 0xc3, 0xd2, 0xd0,
    0xf, 0x1d, 0x9e, 0x0, 0x79, 0x24, 0xec, 0x3,
    0xcc, 0xe9, 0x41, 0x3e, 0x1, 0x47, 0xd0, 0x6,
    0x21, 0x0, 0xf1, 0xec, 0x80, 0x78, 0xd8, 0x3,
    0xe2, 0x5a, 0x0, 0xc0,

    /* U+0139 "Ĺ" */
    0x0, 0xff, 0x3c, 0x80, 0x49, 0xb5, 0xa0, 0x2,
    0xab, 0xd4, 0x0, 0x17, 0x30, 0x6, 0x9f, 0x0,
    0xff, 0xff, 0x80, 0x15, 0x71, 0x0, 0x2a, 0xb2,
    0x0,

    /* U+013A "ĺ" */
    0x0, 0xf2, 0xe9, 0x65, 0xd7, 0xa7, 0xbe, 0x40,
    0x80, 0xcf, 0x80, 0x7f, 0xf9, 0x40,

    /* U+013B "Ļ" */
    0x9f, 0x0, 0xff, 0xff, 0x80, 0x15, 0x71, 0x0,
    0x2a, 0xb2, 0x4f, 0xff, 0x30, 0x0, 0x48, 0x3,
    0x9b, 0x50, 0x3, 0x29, 0x80, 0x73, 0xb9, 0x0,
    0x0,

    /* U+013C "ļ" */
    0x9f, 0x0, 0xff, 0xec, 0xcf, 0x80, 0x90, 0x5e,
    0x8c, 0x89, 0xda, 0x10,

    /* U+013D "Ľ" */
    0x9f, 0x0, 0x7e, 0x0, 0x73, 0x88, 0x7, 0x58,
    0x80, 0x75, 0x78, 0x7, 0x49, 0x80, 0x7f, 0xf8,
    0x55, 0x71, 0x0, 0x2a, 0xb2, 0x0,

    /* U+013E "ľ" */
    0x9f, 0xa, 0xf0, 0xd, 0xe2, 0x40, 0x12, 0x19,
    0x80, 0x26, 0xb1, 0x0, 0x9d, 0x80, 0x3f, 0xfc,
    0xa0,

    /* U+013F "Ŀ" */
    0x9f, 0x0, 0xff, 0xec, 0xbe, 0x0, 0x77, 0x90,
    0x7, 0x47, 0x0, 0x7f, 0xf3, 0x15, 0x71, 0x0,
    0x2a, 0xb2, 0x0,

    /* U+0140 "ŀ" */
    0x9f, 0x0, 0xff, 0xe7, 0x5c, 0x0, 0x4c, 0x20,
    0x16, 0xc8, 0x7, 0xff, 0x34,

    /* U+0141 "Ł" */
    0x5, 0xf4, 0x0, 0xff, 0xea, 0x8, 0x80, 0x3a,
    0x78, 0x80, 0x11, 0x60, 0xf8, 0x60, 0x1, 0x70,
    0xe3, 0x0, 0xa7, 0x0, 0x3f, 0xf9, 0xa6, 0x89,
    0x10, 0x5, 0x17, 0x74, 0x0,

    /* U+0142 "ł" */
    0x9, 0xf1, 0x0, 0xff, 0xe4, 0x8, 0x5, 0xc9,
    0x6c, 0x14, 0xbc, 0xa0, 0x80, 0xa6, 0x1, 0xff,
    0xcb,

    /* U+0143 "Ń" */
    0x0, 0xff, 0xe2, 0x1e, 0x8, 0x7, 0x86, 0x71,
    0x44, 0x3, 0xd4, 0x5b, 0x20, 0x1f, 0x55, 0x90,
    0x7, 0x4f, 0xa8, 0x80, 0x66, 0xf4, 0x0, 0x58,
    0x80, 0x7f, 0xc, 0x0, 0x7f, 0x43, 0x20, 0x7,
    0xe7, 0x39, 0x0, 0xfe, 0xe2, 0x80, 0xf, 0xc4,
    0xee, 0x30, 0xf, 0xd0, 0x5e, 0x1, 0xfd, 0x26,
    0xe0, 0x1f, 0x91, 0xa3, 0x80, 0x3f, 0x40, 0xb8,
    0x7, 0xe1, 0xb0, 0xf, 0xf2, 0xa0, 0x0,

    /* U+0144 "ń" */
    0x0, 0xff, 0xe1, 0xc, 0xc0, 0x7, 0x9b, 0xd6,
    0xc0, 0x39, 0x2e, 0xb0, 0xc0, 0x39, 0x35, 0x0,
    0x3a, 0x7c, 0xab, 0xbf, 0x14, 0x3, 0x61, 0xd5,
    0x2, 0x98, 0x2, 0x69, 0x45, 0xc2, 0x80, 0xa,
    0x80, 0x32, 0x89, 0x0, 0x8, 0x3, 0x70, 0x8,
    0x7, 0xff, 0x98,

    /* U+0145 "Ņ" */
    0x9f, 0x50, 0xe, 0x6f, 0x40, 0x5, 0x88, 0x7,
    0xf0, 0xc0, 0x7, 0xf4, 0x32, 0x0, 0x7e, 0x73,
    0x90, 0xf, 0xee, 0x28, 0x0, 0xfc, 0x4e, 0xe3,
    0x0, 0xfd, 0x5, 0xe0, 0x1f, 0xd2, 0x6e, 0x1,
    0xf9, 0x1a, 0x38, 0x3, 0xf4, 0xb, 0x80, 0x7e,
    0x1b, 0x0, 0xff, 0x2a, 0x0, 0x27, 0xc0, 0x3d,
    0x7e, 0x80, 0x18, 0x48, 0x3, 0xfa, 0x74, 0xc0,
    0x3f, 0x51, 0x0, 0x7f, 0x23, 0x18, 0x6,

    /* U+0146 "ņ" */
    0x9f, 0x2a, 0xef, 0xc5, 0x0, 0xd8, 0x75, 0x40,
    0xa6, 0x0, 0x9a, 0x51, 0x70, 0xa0, 0x2, 0xa0,
    0xc, 0xa2, 0x40, 0x2, 0x0, 0xdc, 0x2, 0x1,
    0xff, 0xe6, 0x9f, 0x0, 0xe6, 0xf3, 0x0, 0xc4,
    0x20, 0x1f, 0xe, 0xd8, 0x7, 0xc2, 0xe2, 0x1,
    0xf9, 0x7c, 0x3, 0x0,

    /* U+0147 "Ň" */
    0x0, 0x9, 0x0, 0x46, 0x1, 0xc7, 0xb0, 0x57,
    0xe0, 0x1c, 0x5a, 0x7a, 0x78, 0x1, 0xe2, 0xbe,
    0x80, 0xd, 0x3e, 0xa0, 0x1, 0x0, 0x37, 0xa0,
    0x2, 0xc4, 0x3, 0xf8, 0x60, 0x3, 0xfa, 0x19,
    0x0, 0x3f, 0x39, 0xc8, 0x7, 0xf7, 0x14, 0x0,
    0x7e, 0x27, 0x71, 0x80, 0x7e, 0x82, 0xf0, 0xf,
    0xe9, 0x37, 0x0, 0xfc, 0x8d, 0x1c, 0x1, 0xfa,
    0x5, 0xc0, 0x3f, 0xd, 0x80, 0x7f, 0x95, 0x0,
    0x0,

    /* U+0148 "ň" */
    0x0, 0x20, 0x4, 0x44, 0x0, 0xdb, 0xa5, 0x8d,
    0x10, 0xd, 0x31, 0x67, 0xa6, 0x1, 0xcb, 0xd6,
    0x40, 0x14, 0xf9, 0x57, 0x7e, 0x28, 0x6, 0xc3,
    0xaa, 0x5, 0x30, 0x4, 0xd2, 0x8b, 0x85, 0x0,
    0x15, 0x0, 0x65, 0x12, 0x0, 0x10, 0x6, 0xe0,
    0x10, 0xf, 0xff, 0x30,

    /* U+014C "Ō" */
    0x0, 0xff, 0xe2, 0x8f, 0xff, 0x90, 0x3, 0xc3,
    0x99, 0xe4, 0x0, 0xf9, 0x7f, 0x73, 0x90, 0x40,
    0x38, 0xb6, 0x5e, 0x61, 0xe3, 0xcc, 0x3, 0x79,
    0xe5, 0xbb, 0xab, 0x4f, 0x44, 0x1, 0x5, 0x46,
    0x1, 0x8b, 0xc6, 0xc0, 0xc, 0x68, 0x1, 0xe2,
    0x55, 0x8, 0xc8, 0x1, 0xfb, 0x1, 0x48, 0x3c,
    0x3, 0xf1, 0x80, 0x90, 0x78, 0x7, 0xe3, 0x1,
    0x19, 0x0, 0x3f, 0x60, 0x28, 0x31, 0xa0, 0x7,
    0x89, 0x54, 0x21, 0x5, 0x46, 0x1, 0x8b, 0xc2,
    0x0, 0x2f, 0x3c, 0xb7, 0x75, 0x69, 0xe1, 0x0,
    0x45, 0xb2, 0xf3, 0xf, 0x1e, 0x60, 0x0,

    /* U+014D "ō" */
    0x0, 0x37, 0xff, 0x70, 0x6, 0x7c, 0xce, 0xd0,
    0xc, 0x26, 0x7e, 0x0, 0xe7, 0xdf, 0xea, 0x30,
    0xd, 0x90, 0xf0, 0xc9, 0x8c, 0x0, 0x93, 0xaa,
    0x3c, 0x71, 0xc9, 0x3, 0x22, 0x80, 0x6f, 0xa,
    0x20, 0x30, 0xe, 0x30, 0x30, 0xf, 0xf0, 0x90,
    0x18, 0x7, 0x18, 0x10, 0x32, 0x20, 0x2, 0x1f,
    0xa, 0x8, 0x2b, 0xa7, 0x8f, 0x3a, 0x20, 0x1d,
    0x77, 0x43, 0x26, 0x28, 0x0,

    /* U+014E "Ŏ" */
    0x0, 0xcd, 0x62, 0x28, 0xa0, 0xf, 0xcc, 0xfd,
    0xc6, 0x80, 0xf, 0xec, 0xdd, 0x71, 0x0, 0x7e,
    0x6c, 0xc6, 0xe9, 0xc4, 0x3, 0x8b, 0x65, 0xe6,
    0x1e, 0x3c, 0xc0, 0x37, 0x9e, 0x5b, 0xba, 0xb4,
    0xf4, 0x40, 0x10, 0x54, 0x60, 0x18, 0xbc, 0x6c,
    0x0, 0xc6, 0x80, 0x1e, 0x25, 0x50, 0x8c, 0x80,
    0x1f, 0xb0, 0x14, 0x83, 0xc0, 0x3f, 0x18, 0x9,
    0x7, 0x80, 0x7e, 0x30, 0x11, 0x90, 0x3, 0xf6,
    0x2, 0x83, 0x1a, 0x0, 0x78, 0x95, 0x42, 0x10,
    0x54, 0x60, 0x18, 0xbc, 0x20, 0x2, 0xf3, 0xcb,
    0x77, 0x56, 0x9e, 0x10, 0x4, 0x5b, 0x2f, 0x30,
    0xf1, 0xe6, 0x0,

    /* U+014F "ŏ" */
    0x0, 0xa7, 0xff, 0x10, 0x7, 0x4e, 0xde, 0x79,
    0x0, 0x78, 0x90, 0xc0, 0x3e, 0x7d, 0xfe, 0xa3,
    0x0, 0xd9, 0xf, 0xc, 0x98, 0xc0, 0x9, 0x3a,
    0xa3, 0xc7, 0x1c, 0x90, 0x32, 0x28, 0x6, 0xf0,
    0xa2, 0x3, 0x0, 0xe3, 0x3, 0x0, 0xff, 0x9,
    0x1, 0x80, 0x71, 0x81, 0x3, 0x22, 0x0, 0x21,
    0xf0, 0xa0, 0x82, 0xba, 0x78, 0xf3, 0xa2, 0x1,
    0xd7, 0x74, 0x32, 0x62, 0x80,

    /* U+0150 "Ő" */
    0x0, 0xf3, 0x20, 0x39, 0x0, 0x7e, 0x29, 0x76,
    0x92, 0x0, 0xfd, 0x4a, 0x77, 0x60, 0xf, 0xee,
    0x81, 0xa5, 0x0, 0xfc, 0xd5, 0x9d, 0x4e, 0x20,
    0x1c, 0x5b, 0x2f, 0x30, 0xf1, 0xe6, 0x1, 0xbc,
    0xf2, 0xdd, 0xd5, 0xa7, 0xa2, 0x0, 0x82, 0xa3,
    0x0, 0xc5, 0xe3, 0x60, 0x6, 0x34, 0x0, 0xf1,
    0x2a, 0x84, 0x64, 0x0, 0xfd, 0x80, 0xa4, 0x1e,
    0x1, 0xf8, 0xc0, 0x48, 0x3c, 0x3, 0xf1, 0x80,
    0x8c, 0x80, 0x1f, 0xb0, 0x14, 0x18, 0xd0, 0x3,
    0xc4, 0xaa, 0x10, 0x82, 0xa3, 0x0, 0xc5, 0xe1,
    0x0, 0x17, 0x9e, 0x5b, 0xba, 0xb4, 0xf0, 0x80,
    0x22, 0xd9, 0x79, 0x87, 0x8f, 0x30, 0x0,

    /* U+0151 "ő" */
    0x0, 0xcb, 0xc3, 0x36, 0x1, 0xe8, 0xb3, 0x7a,
    0x0, 0xf7, 0x28, 0x60, 0x80, 0x73, 0xf7, 0xe4,
    0x18, 0x6, 0xc8, 0x78, 0x64, 0xc6, 0x0, 0x49,
    0xd5, 0x1e, 0x38, 0xe4, 0x81, 0x91, 0x40, 0x37,
    0x85, 0x10, 0x18, 0x7, 0x18, 0x18, 0x7, 0xf8,
    0x48, 0xc, 0x3, 0x8c, 0x8, 0x19, 0x10, 0x1,
    0xf, 0x85, 0x4, 0x15, 0xd3, 0xc7, 0x9d, 0x10,
    0xe, 0xbb, 0xa1, 0x93, 0x14, 0x0,

    /* U+0152 "Œ" */
    0x0, 0xcd, 0x9f, 0xd8, 0xa0, 0x9f, 0xfe, 0x70,
    0x1, 0x6c, 0xbc, 0x4b, 0x55, 0x88, 0x34, 0xce,
    0x50, 0x7, 0x9e, 0x5b, 0xba, 0xb5, 0xa4, 0x31,
    0x9b, 0x10, 0x41, 0x51, 0x80, 0x62, 0xf3, 0x0,
    0xfc, 0xc4, 0x80, 0x1e, 0x25, 0x0, 0xf8, 0x44,
    0xa0, 0x1f, 0xb0, 0x3, 0xe2, 0xf, 0x0, 0xfc,
    0x61, 0x5f, 0xf7, 0x1, 0x7, 0x80, 0x7e, 0x30,
    0x8c, 0xcb, 0x40, 0x44, 0x80, 0x1f, 0xb0, 0x8,
    0xcf, 0x0, 0x18, 0xcc, 0x1, 0xe1, 0x50, 0xf,
    0xd0, 0x5a, 0x40, 0x18, 0x74, 0x80, 0x3f, 0xbc,
    0xf6, 0x55, 0x51, 0xe1, 0x1, 0xa8, 0x98, 0x80,
    0x5, 0xb0, 0xb5, 0x44, 0x8c, 0x10, 0x7b, 0xbc,
    0xa0,

    /* U+0153 "œ" */
    0x0, 0x9f, 0x7f, 0xa8, 0xc0, 0xb, 0x9f, 0xec,
    0x50, 0xd, 0x90, 0xf2, 0xcf, 0x89, 0x34, 0xd1,
    0x0, 0xa9, 0x0, 0x49, 0xdd, 0x34, 0x69, 0xdb,
    0x4d, 0x3b, 0xb1, 0x98, 0x80, 0xc8, 0x80, 0xd,
    0xe0, 0x2c, 0x1, 0xa0, 0x34, 0x80, 0xc0, 0x38,
    0xc0, 0x7f, 0xfb, 0x80, 0xc0, 0x3f, 0xc5, 0xbb,
    0xf5, 0x90, 0x18, 0x7, 0x18, 0x11, 0x78, 0x10,
    0x0, 0xc8, 0x80, 0xd, 0xe4, 0x12, 0x1, 0xba,
    0x40, 0x10, 0x57, 0x2c, 0xfa, 0x5f, 0x2d, 0x6e,
    0xed, 0x3a, 0x10, 0x1d, 0x74, 0x99, 0x27, 0x93,
    0x53, 0xc4, 0xb6, 0x28, 0x0,

    /* U+0154 "Ŕ" */
    0x0, 0xff, 0xe0, 0x8d, 0x28, 0x7, 0x3f, 0xb,
    0x80, 0x67, 0xbb, 0x88, 0x3, 0x36, 0x20, 0x6,
    0x9f, 0xef, 0xf7, 0x48, 0x80, 0x55, 0x53, 0x33,
    0x0, 0x25, 0x5a, 0x28, 0x9c, 0x3, 0xca, 0x18,
    0x1, 0xff, 0xc3, 0x30, 0x30, 0x0, 0x8c, 0x9c,
    0x14, 0x0, 0xee, 0xac, 0x30, 0x80, 0x17, 0x62,
    0xc, 0x30, 0x9, 0x11, 0xc1, 0x60, 0x1e, 0x36,
    0x55, 0x0, 0x7a, 0x46, 0xc4, 0x3, 0xd6, 0x36,

    /* U+0155 "ŕ" */
    0x0, 0xfe, 0x3a, 0x0, 0xc, 0xe1, 0x80, 0x3c,
    0xb6, 0x40, 0x1b, 0x64, 0x0, 0x9c, 0x19, 0xe3,
    0x0, 0x6b, 0xa8, 0x80, 0x1f, 0xac, 0x80, 0x10,
    0x1, 0xc6, 0x1, 0xff, 0xd5,

    /* U+0156 "Ŗ" */
    0x9f, 0xfd, 0xd2, 0x20, 0x15, 0x54, 0xcc, 0xc0,
    0x9, 0x56, 0x8a, 0x27, 0x0, 0xf2, 0x86, 0x0,
    0x7f, 0xf0, 0xcc, 0xc, 0x0, 0x23, 0x27, 0x5,
    0x0, 0x3b, 0xab, 0xc, 0x20, 0x5, 0xd8, 0x83,
    0xc, 0x2, 0x44, 0x70, 0x58, 0x7, 0x8d, 0x95,
    0x40, 0x1e, 0x91, 0xb1, 0x0, 0xf5, 0x8d, 0xcf,
    0x80, 0x65, 0xfa, 0x0, 0xc4, 0x1, 0xf3, 0x6a,
    0x80, 0x79, 0x10, 0x1, 0xf3, 0x3a, 0x0, 0x40,

    /* U+0157 "ŗ" */
    0x9f, 0x19, 0xe3, 0x0, 0x6b, 0xa8, 0x80, 0x1f,
    0xac, 0x80, 0x10, 0x1, 0xc6, 0x1, 0xff, 0xd5,
    0x9f, 0x0, 0xc2, 0x40, 0x1a, 0xf4, 0x40, 0x29,
    0x10, 0xd, 0x68, 0x20, 0x10,

    /* U+0158 "Ř" */
    0x0, 0x20, 0x4, 0x60, 0x1a, 0x6c, 0xe7, 0x0,
    0x36, 0x9e, 0x1f, 0x0, 0x74, 0x7d, 0x8, 0x2,
    0x7f, 0xf7, 0x48, 0x80, 0x55, 0x53, 0x33, 0x0,
    0x25, 0x5a, 0x28, 0x9c, 0x3, 0xca, 0x18, 0x1,
    0xff, 0xc3, 0x30, 0x30, 0x0, 0x8c, 0x9c, 0x14,
    0x0, 0xee, 0xac, 0x30, 0x80, 0x17, 0x62, 0xc,
    0x30, 0x9, 0x11, 0xc1, 0x60, 0x1e, 0x36, 0x55,
    0x0, 0x7a, 0x46, 0xc4, 0x3, 0xd6, 0x36,

    /* U+0159 "ř" */
    0x10, 0xc, 0x49, 0xca, 0x59, 0x6b, 0x76, 0xd4,
    0x90, 0x5e, 0xe4, 0x4, 0xf8, 0xc7, 0x18, 0x3,
    0x5d, 0x44, 0x0, 0xfd, 0x64, 0x0, 0x80, 0xe,
    0x30, 0xf, 0xfe, 0xa8,

    /* U+015A "Ś" */
    0x0, 0xff, 0xe0, 0x9e, 0x0, 0x70, 0xce, 0x28,
    0x7, 0x69, 0xec, 0x80, 0x77, 0x51, 0x0, 0x71,
    0xcf, 0x7e, 0xb8, 0x0, 0xf1, 0x66, 0x6, 0x28,
    0x20, 0x3d, 0xdd, 0x88, 0xa4, 0xa6, 0x20, 0x15,
    0x59, 0x91, 0x98, 0x2, 0x14, 0x18, 0xc, 0x94,
    0x0, 0xc9, 0x8a, 0xd7, 0xf2, 0x20, 0x3, 0xaf,
    0xb5, 0x6f, 0x0, 0xe4, 0xa8, 0x16, 0x76, 0x0,
    0xca, 0x1d, 0x72, 0x40, 0x12, 0x6, 0xf8, 0x64,
    0x34, 0xc8, 0xd4, 0xf1, 0x1a, 0x51, 0xf0, 0x0,

    /* U+015B "ś" */
    0x0, 0xff, 0xe0, 0x8c, 0xb0, 0x7, 0x3f, 0x2a,
    0x0, 0x66, 0xab, 0xc2, 0x0, 0xcf, 0xa8, 0x1,
    0xe6, 0xdf, 0xe9, 0x10, 0x4, 0xc3, 0xcb, 0xb6,
    0x80, 0x1c, 0xe9, 0xa6, 0xd, 0x0, 0x88, 0x60,
    0x7, 0xe4, 0xf, 0xc, 0xc3, 0x90, 0x80, 0xf,
    0xa9, 0xa7, 0x64, 0x3, 0x2d, 0x73, 0xb2, 0x87,
    0xd8, 0x5, 0x60, 0x60, 0xc9, 0x6c, 0xfa, 0x8,
    0x13, 0x26, 0x98, 0x5c, 0x20,

    /* U+015E "Ş" */
    0x3, 0xbe, 0xfd, 0x60, 0x1, 0xe2, 0xcc, 0xc,
    0xd0, 0x40, 0x7b, 0xbb, 0x11, 0x49, 0x8c, 0x40,
    0x2a, 0xb3, 0x13, 0x30, 0x4, 0x28, 0x30, 0x19,
    0x28, 0x1, 0x93, 0x11, 0xaf, 0xe4, 0x40, 0x7,
    0x7f, 0x6a, 0xd8, 0x1, 0xc9, 0x50, 0x4c, 0xec,
    0x1, 0x94, 0x3a, 0xe4, 0x80, 0x24, 0xd, 0x80,
    0xc7, 0x69, 0x91, 0xaa, 0x62, 0xc4, 0xbb, 0x60,
    0x0, 0xef, 0x47, 0xa4, 0x3, 0xc3, 0xac, 0x1,
    0xc5, 0xd7, 0x24, 0x1, 0xc2, 0x60, 0x1e, 0xff,
    0x5c, 0x10, 0x0,

    /* U+015F "ş" */
    0x0, 0x3e, 0xff, 0x48, 0x80, 0x22, 0xf, 0x2e,
    0xda, 0x0, 0x63, 0xa6, 0x98, 0x33, 0x1, 0x91,
    0x0, 0xf, 0xc6, 0x12, 0x3b, 0x6c, 0x22, 0x0,
    0x27, 0x48, 0x4f, 0x40, 0x4, 0x2d, 0x7e, 0xce,
    0x81, 0xd4, 0x1, 0x50, 0x10, 0x22, 0xca, 0x2f,
    0x82, 0x5, 0x3b, 0xae, 0x86, 0xc8, 0x1, 0x1c,
    0x75, 0xa8, 0x1, 0xea, 0xb1, 0x0, 0xec, 0xe6,
    0x90, 0xe, 0x13, 0x30, 0x7, 0x57, 0x6a, 0xc8,
    0x0,

    /* U+0160 "Š" */
    0x1, 0x10, 0x4, 0x60, 0x11, 0x73, 0x16, 0x48,
    0x4, 0x79, 0x5a, 0x94, 0x1, 0x8f, 0x3a, 0x0,
    0x31, 0xdf, 0x73, 0x5c, 0x0, 0x78, 0xb3, 0x3,
    0x14, 0x10, 0x1e, 0xee, 0xc4, 0x52, 0x53, 0x10,
    0xa, 0xac, 0xc8, 0xcc, 0x1, 0xa, 0xc, 0x6,
    0x4a, 0x0, 0x64, 0xc5, 0x6b, 0xf9, 0x10, 0x1,
    0xd7, 0xda, 0xb7, 0x80, 0x72, 0x54, 0xb, 0x3b,
    0x0, 0x65, 0xe, 0xb9, 0x20, 0x9, 0x3, 0x7c,
    0x32, 0x1a, 0x64, 0x6a, 0x78, 0x8d, 0x28, 0xf8,
    0x0,

    /* U+0161 "š" */
    0x0, 0x20, 0x4, 0x62, 0x1, 0x7e, 0x24, 0xe1,
    0x80, 0x57, 0x71, 0x69, 0x0, 0x67, 0xfb, 0x20,
    0xc, 0xfb, 0xfd, 0x22, 0x0, 0x98, 0x79, 0x76,
    0xd0, 0x3, 0x9d, 0x34, 0xc1, 0xa0, 0x11, 0xc,
    0x0, 0xfc, 0x81, 0xe1, 0x98, 0x72, 0x10, 0x1,
    0xf5, 0x34, 0xec, 0x80, 0x65, 0xae, 0x76, 0x50,
    0xfb, 0x0, 0xac, 0xc, 0x19, 0x2d, 0x9f, 0x41,
    0x2, 0x64, 0xd3, 0xb, 0x84,

    /* U+0162 "Ţ" */
    0x6f, 0xff, 0xc2, 0x95, 0x50, 0x1d, 0x54, 0x24,
    0xab, 0x3, 0xaa, 0xc0, 0x1f, 0xff, 0xf0, 0xf,
    0xfe, 0x92, 0xe0, 0x7, 0xf4, 0x61, 0x0, 0x7a,
    0xbc, 0x20, 0x3, 0xc2, 0x20, 0xf, 0xa3, 0xb8,
    0x10, 0x0,

    /* U+0163 "ţ" */
    0x4, 0xf6, 0x0, 0xff, 0xe2, 0xc5, 0x84, 0xff,
    0x82, 0x9c, 0x1a, 0xa8, 0x5, 0x81, 0xea, 0xa0,
    0xf, 0xfe, 0x93, 0x80, 0x78, 0x82, 0xd9, 0x40,
    0x3, 0x45, 0x34, 0x1, 0x28, 0x77, 0x80, 0x77,
    0x48, 0x6, 0xfd, 0x64, 0x0, 0x84, 0x40, 0x1b,
    0x7b, 0x19, 0x0,

    /* U+0164 "Ť" */
    0x0, 0x18, 0x4, 0x24, 0x1, 0xaf, 0x51, 0xb9,
    0x80, 0x34, 0x5d, 0x53, 0x10, 0x3, 0x9b, 0xb0,
    0xc0, 0x26, 0xff, 0xfc, 0x29, 0x55, 0x1, 0xd5,
    0x42, 0x4a, 0xb0, 0x3a, 0xac, 0x1, 0xff, 0xff,
    0x0, 0xff, 0xe7, 0x0,

    /* U+0165 "ť" */
    0x0, 0xc9, 0xec, 0x9, 0xec, 0x93, 0xc0, 0x1d,
    0xde, 0x1, 0x8c, 0xcd, 0x16, 0x13, 0x88, 0x34,
    0xe0, 0xd5, 0x40, 0x2c, 0xf, 0x55, 0x0, 0x7f,
    0xf4, 0x9c, 0x3, 0xc4, 0x16, 0xca, 0x0, 0x1a,
    0x9, 0xa0,

    /* U+0168 "Ũ" */
    0x0, 0xaf, 0x54, 0xb4, 0x3, 0x30, 0xcc, 0x6d,
    0x80, 0x67, 0xa4, 0xde, 0x60, 0x5, 0x78, 0x80,
    0x42, 0x1b, 0x80, 0x1f, 0xff, 0xa3, 0x0, 0xf8,
    0xc3, 0x80, 0x80, 0x38, 0x59, 0x42, 0x0, 0x34,
    0x7, 0x13, 0xae, 0xc4, 0x31, 0xd5, 0x2, 0x28,
    0x5d, 0xc1, 0x34, 0x0,

    /* U+0169 "ũ" */
    0x0, 0x1f, 0x61, 0x34, 0x80, 0x68, 0x85, 0x6c,
    0x58, 0x6, 0xa6, 0x67, 0xf1, 0x0, 0x2f, 0x84,
    0x3, 0x47, 0x90, 0x7, 0xff, 0x98, 0x44, 0x1,
    0xc4, 0x0, 0xc0, 0x60, 0x8, 0x54, 0x0, 0xc5,
    0x30, 0xad, 0xe2, 0x1, 0x63, 0x32, 0xae, 0x18,
    0x0,

    /* U+016A "Ū" */
    0x0, 0xff, 0x87, 0xff, 0xc6, 0x0, 0x1c, 0xcf,
    0x18, 0x57, 0x99, 0xfb, 0x70, 0x3, 0xff, 0xf4,
    0x60, 0x1f, 0x18, 0x70, 0x10, 0x7, 0xb, 0x28,
    0x40, 0x6, 0x80, 0xe2, 0x75, 0xd8, 0x86, 0x3a,
    0xa0, 0x45, 0xb, 0xb8, 0x26, 0x80,

    /* U+016B "ū" */
    0x6, 0xff, 0xee, 0x0, 0x9f, 0x33, 0xb4, 0x2,
    0x13, 0x3f, 0x0, 0x2f, 0x80, 0x3a, 0x3c, 0x80,
    0x3f, 0xfc, 0xc2, 0x20, 0xe, 0x20, 0x6, 0x3,
    0x0, 0x42, 0xa0, 0x6, 0x29, 0x85, 0x6f, 0x10,
    0xb, 0x19, 0x95, 0x70, 0xc0, 0x0,

    /* U+016C "Ŭ" */
    0x0, 0x35, 0x88, 0xa6, 0x40, 0x19, 0xdd, 0xdc,
    0x7b, 0x0, 0xc3, 0x9b, 0xae, 0x20, 0x5, 0x78,
    0x0, 0x88, 0x0, 0xdc, 0x0, 0xff, 0xfd, 0x18,
    0x7, 0xc6, 0x1c, 0x4, 0x1, 0xc2, 0xca, 0x10,
    0x1, 0xa0, 0x38, 0x9d, 0x76, 0x21, 0x8e, 0xa8,
    0x11, 0x42, 0xee, 0x9, 0xa0,

    /* U+016D "ŭ" */
    0x0, 0x4f, 0xfe, 0x20, 0xd, 0x3b, 0x79, 0xe4,
    0x1, 0xc4, 0x86, 0x1, 0xaf, 0x80, 0x3a, 0x3c,
    0x80, 0x3f, 0xfc, 0xc2, 0x20, 0xe, 0x20, 0x6,
    0x3, 0x0, 0x42, 0xa0, 0x6, 0x29, 0x85, 0x6f,
    0x10, 0xb, 0x19, 0x95, 0x70, 0xc0, 0x0,

    /* U+016E "Ů" */
    0x0, 0x93, 0x74, 0xc0, 0x1e, 0x89, 0xc9, 0x0,
    0xf4, 0x4e, 0x40, 0x7, 0x93, 0x74, 0xe0, 0x15,
    0x78, 0x7, 0xb7, 0x0, 0x3f, 0xff, 0x46, 0x1,
    0xf1, 0x87, 0x1, 0x0, 0x70, 0xb2, 0x84, 0x0,
    0x68, 0xe, 0x27, 0x5d, 0x88, 0x63, 0xaa, 0x4,
    0x50, 0xbb, 0x82, 0x68, 0x0,

    /* U+016F "ů" */
    0x0, 0x9b, 0x6c, 0x40, 0x3d, 0x1b, 0xa8, 0x0,
    0xf8, 0x40, 0x3f, 0x46, 0x55, 0x80, 0x79, 0xb7,
    0x8, 0x2, 0xbe, 0x0, 0xe8, 0xf2, 0x0, 0xff,
    0xf3, 0x8, 0x80, 0x38, 0x80, 0x18, 0xc, 0x1,
    0xa, 0x80, 0x18, 0xa6, 0x15, 0xbc, 0x40, 0x2c,
    0x66, 0x55, 0xc3, 0x0, 0x0,

    /* U+0170 "Ű" */
    0x0, 0xce, 0x81, 0x4, 0x1, 0x8a, 0x19, 0xd4,
    0x80, 0x35, 0xa9, 0x54, 0x0, 0x77, 0x58, 0xd2,
    0x80, 0x2b, 0xc1, 0xc4, 0x4e, 0x1b, 0x80, 0x1f,
    0xff, 0xa3, 0x0, 0xf8, 0xc3, 0x80, 0x80, 0x38,
    0x59, 0x42, 0x0, 0x34, 0x7, 0x13, 0xae, 0xc4,
    0x31, 0xd5, 0x2, 0x28, 0x5d, 0xc1, 0x34, 0x0,

    /* U+0171 "ű" */
    0x0, 0x97, 0x86, 0x6c, 0x3, 0xa2, 0xc9, 0xe8,
    0x3, 0xb9, 0x47, 0x4, 0x1, 0x7c, 0x6, 0x4,
    0x48, 0xf2, 0x0, 0xff, 0xf3, 0x8, 0x80, 0x38,
    0x80, 0x18, 0xc, 0x1, 0xa, 0x80, 0x18, 0xa6,
    0x15, 0xbc, 0x40, 0x2c, 0x66, 0x55, 0xc3, 0x0,
    0x0,

    /* U+0172 "Ų" */
    0xaf, 0x0, 0xf6, 0xe0, 0x7, 0xff, 0xe8, 0xc0,
    0x40, 0x38, 0xdf, 0xc1, 0x0, 0x31, 0x9, 0xb8,
    0xd9, 0x80, 0xb, 0x82, 0x47, 0x43, 0x3f, 0xb4,
    0xec, 0x40, 0xfa, 0x40, 0xe7, 0xd0, 0x3, 0x5b,
    0x6b, 0x0, 0x78, 0xb8, 0x4, 0x3, 0xcf, 0x1e,
    0xc0, 0x1e, 0x8f, 0xe7, 0x0, 0x80,

    /* U+0173 "ų" */
    0xbe, 0x0, 0xe8, 0xf2, 0x0, 0xff, 0xf3, 0x8,
    0x80, 0x38, 0x80, 0x18, 0xe, 0x1, 0x12, 0x80,
    0x18, 0xa2, 0x9e, 0x74, 0x80, 0x2c, 0x64, 0x84,
    0x97, 0x0, 0x86, 0x7b, 0xf6, 0x83, 0x48, 0x3,
    0x8c, 0xd2, 0x40, 0x1e, 0x33, 0x67, 0xa0, 0x7,
    0xb3, 0xbd, 0x0,

    /* U+0174 "Ŵ" */
    0x0, 0xf8, 0x61, 0x0, 0x3f, 0xf8, 0x4b, 0xe7,
    0x54, 0x10, 0xf, 0xfe, 0x6, 0x55, 0xf9, 0x90,
    0x7, 0xff, 0x2, 0x50, 0x6, 0x4c, 0x3, 0xcf,
    0xe8, 0x1, 0x8f, 0xf8, 0x3, 0xaf, 0xc1, 0x3,
    0x0, 0x32, 0x0, 0x90, 0x6, 0x44, 0x1, 0x8a,
    0x0, 0x6b, 0x0, 0x20, 0x4, 0x61, 0x80, 0x4,
    0x30, 0xc, 0x6e, 0x18, 0x1, 0x20, 0x28, 0x3,
    0x1, 0x0, 0xa, 0x16, 0x88, 0x0, 0xb0, 0x48,
    0x0, 0xe1, 0x80, 0xc, 0x13, 0xd1, 0x30, 0x2,
    0x38, 0x4, 0x24, 0x80, 0x4, 0x70, 0x40, 0x40,
    0x30, 0xc0, 0xc, 0x86, 0x4, 0x4c, 0x2, 0x26,
    0x2, 0x2, 0x0, 0x6d, 0x4, 0x40, 0x28, 0x1,
    0x10, 0x18, 0x62, 0x1, 0x90, 0x33, 0x50, 0x2,
    0xd0, 0x44, 0x58, 0x7, 0x8d, 0x11, 0x80, 0x12,
    0x4, 0x2, 0x0, 0x7a, 0xcc, 0x14, 0x3, 0x21,
    0x89, 0x80, 0x79, 0x0, 0x48, 0x3, 0x60, 0x20,
    0x6,

    /* U+0175 "ŵ" */
    0x0, 0xf1, 0x40, 0x80, 0x7f, 0xd1, 0xa9, 0xec,
    0x1, 0xfc, 0x27, 0xb9, 0x5a, 0x1, 0xfc, 0x36,
    0x40, 0x96, 0x1, 0xd5, 0xe0, 0x1a, 0x3d, 0x80,
    0x23, 0xf6, 0xf0, 0x40, 0x9, 0x43, 0x40, 0x24,
    0x7, 0x50, 0xd0, 0x0, 0x92, 0x20, 0x2, 0xb3,
    0x10, 0x44, 0x0, 0x1c, 0x60, 0x10, 0x0, 0x76,
    0x0, 0xd2, 0x10, 0xd4, 0x31, 0xc0, 0x40, 0x50,
    0x3, 0x82, 0x2, 0x78, 0x3a, 0x86, 0x11, 0x0,
    0x2, 0x7e, 0x80, 0x81, 0xa4, 0x45, 0x50, 0x6,
    0xb4, 0xd4, 0x10, 0x40, 0xa2, 0xb0, 0xc, 0xa2,
    0xd8, 0x1, 0x23, 0x89, 0x80, 0x62, 0x20, 0x28,
    0x5, 0xa0, 0xe0, 0x10,

    /* U+0176 "Ŷ" */
    0x0, 0xc4, 0xc0, 0x1f, 0xa3, 0x6f, 0x50, 0x3,
    0x8c, 0xdb, 0xab, 0xf0, 0xe, 0x3b, 0x20, 0x6b,
    0x0, 0x9b, 0xd8, 0x3, 0xb7, 0x81, 0x8a, 0xc0,
    0x32, 0x94, 0x0, 0x2c, 0x94, 0x2, 0x81, 0x60,
    0x3, 0x14, 0x80, 0x10, 0xa0, 0x3, 0x59, 0xa0,
    0x41, 0x30, 0x6, 0x62, 0xf3, 0x35, 0x80, 0x7a,
    0x13, 0x89, 0x80, 0x3c, 0xa4, 0x4b, 0x0, 0xfc,
    0xa0, 0xe0, 0x1f, 0xfe, 0x40,

    /* U+0177 "ŷ" */
    0x0, 0xca, 0xc0, 0x1e, 0x2b, 0xbb, 0xc, 0x3,
    0x21, 0xf6, 0xdd, 0x80, 0x33, 0x40, 0x1, 0xe0,
    0x1, 0x3e, 0x60, 0x1d, 0xf5, 0x40, 0xa0, 0xc,
    0xa1, 0xc6, 0x67, 0x0, 0xdc, 0x28, 0x14, 0x2a,
    0x0, 0x14, 0x90, 0x3, 0x7, 0x0, 0x18, 0x18,
    0x2, 0x64, 0x10, 0xa4, 0x10, 0xa, 0x81, 0x8c,
    0xbc, 0x3, 0x19, 0x55, 0x5, 0x0, 0x3a, 0x89,
    0x98, 0x1, 0xe6, 0x0, 0x48, 0x7, 0x84, 0x10,
    0x40, 0x3c, 0xa1, 0xc0, 0x1f, 0x48, 0xa8, 0x7,
    0x88, 0xd8, 0x3, 0xea, 0xa, 0x0, 0xe0,

    /* U+0178 "Ÿ" */
    0x0, 0xb1, 0xc7, 0x18, 0x3, 0xc5, 0xe0, 0x42,
    0x1, 0xee, 0x81, 0xe7, 0x0, 0x9b, 0xd8, 0x3,
    0xb7, 0x81, 0x8a, 0xc0, 0x32, 0x94, 0x0, 0x2c,
    0x94, 0x2, 0x81, 0x60, 0x3, 0x14, 0x80, 0x10,
    0xa0, 0x3, 0x59, 0xa0, 0x41, 0x30, 0x6, 0x62,
    0xf3, 0x35, 0x80, 0x7a, 0x13, 0x89, 0x80, 0x3c,
    0xa4, 0x4b, 0x0, 0xfc, 0xa0, 0xe0, 0x1f, 0xfe,
    0x40,

    /* U+0179 "Ź" */
    0x0, 0xff, 0xe1, 0x3c, 0x80, 0x72, 0x6d, 0x68,
    0x6, 0x3a, 0xbd, 0x40, 0xc, 0x7c, 0xc0, 0x18,
    0x7f, 0xfe, 0xd1, 0x99, 0xe6, 0x6, 0x6, 0x6e,
    0x20, 0x90, 0xe, 0x54, 0x72, 0x0, 0xeb, 0x18,
    0x0, 0xe8, 0x1b, 0x0, 0xe2, 0x73, 0x50, 0xe,
    0x90, 0xf0, 0xe, 0x44, 0x31, 0x80, 0x74, 0x8c,
    0x0, 0x73, 0x94, 0x8, 0x6, 0x18, 0x0, 0x33,
    0x71, 0x80, 0x26, 0x7a, 0x0,

    /* U+017A "ź" */
    0x0, 0xff, 0xe0, 0x36, 0x0, 0x63, 0xc8, 0xa0,
    0xd, 0xb7, 0xcc, 0x1, 0xbd, 0xc0, 0x31, 0xff,
    0x7f, 0xe6, 0x2a, 0xac, 0x60, 0x42, 0xab, 0x31,
    0xaa, 0x0, 0x6e, 0x1b, 0x0, 0xd0, 0x56, 0x20,
    0x11, 0xba, 0xa8, 0x3, 0x70, 0xd8, 0x6, 0x82,
    0xb1, 0x0, 0x89, 0xc4, 0x15, 0x62, 0x60, 0x1a,
    0xac, 0xa0,

    /* U+017B "Ż" */
    0x0, 0xd7, 0x0, 0x1f, 0x30, 0x80, 0x7d, 0xb2,
    0x1, 0xf, 0xff, 0xda, 0x33, 0x3c, 0xc0, 0xc0,
    0xcd, 0xc4, 0x12, 0x1, 0xca, 0x8e, 0x40, 0x1d,
    0x63, 0x0, 0x1d, 0x3, 0x60, 0x1c, 0x4e, 0x6a,
    0x1, 0xd2, 0x1e, 0x1, 0xc8, 0x86, 0x30, 0xe,
    0x91, 0x80, 0xe, 0x72, 0x81, 0x0, 0xc3, 0x0,
    0x6, 0x6e, 0x30, 0x4, 0xcf, 0x40,

    /* U+017C "ż" */
    0x0, 0xa7, 0x40, 0x3c, 0x2c, 0x1, 0xe8, 0xb0,
    0x8, 0xff, 0xfc, 0xc5, 0x55, 0x8c, 0x8, 0x55,
    0x66, 0x35, 0x40, 0xd, 0xc3, 0x60, 0x1a, 0xa,
    0xc4, 0x2, 0x37, 0x55, 0x0, 0x6e, 0x1b, 0x0,
    0xd0, 0x56, 0x20, 0x11, 0x38, 0x82, 0xac, 0x4c,
    0x3, 0x55, 0x94,

    /* U+017D "Ž" */
    0x0, 0x18, 0x4, 0x24, 0x1, 0x5e, 0xa3, 0x73,
    0x0, 0x51, 0x75, 0x4c, 0x40, 0xc, 0xdd, 0x86,
    0x0, 0x1f, 0xff, 0xb4, 0x66, 0x79, 0x81, 0x81,
    0x9b, 0x88, 0x24, 0x3, 0x95, 0x1c, 0x80, 0x3a,
    0xc6, 0x0, 0x3a, 0x6, 0xc0, 0x38, 0x9c, 0xd4,
    0x3, 0xa4, 0x3c, 0x3, 0x91, 0xc, 0x60, 0x1d,
    0x23, 0x0, 0x1c, 0xe5, 0x2, 0x1, 0x86, 0x0,
    0xc, 0xdc, 0x60, 0x9, 0x9e, 0x80,

    /* U+017E "ž" */
    0x3, 0x20, 0x9, 0x0, 0xf, 0xb0, 0xbc, 0x60,
    0x4, 0xd3, 0x8a, 0x70, 0x8, 0xaf, 0x50, 0x0,
    0x7f, 0xfe, 0x62, 0xaa, 0xc6, 0x4, 0x2a, 0xb3,
    0x1a, 0xa0, 0x6, 0xe1, 0xb0, 0xd, 0x5, 0x62,
    0x1, 0x1b, 0xaa, 0x80, 0x37, 0xd, 0x80, 0x68,
    0x2b, 0x10, 0x8, 0x9c, 0x41, 0x56, 0x26, 0x1,
    0xaa, 0xca,

    /* U+2013 "–" */
    0x1, 0x1f, 0xea, 0xee, 0xfd, 0x91, 0x77, 0xfb,
    0x80,

    /* U+2014 "—" */
    0x1, 0x1f, 0xfe, 0x0, 0x57, 0x77, 0xff, 0x2,
    0x62, 0xef, 0xff, 0x82,

    /* U+2018 "‘" */
    0x1, 0xf3, 0x6, 0x13, 0x9, 0x40, 0x51, 0xc0,
    0x5e, 0x60,

    /* U+2019 "’" */
    0x7, 0xf3, 0xb, 0x23, 0x3, 0xb0, 0x41, 0x60,
    0x4e, 0x0, 0x0,

    /* U+201A "‚" */
    0x0, 0x8, 0x80, 0x7a, 0x1, 0x2, 0x83, 0xcc,
    0xc0, 0x92, 0x0,

    /* U+201C "“" */
    0x1, 0xf3, 0x2f, 0x10, 0x61, 0x3b, 0x21, 0x9,
    0x40, 0x64, 0x5, 0x1c, 0x60, 0xc0, 0x5e, 0x66,
    0x72, 0x80,

    /* U+201D "”" */
    0x7, 0xf3, 0x9f, 0x20, 0xb2, 0x34, 0x41, 0x1,
    0xd8, 0x97, 0x82, 0xb, 0x39, 0x20, 0x27, 0x3,
    0x68, 0x0,

    /* U+201E "„" */
    0x0, 0x8, 0x80, 0x40, 0x3, 0xd0, 0x5d, 0x20,
    0xe1, 0x48, 0x16, 0x18, 0x66, 0xc4, 0x20, 0x49,
    0x4, 0xf0,

    /* U+2022 "•" */
    0x1, 0x53, 0x1, 0xfa, 0xc6, 0x60, 0x80, 0x2c,
    0x80, 0x21, 0x56, 0x3, 0xe0,

    /* U+2026 "…" */
    0x1, 0x10, 0x0, 0x80, 0x4, 0x3, 0xd8, 0x17,
    0xa6, 0xbb, 0x22, 0x4c, 0x4, 0x22, 0x60, 0xe0,

    /* U+20AC "€" */
    0x0, 0xe5, 0xbe, 0xfd, 0x81, 0x0, 0xf5, 0x51,
    0x9d, 0xcc, 0xfe, 0x40, 0x1a, 0x55, 0xf6, 0x62,
    0xec, 0x38, 0x20, 0x3, 0x65, 0x80, 0xc, 0x92,
    0x32, 0x0, 0x90, 0x80, 0xf, 0x35, 0xe4, 0x7a,
    0x86, 0xff, 0xc4, 0x1, 0x22, 0x27, 0x1, 0x77,
    0x71, 0x0, 0x70, 0x90, 0x19, 0x16, 0x0, 0xf4,
    0x70, 0x37, 0xfe, 0x20, 0xe, 0x9d, 0x50, 0xad,
    0xd8, 0x80, 0x26, 0x51, 0x2b, 0xb, 0x12, 0x20,
    0x0, 0x6e, 0x4c, 0x0, 0x38, 0x19, 0x71, 0xa,
    0xe4, 0x76, 0x0, 0x8f, 0xe1, 0xdf, 0x36, 0x40,
    0x0
};


/*---------------------
 *  GLYPH DESCRIPTION
 *--------------------*/

static const lv_font_fmt_txt_glyph_dsc_t glyph_dsc[] = {
    {.bitmap_index = 0, .adv_w = 0, .box_w = 0, .box_h = 0, .ofs_x = 0, .ofs_y = 0} /* id = 0 reserved */,
    {.bitmap_index = 0, .adv_w = 77, .box_w = 0, .box_h = 0, .ofs_x = 0, .ofs_y = 0},
    {.bitmap_index = 0, .adv_w = 86, .box_w = 3, .box_h = 13, .ofs_x = 1, .ofs_y = 0},
    {.bitmap_index = 18, .adv_w = 84, .box_w = 5, .box_h = 4, .ofs_x = 0, .ofs_y = 11},
    {.bitmap_index = 29, .adv_w = 242, .box_w = 15, .box_h = 13, .ofs_x = 0, .ofs_y = 0},
    {.bitmap_index = 116, .adv_w = 179, .box_w = 9, .box_h = 16, .ofs_x = 1, .ofs_y = -2},
    {.bitmap_index = 183, .adv_w = 219, .box_w = 13, .box_h = 13, .ofs_x = 0, .ofs_y = 0},
    {.bitmap_index = 258, .adv_w = 213, .box_w = 14, .box_h = 13, .ofs_x = 0, .ofs_y = 0},
    {.bitmap_index = 335, .adv_w = 46, .box_w = 3, .box_h = 4, .ofs_x = 0, .ofs_y = 11},
    {.bitmap_index = 341, .adv_w = 131, .box_w = 7, .box_h = 20, .ofs_x = 1, .ofs_y = -3},
    {.bitmap_index = 397, .adv_w = 131, .box_w = 7, .box_h = 20, .ofs_x = 0, .ofs_y = -3},
    {.bitmap_index = 453, .adv_w = 140, .box_w = 7, .box_h = 7, .ofs_x = 1, .ofs_y = 6},
    {.bitmap_index = 478, .adv_w = 197, .box_w = 10, .box_h = 10, .ofs_x = 1, .ofs_y = 2},
    {.bitmap_index = 507, .adv_w = 57, .box_w = 5, .box_h = 5, .ofs_x = -1, .ofs_y = -3},
    {.bitmap_index = 521, .adv_w = 159, .box_w = 8, .box_h = 3, .ofs_x = 1, .ofs_y = 5},
    {.bitmap_index = 528, .adv_w = 60, .box_w = 3, .box_h = 3, .ofs_x = 0, .ofs_y = 0},
    {.bitmap_index = 533, .adv_w = 137, .box_w = 8, .box_h = 20, .ofs_x = 0, .ofs_y = -3},
    {.bitmap_index = 593, .adv_w = 181, .box_w = 10, .box_h = 13, .ofs_x = 1, .ofs_y = 0},
    {.bitmap_index = 651, .adv_w = 92, .box_w = 5, .box_h = 13, .ofs_x = 0, .ofs_y = 0},
    {.bitmap_index = 661, .adv_w = 166, .box_w = 10, .box_h = 13, .ofs_x = 0, .ofs_y = 0},
    {.bitmap_index = 717, .adv_w = 170, .box_w = 10, .box_h = 13, .ofs_x = 0, .ofs_y = 0},
    {.bitmap_index = 779, .adv_w = 181, .box_w = 11, .box_h = 13, .ofs_x = 0, .ofs_y = 0},
    {.bitmap_index = 829, .adv_w = 181, .box_w = 10, .box_h = 13, .ofs_x = 1, .ofs_y = 0},
    {.bitmap_index = 883, .adv_w = 183, .box_w = 10, .box_h = 13, .ofs_x = 1, .ofs_y = 0},
    {.bitmap_index = 946, .adv_w = 157, .box_w = 10, .box_h = 13, .ofs_x = 0, .ofs_y = 0},
    {.bitmap_index = 990, .adv_w = 182, .box_w = 10, .box_h = 13, .ofs_x = 1, .ofs_y = 0},
    {.bitmap_index = 1053, .adv_w = 181, .box_w = 10, .box_h = 13, .ofs_x = 1, .ofs_y = 0},
    {.bitmap_index = 1116, .adv_w = 61, .box_w = 3, .box_h = 10, .ofs_x = 0, .ofs_y = 0},
    {.bitmap_index = 1128, .adv_w = 76, .box_w = 4, .box_h = 13, .ofs_x = 0, .ofs_y = -3},
    {.bitmap_index = 1151, .adv_w = 160, .box_w = 7, .box_h = 9, .ofs_x = 1, .ofs_y = 2},
    {.bitmap_index = 1180, .adv_w = 208, .box_w = 11, .box_h = 7, .ofs_x = 1, .ofs_y = 3},
    {.bitmap_index = 1202, .adv_w = 155, .box_w = 8, .box_h = 9, .ofs_x = 1, .ofs_y = 2},
    {.bitmap_index = 1232, .adv_w = 151, .box_w = 9, .box_h = 13, .ofs_x = 0, .ofs_y = 0},
    {.bitmap_index = 1282, .adv_w = 292, .box_w = 16, .box_h = 16, .ofs_x = 1, .ofs_y = -4},
    {.bitmap_index = 1401, .adv_w = 194, .box_w = 12, .box_h = 13, .ofs_x = 0, .ofs_y = 0},
    {.bitmap_index = 1464, .adv_w = 177, .box_w = 10, .box_h = 13, .ofs_x = 1, .ofs_y = 0},
    {.bitmap_index = 1517, .adv_w = 222, .box_w = 13, .box_h = 13, .ofs_x = 0, .ofs_y = 0},
    {.bitmap_index = 1585, .adv_w = 204, .box_w = 11, .box_h = 13, .ofs_x = 1, .ofs_y = 0},
    {.bitmap_index = 1636, .adv_w = 148, .box_w = 8, .box_h = 13, .ofs_x = 1, .ofs_y = 0},
    {.bitmap_index = 1667, .adv_w = 145, .box_w = 8, .box_h = 13, .ofs_x = 1, .ofs_y = 0},
    {.bitmap_index = 1693, .adv_w = 224, .box_w = 14, .box_h = 13, .ofs_x = 0, .ofs_y = 0},
    {.bitmap_index = 1773, .adv_w = 199, .box_w = 11, .box_h = 13, .ofs_x = 1, .ofs_y = 0},
    {.bitmap_index = 1796, .adv_w = 71, .box_w = 3, .box_h = 13, .ofs_x = 1, .ofs_y = 0},
    {.bitmap_index = 1801, .adv_w = 153, .box_w = 8, .box_h = 13, .ofs_x = 0, .ofs_y = 0},
    {.bitmap_index = 1823, .adv_w = 173, .box_w = 10, .box_h = 13, .ofs_x = 1, .ofs_y = 0},
    {.bitmap_index = 1871, .adv_w = 124, .box_w = 7, .box_h = 13, .ofs_x = 1, .ofs_y = 0},
    {.bitmap_index = 1882, .adv_w = 248, .box_w = 14, .box_h = 13, .ofs_x = 1, .ofs_y = 0},
    {.bitmap_index = 1949, .adv_w = 202, .box_w = 11, .box_h = 13, .ofs_x = 1, .ofs_y = 0},
    {.bitmap_index = 1995, .adv_w = 226, .box_w = 14, .box_h = 13, .ofs_x = 0, .ofs_y = 0},
    {.bitmap_index = 2072, .adv_w = 167, .box_w = 9, .box_h = 13, .ofs_x = 1, .ofs_y = 0},
    {.bitmap_index = 2112, .adv_w = 227, .box_w = 14, .box_h = 15, .ofs_x = 0, .ofs_y = -2},
    {.bitmap_index = 2198, .adv_w = 175, .box_w = 9, .box_h = 13, .ofs_x = 1, .ofs_y = 0},
    {.bitmap_index = 2246, .adv_w = 169, .box_w = 9, .box_h = 13, .ofs_x = 1, .ofs_y = 0},
    {.bitmap_index = 2303, .adv_w = 156, .box_w = 10, .box_h = 13, .ofs_x = 0, .ofs_y = 0},
    {.bitmap_index = 2321, .adv_w = 194, .box_w = 10, .box_h = 13, .ofs_x = 1, .ofs_y = 0},
    {.bitmap_index = 2350, .adv_w = 195, .box_w = 12, .box_h = 13, .ofs_x = 0, .ofs_y = 0},
    {.bitmap_index = 2414, .adv_w = 281, .box_w = 18, .box_h = 13, .ofs_x = 0, .ofs_y = 0},
    {.bitmap_index = 2520, .adv_w = 179, .box_w = 11, .box_h = 13, .ofs_x = 0, .ofs_y = 0},
    {.bitmap_index = 2583, .adv_w = 168, .box_w = 11, .box_h = 13, .ofs_x = 0, .ofs_y = 0},
    {.bitmap_index = 2627, .adv_w = 156, .box_w = 9, .box_h = 13, .ofs_x = 0, .ofs_y = 0},
    {.bitmap_index = 2672, .adv_w = 122, .box_w = 4, .box_h = 22, .ofs_x = 2, .ofs_y = -4},
    {.bitmap_index = 2689, .adv_w = 190, .box_w = 8, .box_h = 20, .ofs_x = 2, .ofs_y = -3},
    {.bitmap_index = 2748, .adv_w = 122, .box_w = 5, .box_h = 22, .ofs_x = 1, .ofs_y = -4},
    {.bitmap_index = 2767, .adv_w = 181, .box_w = 11, .box_h = 10, .ofs_x = 0, .ofs_y = 3},
    {.bitmap_index = 2813, .adv_w = 211, .box_w = 11, .box_h = 2, .ofs_x = 1, .ofs_y = -2},
    {.bitmap_index = 2819, .adv_w = 74, .box_w = 5, .box_h = 5, .ofs_x = 0, .ofs_y = 10},
    {.bitmap_index = 2831, .adv_w = 195, .box_w = 11, .box_h = 10, .ofs_x = 0, .ofs_y = 0},
    {.bitmap_index = 2881, .adv_w = 195, .box_w = 11, .box_h = 13, .ofs_x = 1, .ofs_y = 0},
    {.bitmap_index = 2932, .adv_w = 175, .box_w = 11, .box_h = 10, .ofs_x = 0, .ofs_y = 0},
    {.bitmap_index = 2983, .adv_w = 195, .box_w = 11, .box_h = 13, .ofs_x = 0, .ofs_y = 0},
    {.bitmap_index = 3038, .adv_w = 179, .box_w = 11, .box_h = 10, .ofs_x = 0, .ofs_y = 0},
    {.bitmap_index = 3089, .adv_w = 95, .box_w = 6, .box_h = 13, .ofs_x = 0, .ofs_y = 0},
    {.bitmap_index = 3111, .adv_w = 195, .box_w = 11, .box_h = 15, .ofs_x = 0, .ofs_y = -5},
    {.bitmap_index = 3186, .adv_w = 184, .box_w = 10, .box_h = 13, .ofs_x = 1, .ofs_y = 0},
    {.bitmap_index = 3216, .adv_w = 71, .box_w = 3, .box_h = 13, .ofs_x = 1, .ofs_y = 0},
    {.bitmap_index = 3225, .adv_w = 71, .box_w = 5, .box_h = 18, .ofs_x = -1, .ofs_y = -5},
    {.bitmap_index = 3245, .adv_w = 148, .box_w = 9, .box_h = 13, .ofs_x = 1, .ofs_y = 0},
    {.bitmap_index = 3280, .adv_w = 71, .box_w = 3, .box_h = 13, .ofs_x = 1, .ofs_y = 0},
    {.bitmap_index = 3285, .adv_w = 297, .box_w = 17, .box_h = 10, .ofs_x = 1, .ofs_y = 0},
    {.bitmap_index = 3331, .adv_w = 184, .box_w = 10, .box_h = 10, .ofs_x = 1, .ofs_y = 0},
    {.bitmap_index = 3357, .adv_w = 184, .box_w = 11, .box_h = 10, .ofs_x = 0, .ofs_y = 0},
    {.bitmap_index = 3406, .adv_w = 195, .box_w = 11, .box_h = 15, .ofs_x = 1, .ofs_y = -5},
    {.bitmap_index = 3462, .adv_w = 195, .box_w = 11, .box_h = 15, .ofs_x = 0, .ofs_y = -5},
    {.bitmap_index = 3518, .adv_w = 107, .box_w = 6, .box_h = 10, .ofs_x = 1, .ofs_y = 0},
    {.bitmap_index = 3534, .adv_w = 150, .box_w = 9, .box_h = 10, .ofs_x = 0, .ofs_y = 0},
    {.bitmap_index = 3580, .adv_w = 105, .box_w = 6, .box_h = 13, .ofs_x = 0, .ofs_y = 0},
    {.bitmap_index = 3606, .adv_w = 184, .box_w = 10, .box_h = 10, .ofs_x = 1, .ofs_y = 0},
    {.bitmap_index = 3633, .adv_w = 162, .box_w = 10, .box_h = 10, .ofs_x = 0, .ofs_y = 0},
    {.bitmap_index = 3679, .adv_w = 236, .box_w = 15, .box_h = 10, .ofs_x = 0, .ofs_y = 0},
    {.bitmap_index = 3752, .adv_w = 138, .box_w = 9, .box_h = 10, .ofs_x = 0, .ofs_y = 0},
    {.bitmap_index = 3794, .adv_w = 162, .box_w = 10, .box_h = 15, .ofs_x = 0, .ofs_y = -5},
    {.bitmap_index = 3856, .adv_w = 131, .box_w = 8, .box_h = 10, .ofs_x = 0, .ofs_y = 0},
    {.bitmap_index = 3890, .adv_w = 133, .box_w = 7, .box_h = 22, .ofs_x = 1, .ofs_y = -4},
    {.bitmap_index = 3951, .adv_w = 84, .box_w = 3, .box_h = 16, .ofs_x = 1, .ofs_y = -2},
    {.bitmap_index = 3956, .adv_w = 133, .box_w = 6, .box_h = 22, .ofs_x = 1, .ofs_y = -4},
    {.bitmap_index = 4012, .adv_w = 149, .box_w = 9, .box_h = 4, .ofs_x = 0, .ofs_y = 4},
    {.bitmap_index = 4030, .adv_w = 77, .box_w = 0, .box_h = 0, .ofs_x = 0, .ofs_y = 0},
    {.bitmap_index = 4030, .adv_w = 86, .box_w = 3, .box_h = 13, .ofs_x = 1, .ofs_y = -3},
    {.bitmap_index = 4046, .adv_w = 192, .box_w = 10, .box_h = 13, .ofs_x = 1, .ofs_y = -2},
    {.bitmap_index = 4101, .adv_w = 179, .box_w = 10, .box_h = 13, .ofs_x = 0, .ofs_y = 0},
    {.bitmap_index = 4158, .adv_w = 155, .box_w = 8, .box_h = 8, .ofs_x = 1, .ofs_y = 3},
    {.bitmap_index = 4189, .adv_w = 171, .box_w = 11, .box_h = 13, .ofs_x = 0, .ofs_y = 0},
    {.bitmap_index = 4256, .adv_w = 84, .box_w = 3, .box_h = 16, .ofs_x = 1, .ofs_y = -2},
    {.bitmap_index = 4272, .adv_w = 166, .box_w = 10, .box_h = 17, .ofs_x = 0, .ofs_y = -4},
    {.bitmap_index = 4356, .adv_w = 90, .box_w = 6, .box_h = 2, .ofs_x = 0, .ofs_y = 11},
    {.bitmap_index = 4362, .adv_w = 228, .box_w = 14, .box_h = 13, .ofs_x = 0, .ofs_y = 0},
    {.bitmap_index = 4447, .adv_w = 130, .box_w = 8, .box_h = 7, .ofs_x = 0, .ofs_y = 6},
    {.bitmap_index = 4476, .adv_w = 133, .box_w = 8, .box_h = 7, .ofs_x = 0, .ofs_y = 2},
    {.bitmap_index = 4505, .adv_w = 187, .box_w = 11, .box_h = 5, .ofs_x = 0, .ofs_y = 4},
    {.bitmap_index = 4521, .adv_w = 159, .box_w = 8, .box_h = 3, .ofs_x = 1, .ofs_y = 5},
    {.bitmap_index = 4528, .adv_w = 147, .box_w = 9, .box_h = 8, .ofs_x = 0, .ofs_y = 5},
    {.bitmap_index = 4564, .adv_w = 111, .box_w = 7, .box_h = 3, .ofs_x = 0, .ofs_y = 11},
    {.bitmap_index = 4571, .adv_w = 118, .box_w = 7, .box_h = 6, .ofs_x = 0, .ofs_y = 6},
    {.bitmap_index = 4591, .adv_w = 198, .box_w = 10, .box_h = 10, .ofs_x = 1, .ofs_y = 1},
    {.bitmap_index = 4629, .adv_w = 95, .box_w = 6, .box_h = 7, .ofs_x = 0, .ofs_y = 6},
    {.bitmap_index = 4650, .adv_w = 96, .box_w = 6, .box_h = 7, .ofs_x = 0, .ofs_y = 6},
    {.bitmap_index = 4671, .adv_w = 71, .box_w = 5, .box_h = 5, .ofs_x = 0, .ofs_y = 10},
    {.bitmap_index = 4682, .adv_w = 186, .box_w = 10, .box_h = 15, .ofs_x = 1, .ofs_y = -5},
    {.bitmap_index = 4713, .adv_w = 172, .box_w = 10, .box_h = 13, .ofs_x = 0, .ofs_y = 0},
    {.bitmap_index = 4746, .adv_w = 61, .box_w = 4, .box_h = 3, .ofs_x = 0, .ofs_y = 5},
    {.bitmap_index = 4753, .adv_w = 78, .box_w = 5, .box_h = 7, .ofs_x = 0, .ofs_y = -6},
    {.bitmap_index = 4770, .adv_w = 56, .box_w = 3, .box_h = 7, .ofs_x = 0, .ofs_y = 6},
    {.bitmap_index = 4776, .adv_w = 126, .box_w = 8, .box_h = 7, .ofs_x = 0, .ofs_y = 6},
    {.bitmap_index = 4805, .adv_w = 133, .box_w = 8, .box_h = 7, .ofs_x = 0, .ofs_y = 2},
    {.bitmap_index = 4834, .adv_w = 184, .box_w = 11, .box_h = 13, .ofs_x = 0, .ofs_y = -1},
    {.bitmap_index = 4893, .adv_w = 194, .box_w = 12, .box_h = 14, .ofs_x = 0, .ofs_y = -1},
    {.bitmap_index = 4962, .adv_w = 204, .box_w = 13, .box_h = 14, .ofs_x = 0, .ofs_y = -1},
    {.bitmap_index = 5045, .adv_w = 149, .box_w = 9, .box_h = 14, .ofs_x = 0, .ofs_y = -4},
    {.bitmap_index = 5098, .adv_w = 194, .box_w = 12, .box_h = 18, .ofs_x = 0, .ofs_y = 0},
    {.bitmap_index = 5177, .adv_w = 194, .box_w = 12, .box_h = 18, .ofs_x = 0, .ofs_y = 0},
    {.bitmap_index = 5255, .adv_w = 194, .box_w = 12, .box_h = 17, .ofs_x = 0, .ofs_y = 0},
    {.bitmap_index = 5335, .adv_w = 194, .box_w = 12, .box_h = 15, .ofs_x = 0, .ofs_y = 0},
    {.bitmap_index = 5408, .adv_w = 194, .box_w = 12, .box_h = 16, .ofs_x = 0, .ofs_y = 0},
    {.bitmap_index = 5485, .adv_w = 194, .box_w = 12, .box_h = 17, .ofs_x = 0, .ofs_y = 0},
    {.bitmap_index = 5563, .adv_w = 259, .box_w = 16, .box_h = 13, .ofs_x = 0, .ofs_y = 0},
    {.bitmap_index = 5636, .adv_w = 222, .box_w = 13, .box_h = 18, .ofs_x = 0, .ofs_y = -5},
    {.bitmap_index = 5726, .adv_w = 148, .box_w = 8, .box_h = 18, .ofs_x = 1, .ofs_y = 0},
    {.bitmap_index = 5772, .adv_w = 148, .box_w = 8, .box_h = 18, .ofs_x = 1, .ofs_y = 0},
    {.bitmap_index = 5818, .adv_w = 148, .box_w = 8, .box_h = 17, .ofs_x = 1, .ofs_y = 0},
    {.bitmap_index = 5864, .adv_w = 148, .box_w = 8, .box_h = 16, .ofs_x = 1, .ofs_y = 0},
    {.bitmap_index = 5907, .adv_w = 71, .box_w = 4, .box_h = 18, .ofs_x = 0, .ofs_y = 0},
    {.bitmap_index = 5922, .adv_w = 71, .box_w = 4, .box_h = 18, .ofs_x = 0, .ofs_y = 0},
    {.bitmap_index = 5936, .adv_w = 71, .box_w = 6, .box_h = 17, .ofs_x = -1, .ofs_y = 0},
    {.bitmap_index = 5954, .adv_w = 71, .box_w = 6, .box_h = 16, .ofs_x = -1, .ofs_y = 0},
    {.bitmap_index = 5969, .adv_w = 209, .box_w = 13, .box_h = 13, .ofs_x = 0, .ofs_y = 0},
    {.bitmap_index = 6036, .adv_w = 202, .box_w = 11, .box_h = 15, .ofs_x = 1, .ofs_y = 0},
    {.bitmap_index = 6091, .adv_w = 226, .box_w = 14, .box_h = 17, .ofs_x = 0, .ofs_y = 0},
    {.bitmap_index = 6183, .adv_w = 226, .box_w = 14, .box_h = 17, .ofs_x = 0, .ofs_y = 0},
    {.bitmap_index = 6275, .adv_w = 226, .box_w = 14, .box_h = 17, .ofs_x = 0, .ofs_y = 0},
    {.bitmap_index = 6369, .adv_w = 226, .box_w = 14, .box_h = 16, .ofs_x = 0, .ofs_y = 0},
    {.bitmap_index = 6460, .adv_w = 226, .box_w = 14, .box_h = 16, .ofs_x = 0, .ofs_y = 0},
    {.bitmap_index = 6551, .adv_w = 185, .box_w = 9, .box_h = 9, .ofs_x = 1, .ofs_y = 2},
    {.bitmap_index = 6591, .adv_w = 226, .box_w = 14, .box_h = 13, .ofs_x = 0, .ofs_y = 0},
    {.bitmap_index = 6680, .adv_w = 194, .box_w = 10, .box_h = 18, .ofs_x = 1, .ofs_y = 0},
    {.bitmap_index = 6726, .adv_w = 194, .box_w = 10, .box_h = 18, .ofs_x = 1, .ofs_y = 0},
    {.bitmap_index = 6772, .adv_w = 194, .box_w = 10, .box_h = 17, .ofs_x = 1, .ofs_y = 0},
    {.bitmap_index = 6818, .adv_w = 194, .box_w = 10, .box_h = 16, .ofs_x = 1, .ofs_y = 0},
    {.bitmap_index = 6861, .adv_w = 168, .box_w = 11, .box_h = 18, .ofs_x = 0, .ofs_y = 0},
    {.bitmap_index = 6921, .adv_w = 167, .box_w = 9, .box_h = 13, .ofs_x = 1, .ofs_y = 0},
    {.bitmap_index = 6963, .adv_w = 196, .box_w = 11, .box_h = 13, .ofs_x = 1, .ofs_y = 0},
    {.bitmap_index = 7026, .adv_w = 195, .box_w = 11, .box_h = 15, .ofs_x = 0, .ofs_y = 0},
    {.bitmap_index = 7092, .adv_w = 195, .box_w = 11, .box_h = 15, .ofs_x = 0, .ofs_y = 0},
    {.bitmap_index = 7158, .adv_w = 195, .box_w = 11, .box_h = 14, .ofs_x = 0, .ofs_y = 0},
    {.bitmap_index = 7224, .adv_w = 195, .box_w = 11, .box_h = 13, .ofs_x = 0, .ofs_y = 0},
    {.bitmap_index = 7287, .adv_w = 195, .box_w = 11, .box_h = 13, .ofs_x = 0, .ofs_y = 0},
    {.bitmap_index = 7350, .adv_w = 195, .box_w = 11, .box_h = 15, .ofs_x = 0, .ofs_y = 0},
    {.bitmap_index = 7417, .adv_w = 316, .box_w = 19, .box_h = 10, .ofs_x = 0, .ofs_y = 0},
    {.bitmap_index = 7502, .adv_w = 175, .box_w = 11, .box_h = 15, .ofs_x = 0, .ofs_y = -5},
    {.bitmap_index = 7572, .adv_w = 179, .box_w = 11, .box_h = 15, .ofs_x = 0, .ofs_y = 0},
    {.bitmap_index = 7640, .adv_w = 179, .box_w = 11, .box_h = 15, .ofs_x = 0, .ofs_y = 0},
    {.bitmap_index = 7707, .adv_w = 179, .box_w = 11, .box_h = 14, .ofs_x = 0, .ofs_y = 0},
    {.bitmap_index = 7774, .adv_w = 179, .box_w = 11, .box_h = 13, .ofs_x = 0, .ofs_y = 0},
    {.bitmap_index = 7838, .adv_w = 71, .box_w = 4, .box_h = 15, .ofs_x = 0, .ofs_y = 0},
    {.bitmap_index = 7853, .adv_w = 71, .box_w = 4, .box_h = 15, .ofs_x = 0, .ofs_y = 0},
    {.bitmap_index = 7867, .adv_w = 71, .box_w = 6, .box_h = 14, .ofs_x = -1, .ofs_y = 0},
    {.bitmap_index = 7885, .adv_w = 71, .box_w = 6, .box_h = 13, .ofs_x = -1, .ofs_y = 0},
    {.bitmap_index = 7899, .adv_w = 184, .box_w = 11, .box_h = 14, .ofs_x = 0, .ofs_y = 0},
    {.bitmap_index = 7965, .adv_w = 184, .box_w = 10, .box_h = 13, .ofs_x = 1, .ofs_y = 0},
    {.bitmap_index = 8006, .adv_w = 184, .box_w = 11, .box_h = 15, .ofs_x = 0, .ofs_y = 0},
    {.bitmap_index = 8072, .adv_w = 184, .box_w = 11, .box_h = 15, .ofs_x = 0, .ofs_y = 0},
    {.bitmap_index = 8137, .adv_w = 184, .box_w = 11, .box_h = 14, .ofs_x = 0, .ofs_y = 0},
    {.bitmap_index = 8202, .adv_w = 184, .box_w = 11, .box_h = 13, .ofs_x = 0, .ofs_y = 0},
    {.bitmap_index = 8263, .adv_w = 184, .box_w = 11, .box_h = 13, .ofs_x = 0, .ofs_y = 0},
    {.bitmap_index = 8325, .adv_w = 189, .box_w = 10, .box_h = 10, .ofs_x = 1, .ofs_y = 2},
    {.bitmap_index = 8357, .adv_w = 184, .box_w = 11, .box_h = 10, .ofs_x = 0, .ofs_y = 0},
    {.bitmap_index = 8412, .adv_w = 184, .box_w = 10, .box_h = 15, .ofs_x = 1, .ofs_y = 0},
    {.bitmap_index = 8456, .adv_w = 184, .box_w = 10, .box_h = 15, .ofs_x = 1, .ofs_y = 0},
    {.bitmap_index = 8499, .adv_w = 184, .box_w = 10, .box_h = 14, .ofs_x = 1, .ofs_y = 0},
    {.bitmap_index = 8543, .adv_w = 184, .box_w = 10, .box_h = 13, .ofs_x = 1, .ofs_y = 0},
    {.bitmap_index = 8583, .adv_w = 162, .box_w = 10, .box_h = 20, .ofs_x = 0, .ofs_y = -5},
    {.bitmap_index = 8661, .adv_w = 195, .box_w = 11, .box_h = 18, .ofs_x = 1, .ofs_y = -5},
    {.bitmap_index = 8719, .adv_w = 162, .box_w = 10, .box_h = 18, .ofs_x = 0, .ofs_y = -5},
    {.bitmap_index = 8795, .adv_w = 194, .box_w = 12, .box_h = 16, .ofs_x = 0, .ofs_y = 0},
    {.bitmap_index = 8869, .adv_w = 195, .box_w = 11, .box_h = 13, .ofs_x = 0, .ofs_y = 0},
    {.bitmap_index = 8930, .adv_w = 194, .box_w = 12, .box_h = 16, .ofs_x = 0, .ofs_y = 0},
    {.bitmap_index = 9008, .adv_w = 195, .box_w = 11, .box_h = 13, .ofs_x = 0, .ofs_y = 0},
    {.bitmap_index = 9070, .adv_w = 194, .box_w = 12, .box_h = 18, .ofs_x = 0, .ofs_y = -5},
    {.bitmap_index = 9154, .adv_w = 195, .box_w = 11, .box_h = 14, .ofs_x = 0, .ofs_y = -4},
    {.bitmap_index = 9220, .adv_w = 222, .box_w = 13, .box_h = 18, .ofs_x = 0, .ofs_y = 0},
    {.bitmap_index = 9305, .adv_w = 175, .box_w = 11, .box_h = 15, .ofs_x = 0, .ofs_y = 0},
    {.bitmap_index = 9372, .adv_w = 222, .box_w = 13, .box_h = 16, .ofs_x = 0, .ofs_y = 0},
    {.bitmap_index = 9450, .adv_w = 175, .box_w = 11, .box_h = 13, .ofs_x = 0, .ofs_y = 0},
    {.bitmap_index = 9511, .adv_w = 222, .box_w = 13, .box_h = 17, .ofs_x = 0, .ofs_y = 0},
    {.bitmap_index = 9598, .adv_w = 175, .box_w = 11, .box_h = 14, .ofs_x = 0, .ofs_y = 0},
    {.bitmap_index = 9665, .adv_w = 204, .box_w = 11, .box_h = 17, .ofs_x = 1, .ofs_y = 0},
    {.bitmap_index = 9734, .adv_w = 217, .box_w = 14, .box_h = 13, .ofs_x = 0, .ofs_y = 0},
    {.bitmap_index = 9802, .adv_w = 209, .box_w = 13, .box_h = 13, .ofs_x = 0, .ofs_y = 0},
    {.bitmap_index = 9869, .adv_w = 194, .box_w = 12, .box_h = 13, .ofs_x = 0, .ofs_y = 0},
    {.bitmap_index = 9931, .adv_w = 148, .box_w = 8, .box_h = 16, .ofs_x = 1, .ofs_y = 0},
    {.bitmap_index = 9970, .adv_w = 179, .box_w = 11, .box_h = 13, .ofs_x = 0, .ofs_y = 0},
    {.bitmap_index = 10033, .adv_w = 148, .box_w = 8, .box_h = 16, .ofs_x = 1, .ofs_y = 0},
    {.bitmap_index = 10078, .adv_w = 179, .box_w = 11, .box_h = 13, .ofs_x = 0, .ofs_y = 0},
    {.bitmap_index = 10141, .adv_w = 148, .box_w = 8, .box_h = 16, .ofs_x = 1, .ofs_y = 0},
    {.bitmap_index = 10182, .adv_w = 179, .box_w = 11, .box_h = 13, .ofs_x = 0, .ofs_y = 0},
    {.bitmap_index = 10244, .adv_w = 148, .box_w = 8, .box_h = 18, .ofs_x = 1, .ofs_y = -5},
    {.bitmap_index = 10292, .adv_w = 179, .box_w = 11, .box_h = 14, .ofs_x = 0, .ofs_y = -4},
    {.bitmap_index = 10359, .adv_w = 148, .box_w = 8, .box_h = 17, .ofs_x = 1, .ofs_y = 0},
    {.bitmap_index = 10406, .adv_w = 179, .box_w = 11, .box_h = 14, .ofs_x = 0, .ofs_y = 0},
    {.bitmap_index = 10475, .adv_w = 224, .box_w = 14, .box_h = 16, .ofs_x = 0, .ofs_y = 0},
    {.bitmap_index = 10570, .adv_w = 195, .box_w = 11, .box_h = 18, .ofs_x = 0, .ofs_y = -5},
    {.bitmap_index = 10657, .adv_w = 224, .box_w = 14, .box_h = 16, .ofs_x = 0, .ofs_y = 0},
    {.bitmap_index = 10748, .adv_w = 195, .box_w = 11, .box_h = 18, .ofs_x = 0, .ofs_y = -5},
    {.bitmap_index = 10832, .adv_w = 224, .box_w = 14, .box_h = 18, .ofs_x = 0, .ofs_y = -5},
    {.bitmap_index = 10932, .adv_w = 195, .box_w = 11, .box_h = 19, .ofs_x = 0, .ofs_y = -5},
    {.bitmap_index = 11020, .adv_w = 71, .box_w = 7, .box_h = 15, .ofs_x = -1, .ofs_y = 0},
    {.bitmap_index = 11035, .adv_w = 71, .box_w = 7, .box_h = 13, .ofs_x = -1, .ofs_y = 0},
    {.bitmap_index = 11052, .adv_w = 71, .box_w = 7, .box_h = 16, .ofs_x = -1, .ofs_y = 0},
    {.bitmap_index = 11067, .adv_w = 71, .box_w = 7, .box_h = 13, .ofs_x = -1, .ofs_y = 0},
    {.bitmap_index = 11079, .adv_w = 71, .box_w = 6, .box_h = 16, .ofs_x = -1, .ofs_y = 0},
    {.bitmap_index = 11094, .adv_w = 71, .box_w = 6, .box_h = 13, .ofs_x = -1, .ofs_y = 0},
    {.bitmap_index = 11108, .adv_w = 71, .box_w = 5, .box_h = 17, .ofs_x = -1, .ofs_y = -4},
    {.bitmap_index = 11126, .adv_w = 71, .box_w = 5, .box_h = 17, .ofs_x = -1, .ofs_y = -4},
    {.bitmap_index = 11152, .adv_w = 71, .box_w = 3, .box_h = 16, .ofs_x = 1, .ofs_y = 0},
    {.bitmap_index = 11161, .adv_w = 71, .box_w = 3, .box_h = 10, .ofs_x = 1, .ofs_y = 0},
    {.bitmap_index = 11166, .adv_w = 173, .box_w = 10, .box_h = 18, .ofs_x = 1, .ofs_y = -5},
    {.bitmap_index = 11232, .adv_w = 148, .box_w = 9, .box_h = 18, .ofs_x = 1, .ofs_y = -5},
    {.bitmap_index = 11284, .adv_w = 124, .box_w = 7, .box_h = 18, .ofs_x = 1, .ofs_y = 0},
    {.bitmap_index = 11309, .adv_w = 71, .box_w = 4, .box_h = 18, .ofs_x = 0, .ofs_y = 0},
    {.bitmap_index = 11323, .adv_w = 124, .box_w = 7, .box_h = 18, .ofs_x = 1, .ofs_y = -5},
    {.bitmap_index = 11348, .adv_w = 71, .box_w = 3, .box_h = 18, .ofs_x = 1, .ofs_y = -5},
    {.bitmap_index = 11360, .adv_w = 128, .box_w = 7, .box_h = 13, .ofs_x = 1, .ofs_y = 0},
    {.bitmap_index = 11382, .adv_w = 106, .box_w = 6, .box_h = 13, .ofs_x = 1, .ofs_y = 0},
    {.bitmap_index = 11399, .adv_w = 124, .box_w = 7, .box_h = 13, .ofs_x = 1, .ofs_y = 0},
    {.bitmap_index = 11418, .adv_w = 85, .box_w = 5, .box_h = 13, .ofs_x = 1, .ofs_y = 0},
    {.bitmap_index = 11431, .adv_w = 126, .box_w = 8, .box_h = 13, .ofs_x = 0, .ofs_y = 0},
    {.bitmap_index = 11460, .adv_w = 72, .box_w = 5, .box_h = 13, .ofs_x = 0, .ofs_y = 0},
    {.bitmap_index = 11477, .adv_w = 202, .box_w = 11, .box_h = 18, .ofs_x = 1, .ofs_y = 0},
    {.bitmap_index = 11540, .adv_w = 184, .box_w = 10, .box_h = 15, .ofs_x = 1, .ofs_y = 0},
    {.bitmap_index = 11583, .adv_w = 202, .box_w = 11, .box_h = 18, .ofs_x = 1, .ofs_y = -5},
    {.bitmap_index = 11646, .adv_w = 184, .box_w = 10, .box_h = 15, .ofs_x = 1, .ofs_y = -5},
    {.bitmap_index = 11690, .adv_w = 202, .box_w = 11, .box_h = 17, .ofs_x = 1, .ofs_y = 0},
    {.bitmap_index = 11755, .adv_w = 184, .box_w = 10, .box_h = 14, .ofs_x = 1, .ofs_y = 0},
    {.bitmap_index = 11799, .adv_w = 226, .box_w = 14, .box_h = 16, .ofs_x = 0, .ofs_y = 0},
    {.bitmap_index = 11886, .adv_w = 184, .box_w = 11, .box_h = 13, .ofs_x = 0, .ofs_y = 0},
    {.bitmap_index = 11947, .adv_w = 226, .box_w = 14, .box_h = 16, .ofs_x = 0, .ofs_y = 0},
    {.bitmap_index = 12038, .adv_w = 184, .box_w = 11, .box_h = 13, .ofs_x = 0, .ofs_y = 0},
    {.bitmap_index = 12099, .adv_w = 226, .box_w = 14, .box_h = 17, .ofs_x = 0, .ofs_y = 0},
    {.bitmap_index = 12194, .adv_w = 184, .box_w = 11, .box_h = 13, .ofs_x = 0, .ofs_y = 0},
    {.bitmap_index = 12256, .adv_w = 313, .box_w = 19, .box_h = 13, .ofs_x = 0, .ofs_y = 0},
    {.bitmap_index = 12353, .adv_w = 311, .box_w = 19, .box_h = 10, .ofs_x = 0, .ofs_y = 0},
    {.bitmap_index = 12438, .adv_w = 175, .box_w = 9, .box_h = 18, .ofs_x = 1, .ofs_y = 0},
    {.bitmap_index = 12502, .adv_w = 107, .box_w = 6, .box_h = 15, .ofs_x = 1, .ofs_y = 0},
    {.bitmap_index = 12531, .adv_w = 175, .box_w = 9, .box_h = 18, .ofs_x = 1, .ofs_y = -5},
    {.bitmap_index = 12595, .adv_w = 107, .box_w = 6, .box_h = 15, .ofs_x = 1, .ofs_y = -5},
    {.bitmap_index = 12624, .adv_w = 175, .box_w = 9, .box_h = 17, .ofs_x = 1, .ofs_y = 0},
    {.bitmap_index = 12687, .adv_w = 107, .box_w = 6, .box_h = 14, .ofs_x = 1, .ofs_y = 0},
    {.bitmap_index = 12715, .adv_w = 169, .box_w = 9, .box_h = 18, .ofs_x = 1, .ofs_y = 0},
    {.bitmap_index = 12787, .adv_w = 150, .box_w = 9, .box_h = 15, .ofs_x = 0, .ofs_y = 0},
    {.bitmap_index = 12848, .adv_w = 169, .box_w = 9, .box_h = 18, .ofs_x = 1, .ofs_y = -5},
    {.bitmap_index = 12923, .adv_w = 150, .box_w = 9, .box_h = 15, .ofs_x = 0, .ofs_y = -5},
    {.bitmap_index = 12988, .adv_w = 169, .box_w = 9, .box_h = 17, .ofs_x = 1, .ofs_y = 0},
    {.bitmap_index = 13061, .adv_w = 150, .box_w = 9, .box_h = 14, .ofs_x = 0, .ofs_y = 0},
    {.bitmap_index = 13122, .adv_w = 156, .box_w = 10, .box_h = 18, .ofs_x = 0, .ofs_y = -5},
    {.bitmap_index = 13156, .adv_w = 105, .box_w = 7, .box_h = 18, .ofs_x = 0, .ofs_y = -5},
    {.bitmap_index = 13199, .adv_w = 156, .box_w = 10, .box_h = 17, .ofs_x = 0, .ofs_y = 0},
    {.bitmap_index = 13235, .adv_w = 106, .box_w = 7, .box_h = 14, .ofs_x = 0, .ofs_y = 0},
    {.bitmap_index = 13269, .adv_w = 194, .box_w = 10, .box_h = 16, .ofs_x = 1, .ofs_y = 0},
    {.bitmap_index = 13313, .adv_w = 184, .box_w = 10, .box_h = 13, .ofs_x = 1, .ofs_y = 0},
    {.bitmap_index = 13354, .adv_w = 194, .box_w = 10, .box_h = 16, .ofs_x = 1, .ofs_y = 0},
    {.bitmap_index = 13392, .adv_w = 184, .box_w = 10, .box_h = 13, .ofs_x = 1, .ofs_y = 0},
    {.bitmap_index = 13430, .adv_w = 194, .box_w = 10, .box_h = 16, .ofs_x = 1, .ofs_y = 0},
    {.bitmap_index = 13475, .adv_w = 184, .box_w = 10, .box_h = 13, .ofs_x = 1, .ofs_y = 0},
    {.bitmap_index = 13514, .adv_w = 194, .box_w = 10, .box_h = 17, .ofs_x = 1, .ofs_y = 0},
    {.bitmap_index = 13559, .adv_w = 184, .box_w = 10, .box_h = 15, .ofs_x = 1, .ofs_y = 0},
    {.bitmap_index = 13604, .adv_w = 194, .box_w = 10, .box_h = 17, .ofs_x = 1, .ofs_y = 0},
    {.bitmap_index = 13652, .adv_w = 184, .box_w = 10, .box_h = 13, .ofs_x = 1, .ofs_y = 0},
    {.bitmap_index = 13693, .adv_w = 194, .box_w = 10, .box_h = 17, .ofs_x = 1, .ofs_y = -4},
    {.bitmap_index = 13739, .adv_w = 184, .box_w = 10, .box_h = 14, .ofs_x = 1, .ofs_y = -4},
    {.bitmap_index = 13782, .adv_w = 281, .box_w = 18, .box_h = 17, .ofs_x = 0, .ofs_y = 0},
    {.bitmap_index = 13911, .adv_w = 236, .box_w = 15, .box_h = 14, .ofs_x = 0, .ofs_y = 0},
    {.bitmap_index = 14003, .adv_w = 168, .box_w = 11, .box_h = 17, .ofs_x = 0, .ofs_y = 0},
    {.bitmap_index = 14064, .adv_w = 162, .box_w = 10, .box_h = 19, .ofs_x = 0, .ofs_y = -5},
    {.bitmap_index = 14143, .adv_w = 168, .box_w = 11, .box_h = 16, .ofs_x = 0, .ofs_y = 0},
    {.bitmap_index = 14200, .adv_w = 156, .box_w = 9, .box_h = 18, .ofs_x = 0, .ofs_y = 0},
    {.bitmap_index = 14261, .adv_w = 131, .box_w = 8, .box_h = 15, .ofs_x = 0, .ofs_y = 0},
    {.bitmap_index = 14311, .adv_w = 156, .box_w = 9, .box_h = 16, .ofs_x = 0, .ofs_y = 0},
    {.bitmap_index = 14365, .adv_w = 131, .box_w = 8, .box_h = 13, .ofs_x = 0, .ofs_y = 0},
    {.bitmap_index = 14408, .adv_w = 156, .box_w = 9, .box_h = 17, .ofs_x = 0, .ofs_y = 0},
    {.bitmap_index = 14470, .adv_w = 131, .box_w = 8, .box_h = 14, .ofs_x = 0, .ofs_y = 0},
    {.bitmap_index = 14520, .adv_w = 195, .box_w = 10, .box_h = 3, .ofs_x = 1, .ofs_y = 5},
    {.bitmap_index = 14529, .adv_w = 255, .box_w = 14, .box_h = 3, .ofs_x = 1, .ofs_y = 5},
    {.bitmap_index = 14541, .adv_w = 63, .box_w = 4, .box_h = 5, .ofs_x = 0, .ofs_y = 8},
    {.bitmap_index = 14551, .adv_w = 63, .box_w = 4, .box_h = 5, .ofs_x = 0, .ofs_y = 8},
    {.bitmap_index = 14562, .adv_w = 54, .box_w = 4, .box_h = 5, .ofs_x = -1, .ofs_y = -2},
    {.bitmap_index = 14573, .adv_w = 109, .box_w = 7, .box_h = 5, .ofs_x = 0, .ofs_y = 8},
    {.bitmap_index = 14591, .adv_w = 109, .box_w = 7, .box_h = 5, .ofs_x = 0, .ofs_y = 8},
    {.bitmap_index = 14609, .adv_w = 101, .box_w = 7, .box_h = 5, .ofs_x = -1, .ofs_y = -2},
    {.bitmap_index = 14627, .adv_w = 119, .box_w = 5, .box_h = 5, .ofs_x = 1, .ofs_y = 4},
    {.bitmap_index = 14640, .adv_w = 167, .box_w = 10, .box_h = 3, .ofs_x = 0, .ofs_y = 0},
    {.bitmap_index = 14656, .adv_w = 234, .box_w = 14, .box_h = 13, .ofs_x = 0, .ofs_y = 0}
};

/*---------------------
 *  CHARACTER MAPPING
 *--------------------*/

static const uint8_t glyph_id_ofs_list_3[] = {
    0, 1, 2, 3, 4, 5, 0, 0,
    0, 0, 6, 7, 8, 9, 10, 11,
    12, 13, 14, 15, 0, 0, 0, 0,
    16, 17, 0, 18, 19, 20, 21, 22,
    23, 24, 25, 26, 27, 28, 29, 30,
    31, 32, 33, 0, 0, 0, 34, 35,
    36, 37, 38, 39, 40, 41, 42, 43,
    44, 45, 46, 47, 48, 49, 0, 0,
    50, 51, 52, 53, 54, 55, 56, 57
};

static const uint16_t unicode_list_5[] = {
    0x0, 0x1, 0x5, 0x6, 0x7, 0x9, 0xa, 0xb,
    0xf, 0x13, 0x99
};

/*Collect the unicode lists and glyph_id offsets*/
static const lv_font_fmt_txt_cmap_t cmaps[] =
{
    {
        .range_start = 32, .range_length = 95, .glyph_id_start = 1,
        .unicode_list = NULL, .glyph_id_ofs_list = NULL, .list_length = 0, .type = LV_FONT_FMT_TXT_CMAP_FORMAT0_TINY
    },
    {
        .range_start = 160, .range_length = 104, .glyph_id_start = 96,
        .unicode_list = NULL, .glyph_id_ofs_list = NULL, .list_length = 0, .type = LV_FONT_FMT_TXT_CMAP_FORMAT0_TINY
    },
    {
        .range_start = 266, .range_length = 18, .glyph_id_start = 200,
        .unicode_list = NULL, .glyph_id_ofs_list = NULL, .list_length = 0, .type = LV_FONT_FMT_TXT_CMAP_FORMAT0_TINY
    },
    {
        .range_start = 286, .range_length = 72, .glyph_id_start = 218,
        .unicode_list = NULL, .glyph_id_ofs_list = glyph_id_ofs_list_3, .list_length = 72, .type = LV_FONT_FMT_TXT_CMAP_FORMAT0_FULL
    },
    {
        .range_start = 360, .range_length = 23, .glyph_id_start = 276,
        .unicode_list = NULL, .glyph_id_ofs_list = NULL, .list_length = 0, .type = LV_FONT_FMT_TXT_CMAP_FORMAT0_TINY
    },
    {
        .range_start = 8211, .range_length = 154, .glyph_id_start = 299,
        .unicode_list = unicode_list_5, .glyph_id_ofs_list = NULL, .list_length = 11, .type = LV_FONT_FMT_TXT_CMAP_SPARSE_TINY
    }
};



/*--------------------
 *  ALL CUSTOM DATA
 *--------------------*/

#if LVGL_VERSION_MAJOR == 8
/*Store all the custom data of the font*/
static  lv_font_fmt_txt_glyph_cache_t cache;
#endif

#if LVGL_VERSION_MAJOR >= 8
static const lv_font_fmt_txt_dsc_t font_dsc = {
#else
static lv_font_fmt_txt_dsc_t font_dsc = {
#endif
    .glyph_bitmap = glyph_bitmap,
    .glyph_dsc = glyph_dsc,
    .cmaps = cmaps,
    .kern_dsc = NULL,
    .kern_scale = 0,
    .cmap_num = 6,
    .bpp = 4,
    .kern_classes = 0,
    .bitmap_format = 1,
#if LVGL_VERSION_MAJOR == 8
    .cache = &cache
#endif
};

extern const lv_font_t lv_font_montserrat_20;


/*-----------------
 *  PUBLIC FONT
 *----------------*/

/*Initialize a public general font descriptor*/
#if LVGL_VERSION_MAJOR >= 8
const lv_font_t poppins_regular_18 = {
#else
lv_font_t poppins_regular_18 = {
#endif
    .get_glyph_dsc = lv_font_get_glyph_dsc_fmt_txt,    /*Function pointer to get glyph's data*/
    .get_glyph_bitmap = lv_font_get_bitmap_fmt_txt,    /*Function pointer to get glyph's bitmap*/
    .line_height = 24,          /*The maximum line height required by the font*/
    .base_line = 6,             /*Baseline measured from the bottom of the line*/
#if !(LVGL_VERSION_MAJOR == 6 && LVGL_VERSION_MINOR == 0)
    .subpx = LV_FONT_SUBPX_NONE,
#endif
#if LV_VERSION_CHECK(7, 4, 0) || LVGL_VERSION_MAJOR >= 8
    .underline_position = -1,
    .underline_thickness = 1,
#endif
    .dsc = &font_dsc,          /*The custom font data. Will be accessed by `get_glyph_bitmap/dsc` */
#if LV_VERSION_CHECK(8, 2, 0) || LVGL_VERSION_MAJOR >= 9
    .fallback = &lv_font_montserrat_20,
#endif
    .user_data = NULL,
};



#endif /*#if POPPINS_REGULAR_18*/

