/*******************************************************************************
 * Size: 28 px
 * Bpp: 4
 * Opts: --bpp 4 --format lvgl --lv-include lvgl.h --lv-font-name poppins_regular_28 --lv-fallback lv_font_montserrat_28 --size 28 --font C:\Projects\OfflineWorkspace\PROJEKTY\PROJEKTY_W_BUDOWIE\Guiton_BETTA\.tmp_fonts\Poppins-Regular.ttf -r 0x20-0x7F -r 0xA0-0xFF -r 0x100-0x17F -r 0x2013-0x2014 -r 0x2018-0x201E -r 0x2022 -r 0x2026 -r 0x20AC -o C:\Projects\OfflineWorkspace\PROJEKTY\PROJEKTY_W_BUDOWIE\Guiton_BETTA\main\ui\fonts\poppins_regular_28.c
 ******************************************************************************/

#ifdef LV_LVGL_H_INCLUDE_SIMPLE
#include "lvgl.h"
#else
#include "lvgl.h"
#endif

#ifndef POPPINS_REGULAR_28
#define POPPINS_REGULAR_28 1
#endif

#if POPPINS_REGULAR_28

/*-----------------
 *    BITMAPS
 *----------------*/

/*Store the image of the glyphs*/
static LV_ATTRIBUTE_LARGE_CONST const uint8_t glyph_bitmap[] = {
    /* U+0020 " " */

    /* U+0021 "!" */
    0x4f, 0xf3, 0x80, 0x42, 0xe0, 0x1f, 0x8, 0x0,
    0xc0, 0x3f, 0x18, 0x0, 0x40, 0x3f, 0x8, 0x1,
    0xc0, 0x3f, 0xe1, 0xa, 0x92, 0x5, 0x60, 0x2,
    0xb8, 0xad, 0x45, 0x90, 0x1, 0xd8, 0xc6, 0x0,

    /* U+0022 "\"" */
    0xb, 0xb2, 0x15, 0xd8, 0x41, 0x10, 0x20, 0x88,
    0x0, 0x8, 0x9, 0x80, 0x4, 0xc, 0x1c, 0x40,
    0x30, 0x80, 0x80, 0x73, 0x81, 0x80, 0x88, 0x0,

    /* U+0023 "#" */
    0x0, 0xfd, 0x3f, 0xa0, 0x1c, 0x9f, 0xe2, 0x0,
    0xff, 0x20, 0x20, 0x7, 0x60, 0x9, 0x0, 0x7f,
    0x9, 0x6, 0x0, 0x71, 0x82, 0x80, 0x7f, 0x94,
    0x0, 0xe0, 0x1c, 0x81, 0x80, 0x1f, 0xec, 0x1,
    0x20, 0xc, 0x60, 0x4, 0x0, 0xe7, 0xff, 0xce,
    0x3, 0xff, 0xd8, 0x0, 0xcf, 0xf8, 0x3, 0xff,
    0x98, 0xb7, 0x74, 0x0, 0x22, 0xef, 0x84, 0x16,
    0xef, 0x0, 0x9, 0x12, 0x20, 0x3, 0x22, 0x70,
    0x86, 0x22, 0x60, 0xf, 0x68, 0x8, 0x80, 0x31,
    0x80, 0x14, 0x3, 0xfc, 0x60, 0xa0, 0x1c, 0xa0,
    0x3, 0x0, 0xff, 0x28, 0x18, 0x7, 0x78, 0x10,
    0x7, 0xf8, 0x44, 0x1a, 0x1, 0xca, 0xe, 0x1,
    0xc3, 0xff, 0xb8, 0x1, 0x5f, 0xfc, 0x60, 0xbf,
    0xf3, 0x0, 0x7f, 0xf2, 0xc6, 0xef, 0x10, 0x1d,
    0xdf, 0x30, 0x2, 0xef, 0x38, 0x1, 0x13, 0x18,
    0x5a, 0x27, 0x0, 0x9, 0x13, 0x8, 0x7, 0x10,
    0x81, 0x80, 0x72, 0x2, 0x0, 0x7f, 0x9c, 0x0,
    0xa0, 0x1c, 0x41, 0xe0, 0x1f, 0xec, 0x2, 0x10,
    0xc, 0x60, 0x5, 0x0, 0xff, 0x28, 0x38, 0x7,
    0x20, 0x0, 0xc0, 0x3c,

    /* U+0024 "$" */
    0x0, 0xf4, 0x78, 0x7, 0xff, 0x65, 0x6f, 0x9c,
    0x3f, 0x58, 0x3, 0xaa, 0x88, 0x20, 0x11, 0x4e,
    0x0, 0x50, 0xa0, 0x76, 0xc1, 0x66, 0x7, 0x40,
    0x7, 0x3, 0xc4, 0x10, 0x4c, 0x20, 0x52, 0x30,
    0x5, 0x0, 0x7a, 0x0, 0x8, 0xe0, 0x3, 0x0,
    0xf2, 0xff, 0x99, 0x80, 0xd, 0x0, 0xff, 0x11,
    0x1, 0xd4, 0x3, 0xfd, 0x20, 0xa, 0xc4, 0x0,
    0xfc, 0x96, 0x40, 0x66, 0xd, 0x82, 0x0, 0xe4,
    0xdb, 0x61, 0x2, 0x7d, 0xb1, 0x0, 0xe4, 0x96,
    0x8, 0x10, 0x4d, 0x0, 0xfe, 0x7e, 0x50, 0x36,
    0x0, 0xff, 0x50, 0x3, 0x4, 0xcc, 0x20, 0x1f,
    0x10, 0x9, 0x66, 0x20, 0x3, 0xe2, 0x2, 0x31,
    0x6, 0x20, 0xe, 0x60, 0x6, 0x4, 0x0, 0x31,
    0x84, 0xa, 0x24, 0xd, 0x41, 0x9c, 0x6, 0x58,
    0x35, 0xc0, 0xf4, 0x2, 0x8c, 0x51, 0x0, 0x8e,
    0x30, 0x40, 0x31, 0xd7, 0x38, 0x7e, 0x38, 0x7,
    0xff, 0x2f, 0x20, 0x3, 0xc0,

    /* U+0025 "%" */
    0x1, 0xae, 0xfd, 0x60, 0xf, 0x27, 0xf8, 0xc0,
    0x21, 0xf5, 0x25, 0x39, 0x80, 0xe, 0x90, 0x53,
    0x0, 0xa0, 0x57, 0x2b, 0xc1, 0xc4, 0x2, 0x62,
    0x8, 0x0, 0xca, 0x1c, 0x0, 0x14, 0x4, 0x0,
    0xa0, 0x1c, 0x80, 0x3f, 0xf8, 0x70, 0x22, 0x80,
    0xe, 0x50, 0xe0, 0x1, 0x20, 0x20, 0x13, 0x84,
    0x0, 0x7a, 0x5, 0x72, 0xb0, 0x1c, 0x42, 0x0,
    0x98, 0x3, 0xc3, 0x8a, 0x4a, 0x73, 0x0, 0x6a,
    0x12, 0x1, 0xf8, 0xab, 0xbf, 0x58, 0x1, 0xe0,
    0x88, 0x0, 0xff, 0xe1, 0xb1, 0x84, 0x80, 0x7f,
    0xf1, 0x20, 0x18, 0x80, 0x3f, 0xf8, 0x70, 0x22,
    0x80, 0x2, 0xcc, 0x94, 0x3, 0xf8, 0x5c, 0x24,
    0x45, 0x94, 0xcc, 0xac, 0x0, 0xfd, 0x60, 0x4e,
    0x10, 0x69, 0xdc, 0x43, 0x80, 0xf, 0x1a, 0x84,
    0x80, 0x18, 0x28, 0x45, 0x20, 0xc0, 0x1e, 0xf0,
    0x44, 0x0, 0x80, 0x88, 0x0, 0x40, 0x20, 0x1c,
    0xa6, 0x12, 0x0, 0x10, 0x10, 0x8, 0x40, 0x3e,
    0xb0, 0x62, 0x0, 0x8c, 0x18, 0x1, 0x20, 0x80,
    0x19, 0xc4, 0x20, 0x3, 0x78, 0x4e, 0x61, 0xc2,
    0x0, 0x21, 0x80, 0x81, 0x0, 0xc7, 0x88, 0x66,
    0x4c, 0x30,

    /* U+0026 "&" */
    0x0, 0xe7, 0xcf, 0xf6, 0xb8, 0x7, 0xff, 0x0,
    0x76, 0xc, 0x0, 0x51, 0x80, 0x1f, 0xf4, 0x10,
    0x36, 0x61, 0x40, 0xe0, 0x3, 0xfc, 0xc0, 0x92,
    0x66, 0xa2, 0x5, 0x0, 0xff, 0xe0, 0x18, 0x6,
    0x87, 0xa0, 0xf, 0xf1, 0x2, 0x0, 0x65, 0x87,
    0x0, 0xff, 0x50, 0x1b, 0x0, 0x7f, 0xf1, 0x1c,
    0x82, 0x50, 0x3, 0xff, 0x86, 0xa0, 0x15, 0xa0,
    0x7, 0xff, 0x6, 0xe8, 0x80, 0x42, 0xd0, 0x3,
    0x89, 0x98, 0x40, 0xb, 0x40, 0x6e, 0xc1, 0xb,
    0x40, 0xd, 0xd3, 0x4, 0xa, 0x80, 0xf2, 0x25,
    0x82, 0x16, 0x80, 0x6, 0x30, 0xb0, 0x7, 0x0,
    0xc0, 0x4, 0x58, 0x21, 0x6a, 0x30, 0x6, 0xa0,
    0x5, 0x4, 0x0, 0xe2, 0xc2, 0xa, 0xd1, 0xf,
    0x0, 0xff, 0xe0, 0x16, 0x10, 0x18, 0x39, 0x80,
    0x44, 0x8, 0x1, 0xf0, 0xc0, 0x5, 0xa0, 0x1a,
    0x80, 0x64, 0x3, 0xcd, 0x40, 0x15, 0x20, 0x4,
    0xc4, 0xd, 0x8c, 0x88, 0x7c, 0x90, 0x1b, 0x10,
    0xb3, 0x0, 0xb0, 0xc0, 0xe6, 0xed, 0x6, 0x9,
    0xe9, 0xa0, 0xd, 0x20, 0x0, 0xe5, 0x29, 0x0,
    0x9, 0xae, 0xc2, 0x7, 0x60, 0x38, 0x20,

    /* U+0027 "'" */
    0xb, 0xb2, 0x2, 0x20, 0x40, 0x40, 0x40, 0xc0,
    0x21, 0x7, 0x7, 0x1,

    /* U+0028 "(" */
    0x0, 0xe5, 0xff, 0x40, 0x6, 0x4a, 0x6, 0x80,
    0x8, 0x68, 0xe, 0x40, 0x35, 0x88, 0x70, 0x6,
    0x35, 0x8, 0x20, 0xd, 0x0, 0x2e, 0x1, 0x89,
    0x2, 0x40, 0x3a, 0x80, 0xc, 0x1, 0xca, 0x8,
    0x20, 0x18, 0x88, 0x1a, 0x1, 0xce, 0x0, 0x40,
    0xe, 0xc0, 0x12, 0x0, 0xe2, 0x2, 0x0, 0xf3,
    0x3, 0x0, 0x78, 0xc0, 0x80, 0x3c, 0x20, 0x1f,
    0xef, 0x0, 0xf0, 0x87, 0x80, 0x7e, 0x10, 0xf,
    0x10, 0x10, 0x7, 0x98, 0x18, 0x3, 0xda, 0x4,
    0x20, 0x1c, 0x60, 0x5, 0x0, 0xe4, 0x0, 0x68,
    0x7, 0x90, 0x1c, 0x3, 0xdc, 0x2, 0xa0, 0x1c,
    0xa2, 0x12, 0x1, 0xe9, 0x3, 0x40, 0xe, 0x71,
    0x9, 0x0, 0xf5, 0x1, 0x40, 0x7, 0x23, 0x3,
    0xa0, 0x7, 0x4a, 0x5, 0x90,

    /* U+0029 ")" */
    0xc, 0xfe, 0x20, 0xf, 0x69, 0xe, 0x8, 0x7,
    0xf, 0x80, 0xd0, 0x7, 0x8a, 0x41, 0x18, 0x3,
    0xcc, 0x61, 0x0, 0x1f, 0x78, 0xb, 0x80, 0x78,
    0xcc, 0x14, 0x1, 0xf4, 0x81, 0x20, 0x7, 0x94,
    0x1, 0xa0, 0x1f, 0x20, 0x20, 0x7, 0xd8, 0x4,
    0x20, 0x1e, 0x40, 0x2, 0x80, 0x78, 0x80, 0x4,
    0x1, 0xe1, 0x0, 0x70, 0x7, 0xc4, 0x2, 0x1,
    0xfc, 0x60, 0x1f, 0x8, 0x7, 0xf0, 0x80, 0x7f,
    0x18, 0x18, 0x7, 0xc2, 0x1c, 0x1, 0xe2, 0x0,
    0x10, 0x7, 0x9c, 0x0, 0xe0, 0x1e, 0xc0, 0x1,
    0x0, 0x79, 0xc1, 0x0, 0x3c, 0x62, 0x1a, 0x1,
    0xea, 0x0, 0x38, 0x7, 0xb, 0x2, 0x88, 0x7,
    0x40, 0x2, 0x0, 0x38, 0x98, 0x14, 0x80, 0x3b,
    0x80, 0x6c, 0x3, 0xa4, 0xc2, 0x84, 0x3, 0x33,
    0x2, 0x10, 0x3, 0x0,

    /* U+002A "*" */
    0x0, 0xc5, 0xfa, 0x1, 0xf8, 0xc1, 0x80, 0x3a,
    0xa8, 0x2, 0x4, 0x7, 0xa6, 0x2a, 0xad, 0x22,
    0xb, 0x61, 0x50, 0xf4, 0x1e, 0x93, 0x4a, 0x5c,
    0x80, 0xbe, 0x90, 0xb, 0xda, 0x0, 0x17, 0x30,
    0x2, 0x6f, 0xd0, 0x43, 0x46, 0xba, 0x9, 0x80,
    0xf6, 0x31, 0xa, 0x1, 0x23, 0xf5, 0x80, 0x77,
    0x0, 0x80, 0x80, 0xd0, 0x80, 0x63, 0x30, 0x80,
    0x60,

    /* U+002B "+" */
    0x0, 0xf3, 0x53, 0x80, 0x7f, 0xf0, 0x31, 0x6c,
    0x3, 0xff, 0xec, 0x26, 0x7c, 0x20, 0x3, 0x3e,
    0x28, 0xcc, 0xe4, 0x3, 0xcc, 0xe9, 0x0, 0xff,
    0xe1, 0xcf, 0xff, 0x28, 0x1f, 0xff, 0x58, 0x7,
    0xff, 0xfc,

    /* U+002C "," */
    0x0, 0xa2, 0xa, 0x0, 0x47, 0x70, 0x5, 0xa0,
    0x2a, 0x0, 0x40, 0x60, 0x0, 0x90, 0x48, 0x1,
    0xc1, 0x4, 0x1, 0x81, 0xe0, 0x12, 0x12, 0x0,
    0x0,

    /* U+002D "-" */
    0x13, 0x3f, 0xf1, 0x3e, 0x67, 0xfb, 0x80, 0x3f,
    0xf8, 0x0,

    /* U+002E "." */
    0x7, 0x60, 0x98, 0x97, 0x20, 0x7, 0x40, 0x95,
    0x80,

    /* U+002F "/" */
    0x0, 0xfd, 0xfe, 0x80, 0xf, 0x8c, 0x1, 0x80,
    0x1f, 0x20, 0x1, 0x40, 0x3e, 0xc0, 0x21, 0x0,
    0xf9, 0x1, 0x0, 0x3e, 0x30, 0x6, 0x0, 0x7c,
    0xa0, 0x4, 0x0, 0xfb, 0x0, 0x84, 0x3, 0xe4,
    0x7, 0x0, 0xf8, 0x84, 0x30, 0x3, 0xe4, 0x0,
    0x20, 0x7, 0xde, 0x2, 0x40, 0x1f, 0x20, 0x20,
    0x7, 0xc2, 0x41, 0x80, 0x1f, 0x20, 0x1, 0x40,
    0x3e, 0xc0, 0x1, 0x80, 0x7c, 0x80, 0x80, 0x1f,
    0x9, 0x6, 0x0, 0x7c, 0xa0, 0x4, 0x0, 0xfb,
    0x0, 0x6, 0x1, 0xf2, 0x1, 0x80, 0x7e, 0x30,
    0x40, 0xf, 0x8c, 0x1, 0x80, 0x1f, 0x20, 0x1,
    0x0, 0x3e, 0xc0, 0x30, 0xf, 0xc8, 0x8, 0x1,
    0xf1, 0x80, 0x34, 0x3, 0xe4, 0x0, 0x20, 0x7,
    0xda, 0x4, 0x20, 0x1f, 0x20, 0x20, 0x7, 0xc4,
    0x21, 0x80, 0x1f, 0x20, 0x1, 0x0, 0x3e,

    /* U+0030 "0" */
    0x0, 0xc9, 0x5b, 0xfd, 0x90, 0x20, 0x1e, 0x9b,
    0x52, 0x1, 0x37, 0xf4, 0x0, 0xce, 0xc0, 0x2f,
    0x30, 0x80, 0x34, 0x20, 0x1, 0x80, 0x2f, 0x86,
    0x7b, 0xa0, 0x18, 0x0, 0x30, 0x3, 0x84, 0x3,
    0x2a, 0x81, 0x80, 0x18, 0x6, 0x60, 0xf, 0x70,
    0x1, 0x1, 0x41, 0x0, 0x3e, 0x40, 0x1, 0x88,
    0x83, 0x80, 0x3f, 0x10, 0x69, 0x80, 0xc, 0x3,
    0xf0, 0x80, 0x88, 0x0, 0x20, 0x1f, 0x9c, 0x1d,
    0xc0, 0x1f, 0xfc, 0x27, 0x0, 0xff, 0xe1, 0x8,
    0x0, 0x40, 0x3f, 0x38, 0x39, 0x80, 0xc, 0x3,
    0xf1, 0x1, 0x8, 0x83, 0x80, 0x3f, 0x8, 0x70,
    0x28, 0x20, 0x7, 0xc8, 0x0, 0x30, 0xd0, 0x33,
    0x0, 0x7b, 0x80, 0x8, 0xe, 0x0, 0xe1, 0x0,
    0xca, 0xa0, 0x60, 0x0, 0xc0, 0x17, 0xc3, 0x3d,
    0xd0, 0xc, 0x0, 0x4e, 0xc0, 0x2f, 0x30, 0x80,
    0x34, 0x20, 0x1a, 0x6d, 0x44, 0x4, 0x9f, 0xd0,
    0x0,

    /* U+0031 "1" */
    0xff, 0xe5, 0x0, 0xf5, 0x4b, 0x80, 0x4a, 0xd8,
    0x1, 0xff, 0xff, 0x0, 0xff, 0xe9, 0x0,

    /* U+0032 "2" */
    0x0, 0x86, 0x37, 0xfd, 0xb2, 0x40, 0x1c, 0x9c,
    0xe4, 0x0, 0x26, 0xd6, 0x0, 0x8e, 0xc0, 0xf,
    0x76, 0x81, 0x9, 0x40, 0x7, 0x80, 0x36, 0x11,
    0xf, 0xe0, 0x9, 0x2, 0x30, 0x72, 0x0, 0xc2,
    0xe0, 0x42, 0xe0, 0xb, 0x0, 0xf6, 0x80, 0x14,
    0xd, 0xc, 0x3, 0xcc, 0x1, 0x2e, 0x58, 0x7,
    0xcc, 0x0, 0x60, 0xf, 0xf7, 0x80, 0x8, 0x3,
    0xf8, 0x94, 0x18, 0x3, 0xfd, 0x20, 0xb, 0x0,
    0xfe, 0x74, 0x8, 0x20, 0xf, 0xc9, 0x0, 0x6e,
    0x1, 0xf9, 0x2c, 0xb, 0x40, 0x3f, 0x25, 0x80,
    0xf8, 0x80, 0x7c, 0xb6, 0x3, 0x84, 0x1, 0xf3,
    0xd0, 0x17, 0x90, 0x7, 0xd3, 0x0, 0x98, 0x20,
    0x1e, 0x1b, 0x60, 0x38, 0x32, 0x2f, 0xa1, 0x0,
    0x7, 0x9b, 0xbf, 0x60, 0x7, 0xff, 0x8,

    /* U+0033 "3" */
    0x0, 0x86, 0x33, 0xfd, 0xd4, 0xa0, 0x1c, 0xdc,
    0xe6, 0x0, 0x15, 0xab, 0x0, 0x92, 0x40, 0xd,
    0x57, 0x24, 0x9, 0x40, 0x9, 0x0, 0x6c, 0xaa,
    0x36, 0xa0, 0x28, 0x91, 0x2, 0x8, 0x3, 0xa0,
    0x0, 0x81, 0x10, 0x60, 0xf, 0x10, 0x4, 0x4e,
    0xe1, 0x0, 0xf1, 0x0, 0x18, 0x3, 0xfd, 0xe0,
    0x66, 0x0, 0xe2, 0x34, 0x8e, 0x31, 0xe0, 0xf,
    0x66, 0x2d, 0xc5, 0xfc, 0x80, 0x3f, 0xe4, 0x50,
    0xf, 0xbb, 0xf6, 0x90, 0xed, 0x80, 0x3f, 0x12,
    0xdb, 0x84, 0x90, 0x7, 0xfa, 0x4, 0x28, 0x4,
    0x40, 0x1f, 0x94, 0xe, 0x3b, 0x80, 0x1f, 0xf6,
    0x80, 0x14, 0x3, 0xe5, 0x1, 0x51, 0xb, 0x20,
    0xe, 0x81, 0xf, 0xb, 0x1, 0xd8, 0x43, 0x5a,
    0x70, 0x35, 0x5, 0x90, 0x3, 0xde, 0x52, 0x81,
    0xe8, 0x4, 0xdc, 0xe6, 0x0, 0x14, 0x9c, 0x10,

    /* U+0034 "4" */
    0x0, 0xfe, 0x18, 0x88, 0x3, 0xff, 0x81, 0xae,
    0xf0, 0x7, 0xfc, 0xe6, 0x1, 0xff, 0xc1, 0x38,
    0x3, 0x0, 0xff, 0xe0, 0x70, 0x2d, 0x0, 0x7f,
    0xd2, 0x43, 0x60, 0x1f, 0xf2, 0xb0, 0x50, 0x80,
    0x7f, 0x86, 0xc1, 0x90, 0x3, 0xfe, 0xa1, 0x29,
    0x0, 0xff, 0x9d, 0x3, 0x80, 0x3f, 0xe3, 0x80,
    0x83, 0x0, 0xff, 0xb8, 0xd, 0xc0, 0x3f, 0xe9,
    0x20, 0xe0, 0xf, 0xf9, 0x58, 0x24, 0x80, 0x3f,
    0xe8, 0x0, 0x4f, 0xff, 0xa4, 0x1, 0xfe, 0xc3,
    0x0, 0xff, 0xe1, 0xed, 0xdf, 0xf2, 0x80, 0x2e,
    0xde, 0x68, 0x9f, 0xc4, 0x0, 0x44, 0x18, 0x7,
    0xff, 0x90,

    /* U+0035 "5" */
    0x8f, 0xff, 0xfa, 0x80, 0x3f, 0xf8, 0xa5, 0x77,
    0xfd, 0x20, 0x19, 0x13, 0xf8, 0xc0, 0x3f, 0xfc,
    0x69, 0x5d, 0xfd, 0x6a, 0x1, 0xe9, 0xb5, 0x10,
    0x14, 0xab, 0x0, 0xc4, 0xc2, 0xf5, 0x72, 0x60,
    0x96, 0x1, 0x8f, 0xe1, 0x51, 0xb1, 0x41, 0x11,
    0xe0, 0x3c, 0x20, 0x1d, 0x42, 0x1a, 0xff, 0xc4,
    0x1, 0xf2, 0x2, 0x80, 0x7f, 0xc4, 0x4, 0x1,
    0xff, 0xc1, 0x39, 0xa6, 0x0, 0xfc, 0x60, 0x26,
    0xb2, 0x1, 0xf0, 0xa0, 0x27, 0x0, 0x2c, 0x3,
    0xd4, 0x0, 0xa4, 0x50, 0x4e, 0x74, 0x43, 0x6a,
    0x3, 0x90, 0x52, 0x80, 0xc5, 0xda, 0x48, 0x1e,
    0x0, 0x2a, 0xc5, 0x20, 0x1, 0x36, 0x40, 0x0,

    /* U+0036 "6" */
    0x0, 0x85, 0xf3, 0xbf, 0xa8, 0xc0, 0x3c, 0x7f,
    0x6, 0x20, 0x2b, 0x90, 0x1, 0x87, 0x44, 0x51,
    0x79, 0x26, 0xe, 0xc0, 0x15, 0x89, 0x7b, 0xa1,
    0xb6, 0x20, 0x40, 0x0, 0x54, 0x38, 0x40, 0x3a,
    0x0, 0x4c, 0x1c, 0x8, 0xc0, 0x3c, 0x7d, 0xc3,
    0xf, 0x4, 0x0, 0xfc, 0x22, 0x0, 0x28, 0x78,
    0x14, 0xef, 0xf6, 0x30, 0x6, 0x10, 0x26, 0xd6,
    0x20, 0x13, 0x9c, 0x10, 0x1, 0x86, 0x48, 0xbd,
    0xe4, 0x98, 0x1e, 0x80, 0x4, 0x1c, 0xbe, 0x10,
    0xdb, 0x18, 0xd, 0x80, 0x40, 0x1e, 0x20, 0x1d,
    0x22, 0x1a, 0x1, 0x21, 0x0, 0x7c, 0xe0, 0x80,
    0x40, 0x40, 0x1f, 0xbc, 0x2, 0x60, 0xf, 0xfe,
    0x16, 0x82, 0x80, 0x7e, 0xe0, 0x10, 0x50, 0x33,
    0x0, 0x7c, 0xa0, 0x80, 0x48, 0x1c, 0x20, 0x1d,
    0x24, 0x1e, 0x0, 0x90, 0x2f, 0x74, 0x35, 0xb6,
    0x4, 0x50, 0x1, 0x58, 0xc, 0x5e, 0x52, 0x2,
    0x58, 0x6, 0x4e, 0x73, 0x0, 0xa, 0x55, 0x80,
    0x40,

    /* U+0037 "7" */
    0x1f, 0xff, 0xfe, 0x9, 0x80, 0x7f, 0xf0, 0xc6,
    0xef, 0xfc, 0xc0, 0x3, 0x4, 0x4f, 0xf2, 0x83,
    0x0, 0x7f, 0xc6, 0x60, 0xb0, 0xf, 0xfa, 0x40,
    0xc8, 0x3, 0xfc, 0x2a, 0x12, 0x1, 0xff, 0x30,
    0xa, 0x80, 0x7f, 0xd2, 0xc, 0x1, 0xff, 0x28,
    0x85, 0x0, 0x7f, 0xdc, 0x8, 0x40, 0x1f, 0xe2,
    0x40, 0xf0, 0xf, 0xfa, 0xc0, 0x50, 0x3, 0xfe,
    0x60, 0x90, 0xf, 0xf9, 0x80, 0xc, 0x1, 0xff,
    0x58, 0x28, 0x80, 0x7f, 0x90, 0x82, 0x40, 0x3f,
    0xee, 0x2, 0x30, 0xf, 0xf0, 0xa8, 0x58, 0x7,
    0xfd, 0x20, 0x6, 0x0, 0xff, 0x98, 0x18, 0x3,
    0xf0,

    /* U+0038 "8" */
    0x0, 0xcd, 0x7d, 0xfd, 0xb2, 0x60, 0x1e, 0x2d,
    0x94, 0x10, 0x12, 0x6c, 0x90, 0xe, 0xf2, 0x4,
    0xac, 0xb8, 0x20, 0x69, 0x0, 0x9c, 0x82, 0x6d,
    0x4d, 0x1f, 0x50, 0x18, 0x80, 0x18, 0x4, 0xc0,
    0x1e, 0x90, 0x2, 0x0, 0x1c, 0x1c, 0x3, 0xe2,
    0x0, 0x8, 0x1, 0x81, 0x80, 0x3e, 0x10, 0x1,
    0x80, 0x38, 0xd, 0x0, 0x3d, 0x60, 0x28, 0x0,
    0x46, 0xb, 0x93, 0x1, 0x4c, 0x50, 0xd0, 0xd,
    0x34, 0x2d, 0x9f, 0xd6, 0x69, 0xa6, 0x1, 0x8b,
    0x84, 0x3, 0xc9, 0x40, 0x18, 0xb1, 0x6, 0x37,
    0xfb, 0x14, 0x1e, 0xc0, 0x29, 0x12, 0xf7, 0x20,
    0x13, 0xaa, 0x2, 0x38, 0xa, 0x4, 0x8, 0x7,
    0x95, 0x2, 0x81, 0x40, 0xe, 0x1, 0xf8, 0xc0,
    0x81, 0xc0, 0x3f, 0xe1, 0x0, 0x88, 0x0, 0xa0,
    0x1f, 0x90, 0xc, 0x5, 0x2, 0xc, 0x3, 0xd0,
    0x41, 0x40, 0x9, 0x10, 0xc9, 0x53, 0x33, 0x63,
    0x81, 0xb0, 0x0, 0xb4, 0x81, 0xab, 0x31, 0x26,
    0xb, 0xa0, 0x18, 0xf6, 0x50, 0x40, 0x4, 0xd9,
    0x42, 0x0,

    /* U+0039 "9" */
    0x0, 0x96, 0xfb, 0xfb, 0x20, 0x40, 0x30, 0xdd,
    0x20, 0x80, 0x9b, 0xf2, 0x0, 0x54, 0x80, 0x75,
    0x97, 0x2, 0x16, 0x40, 0x88, 0x6, 0xc5, 0x34,
    0x7f, 0x20, 0x80, 0xe0, 0x19, 0x0, 0xe1, 0xe0,
    0x50, 0x70, 0x70, 0xf, 0x8c, 0x41, 0xc, 0x4,
    0x3, 0xf1, 0x1, 0x98, 0x4, 0x3, 0xf0, 0x86,
    0xb0, 0x20, 0x7, 0xc2, 0x40, 0x3a, 0x4, 0xc0,
    0x1e, 0xb0, 0x3, 0xb1, 0x4, 0xc8, 0x80, 0x9,
    0x6a, 0x20, 0x17, 0x88, 0x36, 0xff, 0xad, 0xd,
    0x80, 0x22, 0xf7, 0x10, 0x8, 0x63, 0x0, 0xe,
    0x0, 0x18, 0xee, 0x6f, 0x71, 0xc0, 0x40, 0x40,
    0x38, 0x48, 0x40, 0x22, 0xd, 0x3b, 0xb0, 0x80,
    0x7c, 0x80, 0x44, 0x44, 0x38, 0x7, 0x94, 0x0,
    0x82, 0x61, 0x2, 0x1, 0x86, 0xc1, 0x4, 0x3c,
    0x7, 0xdd, 0xd, 0xfc, 0x42, 0x40, 0x7, 0x40,
    0x31, 0x79, 0x2, 0x14, 0x40, 0x12, 0xeb, 0x10,
    0x0, 0x9b, 0x54, 0x0,

    /* U+003A ":" */
    0x3e, 0xd2, 0x81, 0x2b, 0x20, 0x7, 0x4c, 0x4b,
    0x83, 0xb0, 0x7, 0xff, 0x49, 0xd8, 0x26, 0x25,
    0xc8, 0x1, 0xd0, 0x25, 0x60,

    /* U+003B ";" */
    0x0, 0x3f, 0xd0, 0x5, 0x0, 0xa8, 0x0, 0x10,
    0x3, 0x0, 0x31, 0xec, 0x80, 0x5, 0x8, 0x1,
    0xff, 0xe1, 0x5c, 0xc2, 0x0, 0x3c, 0xc9, 0x0,
    0x8, 0xe, 0x0, 0x21, 0xb, 0x0, 0x20, 0x19,
    0x0, 0x34, 0x28, 0x2, 0x40, 0x60, 0x1, 0x83,
    0x0, 0x47, 0xd2, 0x1, 0x0,

    /* U+003C "<" */
    0x0, 0xf8, 0x8c, 0xc0, 0x1f, 0x4e, 0xe5, 0x0,
    0x7a, 0x58, 0x1a, 0x40, 0x3a, 0x98, 0x1e, 0x40,
    0x3a, 0x94, 0x1e, 0x0, 0x3a, 0x94, 0x22, 0x0,
    0x1d, 0x6a, 0x10, 0xe0, 0x1c, 0xa8, 0x6, 0xe0,
    0x1e, 0x57, 0x3, 0xa0, 0xf, 0xa2, 0x0, 0xb4,
    0x1, 0xf3, 0xc0, 0x2d, 0x80, 0x7c, 0xf0, 0x9,
    0x60, 0x1f, 0x3c, 0x2, 0x58, 0x7, 0xcf, 0x20,
    0x98, 0x0,

    /* U+003D "=" */
    0x3, 0x3f, 0xfe, 0x10, 0x96, 0x67, 0xff, 0x9,
    0xc0, 0x3f, 0xf8, 0x85, 0xff, 0xff, 0xc2, 0x60,
    0xf, 0xfe, 0xa9, 0x9f, 0xff, 0x8, 0x4b, 0x33,
    0xff, 0x84, 0xe0, 0x1f, 0xfc, 0x40,

    /* U+003E ">" */
    0x3, 0x31, 0x0, 0x7e, 0x9c, 0xd8, 0x0, 0xfa,
    0x94, 0x1e, 0x40, 0x3e, 0xa6, 0x6, 0x90, 0xf,
    0xa5, 0x81, 0xa8, 0x3, 0xe9, 0x70, 0x5a, 0x0,
    0xfa, 0x1c, 0x16, 0x80, 0x3e, 0x82, 0x5, 0x50,
    0x7, 0xac, 0x82, 0x14, 0x3, 0xad, 0x2, 0x1c,
    0x3, 0xad, 0x2, 0x1c, 0x3, 0xb1, 0x2, 0x5c,
    0x3, 0xb0, 0xc2, 0x58, 0x3, 0xe, 0x18, 0x4b,
    0x0, 0x70,

    /* U+003F "?" */
    0x0, 0xc, 0x6f, 0x7f, 0x51, 0x80, 0x64, 0xe7,
    0x21, 0x1, 0x5c, 0x80, 0x1, 0x58, 0x2, 0x2f,
    0x24, 0x81, 0xdc, 0x16, 0x0, 0xd7, 0x43, 0x6d,
    0x30, 0x80, 0x40, 0x62, 0x0, 0xe8, 0x0, 0x1c,
    0x4d, 0x80, 0x79, 0x80, 0xe, 0xac, 0x40, 0x1e,
    0x10, 0x3, 0x80, 0x7f, 0x48, 0x0, 0xc0, 0x3e,
    0x4b, 0x50, 0x70, 0xd, 0x5b, 0xaf, 0xb4, 0x6,
    0x80, 0xc, 0xc4, 0x40, 0x26, 0xc9, 0x0, 0xf9,
    0xbf, 0x64, 0xc0, 0x3f, 0x8, 0x7, 0xf9, 0x83,
    0xc0, 0x3f, 0xd5, 0xee, 0x1, 0xff, 0xcb, 0x48,
    0x20, 0xf, 0xe2, 0xb7, 0xf0, 0xf, 0xe6, 0x0,
    0x10, 0x7, 0xf2, 0x20, 0x20, 0x3, 0xe0,

    /* U+0040 "@" */
    0x0, 0xfe, 0x15, 0x9b, 0xcd, 0xca, 0x61, 0x0,
    0xff, 0xe0, 0x95, 0x75, 0x32, 0x19, 0x1a, 0xcf,
    0x48, 0x80, 0x7f, 0xa7, 0x54, 0x9e, 0xfb, 0xfd,
    0xd4, 0xc0, 0xde, 0x60, 0x1f, 0xe, 0xb0, 0xd6,
    0xc2, 0x8, 0x0, 0x56, 0x79, 0x7, 0xc, 0x3,
    0x87, 0xc9, 0x3d, 0x40, 0x3f, 0x86, 0xd4, 0x38,
    0x3, 0xb4, 0x56, 0xc4, 0x3, 0xff, 0x81, 0x44,
    0x46, 0x0, 0xa0, 0xcd, 0x40, 0x11, 0xd7, 0x7f,
    0x48, 0x3d, 0xb0, 0x2, 0xc2, 0x80, 0x4, 0xe1,
    0xc0, 0x13, 0x62, 0x88, 0xb, 0x5d, 0x90, 0x2,
    0x70, 0x31, 0xb, 0x6, 0x20, 0x3, 0x48, 0x2e,
    0xfe, 0xa2, 0xc, 0x8, 0x0, 0x24, 0x4, 0xc,
    0x16, 0x0, 0x29, 0x7, 0xa2, 0x2, 0xb2, 0x0,
    0x28, 0x4, 0x20, 0xea, 0x6, 0x40, 0xb, 0x2,
    0x80, 0xe, 0x50, 0x11, 0x0, 0x7b, 0x1, 0x0,
    0x27, 0xb, 0x0, 0xf7, 0x82, 0x80, 0x61, 0x6,
    0x50, 0xd0, 0x1, 0x88, 0x20, 0x7, 0xbc, 0x8,
    0x3, 0x10, 0x11, 0x1, 0x80, 0xe, 0x0, 0x20,
    0xf, 0x20, 0x78, 0x4, 0x60, 0x60, 0x20, 0x20,
    0x1, 0x0, 0x10, 0x7, 0x19, 0x81, 0x40, 0x2a,
    0xb, 0x0, 0xf3, 0x0, 0x14, 0x3, 0xf, 0x0,
    0x4, 0x0, 0x2c, 0xc, 0x2, 0xc, 0x0, 0x32,
    0x8, 0x62, 0x23, 0x79, 0x90, 0x20, 0x2, 0x82,
    0x44, 0x14, 0xc, 0x2, 0x90, 0x4, 0xee, 0xa4,
    0x36, 0xc2, 0x77, 0xd1, 0x98, 0x0, 0xc0, 0xb0,
    0x9, 0x31, 0x0, 0x5, 0x1c, 0x6c, 0xe2, 0x47,
    0x32, 0x0, 0x98, 0xd, 0x0, 0x23, 0xbf, 0xf6,
    0xb8, 0x5, 0x1d, 0xf8, 0xc0, 0x18, 0x58, 0x28,
    0x40, 0x3f, 0xf9, 0x32, 0x43, 0xe8, 0x1, 0xff,
    0xc9, 0xc3, 0x1b, 0xc6, 0x21, 0x0, 0x13, 0x62,
    0x80, 0x7f, 0xc3, 0x8e, 0x7, 0x3b, 0xdf, 0xed,
    0x93, 0x20, 0xf, 0xfe, 0xc, 0x7d, 0x31, 0x91,
    0xd, 0x63, 0x1c, 0x3, 0xf8,

    /* U+0041 "A" */
    0x0, 0xf8, 0xff, 0xe1, 0x0, 0xff, 0xe0, 0xd8,
    0x4, 0xc0, 0x1f, 0xfc, 0x16, 0x0, 0xac, 0x3,
    0xff, 0x80, 0x82, 0x8, 0x6, 0x40, 0x1f, 0xf6,
    0x80, 0xd0, 0x2, 0x80, 0x3f, 0xe7, 0x7, 0x14,
    0x5, 0x0, 0xff, 0x28, 0x85, 0x7, 0x1, 0x18,
    0x7, 0xf7, 0x81, 0x18, 0x28, 0x2, 0xc0, 0x3f,
    0x94, 0x14, 0x2, 0x50, 0x60, 0xf, 0xca, 0x0,
    0xa0, 0xb, 0x80, 0x50, 0x3, 0xee, 0x3, 0x20,
    0x9, 0x4, 0x34, 0x3, 0xc2, 0x81, 0x60, 0x1c,
    0xe0, 0xe0, 0x1e, 0x70, 0x3, 0x0, 0x75, 0x0,
    0xa8, 0x7, 0x50, 0x3, 0xbf, 0xfb, 0x0, 0x1e,
    0x1, 0x88, 0xc0, 0x3f, 0xe5, 0x0, 0xca, 0x0,
    0xdd, 0xfd, 0x60, 0x5, 0x0, 0xa8, 0x10, 0x8b,
    0xf2, 0x10, 0x70, 0x0, 0xc8, 0x34, 0x3, 0xf9,
    0x41, 0x4, 0x2c, 0x0, 0xe0, 0x1f, 0xd6, 0x0,
    0x70, 0x60, 0x31, 0x0, 0xfe, 0x31, 0xa,

    /* U+0042 "B" */
    0xdf, 0xff, 0xb6, 0x90, 0x3, 0xfe, 0x25, 0xba,
    0x0, 0xc9, 0xbb, 0xb2, 0x44, 0x16, 0x0, 0x31,
    0x16, 0x36, 0xe1, 0x7, 0x10, 0xf, 0xf4, 0x80,
    0x14, 0x3, 0xfc, 0x60, 0x1f, 0xfc, 0x13, 0x0,
    0x30, 0x7, 0xfa, 0x80, 0xc8, 0x2, 0x22, 0xc6,
    0xda, 0x43, 0xc0, 0x12, 0x6e, 0xec, 0x92, 0x5f,
    0x20, 0xf, 0xf9, 0x1c, 0x3, 0x27, 0xff, 0x63,
    0xc, 0xc0, 0x7, 0xf1, 0xcc, 0x81, 0xcc, 0x3,
    0xfc, 0xc2, 0x14, 0x1, 0xff, 0x10, 0x28, 0x7,
    0xfc, 0x40, 0xe0, 0x1f, 0xe6, 0x10, 0xc0, 0x8,
    0x8b, 0x1a, 0xdc, 0x80, 0xb8, 0x1, 0x37, 0x76,
    0x52, 0x1, 0x60, 0x7, 0xf0, 0xa4, 0xe9, 0x0,

    /* U+0043 "C" */
    0x0, 0xf3, 0x5f, 0x7f, 0xba, 0xd8, 0x40, 0x3f,
    0x2f, 0x4a, 0x8, 0x0, 0x52, 0x7d, 0x80, 0x3d,
    0x34, 0x20, 0x91, 0x54, 0x83, 0x1, 0x9a, 0x0,
    0xd0, 0xc0, 0x5b, 0x6e, 0xaa, 0x7c, 0xc0, 0x82,
    0xc8, 0x1, 0x1c, 0xf, 0x48, 0x3, 0xc7, 0xe2,
    0xc, 0x81, 0x0, 0x3a, 0x1, 0xfc, 0x36, 0x0,
    0xf3, 0x30, 0x30, 0x80, 0x7f, 0x97, 0xfd, 0x76,
    0x0, 0x50, 0x7, 0xff, 0xc, 0x80, 0x4, 0x1,
    0xff, 0xc3, 0x60, 0x20, 0xf, 0xfe, 0xbb, 0x81,
    0x0, 0x7f, 0xf1, 0xc, 0x0, 0x40, 0x1f, 0xfc,
    0x3b, 0x0, 0x50, 0x7, 0xff, 0xc, 0xc8, 0x18,
    0x40, 0x3f, 0xc9, 0xdc, 0xb0, 0x90, 0x1a, 0x0,
    0xfe, 0x1a, 0x11, 0x78, 0x23, 0x82, 0x61, 0x0,
    0x78, 0xf0, 0x41, 0x50, 0x1, 0xc, 0x7, 0xb6,
    0xea, 0xa7, 0xbc, 0x20, 0x4a, 0x0, 0xd3, 0x42,
    0x9, 0x15, 0x48, 0x40, 0x4, 0x58, 0x7, 0x97,
    0xa5, 0x4, 0x0, 0x29, 0x3c, 0xe0, 0x10,

    /* U+0044 "D" */
    0xdf, 0xff, 0x76, 0x4a, 0x0, 0x7f, 0xf0, 0x44,
    0xda, 0xf5, 0x0, 0x3c, 0x9b, 0xbb, 0x25, 0x40,
    0xae, 0x0, 0x3c, 0x45, 0x8d, 0xab, 0x4c, 0x1d,
    0xc0, 0x1f, 0xfc, 0x2, 0xc3, 0x8, 0x30, 0xf,
    0xfe, 0xf, 0x0, 0x20, 0x3, 0xff, 0x82, 0x4a,
    0x8, 0x20, 0x1f, 0xfc, 0x1f, 0x0, 0x20, 0x7,
    0xff, 0x5, 0xc0, 0x4, 0x1, 0xff, 0xc1, 0x20,
    0x7, 0x0, 0x7f, 0xf4, 0x84, 0x0, 0x20, 0x1f,
    0xfc, 0x14, 0x0, 0x68, 0x7, 0xff, 0x7, 0x0,
    0x8, 0x1, 0xff, 0xc0, 0x16, 0x4, 0x10, 0xf,
    0xfe, 0x6, 0x80, 0x3c, 0x3, 0xfe, 0x2c, 0x30,
    0x74, 0x0, 0xc4, 0x58, 0xda, 0xb4, 0xc1, 0xa0,
    0x3, 0x26, 0xee, 0xc9, 0x50, 0x1a, 0x90, 0xf,
    0xf0, 0x93, 0x57, 0x28, 0x6,

    /* U+0045 "E" */
    0xdf, 0xff, 0xea, 0x0, 0xff, 0xe0, 0xa6, 0xef,
    0xd6, 0x1, 0x11, 0x7c, 0x20, 0x1f, 0xfe, 0x32,
    0x2f, 0x80, 0x24, 0xdd, 0xf7, 0x80, 0x7f, 0xf0,
    0x93, 0xff, 0xda, 0x1, 0xff, 0xef, 0x22, 0xf8,
    0x40, 0x9, 0xbb, 0xf5, 0x80, 0x7f, 0xc0,

    /* U+0046 "F" */
    0xdf, 0xff, 0xf1, 0x80, 0x7f, 0xf0, 0x93, 0x77,
    0xf1, 0x80, 0x44, 0x5f, 0x80, 0x3f, 0xfd, 0x4,
    0x5e, 0x10, 0xc, 0x9b, 0xbe, 0x80, 0xf, 0xfe,
    0x22, 0x7f, 0xfa, 0x40, 0x3f, 0xff, 0xe0, 0x1f,
    0xfc, 0xb0,

    /* U+0047 "G" */
    0x0, 0xf3, 0x57, 0x7f, 0xba, 0xd8, 0x40, 0x3f,
    0x97, 0xa5, 0x44, 0x0, 0x29, 0x3c, 0xe0, 0x1f,
    0x4d, 0x8, 0x1b, 0xcc, 0x9c, 0xc0, 0x11, 0x60,
    0x1d, 0xc, 0x5, 0x98, 0x86, 0x64, 0x65, 0x88,
    0x25, 0x0, 0x48, 0xe0, 0x78, 0x60, 0x1e, 0x4f,
    0x10, 0x55, 0x0, 0x20, 0x1, 0xc2, 0x1, 0xf8,
    0x68, 0xcd, 0xe0, 0x66, 0x7, 0x20, 0xf, 0xf2,
    0x66, 0x28, 0x2c, 0x1, 0x40, 0x1f, 0xfc, 0x43,
    0x0, 0x10, 0x7, 0xff, 0x11, 0xc0, 0x80, 0x3d,
    0xdf, 0xff, 0xd2, 0x1, 0xff, 0xc8, 0x70, 0x20,
    0xf, 0x7e, 0xef, 0xa8, 0x0, 0x26, 0x0, 0x20,
    0xe, 0x12, 0x2f, 0x18, 0x3, 0x6c, 0x1, 0x40,
    0x1f, 0xfc, 0xd, 0x0, 0x21, 0x90, 0x39, 0x0,
    0x7f, 0x8d, 0x1, 0x84, 0x24, 0x1, 0xc2, 0x1,
    0xf8, 0x78, 0x1, 0x0, 0x4, 0x80, 0x3c, 0x30,
    0xf, 0x1f, 0x90, 0x58, 0x80, 0x4e, 0xe0, 0x2c,
    0xd8, 0x66, 0x46, 0x60, 0x42, 0x50, 0x3, 0xa2,
    0xc4, 0x9, 0xe6, 0x4e, 0x60, 0x58, 0xc0, 0x1f,
    0x27, 0x4a, 0x8, 0x0, 0x56, 0xb4, 0xc0, 0x30,

    /* U+0048 "H" */
    0xdf, 0xb0, 0xf, 0xe5, 0xff, 0x18, 0x7, 0xff,
    0xfc, 0x3, 0xff, 0xb8, 0x45, 0xfe, 0x0, 0xe4,
    0xdd, 0xfe, 0x80, 0xf, 0xfe, 0x4a, 0x7f, 0xff,
    0x50, 0x7, 0xff, 0xfc, 0x3, 0xff, 0xd8,

    /* U+0049 "I" */
    0xdf, 0xb0, 0xf, 0xff, 0x68,

    /* U+004A "J" */
    0x0, 0xfd, 0x3f, 0xe0, 0xf, 0xff, 0xf8, 0x7,
    0xff, 0xe1, 0xe5, 0xc0, 0x3f, 0x5b, 0x50, 0x7,
    0x10, 0xa, 0x1, 0x28, 0x4, 0x48, 0xb, 0x40,
    0xa, 0x85, 0x7c, 0x0, 0x79, 0x50, 0x1, 0xea,
    0x4, 0x21, 0x1, 0x71, 0x44, 0x5, 0x2d, 0xc0,

    /* U+004B "K" */
    0xdf, 0xb0, 0xf, 0xab, 0xfd, 0x0, 0x1f, 0xe8,
    0x50, 0x58, 0x0, 0xfe, 0x67, 0x4, 0xa0, 0xf,
    0xe4, 0x90, 0x2a, 0x0, 0xfe, 0x3b, 0x1, 0xc1,
    0x0, 0xfc, 0x3a, 0x0, 0xc1, 0x0, 0xfe, 0xc1,
    0xb, 0x20, 0xf, 0xeb, 0x20, 0xa4, 0x0, 0xfe,
    0xa4, 0x8, 0x50, 0xf, 0xe4, 0x50, 0x67, 0x0,
    0xff, 0xe6, 0xa2, 0x1, 0x9c, 0x3, 0xfe, 0xb2,
    0x8, 0x50, 0xf, 0xfb, 0x4, 0x29, 0x0, 0x3f,
    0xc3, 0x82, 0x16, 0x60, 0x1f, 0xe2, 0xa0, 0x6,
    0x90, 0x7, 0xf9, 0x28, 0x7, 0xc4, 0x3, 0xfc,
    0xb0, 0x5, 0xa0, 0x1f, 0xf3, 0xb0, 0x1d, 0x80,
    0x7f, 0xd2, 0x80, 0x94, 0x0,

    /* U+004C "L" */
    0xdf, 0xb0, 0xf, 0xff, 0xf8, 0x7, 0xff, 0xfc,
    0x3, 0xff, 0x90, 0x45, 0xe1, 0x0, 0x26, 0xef,
    0xa4, 0x3, 0xfc,

    /* U+004D "M" */
    0xdf, 0xf1, 0x0, 0x7f, 0xf0, 0x7b, 0xfc, 0x1,
    0x50, 0x7, 0xff, 0x1, 0x84, 0x3, 0x9c, 0x3,
    0xff, 0x81, 0x60, 0x1f, 0x30, 0x7, 0xf9, 0x8,
    0x3, 0xeb, 0x0, 0xff, 0x78, 0x7, 0x88, 0x9,
    0x0, 0x3f, 0x12, 0x1, 0x0, 0x66, 0x50, 0xf0,
    0xf, 0xd6, 0x6, 0x80, 0x1d, 0x20, 0x84, 0x1,
    0xe1, 0x60, 0x90, 0xf, 0x19, 0x82, 0xc0, 0x3c,
    0xc0, 0x2a, 0x1, 0xf5, 0x3, 0x8, 0x7, 0x48,
    0x30, 0x7, 0xe6, 0x10, 0x60, 0xc, 0xa2, 0x12,
    0x1, 0xfc, 0xc1, 0x40, 0x1a, 0x41, 0x44, 0x3,
    0xfa, 0x40, 0x94, 0x0, 0x66, 0x9, 0x0, 0xff,
    0xa, 0x87, 0x0, 0x28, 0xc, 0xc0, 0x1f, 0xf4,
    0x82, 0x10, 0xb0, 0x48, 0x7, 0xff, 0x0, 0xcc,
    0x16, 0xc0, 0x2a, 0x1, 0xff, 0xc1, 0x90, 0x69,
    0x9, 0x0, 0xff, 0xe1, 0x28, 0x80, 0x83, 0x0,
    0x7f, 0xf0, 0xe4, 0x0, 0xc2, 0x1, 0xff, 0xc3,
    0x60, 0x5, 0x80, 0x7e,

    /* U+004E "N" */
    0xdf, 0xe1, 0x0, 0xfe, 0xff, 0x40, 0x0, 0x6c,
    0x3, 0xff, 0x86, 0xaa, 0x0, 0xff, 0xe1, 0xd8,
    0x80, 0x7f, 0xf0, 0xc, 0x45, 0x0, 0x1f, 0xfc,
    0x7, 0x80, 0x64, 0x0, 0xff, 0xe0, 0x32, 0x4,
    0x80, 0x7f, 0xf0, 0x64, 0xa, 0x0, 0x3f, 0xf8,
    0x5, 0x0, 0xe6, 0x1, 0xff, 0xc0, 0x73, 0xe,
    0x0, 0xff, 0xe0, 0xf8, 0x13, 0x80, 0x7f, 0xf0,
    0xd, 0xc2, 0x8, 0x3, 0xff, 0x81, 0x4, 0x1c,
    0x1, 0xff, 0xc1, 0xe0, 0x36, 0x0, 0xff, 0xe0,
    0x1b, 0x4, 0x90, 0x7, 0xff, 0x2, 0x44, 0x38,
    0x3, 0xff, 0x83, 0x40, 0x60, 0x1f, 0xfc, 0x14,
    0x50, 0xf, 0xfe, 0x1d, 0x88, 0x7, 0xff, 0x8,
    0x6c, 0x2,

    /* U+004F "O" */
    0x0, 0xf3, 0x57, 0x7f, 0xba, 0xd8, 0x3, 0xfc,
    0xbd, 0x2a, 0x20, 0x1, 0x49, 0xe6, 0x0, 0xfa,
    0x68, 0x41, 0x22, 0xa9, 0x8, 0x3, 0x32, 0x0,
    0xe8, 0x60, 0x2d, 0xb7, 0x55, 0x3d, 0xe9, 0x83,
    0x48, 0x4, 0x8e, 0x7, 0xa4, 0x1, 0xe2, 0xc4,
    0x6, 0x40, 0x4, 0x80, 0xe8, 0x7, 0xfa, 0x84,
    0x24, 0xc, 0x81, 0x84, 0x3, 0xfc, 0x2c, 0x4,
    0x76, 0x0, 0xa0, 0xf, 0xfe, 0x5, 0x0, 0x2c,
    0xc0, 0x4, 0x1, 0xff, 0xc0, 0x20, 0x1, 0x38,
    0x10, 0x7, 0xff, 0x8, 0x81, 0x80, 0x3f, 0xf9,
    0xe, 0x4, 0x1, 0xff, 0xc2, 0x20, 0x63, 0x0,
    0x10, 0x7, 0xff, 0x0, 0x80, 0x5, 0x60, 0xa,
    0x0, 0xff, 0xe0, 0x50, 0x2, 0xcc, 0x81, 0x84,
    0x3, 0xfc, 0x2c, 0x4, 0x61, 0x20, 0x3a, 0x1,
    0xfe, 0xa1, 0x9, 0x0, 0x23, 0x81, 0xe1, 0x0,
    0x78, 0xb1, 0x1, 0xd0, 0x2, 0x86, 0x3, 0xdb,
    0x75, 0x53, 0xde, 0x98, 0x34, 0x0, 0x74, 0xc8,
    0x41, 0x22, 0xa9, 0x8, 0x3, 0x52, 0x1, 0xf3,
    0x74, 0xa0, 0x80, 0x5, 0x27, 0x94, 0x3, 0x0,

    /* U+0050 "P" */
    0xdf, 0xff, 0x76, 0x40, 0x80, 0x7f, 0x84, 0xdf,
    0xd0, 0x3, 0x26, 0xee, 0xb7, 0x1, 0xb2, 0x0,
    0xc4, 0x59, 0x23, 0x0, 0x12, 0x1, 0xfe, 0x35,
    0x4, 0x0, 0xff, 0xb4, 0x0, 0x40, 0x1f, 0xfc,
    0xcd, 0x0, 0x10, 0x7, 0xf1, 0x28, 0x20, 0x6,
    0x22, 0xc6, 0xfa, 0x0, 0x90, 0x9, 0x37, 0x76,
    0x40, 0x2, 0xc8, 0x3, 0xf0, 0x9b, 0xf2, 0x0,
    0x64, 0xff, 0xdd, 0x90, 0x20, 0x1f, 0xff, 0xf0,
    0xf, 0xfe, 0x70,

    /* U+0051 "Q" */
    0x0, 0xf3, 0x57, 0x7f, 0xba, 0xd8, 0x3, 0xfe,
    0x5e, 0x95, 0x10, 0x0, 0xa4, 0xf3, 0x0, 0x7e,
    0x9a, 0x10, 0x48, 0xaa, 0x42, 0x0, 0xcc, 0x80,
    0x3d, 0xc, 0x5, 0xb6, 0xea, 0xa7, 0xbd, 0x30,
    0x69, 0x0, 0xc8, 0xe0, 0x7a, 0x40, 0x1e, 0x2c,
    0x40, 0x64, 0x0, 0xa4, 0x7, 0x40, 0x3f, 0xd4,
    0x21, 0x20, 0x3, 0x20, 0x61, 0x0, 0xff, 0xb,
    0x1, 0x18, 0x58, 0x2, 0x80, 0x3f, 0xf8, 0x14,
    0x0, 0xb0, 0x30, 0x1, 0x0, 0x7f, 0xf0, 0x8,
    0x0, 0x60, 0xe0, 0x40, 0x1f, 0xfc, 0x22, 0x7,
    0x0, 0xff, 0xe5, 0x38, 0x10, 0x7, 0xff, 0x8,
    0x81, 0x80, 0xc0, 0x4, 0x1, 0xff, 0xc0, 0x20,
    0x1, 0x5, 0x80, 0x28, 0x3, 0xff, 0x81, 0x40,
    0xb, 0x3, 0x20, 0x61, 0x0, 0xff, 0xb, 0x1,
    0x98, 0x1, 0x20, 0x3a, 0x1, 0xfe, 0xa1, 0xf,
    0x0, 0x91, 0xc0, 0xf0, 0x80, 0x3c, 0x58, 0x81,
    0x6, 0x1, 0xa1, 0x80, 0xf6, 0xdd, 0x54, 0xf7,
    0xa6, 0xe, 0xe0, 0xf, 0x4c, 0x84, 0x12, 0x2a,
    0x90, 0x80, 0x8, 0x80, 0x7, 0xe6, 0xe9, 0x41,
    0x0, 0xa, 0x80, 0x24, 0xc0, 0x3f, 0xcd, 0x7d,
    0xfe, 0xea, 0xc0, 0x1d, 0x30, 0xf, 0xfe, 0x21,
    0xe0, 0xe, 0x98, 0x7, 0xff, 0x10, 0xf0, 0x7,
    0x48, 0x3, 0xff, 0x88, 0x78, 0xec, 0x80,

    /* U+0052 "R" */
    0xdf, 0xff, 0x76, 0x38, 0x80, 0x7f, 0x84, 0xe3,
    0xd0, 0x3, 0x26, 0xee, 0xc7, 0x1, 0xb2, 0x0,
    0xc4, 0x58, 0xe3, 0x0, 0x12, 0x1, 0xfe, 0x35,
    0x4, 0x0, 0xff, 0xb4, 0x0, 0x40, 0x1f, 0xfc,
    0x11, 0x0, 0xff, 0x68, 0x0, 0xc0, 0x3f, 0x8d,
    0x41, 0x0, 0x30, 0x8e, 0x37, 0xc0, 0x4, 0x0,
    0x49, 0xdd, 0xb2, 0x0, 0x16, 0x60, 0x1f, 0xc2,
    0xfc, 0x80, 0x19, 0x3f, 0xe1, 0x0, 0x48, 0x80,
    0x7f, 0x58, 0xc, 0x0, 0x7f, 0x94, 0xc1, 0x8c,
    0x3, 0xfd, 0xe0, 0xf, 0x0, 0xff, 0x1b, 0x1,
    0xb0, 0x7, 0xfa, 0x4, 0x20, 0x40, 0x3f, 0x86,
    0x40, 0x60, 0x3, 0xfc, 0xe4, 0xc, 0x60,

    /* U+0053 "S" */
    0x0, 0x8a, 0x37, 0xbf, 0xa9, 0x0, 0x39, 0xf5,
    0xc8, 0x40, 0x56, 0xec, 0x1, 0x34, 0x0, 0xc5,
    0xd3, 0x88, 0x25, 0x80, 0x20, 0x7, 0xdd, 0x16,
    0x3c, 0x81, 0xc, 0x84, 0x24, 0x40, 0x30, 0xc0,
    0x2, 0xd8, 0x0, 0x40, 0x1e, 0x5f, 0xf4, 0x30,
    0x3, 0x0, 0x3f, 0xc4, 0x40, 0x66, 0x0, 0x7f,
    0xa4, 0x1, 0x3a, 0xe6, 0x1, 0xf2, 0x61, 0x1,
    0x46, 0x74, 0x98, 0x7, 0x1e, 0xe3, 0x90, 0xb,
    0x65, 0x88, 0x7, 0x1c, 0x6e, 0xa0, 0x81, 0x30,
    0x3, 0xf1, 0x3e, 0xa8, 0x13, 0x80, 0x7f, 0xa8,
    0x43, 0x9, 0xdc, 0x40, 0x1f, 0x10, 0x3b, 0x44,
    0x2c, 0x3, 0xe2, 0x7, 0x41, 0x6, 0x30, 0xe,
    0x71, 0xe, 0x8, 0x0, 0x64, 0xaa, 0x35, 0xc0,
    0x1a, 0x83, 0x48, 0x1, 0xaa, 0xe5, 0x0, 0xf4,
    0x2, 0x6e, 0x73, 0x10, 0x14, 0xac, 0x10,

    /* U+0054 "T" */
    0xf, 0xff, 0xfe, 0x9, 0x0, 0x7f, 0xf1, 0x37,
    0x79, 0x0, 0xb7, 0x78, 0x80, 0x8b, 0x80, 0x22,
    0x2e, 0x0, 0xff, 0xff, 0x80, 0x7f, 0xff, 0xc0,
    0x3f, 0xff, 0xe0, 0x1f, 0xfc, 0x40,

    /* U+0055 "U" */
    0xef, 0xa0, 0xf, 0xec, 0xfc, 0x0, 0xff, 0xff,
    0x80, 0x7f, 0xff, 0xc0, 0x3f, 0xfa, 0x44, 0x2,
    0x1, 0xfc, 0x20, 0xee, 0x5, 0x0, 0xfe, 0x20,
    0x2d, 0x1, 0x40, 0xf, 0x98, 0x1, 0xac, 0x21,
    0x44, 0x1, 0xc7, 0x20, 0x48, 0x14, 0x3, 0xb4,
    0xca, 0xd5, 0x80, 0xe, 0x0, 0x25, 0x8, 0x2c,
    0xd4, 0xa8, 0xe, 0x18, 0x4, 0xbf, 0x6, 0x20,
    0x29, 0x3c, 0x60, 0x0,

    /* U+0056 "V" */
    0x3f, 0xf4, 0x0, 0x7f, 0xd3, 0xfe, 0x13, 0x20,
    0x50, 0xf, 0xf9, 0xc1, 0x4, 0x28, 0x8, 0xc0,
    0x3f, 0x90, 0x43, 0x80, 0xc, 0x0, 0xa0, 0xf,
    0xee, 0x0, 0x28, 0x0, 0x50, 0x1c, 0x3, 0xf9,
    0x41, 0x80, 0x37, 0x0, 0xa0, 0x7, 0xca, 0x0,
    0xd0, 0xc, 0xa0, 0xe, 0x0, 0xfb, 0x80, 0x50,
    0x3, 0x94, 0x14, 0x3, 0xc2, 0x80, 0xc0, 0x1e,
    0xe0, 0x2, 0x80, 0x73, 0x80, 0x28, 0x3, 0xc8,
    0x21, 0xc0, 0x1d, 0x40, 0x64, 0x1, 0xf3, 0x2,
    0x8, 0x4, 0x46, 0x14, 0x1, 0xfa, 0x80, 0xe,
    0x1, 0x28, 0x1, 0xc0, 0x3f, 0x11, 0x85, 0x0,
    0x54, 0xa, 0x20, 0x1f, 0xd4, 0x6, 0x40, 0x64,
    0x1e, 0x1, 0xfe, 0x70, 0x2, 0x85, 0x80, 0xa8,
    0x7, 0xf8, 0x54, 0x28, 0x18, 0x1c, 0x3, 0xff,
    0x81, 0xc0, 0x4e, 0x21, 0x40, 0x1f, 0xfc, 0x4,
    0x10, 0x80, 0x23, 0x0, 0xff, 0xe0, 0xb8, 0x5,
    0x40, 0x1f, 0xfc, 0x2a, 0x0, 0x98, 0x3, 0xe0,

    /* U+0057 "W" */
    0x3f, 0xf3, 0x80, 0x7e, 0xdf, 0xf2, 0x0, 0x7c,
    0x7f, 0xe8, 0x31, 0xc, 0x0, 0xf8, 0x48, 0x1,
    0xa0, 0x1f, 0x20, 0x3, 0x1, 0x1, 0x0, 0x3e,
    0x70, 0x9, 0x0, 0x3e, 0xc0, 0x2, 0x6, 0x0,
    0xc, 0x3, 0xd8, 0x1, 0x10, 0x80, 0x79, 0x1,
    0x0, 0x8, 0x0, 0x40, 0xf, 0x20, 0x28, 0x1,
    0x0, 0x38, 0xc0, 0x1a, 0x0, 0x22, 0x6, 0x0,
    0x71, 0x88, 0x40, 0x87, 0x80, 0x72, 0x0, 0x10,
    0x2, 0x40, 0x40, 0xe, 0x40, 0x12, 0x40, 0x40,
    0xe, 0xc0, 0x22, 0x0, 0x58, 0x0, 0x30, 0xd,
    0x60, 0xe1, 0xe0, 0x24, 0x1, 0x90, 0x10, 0x3,
    0x28, 0x1, 0x0, 0x31, 0x86, 0x82, 0x0, 0x10,
    0x2, 0x30, 0x6, 0x80, 0x71, 0x86, 0x0, 0x4a,
    0x0, 0x40, 0x13, 0xd, 0x0, 0x90, 0x0, 0x80,
    0x1d, 0x60, 0x80, 0x16, 0x2, 0x0, 0x48, 0x8,
    0x1, 0x60, 0x20, 0x7, 0x90, 0x0, 0x60, 0x7,
    0xd, 0x0, 0xac, 0x0, 0x60, 0x4, 0xd, 0x0,
    0xf1, 0x88, 0x20, 0x10, 0x82, 0x0, 0x46, 0x20,
    0x80, 0x60, 0x4, 0x0, 0xf9, 0x3, 0x1, 0x0,
    0x88, 0x1, 0x90, 0x2c, 0x10, 0x8, 0x80, 0x1f,
    0x60, 0x20, 0x68, 0x28, 0x7, 0x60, 0x18, 0x60,
    0x20, 0x7, 0xe7, 0x0, 0x22, 0x3, 0x0, 0x39,
    0xc0, 0x8, 0x80, 0xd0, 0xf, 0xc2, 0x41, 0x0,
    0x4, 0x0, 0xe1, 0x20, 0x80, 0x2, 0x0, 0x7f,
    0x20, 0x18, 0x28, 0x7, 0xca, 0x6, 0x8, 0x1,
    0xfe, 0xd0, 0xb, 0xc0, 0x3e, 0xc0, 0xb, 0x0,
    0x3f, 0xc8, 0x1, 0x20, 0x7, 0xc8, 0x1, 0x28,
    0x7, 0x0,

    /* U+0058 "X" */
    0x7f, 0xf3, 0x0, 0x7c, 0x3d, 0xfa, 0xe, 0x41,
    0x2, 0x1, 0xe8, 0x10, 0x90, 0x7, 0x0, 0xc0,
    0x7, 0x13, 0x2, 0xa0, 0x0, 0xd4, 0x18, 0xc0,
    0x34, 0x80, 0x2c, 0x3, 0x58, 0x3, 0xc0, 0x24,
    0x40, 0x40, 0x80, 0x61, 0x80, 0x36, 0x0, 0x48,
    0x13, 0x80, 0x79, 0xc8, 0x20, 0x58, 0x82, 0x40,
    0x3f, 0x48, 0xd, 0xc0, 0x2a, 0x0, 0x7e, 0x45,
    0x5, 0x10, 0xb0, 0xf, 0xf5, 0x80, 0x50, 0x20,
    0x1f, 0xfc, 0x21, 0x0, 0xff, 0xac, 0x2, 0x91,
    0x0, 0xfe, 0x35, 0x6, 0x0, 0x58, 0x7, 0xf7,
    0x1, 0xca, 0x82, 0x98, 0x7, 0xcc, 0x41, 0xe1,
    0x60, 0xe, 0x0, 0xf0, 0xc8, 0x29, 0x80, 0xc0,
    0x13, 0x0, 0x75, 0x80, 0x20, 0x2, 0x72, 0x9,
    0x10, 0x8, 0xd4, 0x1c, 0x80, 0x34, 0x80, 0x2c,
    0x2, 0xf0, 0x18, 0x0, 0xe4, 0x50, 0x53, 0x6,
    0x30, 0x80, 0xf, 0xac, 0x1, 0xe0,

    /* U+0059 "Y" */
    0x3f, 0xf4, 0x80, 0x7e, 0x4f, 0xf4, 0x1a, 0x3,
    0x8, 0x7, 0xde, 0x0, 0x90, 0x80, 0x4, 0x80,
    0x78, 0xd0, 0x1c, 0x40, 0xd4, 0x1c, 0x40, 0x3a,
    0x40, 0x12, 0x1, 0x40, 0x1, 0x80, 0x31, 0x28,
    0x38, 0x80, 0x44, 0xa1, 0x20, 0x1a, 0x0, 0x12,
    0x1, 0xd0, 0x2, 0xe0, 0x1, 0x50, 0x71, 0x0,
    0xe2, 0x60, 0x90, 0x4, 0x0, 0xc0, 0x7, 0xd6,
    0x2, 0xc2, 0xc1, 0x20, 0x1f, 0x89, 0x82, 0xe4,
    0x5, 0xc0, 0x3f, 0xa0, 0x9, 0xc2, 0x40, 0x3f,
    0xc2, 0xc0, 0x1, 0x70, 0xf, 0xfa, 0xc0, 0xc,
    0x1, 0xff, 0xc0, 0x30, 0x7, 0x80, 0x7f, 0xff,
    0xc0, 0x3f, 0xf9, 0xe0,

    /* U+005A "Z" */
    0x9f, 0xff, 0xfb, 0x0, 0x3f, 0xf8, 0x37, 0x7f,
    0xcc, 0x0, 0x42, 0x44, 0xf9, 0x5c, 0x6, 0x0,
    0x3f, 0x40, 0x85, 0x80, 0x7e, 0x36, 0x4, 0x50,
    0xf, 0xde, 0x0, 0x90, 0xf, 0xcc, 0x60, 0xe4,
    0x1, 0xf0, 0xc0, 0x14, 0x0, 0x7e, 0x81, 0x9,
    0x0, 0xfc, 0x6c, 0xa, 0x80, 0x1f, 0xbc, 0x1,
    0x60, 0x1f, 0x98, 0xc2, 0x4, 0x3, 0xe1, 0x90,
    0x27, 0x0, 0xfd, 0x60, 0x9, 0x0, 0xfc, 0x6a,
    0xa, 0x80, 0x1f, 0xb8, 0x1, 0x60, 0x1f, 0x9c,
    0x81, 0x54, 0x89, 0xf1, 0xe0, 0x1, 0x6e, 0xff,
    0x70, 0x7, 0xff, 0x4,

    /* U+005B "[" */
    0x2, 0x2c, 0x29, 0xbb, 0xc0, 0x1f, 0xdd, 0xf8,
    0x1, 0xff, 0xff, 0x0, 0xff, 0xff, 0x80, 0x7f,
    0x29, 0x90, 0x5, 0x79, 0xc0, 0x1e,

    /* U+005C "\\" */
    0x3f, 0xf2, 0x80, 0x7e, 0x31, 0xc, 0x0, 0xfe,
    0x40, 0x40, 0xf, 0xef, 0x2, 0x20, 0x7, 0xe4,
    0x0, 0x20, 0x7, 0xe1, 0x20, 0xd0, 0xf, 0xe5,
    0x4, 0x0, 0xfe, 0xc0, 0x1, 0x80, 0x7e, 0x40,
    0x5, 0x80, 0x7f, 0x20, 0x20, 0x7, 0xf6, 0x1,
    0x88, 0x7, 0xe5, 0x0, 0x20, 0x7, 0xe2, 0x10,
    0xc0, 0xf, 0xe4, 0x7, 0x0, 0xfe, 0xf0, 0x12,
    0x0, 0xfc, 0x80, 0x4, 0x0, 0xfc, 0x26, 0x1a,
    0x1, 0xfc, 0x80, 0x80, 0x1f, 0xd8, 0x0, 0x40,
    0xf, 0xc8, 0x0, 0xc0, 0xf, 0xe4, 0x4, 0x0,
    0xfe, 0xc0, 0x31, 0x0, 0xfc, 0xa0, 0x4, 0x0,
    0xfc, 0x42, 0x18, 0x1, 0xfc, 0xe0, 0xe0, 0x1f,
    0xd8, 0x2, 0x40, 0x1f, 0x90, 0x0, 0xa0, 0x1f,
    0x84, 0xc3, 0x0, 0x3f, 0x90, 0x10, 0x3, 0xfb,
    0x0, 0x8, 0x1, 0xf9, 0x0, 0x18, 0x1, 0xfc,
    0x80, 0xa0,

    /* U+005D "]" */
    0x22, 0xe0, 0xcd, 0xdc, 0x40, 0x1e, 0xef, 0xb0,
    0xf, 0xff, 0xf8, 0x7, 0xff, 0xfc, 0x3, 0xf8,
    0x8c, 0x80, 0x2c, 0xc4, 0x80, 0x7f, 0x0,

    /* U+005E "^" */
    0x0, 0xf4, 0xff, 0x8c, 0x3, 0xfe, 0x16, 0x0,
    0x48, 0x7, 0xfc, 0xc0, 0x12, 0x88, 0x7, 0xfa,
    0x40, 0xc0, 0x12, 0x1, 0xfc, 0xa2, 0x10, 0xc0,
    0xc0, 0x1f, 0xd2, 0x4, 0x96, 0x2, 0xc0, 0x1f,
    0x19, 0x82, 0xc0, 0x90, 0x2c, 0x3, 0xe9, 0x1,
    0x60, 0x7, 0x81, 0x20, 0x7, 0x12, 0x83, 0x0,
    0x48, 0x41, 0xe0, 0x1d, 0x40, 0x9, 0x0, 0xd4,
    0x8, 0x40, 0x19, 0xc1, 0x44, 0x3, 0x38, 0x2,
    0xc0, 0x26, 0x0, 0x48, 0x7, 0x98, 0x18, 0x40,
    0x16, 0x6, 0x60, 0xf, 0x58, 0x2, 0x41, 0x48,
    0x24, 0x3, 0xe2, 0x40, 0x60, 0x90, 0x15, 0x0,
    0xfd, 0xe0, 0x2c,

    /* U+005F "_" */
    0x6, 0x6f, 0xfe, 0x12, 0x8c, 0xcf, 0xff, 0xa,
    0x0, 0x3f, 0xf8, 0x80,

    /* U+0060 "`" */
    0x20, 0xf, 0x56, 0x98, 0x6, 0xf2, 0xca, 0x10,
    0x3, 0xd0, 0xaf, 0x38, 0x1, 0x7a, 0x2, 0x18,
    0x2, 0x7e, 0x60, 0xe, 0x19, 0x60,

    /* U+0061 "a" */
    0x0, 0xc9, 0x7b, 0xfd, 0x68, 0x0, 0xcf, 0xc0,
    0x0, 0xe5, 0xa1, 0x0, 0xa5, 0xd8, 0x40, 0x3b,
    0xc, 0x5, 0xea, 0x8e, 0x29, 0x40, 0x1a, 0x88,
    0x17, 0xa1, 0x55, 0x1c, 0xa8, 0x60, 0x1, 0x50,
    0x3a, 0x0, 0xf5, 0x18, 0x4, 0xc0, 0x8, 0x0,
    0xfd, 0x0, 0x16, 0x80, 0x10, 0x3, 0xf2, 0x0,
    0x4c, 0x4, 0x1, 0xfe, 0x20, 0x3, 0x80, 0x7f,
    0xf0, 0xc4, 0x8, 0x3, 0xfc, 0x40, 0xc, 0x0,
    0x20, 0x7, 0xe4, 0x0, 0x9c, 0x1, 0x20, 0x1f,
    0xa4, 0x2, 0x16, 0x2, 0xb0, 0xf, 0x59, 0x0,
    0x69, 0x20, 0x4e, 0x85, 0x68, 0xe4, 0x53, 0x0,
    0xd8, 0x60, 0x2f, 0x52, 0xe2, 0xb4, 0x1, 0xc3,
    0x94, 0x82, 0x2, 0xb7, 0x40, 0x18,

    /* U+0062 "b" */
    0xdf, 0xb0, 0xf, 0xff, 0xf8, 0x7, 0xcb, 0x7d,
    0xfb, 0x48, 0x1, 0xf0, 0xdd, 0x20, 0x81, 0x2d,
    0xd8, 0x40, 0x3b, 0x50, 0xa2, 0xa8, 0xe2, 0x9,
    0x80, 0x19, 0xd, 0xb5, 0xd5, 0x51, 0xc8, 0x5,
    0x0, 0x19, 0x24, 0x3, 0xd6, 0x40, 0xe2, 0x1,
    0x40, 0x7, 0xe8, 0x0, 0x38, 0x0, 0x4c, 0x3,
    0xf2, 0x80, 0x3c, 0x0, 0x40, 0x1f, 0xe1, 0x3,
    0x0, 0xff, 0xe3, 0x10, 0x7, 0xf0, 0x88, 0x8,
    0x0, 0x26, 0x1, 0xf9, 0xc0, 0x1a, 0x1, 0x40,
    0x7, 0xeb, 0x0, 0x28, 0x4, 0x94, 0x1, 0xc3,
    0x84, 0xe, 0x1, 0x21, 0xaf, 0x42, 0xb4, 0xf1,
    0x81, 0xc0, 0x6, 0xd3, 0x17, 0xa9, 0x60, 0x2,
    0xe0, 0x7, 0xe, 0x52, 0x8, 0xa, 0x5d, 0x0,
    0x40,

    /* U+0063 "c" */
    0x0, 0xc9, 0x5b, 0xfe, 0xd8, 0x20, 0xe, 0x1b,
    0xb2, 0x90, 0x0, 0x9f, 0x5c, 0x3, 0x62, 0x2,
    0x56, 0x53, 0x80, 0x21, 0xc0, 0x14, 0x41, 0x36,
    0xa6, 0xb1, 0xa2, 0x10, 0x22, 0x50, 0x56, 0x0,
    0xe2, 0xb0, 0x4, 0xb0, 0x2, 0x0, 0x3e, 0x5c,
    0xc5, 0x68, 0x9, 0x0, 0x7e, 0x33, 0x10, 0x81,
    0x80, 0x7f, 0xf3, 0xc4, 0x8, 0x3, 0xff, 0x81,
    0xa0, 0x3, 0x0, 0xfc, 0x88, 0x36, 0x0, 0x48,
    0x7, 0xcb, 0x76, 0x41, 0x50, 0x56, 0x0, 0xe2,
    0xb0, 0x3, 0x5, 0x10, 0x4d, 0xa9, 0xac, 0x68,
    0x85, 0x8, 0x3, 0xc, 0x12, 0xb2, 0x9c, 0x1,
    0x4a, 0x1, 0xe, 0x5a, 0x90, 0x0, 0xdf, 0x94,
    0x0,

    /* U+0064 "d" */
    0x0, 0xff, 0xe0, 0xe7, 0xe0, 0x7, 0xff, 0xe1,
    0x2f, 0x7f, 0xa9, 0x0, 0x3e, 0x1c, 0xb4, 0x20,
    0x15, 0xbb, 0x8, 0x7, 0x61, 0x80, 0xbd, 0x51,
    0xc5, 0x28, 0x40, 0x2a, 0x20, 0x5e, 0x85, 0x54,
    0x72, 0xa1, 0x0, 0x5, 0x40, 0xe8, 0x3, 0xd4,
    0x60, 0x13, 0x0, 0x20, 0x3, 0xf4, 0x0, 0x5a,
    0x0, 0x40, 0xf, 0xc8, 0x1, 0x30, 0x10, 0x7,
    0xf8, 0x80, 0xe, 0x1, 0xff, 0xc3, 0x10, 0x20,
    0xf, 0xf1, 0x0, 0x30, 0x0, 0x80, 0x1f, 0x90,
    0x2, 0x70, 0x4, 0x80, 0x7e, 0x90, 0x8, 0x58,
    0xa, 0xc0, 0x3d, 0x64, 0x1, 0xa4, 0x81, 0x3a,
    0x15, 0xa3, 0x91, 0x4c, 0x3, 0x62, 0x0, 0xbd,
    0x4b, 0x8a, 0xd0, 0x7, 0xd, 0xd2, 0x8, 0xa,
    0x5d, 0x0, 0x60,

    /* U+0065 "e" */
    0x0, 0xc9, 0x5b, 0xfd, 0x8e, 0x20, 0x1e, 0x1b,
    0xb2, 0x90, 0x9, 0xc7, 0x30, 0x7, 0x62, 0x2,
    0x56, 0x5b, 0x88, 0x4b, 0x0, 0x54, 0x41, 0x36,
    0xa6, 0x91, 0xe6, 0x12, 0x40, 0x2a, 0xc, 0xc0,
    0xe, 0x1d, 0x0, 0x58, 0x30, 0x2, 0xc0, 0x3e,
    0x15, 0x7, 0xd, 0x1, 0x2, 0x2f, 0xc6, 0x2,
    0x2, 0x3, 0xbb, 0xfc, 0xc0, 0x2, 0x0, 0xff,
    0xe1, 0x98, 0x80, 0xff, 0xff, 0xf0, 0x7, 0x40,
    0x44, 0x1, 0xff, 0xc0, 0x60, 0x4, 0x80, 0x7c,
    0x5f, 0xea, 0x1, 0x60, 0x76, 0x0, 0xe1, 0xf0,
    0x4, 0x80, 0x24, 0x82, 0x6d, 0x8d, 0x23, 0xc8,
    0x1c, 0xc0, 0x2c, 0x40, 0x49, 0xcb, 0x71, 0x8,
    0x80, 0x6, 0x1b, 0xb2, 0x90, 0x0, 0x9b, 0x5c,
    0x2,

    /* U+0066 "f" */
    0x0, 0xe2, 0x57, 0x10, 0x8, 0x6f, 0x6a, 0x8,
    0x2, 0xd4, 0x1, 0x31, 0x0, 0x11, 0x82, 0x76,
    0x10, 0x1, 0xc0, 0x1e, 0x1, 0xc6, 0x0, 0x70,
    0x9, 0x7e, 0x40, 0x19, 0xfe, 0x60, 0xf, 0xe5,
    0xd8, 0x0, 0x56, 0xe9, 0xc0, 0x84, 0x0, 0xc4,
    0x41, 0x0, 0xff, 0xff, 0x80, 0x7f, 0xf5, 0x40,

    /* U+0067 "g" */
    0x0, 0xc9, 0x7b, 0xfd, 0x68, 0x0, 0xcf, 0xc0,
    0x0, 0xe5, 0xa1, 0x0, 0xa5, 0xd8, 0x40, 0x3b,
    0xc, 0x5, 0xea, 0x8e, 0x29, 0x40, 0x1a, 0x88,
    0x17, 0xa1, 0x55, 0x1c, 0xa8, 0x60, 0x1, 0x50,
    0x3a, 0x0, 0xf5, 0x18, 0x4, 0xc0, 0x8, 0x0,
    0xfd, 0x0, 0x16, 0x80, 0x10, 0x3, 0xf2, 0x0,
    0x4c, 0x4, 0x1, 0xfe, 0x20, 0x3, 0x80, 0x7f,
    0xf0, 0xc4, 0x8, 0x3, 0xfc, 0x40, 0xc, 0x0,
    0x20, 0x7, 0xe4, 0x0, 0x9c, 0x1, 0x20, 0x1f,
    0xa4, 0x2, 0x16, 0x2, 0xb0, 0xf, 0x59, 0x0,
    0x69, 0x20, 0x4e, 0x85, 0x68, 0xe4, 0x53, 0x0,
    0xd8, 0x80, 0x2f, 0x52, 0xe2, 0xb4, 0x1, 0xc3,
    0x74, 0x82, 0x2, 0x97, 0x40, 0x1f, 0x96, 0xfb,
    0xfa, 0xd0, 0x0, 0x20, 0xc0, 0x44, 0x10, 0xf,
    0xe2, 0x2, 0xf, 0xdc, 0x0, 0xfc, 0xc0, 0xc,
    0xa, 0x2, 0xb0, 0xf, 0x24, 0x81, 0x20, 0x39,
    0x82, 0x74, 0xaa, 0x35, 0x58, 0x3, 0xc0, 0x2c,
    0x50, 0x16, 0xab, 0x95, 0x2, 0xc2, 0x0, 0xd5,
    0x8c, 0x40, 0x1, 0x49, 0xd3, 0x0, 0x0,

    /* U+0068 "h" */
    0xdf, 0xb0, 0xf, 0xff, 0xd9, 0x4e, 0xff, 0x63,
    0x0, 0x79, 0xb5, 0x88, 0x4, 0xe7, 0x4, 0x2,
    0x59, 0x7, 0xab, 0x81, 0x3, 0xa0, 0x8, 0x45,
    0xd0, 0xa8, 0xfc, 0x60, 0x88, 0x0, 0xa8, 0x40,
    0x3b, 0x80, 0x1a, 0x0, 0x14, 0x0, 0xf1, 0x18,
    0x28, 0x0, 0x80, 0x3f, 0x30, 0x10, 0x1, 0xc0,
    0x3f, 0x18, 0x7, 0xff, 0xfc, 0x3, 0xff, 0xb6,

    /* U+0069 "i" */
    0x2, 0x72, 0x1, 0xd8, 0xc0, 0x20, 0x0, 0x88,
    0xd0, 0x18, 0x42, 0xfe, 0x40, 0x3e, 0xdf, 0xb0,
    0xf, 0xff, 0xf8, 0x0,

    /* U+006A "j" */
    0x0, 0x89, 0xc8, 0x3, 0x64, 0x68, 0x80, 0x8,
    0x40, 0x6, 0x0, 0x25, 0x5, 0x20, 0xa, 0xbe,
    0x80, 0x3f, 0xec, 0xfc, 0x0, 0xff, 0xff, 0x80,
    0x7f, 0xfa, 0xc4, 0x1c, 0x8, 0xe0, 0x80, 0x83,
    0xb1, 0xc0, 0x16, 0x1, 0xa, 0x69, 0x0,

    /* U+006B "k" */
    0xdf, 0xb0, 0xf, 0xff, 0xd6, 0x7f, 0xac, 0x3,
    0xf5, 0x18, 0x1d, 0x80, 0x7c, 0xea, 0x5, 0xa0,
    0x1f, 0x24, 0x0, 0xe0, 0x80, 0x78, 0xac, 0x7,
    0x4, 0x3, 0xc3, 0x80, 0xd, 0x20, 0xf, 0xb4,
    0x42, 0xcc, 0x3, 0xe4, 0x30, 0xa4, 0x0, 0xff,
    0x8c, 0x3, 0xf9, 0xc, 0x25, 0x40, 0x3f, 0xb4,
    0x42, 0x90, 0x3, 0xf0, 0xe0, 0x2, 0xcc, 0x3,
    0xf1, 0x58, 0x3, 0x48, 0x3, 0xf2, 0x48, 0xf,
    0x88, 0x7, 0xe6, 0x60, 0x16, 0x80, 0x7f, 0x4a,
    0x1, 0xd8, 0x0,

    /* U+006C "l" */
    0xdf, 0xb0, 0xf, 0xff, 0x80,

    /* U+006D "m" */
    0xdf, 0xb0, 0x39, 0xef, 0xeb, 0x40, 0xc, 0x53,
    0xbf, 0xd6, 0xa0, 0x1e, 0x6c, 0x61, 0x1, 0x4b,
    0xa0, 0x3, 0x6b, 0x10, 0xa, 0x55, 0x80, 0x65,
    0x91, 0x7a, 0xb7, 0x10, 0x59, 0x49, 0x7, 0xab,
    0x81, 0x4, 0xa0, 0x8, 0x45, 0xf0, 0xa9, 0x1e,
    0x40, 0xd2, 0x3b, 0xa, 0x8f, 0xe4, 0xa, 0x40,
    0x15, 0x8, 0x6, 0x19, 0x0, 0x15, 0x90, 0x6,
    0x1e, 0x0, 0x50, 0x0, 0x50, 0x3, 0xc8, 0x20,
    0x5, 0x0, 0xf1, 0x88, 0x18, 0x0, 0x80, 0x3f,
    0x10, 0x10, 0x7, 0xe5, 0x7, 0x0, 0x38, 0x7,
    0xf8, 0x40, 0x3f, 0xc2, 0x1, 0xff, 0xff, 0x0,
    0xff, 0xff, 0x80, 0x7f, 0xf9, 0x80,

    /* U+006E "n" */
    0xdf, 0xb0, 0x29, 0xdf, 0xeb, 0x60, 0xf, 0x36,
    0xb1, 0x0, 0xa4, 0xe0, 0x80, 0x4b, 0x20, 0xf5,
    0x70, 0x20, 0x7a, 0x1, 0x8, 0xba, 0x15, 0x1f,
    0x8c, 0xd, 0x0, 0x2a, 0x10, 0xe, 0xe0, 0x7,
    0x0, 0x5, 0x0, 0x3c, 0x46, 0xe, 0x0, 0x20,
    0xf, 0xcc, 0x6, 0x0, 0x70, 0xf, 0xc6, 0x1,
    0xff, 0xff, 0x0, 0xff, 0xed, 0x80,

    /* U+006F "o" */
    0x0, 0xc7, 0x3b, 0xfd, 0xb2, 0x40, 0x1f, 0x56,
    0x31, 0x0, 0x93, 0x6c, 0x80, 0x76, 0x28, 0x14,
    0x55, 0x1c, 0x41, 0xac, 0x2, 0x93, 0x6, 0xd7,
    0x55, 0x47, 0x20, 0x23, 0x81, 0x30, 0x24, 0x80,
    0x7a, 0xc8, 0x20, 0x54, 0x1, 0xe0, 0x1f, 0xa0,
    0x0, 0xfa, 0x0, 0x40, 0xf, 0xca, 0x0, 0xf6,
    0x2, 0x0, 0xff, 0xe0, 0x13, 0x80, 0x7f, 0xf0,
    0x84, 0x40, 0x40, 0x1f, 0xc2, 0x0, 0x3d, 0x0,
    0x20, 0x7, 0xe7, 0x0, 0x63, 0x0, 0x3c, 0x3,
    0xf5, 0x80, 0x14, 0x58, 0x12, 0x40, 0x38, 0x70,
    0x82, 0x40, 0x12, 0x60, 0xdb, 0xa, 0xd3, 0xc6,
    0xa, 0xc0, 0x16, 0x28, 0x13, 0xd4, 0xb0, 0x1,
    0xe8, 0x3, 0xab, 0x14, 0x80, 0x4d, 0xf6, 0x0,
    0x20,

    /* U+0070 "p" */
    0xdf, 0xb0, 0x2, 0xdf, 0x7e, 0xd2, 0x0, 0x7c,
    0x37, 0x48, 0x20, 0x4b, 0x76, 0x0, 0xf6, 0xa1,
    0x45, 0x51, 0xc4, 0x13, 0x40, 0x32, 0x1b, 0x6b,
    0xaa, 0xa3, 0x90, 0xa, 0x0, 0x32, 0x48, 0x7,
    0xac, 0x81, 0xc4, 0x2, 0x80, 0xf, 0xd0, 0x0,
    0x70, 0x0, 0x98, 0x7, 0xe5, 0x0, 0x78, 0x0,
    0x80, 0x3f, 0xc2, 0x6, 0x1, 0xff, 0xc6, 0x20,
    0xf, 0xe1, 0x10, 0x10, 0x0, 0x4c, 0x3, 0xf3,
    0x80, 0x34, 0x2, 0x80, 0xf, 0xd6, 0x0, 0x50,
    0x9, 0x28, 0x3, 0x87, 0x8, 0x1c, 0x2, 0x43,
    0x5e, 0x85, 0x69, 0xe3, 0x3, 0x80, 0xd, 0xa8,
    0x2f, 0x52, 0xc0, 0x5, 0xc0, 0xe, 0x1b, 0xa4,
    0x10, 0x14, 0xba, 0x0, 0xfc, 0xb7, 0xdf, 0xd6,
    0x80, 0x1f, 0xff, 0xf0, 0xf, 0xfe, 0x68,

    /* U+0071 "q" */
    0x0, 0xc9, 0x7b, 0xfd, 0x68, 0x0, 0xcf, 0xc0,
    0x0, 0xe5, 0xa1, 0x0, 0xa5, 0xd8, 0x40, 0x3b,
    0xc, 0x5, 0xea, 0x8e, 0x29, 0x40, 0x1a, 0x88,
    0x17, 0xa1, 0x55, 0x1c, 0xa8, 0x60, 0x1, 0x50,
    0x3a, 0x0, 0xf5, 0x18, 0x4, 0xc0, 0x8, 0x0,
    0xfd, 0x0, 0x16, 0x80, 0x10, 0x3, 0xf2, 0x0,
    0x4c, 0x4, 0x1, 0xfe, 0x20, 0x3, 0x80, 0x7f,
    0xf0, 0xc4, 0x8, 0x3, 0xfc, 0x40, 0xc, 0x0,
    0x20, 0x7, 0xe4, 0x0, 0x9c, 0x1, 0x20, 0x1f,
    0xa4, 0x2, 0x16, 0x2, 0xb0, 0xf, 0x59, 0x0,
    0x69, 0x20, 0x4e, 0x85, 0x68, 0xe4, 0x41, 0x80,
    0x6c, 0x30, 0x17, 0xa9, 0x71, 0x5b, 0x0, 0xe1,
    0xca, 0x41, 0x2, 0x5b, 0xa0, 0xf, 0xcb, 0x7d,
    0xfb, 0x48, 0x1, 0xff, 0xff, 0x0, 0xff, 0xe7,
    0x0,

    /* U+0072 "r" */
    0xdf, 0xb0, 0x29, 0xda, 0x0, 0x93, 0x58, 0x80,
    0x26, 0xb0, 0x14, 0xd0, 0x1, 0x5, 0x75, 0xb8,
    0x5, 0x4a, 0x1, 0xe5, 0x0, 0xf1, 0x80, 0x7c,
    0xe0, 0x1f, 0xff, 0x90,

    /* U+0073 "s" */
    0x0, 0x9f, 0x3b, 0xfa, 0x8c, 0x3, 0x17, 0x41,
    0x88, 0xa, 0xe4, 0x0, 0x5e, 0x20, 0xd7, 0x69,
    0x10, 0x75, 0x3, 0x20, 0x89, 0x44, 0x37, 0x88,
    0x48, 0x30, 0x1, 0x0, 0x30, 0xb0, 0x88, 0x1c,
    0x1, 0x20, 0x1d, 0x1d, 0xa0, 0x48, 0xb, 0xac,
    0x20, 0x1f, 0x5a, 0x81, 0x4f, 0x63, 0x88, 0x7,
    0x56, 0x31, 0x1, 0xc7, 0x40, 0x7, 0x1c, 0xee,
    0xa0, 0x81, 0xe0, 0x3, 0xe2, 0x7d, 0x40, 0x70,
    0x7d, 0xd0, 0x80, 0x77, 0x0, 0x8, 0x48, 0x92,
    0x1, 0xde, 0x0, 0x26, 0x20, 0x7b, 0x53, 0x5b,
    0x50, 0x50, 0x6, 0x10, 0x25, 0x65, 0x20, 0x1d,
    0x0, 0x7, 0x65, 0x4, 0x5, 0x27, 0x0, 0x0,

    /* U+0074 "t" */
    0x0, 0x27, 0xf9, 0x0, 0x3f, 0xfa, 0xc9, 0xf6,
    0x0, 0xbf, 0xf9, 0x0, 0x3f, 0xc9, 0xb2, 0x0,
    0x9d, 0xd9, 0x0, 0x88, 0x0, 0x22, 0xc0, 0x1f,
    0xff, 0xf0, 0xf, 0xce, 0x0, 0x20, 0xf, 0x18,
    0x2, 0xd4, 0xcc, 0x1, 0x98, 0xa, 0xb3, 0x8,
    0x1, 0x4c, 0x10, 0x6,

    /* U+0075 "u" */
    0xff, 0x40, 0x7, 0xec, 0xfc, 0x0, 0xff, 0xff,
    0x80, 0x7f, 0xf9, 0x4, 0x0, 0x40, 0x40, 0x1f,
    0x88, 0x0, 0xe0, 0x80, 0x1f, 0x20, 0x5, 0xe0,
    0x30, 0x1, 0xe9, 0x0, 0x95, 0x1, 0xe8, 0xc4,
    0x4b, 0xa4, 0x1, 0xa8, 0xc1, 0x73, 0xb9, 0x45,
    0x26, 0x1, 0xe, 0x4a, 0x8, 0x13, 0x6b, 0x0,
    0x40,

    /* U+0076 "v" */
    0x7f, 0xf2, 0x0, 0x7e, 0x8f, 0xf1, 0x30, 0x3,
    0x40, 0x3f, 0x30, 0x19, 0xa, 0x3, 0x0, 0x7c,
    0x82, 0x14, 0x0, 0xe0, 0x2, 0x80, 0x7b, 0x40,
    0xc, 0x0, 0x51, 0xe, 0x0, 0xf3, 0x2, 0x80,
    0x67, 0x4, 0x10, 0xc, 0xa0, 0xe, 0x0, 0xd4,
    0x0, 0x70, 0xd, 0xc0, 0x28, 0x1, 0x8c, 0x82,
    0x80, 0x21, 0x40, 0x60, 0xf, 0x50, 0x19, 0x0,
    0x1c, 0x1, 0x40, 0x1e, 0x60, 0x2, 0x80, 0x28,
    0xc, 0x80, 0x3c, 0x28, 0x14, 0x2, 0x61, 0x40,
    0x1f, 0xb8, 0x8, 0xd8, 0x0, 0xc0, 0x1f, 0x94,
    0x42, 0xa8, 0xa, 0x1, 0xfe, 0x70, 0x62, 0xe,
    0x0, 0xff, 0x50, 0x4, 0x28, 0x1, 0xfe, 0x32,
    0x0, 0x30, 0x7, 0x80,

    /* U+0077 "w" */
    0x8f, 0xf0, 0x80, 0x7b, 0x7f, 0xc0, 0x1e, 0x1f,
    0xf3, 0xd8, 0x1, 0x0, 0x38, 0x88, 0x0, 0x40,
    0xe, 0x40, 0x2, 0x98, 0x86, 0x0, 0x72, 0x0,
    0x5a, 0x1, 0xd8, 0x4, 0x40, 0x70, 0x40, 0xe,
    0xd0, 0x20, 0x40, 0xe, 0x40, 0x50, 0x6, 0x81,
    0x8, 0x6, 0x40, 0x90, 0x21, 0x0, 0x84, 0x82,
    0xc0, 0x8, 0x0, 0x70, 0x9, 0x0, 0x90, 0x41,
    0xc0, 0x24, 0x1, 0x30, 0x9, 0x3, 0x0, 0x2d,
    0x5, 0x7, 0xc, 0x0, 0xb0, 0x10, 0x3, 0x68,
    0x20, 0x4, 0x81, 0x81, 0xa0, 0xa0, 0x12, 0x7,
    0x80, 0x67, 0x1, 0x20, 0x22, 0x2, 0x2, 0x0,
    0xc, 0x4, 0x81, 0x0, 0x30, 0x98, 0x20, 0x20,
    0x28, 0x4, 0x81, 0x60, 0xe0, 0x62, 0x1, 0xc8,
    0x1a, 0x1a, 0x18, 0x1, 0x68, 0x20, 0x60, 0x58,
    0x7, 0xac, 0x10, 0x10, 0x1c, 0x2, 0x40, 0x31,
    0x40, 0x50, 0xf, 0x18, 0x83, 0x81, 0x88, 0x4,
    0x44, 0x6, 0x12, 0x20, 0x7, 0xce, 0x10, 0x8,
    0x1, 0xca, 0x10, 0xa, 0x1, 0xfb, 0x40, 0x2b,
    0x0, 0xec, 0x0, 0xb0, 0x3, 0xf2, 0x0, 0x4,
    0xc0, 0x39, 0x0, 0x24, 0x0, 0xc0,

    /* U+0078 "x" */
    0x5f, 0xf4, 0x0, 0x7b, 0xbe, 0xc1, 0x50, 0x1c,
    0x80, 0x34, 0x8, 0x50, 0x2, 0x40, 0x1c, 0x1,
    0x13, 0x84, 0x8, 0x0, 0xa0, 0xd, 0x80, 0x12,
    0x4, 0xe0, 0x19, 0xc8, 0x20, 0x51, 0x1, 0xc0,
    0x1e, 0x90, 0x1b, 0x90, 0x63, 0x0, 0xf2, 0x28,
    0x29, 0xc, 0x0, 0x7e, 0xb0, 0xa, 0xc4, 0x3,
    0xf0, 0x88, 0x0, 0x40, 0x1f, 0xd2, 0x20, 0x8,
    0x10, 0xf, 0x8d, 0x82, 0x0, 0x16, 0x1, 0xf7,
    0x2, 0xbb, 0x2, 0xa0, 0x7, 0x39, 0x5, 0x84,
    0x8, 0x48, 0x6, 0x18, 0x7, 0x10, 0x1b, 0x2,
    0x80, 0xa, 0x80, 0x60, 0x2, 0x53, 0x7, 0x20,
    0x54, 0xb, 0x0, 0xee, 0x0, 0x48, 0x0,

    /* U+0079 "y" */
    0x7f, 0xf2, 0x80, 0x7e, 0x7f, 0xf1, 0x30, 0x3,
    0x80, 0x3f, 0x50, 0x19, 0xa, 0x82, 0x8, 0x7,
    0x8c, 0x82, 0x40, 0x1c, 0x0, 0x60, 0xf, 0x50,
    0xa, 0x80, 0x10, 0x82, 0x80, 0x3c, 0xe0, 0xe0,
    0x1a, 0x80, 0x90, 0x3, 0x28, 0x85, 0x80, 0x66,
    0x0, 0x70, 0x6, 0xe0, 0x32, 0x0, 0xc2, 0xa0,
    0xa0, 0x10, 0xa0, 0x48, 0x7, 0xb8, 0x0, 0xc0,
    0x6, 0x1, 0x50, 0xf, 0x21, 0x5, 0x0, 0x28,
    0x18, 0x3, 0xf5, 0x1, 0x91, 0x90, 0x50, 0x7,
    0xe6, 0x0, 0x55, 0x1, 0x8, 0x3, 0xf0, 0xa8,
    0x33, 0x87, 0x0, 0x7f, 0xb8, 0x4, 0x65, 0x0,
    0xff, 0x21, 0x0, 0x18, 0x3, 0xff, 0x80, 0x80,
    0xa, 0x0, 0xff, 0xe0, 0x38, 0x21, 0x0, 0x7f,
    0xc8, 0x21, 0xc0, 0x1f, 0xfc, 0xf, 0x1, 0x50,
    0xf, 0xf8, 0x50, 0x18, 0x3, 0xff, 0x80, 0xc0,
    0xa, 0x0, 0xff, 0xe0, 0x48, 0x21, 0x0, 0x7f,
    0xc8, 0x21, 0xc0, 0x1f, 0xc0,

    /* U+007A "z" */
    0xcf, 0xff, 0xe8, 0x0, 0xff, 0xb7, 0x7e, 0x40,
    0x6, 0x9, 0x17, 0x32, 0x2, 0xa0, 0x7, 0xa4,
    0x6, 0xc0, 0x3d, 0x4, 0x10, 0x20, 0x1c, 0x6e,
    0x8, 0xc0, 0x1e, 0xf0, 0x4, 0x80, 0x79, 0xcc,
    0x20, 0x80, 0x38, 0xa0, 0x9, 0xc0, 0x3d, 0x20,
    0xe, 0x0, 0xf2, 0xa0, 0x39, 0x80, 0x70, 0xd8,
    0x14, 0x0, 0x7a, 0xc4, 0x2c, 0x8b, 0xc2, 0xe0,
    0x9, 0xdd, 0xf4, 0x0, 0x7f, 0xc0,

    /* U+007B "{" */
    0x0, 0xf1, 0x22, 0x0, 0x39, 0x3b, 0x6e, 0xc0,
    0x18, 0xac, 0x40, 0x3e, 0xb0, 0x4, 0xff, 0x80,
    0x31, 0x1, 0x30, 0x7, 0x9c, 0x18, 0x3, 0xe7,
    0x7, 0x0, 0xf8, 0x40, 0x40, 0x3e, 0x20, 0x20,
    0xf, 0xbc, 0x3, 0xf8, 0x80, 0x4, 0x1, 0xe1,
    0x0, 0x8, 0x7, 0x9c, 0x0, 0xe0, 0x1e, 0x60,
    0x3, 0x0, 0x7b, 0x80, 0x48, 0x3, 0x2e, 0x20,
    0x40, 0x6, 0x1a, 0x33, 0x5b, 0x0, 0x61, 0x0,
    0x1e, 0x80, 0x7b, 0x9c, 0x1a, 0x40, 0x38, 0x61,
    0x81, 0x84, 0x3, 0xda, 0x0, 0x20, 0xf, 0x38,
    0x7, 0xf3, 0x80, 0x7f, 0x8, 0x0, 0x80, 0x3c,
    0x40, 0x1, 0x0, 0xf7, 0x0, 0x80, 0x7c, 0x60,
    0x60, 0x1f, 0x8, 0x8, 0x7, 0xce, 0x1, 0xfc,
    0xe0, 0x40, 0x1f, 0x60, 0xd, 0x2a, 0x0, 0x66,
    0x10, 0x5a, 0xb0, 0xc, 0x3e, 0xa2, 0x1, 0x0,

    /* U+007C "|" */
    0x3f, 0xf2, 0x80, 0x7f, 0xff, 0xc0, 0x3f, 0xf9,
    0xa0,

    /* U+007D "}" */
    0x4, 0x41, 0x0, 0x70, 0xdd, 0xb7, 0x46, 0x1,
    0xf1, 0x60, 0x80, 0x7, 0xfd, 0x0, 0x6, 0x0,
    0xe7, 0x10, 0xd0, 0xf, 0x10, 0x7, 0xe1, 0x0,
    0xfc, 0x60, 0x60, 0x1e, 0x10, 0xe0, 0xe, 0x10,
    0x0, 0x80, 0x71, 0x0, 0x8, 0x3, 0x9c, 0x0,
    0xe0, 0x1c, 0x20, 0x1, 0x0, 0xe1, 0x0, 0x8,
    0x7, 0x28, 0x2, 0x40, 0x38, 0x60, 0x16, 0xd0,
    0x3, 0x3d, 0x1a, 0x58, 0x7, 0x79, 0x80, 0x7a,
    0x94, 0x23, 0x80, 0x22, 0x50, 0x77, 0x8, 0x4,
    0xc0, 0xb, 0x0, 0xfc, 0x20, 0x1f, 0x84, 0x3,
    0x98, 0x0, 0xe0, 0x1c, 0x60, 0x2, 0x0, 0xe1,
    0x0, 0x8, 0x7, 0x84, 0x38, 0x3, 0xc6, 0x6,
    0x1, 0xf8, 0x40, 0x3c, 0x60, 0x20, 0x12, 0x2d,
    0x88, 0x60, 0x0, 0x6e, 0x90, 0x9, 0x80, 0x38,
    0x5b, 0x0, 0x20,

    /* U+007E "~" */
    0x0, 0x90, 0xc0, 0x38, 0x94, 0x81, 0x7e, 0xf3,
    0x94, 0x2, 0x8a, 0x72, 0xa0, 0x8, 0x6a, 0xda,
    0x54, 0x16, 0xc1, 0x7b, 0x50, 0x12, 0x58, 0x20,
    0x10, 0x2c, 0x4a, 0xec, 0x40, 0x52, 0xe0,

    /* U+00A0 " " */

    /* U+00A1 "¡" */
    0x1c, 0xe5, 0x63, 0x18, 0x20, 0x3, 0xad, 0x45,
    0x82, 0xb8, 0x80, 0x77, 0xf8, 0x80, 0x3e, 0x10,
    0xc, 0x20, 0x1e, 0x70, 0xc, 0x60, 0x1e, 0x10,
    0xc, 0x20, 0x1e, 0x30, 0xc, 0xe0, 0x12, 0xcc,
    0x90,

    /* U+00A2 "¢" */
    0x0, 0xfb, 0x2c, 0x3, 0xff, 0x9e, 0x62, 0xc6,
    0x1, 0xf8, 0x6b, 0xf0, 0x89, 0x9f, 0x20, 0x1c,
    0x5e, 0xa0, 0x3, 0x20, 0x3, 0x68, 0x80, 0x5e,
    0x21, 0x3f, 0x9b, 0xf0, 0x5, 0xa0, 0x7, 0x20,
    0xb6, 0x0, 0xcf, 0x20, 0x68, 0x14, 0x8, 0x80,
    0xf, 0x32, 0xa0, 0x88, 0x83, 0x40, 0x3f, 0x55,
    0xa9, 0x80, 0x8, 0x3, 0xff, 0x9c, 0x40, 0x2,
    0x0, 0xff, 0xe0, 0x10, 0x68, 0x7, 0xec, 0xd6,
    0xa, 0x4, 0x50, 0xf, 0x31, 0x92, 0x83, 0x90,
    0x54, 0x8, 0x0, 0x62, 0x41, 0xc, 0x1, 0xe2,
    0xf, 0xdd, 0x9c, 0xa, 0x80, 0x22, 0xf7, 0x10,
    0x11, 0x0, 0xbe, 0x88, 0x6, 0x18, 0xed, 0x23,
    0xde, 0x80, 0xf, 0xe2, 0x17, 0x20, 0xf, 0xfe,
    0x40,

    /* U+00A3 "£" */
    0x0, 0xc3, 0x19, 0xdf, 0xb2, 0x40, 0x1e, 0x4f,
    0x73, 0x10, 0x26, 0xd6, 0x0, 0xc5, 0x62, 0xf,
    0x57, 0x2, 0x12, 0x60, 0x15, 0x80, 0x36, 0x15,
    0x1f, 0xc4, 0x20, 0x2, 0x40, 0x52, 0x0, 0xc3,
    0x0, 0x80, 0x11, 0x6, 0x80, 0x79, 0x19, 0x82,
    0x0, 0x10, 0xf0, 0xf, 0x14, 0xc8, 0x40, 0xa,
    0x6, 0x1, 0xff, 0xc0, 0xd0, 0x40, 0xf, 0xf5,
    0x6c, 0x0, 0x3b, 0x77, 0x48, 0x6, 0x62, 0x10,
    0x0, 0x91, 0x63, 0x0, 0xd9, 0xfe, 0x70, 0x1f,
    0xfd, 0x40, 0x1f, 0x70, 0x8, 0x7, 0xff, 0x3f,
    0x80, 0x80, 0x3f, 0xf8, 0xa, 0xa, 0x1, 0xff,
    0x21, 0xc, 0x80, 0x7f, 0xd2, 0x12, 0x46, 0x7f,
    0x80, 0x10, 0x41, 0x19, 0x9f, 0xc8, 0x1c, 0x1,
    0xff, 0xc1,

    /* U+00A4 "¤" */
    0x7, 0x50, 0xf, 0x95, 0xc0, 0x13, 0x4d, 0x3b,
    0xfb, 0x2d, 0x52, 0x21, 0x83, 0x2c, 0x68, 0x6d,
    0x23, 0x82, 0x4, 0x40, 0x5e, 0xbe, 0x50, 0x22,
    0x0, 0xc, 0xc1, 0x40, 0x15, 0x9, 0x98, 0x0,
    0xc0, 0x60, 0x1c, 0xa0, 0xa0, 0x1f, 0xe7, 0x0,
    0xcc, 0x6, 0x1, 0xc4, 0xa, 0x0, 0x33, 0x4,
    0x80, 0x54, 0x24, 0x60, 0x2, 0x20, 0x37, 0x5f,
    0x28, 0x19, 0x0, 0x30, 0x65, 0x8d, 0xd, 0xa8,
    0x70, 0x42, 0x2d, 0xa7, 0x7f, 0x65, 0x6e, 0x4,

    /* U+00A5 "¥" */
    0x1f, 0xf6, 0x0, 0x7e, 0x2f, 0xf5, 0x8b, 0x81,
    0xa0, 0x7, 0xd6, 0x0, 0x80, 0x90, 0x7, 0x80,
    0x78, 0x58, 0x10, 0xc0, 0x5c, 0x10, 0xc0, 0x3a,
    0x40, 0x10, 0x1, 0x40, 0x84, 0x0, 0x61, 0x70,
    0x53, 0x0, 0xd2, 0x8, 0x40, 0x13, 0x0, 0x20,
    0x3, 0x9c, 0x42, 0x0, 0x29, 0x5, 0x20, 0xf,
    0x48, 0x29, 0x3, 0x8, 0x40, 0x7, 0xce, 0x21,
    0x61, 0x0, 0xa4, 0x1, 0xa3, 0xfe, 0x10, 0x67,
    0x10, 0x5f, 0xf8, 0xc3, 0xc4, 0x70, 0x2, 0x0,
    0x2, 0x38, 0x0, 0xfd, 0xda, 0x0, 0x2d, 0xee,
    0xc6, 0x1, 0xe7, 0x0, 0x21, 0x0, 0x7f, 0xf0,
    0x4, 0x4, 0x3, 0xe8, 0xff, 0xe1, 0x5, 0xff,
    0xe3, 0xf, 0x11, 0xe0, 0x8, 0x47, 0x80, 0xf,
    0xdd, 0xc2, 0xb, 0xdd, 0xc6, 0x1, 0xff, 0xe4,

    /* U+00A6 "¦" */
    0x2d, 0xd2, 0x9, 0x10, 0x40, 0x3f, 0xfb, 0x7,
    0xfe, 0x50, 0xf, 0xfe, 0x1, 0x77, 0x10, 0x47,
    0x0, 0x7f, 0xf6, 0x0,

    /* U+00A7 "§" */
    0x0, 0x8e, 0x77, 0xfd, 0xb0, 0x40, 0x1c, 0xf8,
    0xc4, 0x20, 0x4f, 0xaa, 0x1, 0x24, 0x3, 0x77,
    0x3f, 0x8, 0x28, 0x80, 0x1e, 0x5, 0x22, 0x0,
    0x3f, 0x0, 0x50, 0x1, 0x81, 0x80, 0x38, 0x94,
    0xc0, 0x26, 0x4, 0x20, 0xe, 0xac, 0x80, 0x4,
    0x0, 0x31, 0x80, 0x3f, 0x8e, 0xc4, 0x53, 0xd2,
    0x60, 0x1f, 0x24, 0x0, 0x5, 0xb3, 0x58, 0x3,
    0x16, 0xc8, 0x0, 0xcc, 0x5, 0x3a, 0x40, 0xf,
    0x20, 0x9f, 0xcc, 0x7d, 0x9, 0x60, 0xb1, 0x5,
    0x30, 0x6, 0x5d, 0x1, 0x9c, 0x0, 0x28, 0x7,
    0x8c, 0x81, 0x0, 0x3f, 0xf8, 0x2f, 0xa0, 0x5,
    0x0, 0xf1, 0x90, 0x1b, 0x88, 0x53, 0x0, 0x65,
    0xd0, 0x4, 0x86, 0x18, 0x4f, 0x66, 0x3a, 0x84,
    0x58, 0x20, 0x59, 0x44, 0x26, 0x61, 0x7, 0xe3,
    0x0, 0xcb, 0xb8, 0xc2, 0x0, 0x65, 0x0, 0xf8,
    0xe7, 0xa4, 0x45, 0x48, 0x1, 0xfc, 0xde, 0x21,
    0x0, 0x6, 0xbb, 0x0, 0x70, 0xa0, 0x10, 0x0,
    0x51, 0x20, 0xe, 0x10, 0x20, 0x3, 0x0, 0x28,
    0xc0, 0x27, 0x40, 0xa0, 0x0, 0xd8, 0xe, 0x76,
    0xfc, 0x3, 0x30, 0x2, 0x4e, 0x72, 0x12, 0x15,
    0xb9, 0x0, 0x0,

    /* U+00A8 "¨" */
    0x0, 0xfe, 0x1c, 0xe3, 0x5, 0xfa, 0x4, 0x31,
    0xb0, 0x90, 0x51, 0x43, 0x1b, 0x9, 0x5, 0x10,

    /* U+00A9 "©" */
    0x0, 0xf2, 0xd6, 0xf7, 0xed, 0xb0, 0x7, 0xf9,
    0x36, 0xa, 0x77, 0x53, 0x95, 0xcc, 0x1, 0xf3,
    0xdc, 0x6c, 0x21, 0x92, 0x3e, 0x54, 0x50, 0x7,
    0x34, 0xea, 0x81, 0x3d, 0x52, 0x10, 0x13, 0xda,
    0x80, 0x22, 0x9a, 0x20, 0x8d, 0x85, 0x53, 0xde,
    0x8, 0xb9, 0x54, 0x0, 0x86, 0x40, 0x97, 0x1a,
    0xef, 0xb2, 0x3c, 0x2, 0x98, 0x1, 0x5b, 0x3,
    0x60, 0xc5, 0x10, 0x4c, 0x12, 0x70, 0x62, 0x34,
    0x22, 0x5, 0x3, 0x10, 0x6, 0x1c, 0xb4, 0x0,
    0x25, 0xeb, 0x0, 0x10, 0x30, 0x3, 0xc4, 0x86,
    0x0, 0x32, 0x12, 0x0, 0x10, 0x8, 0x7, 0xfd,
    0xec, 0x1, 0xff, 0xc6, 0x10, 0x13, 0x0, 0x10,
    0x18, 0x7, 0xfd, 0xcf, 0xce, 0x0, 0x50, 0xa0,
    0xf, 0x67, 0xc8, 0x0, 0x8d, 0xc8, 0x42, 0x80,
    0xa0, 0x3, 0x39, 0x85, 0x80, 0x13, 0x4, 0xe4,
    0xa, 0x81, 0xf6, 0x21, 0x90, 0x12, 0x40, 0xa0,
    0x81, 0xee, 0x40, 0xb6, 0x24, 0xee, 0x31, 0xa6,
    0x1, 0xb9, 0x0, 0x1b, 0xf8, 0x82, 0x75, 0xcc,
    0x5f, 0x28, 0x2, 0x89, 0xc0, 0x28, 0x7c, 0x30,
    0x2, 0x33, 0xa0, 0x0, 0x71, 0xb4, 0x3, 0xaa,
    0x99, 0x4a, 0x20, 0x1, 0x49, 0xe6, 0xc1, 0x0,
    0xf3, 0xf1, 0x47, 0x7f, 0xba, 0x83, 0x28, 0x40,
    0x3f, 0xc, 0x6f, 0xf6, 0xff, 0x49, 0x80, 0x70,

    /* U+00AA "ª" */
    0x0, 0x9f, 0x7f, 0xa4, 0x6f, 0xd0, 0x1, 0x90,
    0x48, 0x87, 0xf7, 0x0, 0x9c, 0xc7, 0x6e, 0xb9,
    0x4c, 0x2, 0xa0, 0xb2, 0x0, 0xa8, 0x3, 0x10,
    0x20, 0x6, 0x12, 0x0, 0xff, 0xe1, 0x90, 0x20,
    0x6, 0x12, 0x0, 0xa8, 0x2c, 0x80, 0x2a, 0x0,
    0xce, 0x83, 0xb7, 0x5c, 0xa4, 0x1, 0xae, 0x9,
    0x10, 0xfe, 0xc0, 0x0,

    /* U+00AB "«" */
    0x0, 0xff, 0xe0, 0xaf, 0xf8, 0x81, 0x3f, 0xc6,
    0x0, 0x80, 0x62, 0x9, 0x5, 0x30, 0x62, 0x8,
    0x5, 0x20, 0x80, 0x4, 0x4, 0x8, 0x40, 0x39,
    0x3, 0x88, 0x9c, 0x18, 0x86, 0x40, 0x3f, 0x84,
    0x2, 0x71, 0x14, 0x3, 0x10, 0x40, 0x5, 0x0,
    0xe2, 0x10, 0xc, 0x40, 0x6, 0x20, 0x80, 0x53,
    0x8, 0x0, 0xa0, 0x18, 0x82, 0x1, 0x4c,

    /* U+00AC "¬" */
    0x1, 0x1f, 0xfe, 0x10, 0x6f, 0x77, 0xff, 0xb,
    0xc0, 0x3f, 0xf8, 0x9b, 0xff, 0xff, 0xc0, 0x60,
    0xf, 0xff, 0x30,

    /* U+00AD "­" */
    0x13, 0x3f, 0xf1, 0x3e, 0x67, 0xfb, 0x80, 0x3f,
    0xf8, 0x0,

    /* U+00AE "®" */
    0x0, 0x92, 0xfb, 0x98, 0xc0, 0x1d, 0x54, 0xcd,
    0xd4, 0xd6, 0x8, 0x1, 0xdd, 0xec, 0x46, 0xb8,
    0xd4, 0x0, 0x8e, 0x3e, 0xe7, 0xe8, 0xd2, 0xa2,
    0x91, 0x80, 0x1e, 0x8a, 0x41, 0xf4, 0x98, 0x2,
    0xd4, 0x11, 0x7, 0x97, 0x88, 0x5, 0x5c, 0x16,
    0x1, 0x73, 0x80, 0x50, 0x28, 0x41, 0xc2, 0xe4,
    0x40, 0x1, 0x42, 0xa0, 0x2f, 0x8b, 0x71, 0xcb,
    0xb4, 0x84, 0x2, 0x84, 0x86, 0x91, 0x1, 0x79,
    0xbc, 0x2, 0xc4, 0xaf, 0xf6, 0x7, 0x90, 0x6,
    0x8e, 0xe6, 0xfd, 0x8, 0x0,

    /* U+00AF "¯" */
    0x8f, 0xff, 0xe5, 0x0, 0xff, 0x80,

    /* U+00B0 "°" */
    0x0, 0xa3, 0x7f, 0xac, 0xc0, 0x21, 0xd7, 0x6,
    0x44, 0x63, 0x0, 0x2c, 0x97, 0x66, 0xac, 0x24,
    0x41, 0x42, 0xc0, 0x24, 0x50, 0x62, 0x1, 0x10,
    0x6, 0xd0, 0xd0, 0xf, 0xf1, 0x90, 0x8, 0x80,
    0x36, 0x87, 0x2, 0x85, 0x80, 0x48, 0xa0, 0xc1,
    0x64, 0xbb, 0x57, 0x60, 0xa1, 0x1, 0xc7, 0x5,
    0x5b, 0x14, 0x0,

    /* U+00B1 "±" */
    0x0, 0xf2, 0x43, 0x0, 0x7f, 0xf0, 0x35, 0xec,
    0x3, 0xff, 0xcf, 0x1f, 0xfc, 0xc0, 0x5f, 0xfd,
    0x60, 0x1f, 0xfc, 0x39, 0xcc, 0xe5, 0x2, 0xcc,
    0xe9, 0x13, 0x3f, 0x0, 0xc, 0xf8, 0x80, 0x3f,
    0xfc, 0x22, 0x67, 0xe0, 0x1, 0x9f, 0x14, 0xe6,
    0x72, 0x81, 0x66, 0x74, 0x80, 0x7f, 0xf0, 0xc0,

    /* U+00B2 "²" */
    0x0, 0x46, 0xfe, 0xb0, 0x5, 0x4e, 0xc, 0x72,
    0xe0, 0x5, 0xc, 0x9a, 0xa, 0x0, 0x7f, 0x84,
    0x1c, 0xc, 0x3, 0xd4, 0xe, 0x1, 0xcc, 0xc3,
    0x90, 0xd, 0x12, 0xb8, 0x1, 0xd, 0xbc, 0xd0,
    0x6, 0xc4, 0x3c, 0xaa, 0x80, 0x48, 0xd, 0x57,
    0x8,

    /* U+00B3 "³" */
    0x1, 0x8d, 0xfd, 0x91, 0x0, 0x6b, 0xb3, 0x5,
    0xb0, 0x5, 0x62, 0xe7, 0x0, 0x8c, 0x65, 0xc4,
    0x4a, 0x2, 0x40, 0x16, 0x75, 0x16, 0x8, 0x5,
    0xd6, 0xa5, 0x0, 0x2, 0x13, 0x4a, 0x15, 0x33,
    0x6e, 0x0, 0x42, 0xe, 0x66, 0x2c, 0x8d, 0x2,
    0x40, 0xd7, 0x17, 0x7, 0xc0,

    /* U+00B4 "´" */
    0x0, 0xf1, 0x0, 0x64, 0xd5, 0x0, 0x15, 0xd8,
    0x84, 0x1f, 0x50, 0xa9, 0xa2, 0x3, 0x3a, 0xa1,
    0xef, 0xcc, 0x1, 0x3c, 0x0, 0x70,

    /* U+00B5 "µ" */
    0xdf, 0xa0, 0xf, 0xd5, 0xfc, 0x1, 0xff, 0xff,
    0x0, 0xff, 0xed, 0x88, 0x7, 0xe1, 0x0, 0xca,
    0x1, 0xf9, 0x80, 0x30, 0xa0, 0x7, 0x8c, 0x80,
    0x3a, 0x44, 0x3, 0xf, 0x0, 0x78, 0xbe, 0x11,
    0xf, 0xe6, 0x80, 0x18, 0xc4, 0x4f, 0x76, 0x80,
    0xd1, 0x0, 0xcd, 0x8a, 0x20, 0x4f, 0xe6, 0x1,
    0xe2, 0xae, 0xfd, 0x81, 0xa, 0xfe, 0x0, 0xff,
    0xff, 0x80, 0x7f, 0x0,

    /* U+00B6 "¶" */
    0x0, 0x86, 0x33, 0xbf, 0xfe, 0x80, 0x2, 0x73,
    0x98, 0x80, 0x7f, 0x15, 0x80, 0x7d, 0xde, 0x60,
    0x14, 0x0, 0x7f, 0xf0, 0x94, 0x3, 0xff, 0x82,
    0x20, 0x1f, 0xfd, 0x11, 0x10, 0x7, 0xff, 0x9,
    0xc0, 0x3f, 0xf8, 0x50, 0x20, 0x1f, 0xfc, 0x11,
    0xc3, 0x0, 0xff, 0xe0, 0x96, 0x61, 0xd4, 0xc0,
    0x3f, 0xe3, 0x8a, 0xf0, 0xf, 0xff, 0xf8, 0x7,
    0xff, 0x64,

    /* U+00B7 "·" */
    0x6, 0x70, 0x79, 0x88, 0x68, 0x0, 0xa0, 0x86,
    0x40,

    /* U+00B8 "¸" */
    0x1, 0x84, 0x0, 0xe2, 0x7c, 0x0, 0xf9, 0x1c,
    0xc0, 0x38, 0xe3, 0x1c, 0x0, 0x7f, 0xea, 0x8,
    0x0, 0xe7, 0x0, 0x96, 0xee, 0xc0, 0x40, 0xd4,
    0x48, 0x1a, 0x80,

    /* U+00B9 "¹" */
    0x4f, 0xf8, 0xd9, 0x82, 0x0, 0x29, 0x20, 0xf,
    0xfe, 0xc8,

    /* U+00BA "º" */
    0x0, 0x97, 0x3b, 0xf5, 0xc0, 0x3a, 0xa8, 0x6a,
    0xa3, 0x8c, 0x0, 0x99, 0x47, 0x6e, 0xbc, 0xcd,
    0x40, 0xb, 0xb, 0x20, 0x0, 0xe8, 0x28, 0x81,
    0x2, 0x0, 0x61, 0x20, 0x20, 0xf, 0xfe, 0x9,
    0x2, 0x0, 0x61, 0x20, 0x20, 0xb0, 0x82, 0x0,
    0xe, 0x83, 0x8, 0x32, 0x96, 0xdd, 0xbc, 0xcd,
    0x20, 0x15, 0x50, 0xd1, 0x5, 0x18, 0x0,

    /* U+00BB "»" */
    0x0, 0xff, 0x93, 0xfc, 0x60, 0x7f, 0xe3, 0x0,
    0x22, 0x2, 0x0, 0xd0, 0x3c, 0x2, 0x80, 0x44,
    0x4, 0x81, 0xa8, 0x0, 0xd4, 0x20, 0x9, 0x82,
    0x0, 0x2b, 0x3, 0x50, 0x80, 0x26, 0x0, 0x18,
    0x0, 0x40, 0x31, 0x80, 0x20, 0xd, 0x2, 0x0,
    0x94, 0xd, 0x43, 0xc0, 0x98, 0x24, 0x1, 0xe0,
    0x86, 0x12, 0x6, 0x80, 0xa6, 0x12, 0x8, 0x80,
    0xf0, 0x0,

    /* U+00BC "¼" */
    0xff, 0xa4, 0x3, 0xc3, 0xfe, 0x50, 0x3, 0x18,
    0x7, 0xe8, 0x2, 0x50, 0x4, 0xd0, 0x7, 0xc2,
    0xc1, 0x0, 0x1f, 0xfc, 0x8, 0x3, 0x50, 0xf,
    0xf8, 0x98, 0x20, 0x3, 0xff, 0x81, 0x0, 0x68,
    0x1, 0xff, 0x12, 0x84, 0x0, 0x7f, 0xf0, 0x20,
    0x11, 0x0, 0x1f, 0xf1, 0xa8, 0x40, 0x7, 0xff,
    0x2, 0x1, 0xc, 0x3, 0xe6, 0xd8, 0x3, 0x40,
    0x80, 0x3, 0x77, 0x20, 0x2, 0x21, 0x8, 0x5,
    0x30, 0x18, 0x11, 0x80, 0x39, 0x10, 0x10, 0x0,
    0xb1, 0x60, 0xf, 0xa0, 0x14, 0x81, 0x15, 0xbc,
    0x3, 0xc8, 0x61, 0x0, 0xa, 0x18, 0x0, 0xfa,
    0x1, 0x88, 0x24, 0x60, 0x40, 0x3c, 0xa6, 0x10,
    0x6, 0xc6, 0xe2, 0x20, 0x0, 0x80, 0x20, 0x18,
    0x42, 0x80, 0xfb, 0x90, 0xd, 0xe0, 0xa4, 0x10,
    0x0, 0xbb, 0xe6, 0x5, 0xd0, 0x80, 0x71, 0x0,
    0x12, 0x26, 0xe0, 0x33, 0x4, 0xdc, 0x0, 0x7e,
    0x6b, 0xb0, 0x0,

    /* U+00BD "½" */
    0xff, 0xa0, 0x3, 0xcd, 0xfc, 0x1, 0x98, 0xc0,
    0x3f, 0x40, 0x48, 0x6, 0x9b, 0x0, 0xf9, 0xc4,
    0x4e, 0x1, 0xff, 0xc1, 0x90, 0x90, 0xf, 0xfe,
    0xb, 0x88, 0x9c, 0x3, 0xff, 0x83, 0x21, 0x20,
    0x1f, 0xfc, 0x17, 0x11, 0x38, 0x7, 0xff, 0x0,
    0x64, 0x20, 0x3, 0xff, 0x83, 0x22, 0x26, 0x0,
    0xff, 0xe0, 0xb, 0x84, 0x0, 0x7f, 0x36, 0xc8,
    0x48, 0x13, 0x1, 0xe7, 0xf5, 0x8, 0x0, 0x48,
    0x44, 0xe1, 0x0, 0x78, 0x6a, 0x4b, 0x80, 0x1d,
    0x0, 0x4a, 0x14, 0xf, 0x58, 0x44, 0x50, 0x8,
    0x58, 0x20, 0x1, 0x3f, 0x0, 0x6, 0x0, 0xe8,
    0x2, 0x50, 0xf, 0x12, 0x2, 0x0, 0x5, 0x82,
    0x0, 0x3c, 0x3e, 0x14, 0x20, 0x8, 0x2, 0x50,
    0xe, 0x3f, 0x3b, 0x50, 0x1, 0x30, 0x48, 0x7,
    0x36, 0x2f, 0xa0, 0x5, 0x0, 0x68, 0x1, 0x9e,
    0x40, 0x6e, 0xa8, 0xc4, 0xa1, 0x0, 0x1d, 0xa0,
    0x5, 0x5d, 0xe0,

    /* U+00BE "¾" */
    0x0, 0x36, 0x7f, 0x59, 0x80, 0x78, 0xea, 0x82,
    0x1, 0x3c, 0x93, 0x2a, 0x61, 0x80, 0x77, 0xa8,
    0x8, 0x6, 0x6f, 0x9b, 0x50, 0xb0, 0xc, 0x86,
    0x10, 0x1, 0x9e, 0x44, 0x46, 0xe1, 0xa0, 0x1a,
    0x41, 0xc8, 0x3, 0xcf, 0xd8, 0x54, 0xa0, 0x13,
    0x10, 0xc8, 0x7, 0xcb, 0x70, 0x10, 0x20, 0x14,
    0x4, 0x88, 0x7, 0xc4, 0x8e, 0xa5, 0x20, 0x7,
    0x11, 0x38, 0x7, 0xb7, 0x84, 0x0, 0x40, 0x40,
    0x30, 0x16, 0x1, 0xf3, 0x8c, 0x1, 0xb0, 0x60,
    0x40, 0x12, 0x80, 0x7d, 0x64, 0xdf, 0x82, 0xac,
    0x4c, 0x12, 0x1, 0xf8, 0x76, 0xa2, 0x19, 0x41,
    0x0, 0x88, 0x1, 0x9a, 0x70, 0xe, 0x57, 0x71,
    0x81, 0xa8, 0x40, 0x2, 0xd9, 0x6c, 0x3, 0xfd,
    0xe0, 0xa6, 0xa, 0xa4, 0x0, 0xff, 0x90, 0xc2,
    0xc0, 0x6c, 0xa0, 0x3, 0xfe, 0x90, 0x71, 0xb,
    0x19, 0x0, 0xff, 0x98, 0x86, 0x41, 0x54, 0xc8,
    0x1, 0xff, 0x40, 0x48, 0x8a, 0xc6, 0xc5, 0xc0,
    0x2, 0x1, 0xe7, 0x12, 0x70, 0x41, 0x16, 0xf5,
    0x81, 0xf0, 0x80, 0x61, 0x80, 0x80, 0x2, 0x5d,
    0xe8, 0x2, 0xb1, 0x0, 0xd0, 0x6, 0xa0, 0x1,
    0x44, 0xe0, 0x14, 0x0, 0xea, 0xbd, 0x0, 0xfc,
    0x77, 0xe0, 0x0,

    /* U+00BF "¿" */
    0x0, 0xfb, 0x39, 0x80, 0x3f, 0x98, 0xc6, 0x0,
    0x3f, 0x94, 0x0, 0x40, 0x1f, 0xc7, 0x51, 0xa0,
    0x1f, 0xe5, 0x71, 0x0, 0xff, 0xe5, 0xef, 0x20,
    0x7, 0xf8, 0xc4, 0x40, 0x1f, 0xe1, 0x3, 0x0,
    0xf3, 0x5f, 0x78, 0x7, 0xc5, 0xb2, 0x82, 0x4,
    0x43, 0x0, 0xde, 0x40, 0xfb, 0xfb, 0xa5, 0x0,
    0x98, 0x82, 0xe0, 0x80, 0x3e, 0xf0, 0x24, 0x0,
    0xfe, 0x20, 0x10, 0xf, 0x91, 0x4, 0x20, 0x40,
    0x1f, 0x5d, 0x97, 0x0, 0x54, 0x3, 0x98, 0x0,
    0x6c, 0x21, 0x4e, 0x40, 0x4f, 0x20, 0x48, 0x1a,
    0x21, 0x1b, 0xfb, 0x0, 0x3e, 0x0, 0x3f, 0x61,
    0x0, 0x85, 0xfc, 0x80, 0x21, 0x9e, 0xe6, 0xf7,
    0x20, 0x40, 0x0,

    /* U+00C0 "À" */
    0x0, 0xf3, 0x0, 0x7f, 0xf1, 0x6b, 0x94, 0x3,
    0xff, 0x86, 0xa3, 0x56, 0x40, 0x1f, 0xfc, 0x19,
    0xc3, 0x4d, 0x80, 0xf, 0xfe, 0x9, 0xe5, 0x13,
    0x98, 0x7, 0xff, 0x9, 0x76, 0x4, 0x3, 0xff,
    0x88, 0xe4, 0x1, 0xff, 0xc0, 0x3f, 0xf8, 0x40,
    0x3f, 0xf8, 0x36, 0x1, 0x30, 0x7, 0xff, 0x5,
    0x80, 0x2b, 0x0, 0xff, 0xe0, 0x20, 0x82, 0x1,
    0x90, 0x7, 0xfd, 0xa0, 0x34, 0x0, 0xa0, 0xf,
    0xf9, 0xc1, 0xc5, 0x1, 0x40, 0x3f, 0xca, 0x21,
    0x41, 0xc0, 0x46, 0x1, 0xfd, 0xe0, 0x46, 0xa,
    0x0, 0xb0, 0xf, 0xe5, 0x5, 0x0, 0x94, 0x18,
    0x3, 0xf2, 0x80, 0x28, 0x2, 0xe0, 0x14, 0x0,
    0xfb, 0x80, 0xc8, 0x2, 0x41, 0xd, 0x0, 0xf0,
    0xa0, 0x58, 0x7, 0x38, 0x38, 0x7, 0x9c, 0x0,
    0xc0, 0x1d, 0x40, 0x2a, 0x1, 0xd4, 0x0, 0xef,
    0xfe, 0xc0, 0x7, 0x80, 0x62, 0x30, 0xf, 0xf9,
    0x40, 0x32, 0x80, 0x37, 0x7f, 0x58, 0x1, 0x40,
    0x2a, 0x4, 0x22, 0xfc, 0x84, 0x1c, 0x0, 0x32,
    0xd, 0x0, 0xfe, 0x50, 0x41, 0xb, 0x0, 0x38,
    0x7, 0xf5, 0x80, 0x1c, 0x18, 0xc, 0x40, 0x3f,
    0x8c, 0x42, 0x80,

    /* U+00C1 "Á" */
    0x0, 0xff, 0x90, 0x40, 0x3f, 0xf8, 0x45, 0x76,
    0x20, 0xf, 0xfe, 0xc, 0x6a, 0x9, 0x0, 0x7f,
    0xc9, 0xae, 0x11, 0xc2, 0x1, 0xff, 0x41, 0x37,
    0x38, 0x7, 0xff, 0x6, 0xf6, 0x44, 0x3, 0xff,
    0x84, 0xe4, 0x1, 0xff, 0xc5, 0x3f, 0xf8, 0x40,
    0x3f, 0xf8, 0x36, 0x1, 0x30, 0x7, 0xff, 0x5,
    0x80, 0x2b, 0x0, 0xff, 0xe0, 0x20, 0x82, 0x1,
    0x90, 0x7, 0xfd, 0xa0, 0x34, 0x0, 0xa0, 0xf,
    0xf9, 0xc1, 0xc5, 0x1, 0x40, 0x3f, 0xca, 0x21,
    0x41, 0xc0, 0x46, 0x1, 0xfd, 0xe0, 0x46, 0xa,
    0x0, 0xb0, 0xf, 0xe5, 0x5, 0x0, 0x94, 0x18,
    0x3, 0xf2, 0x80, 0x28, 0x2, 0xe0, 0x14, 0x0,
    0xfb, 0x80, 0xc8, 0x2, 0x41, 0xd, 0x0, 0xf0,
    0xa0, 0x58, 0x7, 0x38, 0x38, 0x7, 0x9c, 0x0,
    0xc0, 0x1d, 0x40, 0x2a, 0x1, 0xd4, 0x0, 0xef,
    0xfe, 0xc0, 0x7, 0x80, 0x62, 0x30, 0xf, 0xf9,
    0x40, 0x32, 0x80, 0x37, 0x7f, 0x58, 0x1, 0x40,
    0x2a, 0x4, 0x22, 0xfc, 0x84, 0x1c, 0x0, 0x32,
    0xd, 0x0, 0xfe, 0x50, 0x41, 0xb, 0x0, 0x38,
    0x7, 0xf5, 0x80, 0x1c, 0x18, 0xc, 0x40, 0x3f,
    0x8c, 0x42, 0x80,

    /* U+00C2 "Â" */
    0x0, 0xfc, 0x96, 0x60, 0x1f, 0xfc, 0x11, 0xab,
    0x4c, 0x91, 0x0, 0xff, 0x27, 0x2a, 0x59, 0xb7,
    0x98, 0x7, 0xf1, 0xc, 0xda, 0x64, 0x8b, 0x0,
    0x7f, 0x2f, 0xb0, 0x4, 0xdc, 0xe0, 0x1f, 0xc6,
    0x20, 0x1c, 0x24, 0x1, 0xff, 0x1f, 0xfc, 0x20,
    0x1f, 0xfc, 0x1b, 0x0, 0x98, 0x3, 0xff, 0x82,
    0xc0, 0x15, 0x80, 0x7f, 0xf0, 0x10, 0x41, 0x0,
    0xc8, 0x3, 0xfe, 0xd0, 0x1a, 0x0, 0x50, 0x7,
    0xfc, 0xe0, 0xe2, 0x80, 0xa0, 0x1f, 0xe5, 0x10,
    0xa0, 0xe0, 0x23, 0x0, 0xfe, 0xf0, 0x23, 0x5,
    0x0, 0x58, 0x7, 0xf2, 0x82, 0x80, 0x4a, 0xc,
    0x1, 0xf9, 0x40, 0x14, 0x1, 0x70, 0xa, 0x0,
    0x7d, 0xc0, 0x64, 0x1, 0x20, 0x86, 0x80, 0x78,
    0x50, 0x2c, 0x3, 0x9c, 0x1c, 0x3, 0xce, 0x0,
    0x60, 0xe, 0xa0, 0x15, 0x0, 0xea, 0x0, 0x77,
    0xff, 0x60, 0x3, 0xc0, 0x31, 0x18, 0x7, 0xfc,
    0xa0, 0x19, 0x40, 0x1b, 0xbf, 0xac, 0x0, 0xa0,
    0x15, 0x2, 0x11, 0x7e, 0x42, 0xe, 0x0, 0x19,
    0x6, 0x80, 0x7f, 0x28, 0x20, 0x85, 0x80, 0x1c,
    0x3, 0xfa, 0xc0, 0xe, 0xc, 0x6, 0x20, 0x1f,
    0xc6, 0x21, 0x40,

    /* U+00C3 "Ã" */
    0x0, 0xf0, 0xcd, 0x10, 0x1, 0xac, 0x3, 0xfd,
    0xec, 0xba, 0xa3, 0x60, 0x1f, 0xe6, 0x1b, 0xc2,
    0xae, 0x2f, 0x0, 0xfe, 0x15, 0x43, 0xd7, 0x5b,
    0x40, 0xf, 0xe7, 0xa0, 0xa, 0x29, 0x0, 0x3f,
    0xf8, 0x7, 0xff, 0x8, 0x7, 0xff, 0x6, 0xc0,
    0x26, 0x0, 0xff, 0xe0, 0xb0, 0x5, 0x60, 0x1f,
    0xfc, 0x4, 0x10, 0x40, 0x32, 0x0, 0xff, 0xb4,
    0x6, 0x80, 0x14, 0x1, 0xff, 0x38, 0x38, 0xa0,
    0x28, 0x7, 0xf9, 0x44, 0x28, 0x38, 0x8, 0xc0,
    0x3f, 0xbc, 0x8, 0xc1, 0x40, 0x16, 0x1, 0xfc,
    0xa0, 0xa0, 0x12, 0x83, 0x0, 0x7e, 0x50, 0x5,
    0x0, 0x5c, 0x2, 0x80, 0x1f, 0x70, 0x19, 0x0,
    0x48, 0x21, 0xa0, 0x1e, 0x14, 0xb, 0x0, 0xe7,
    0x7, 0x0, 0xf3, 0x80, 0x18, 0x3, 0xa8, 0x5,
    0x40, 0x3a, 0x80, 0x1d, 0xff, 0xd8, 0x0, 0xf0,
    0xc, 0x46, 0x1, 0xff, 0x28, 0x6, 0x50, 0x6,
    0xef, 0xeb, 0x0, 0x28, 0x5, 0x40, 0x84, 0x5f,
    0x90, 0x83, 0x80, 0x6, 0x41, 0xa0, 0x1f, 0xca,
    0x8, 0x21, 0x60, 0x7, 0x0, 0xfe, 0xb0, 0x3,
    0x83, 0x1, 0x88, 0x7, 0xf1, 0x88, 0x50,

    /* U+00C4 "Ä" */
    0x0, 0xff, 0xe6, 0x67, 0x18, 0x27, 0xd8, 0x7,
    0xf8, 0xcc, 0x34, 0x1c, 0x8, 0x40, 0x1f, 0xc6,
    0x61, 0xd0, 0xf0, 0x42, 0x0, 0xff, 0x67, 0x20,
    0x2f, 0xd8, 0x7, 0xff, 0x48, 0xff, 0xe1, 0x0,
    0xff, 0xe0, 0xd8, 0x4, 0xc0, 0x1f, 0xfc, 0x16,
    0x0, 0xac, 0x3, 0xff, 0x80, 0x82, 0x8, 0x6,
    0x40, 0x1f, 0xf6, 0x80, 0xd0, 0x2, 0x80, 0x3f,
    0xe7, 0x7, 0x14, 0x5, 0x0, 0xff, 0x28, 0x85,
    0x7, 0x1, 0x18, 0x7, 0xf7, 0x81, 0x18, 0x28,
    0x2, 0xc0, 0x3f, 0x94, 0x14, 0x2, 0x50, 0x60,
    0xf, 0xca, 0x0, 0xa0, 0xb, 0x80, 0x50, 0x3,
    0xee, 0x3, 0x20, 0x9, 0x4, 0x34, 0x3, 0xc2,
    0x81, 0x60, 0x1c, 0xe0, 0xe0, 0x1e, 0x70, 0x3,
    0x0, 0x75, 0x0, 0xa8, 0x7, 0x50, 0x3, 0xbf,
    0xfb, 0x0, 0x1e, 0x1, 0x88, 0xc0, 0x3f, 0xe5,
    0x0, 0xca, 0x0, 0xdd, 0xfd, 0x60, 0x5, 0x0,
    0xa8, 0x10, 0x8b, 0xf2, 0x10, 0x70, 0x0, 0xc8,
    0x34, 0x3, 0xf9, 0x41, 0x4, 0x2c, 0x0, 0xe0,
    0x1f, 0xd6, 0x0, 0x70, 0x60, 0x31, 0x0, 0xfe,
    0x31, 0xa,

    /* U+00C5 "Å" */
    0x0, 0xff, 0xe6, 0xa7, 0x7e, 0xa0, 0x7, 0xff,
    0x0, 0xad, 0x68, 0x6c, 0x40, 0x3f, 0xe4, 0xa,
    0x5e, 0x4, 0x0, 0xff, 0x84, 0x4, 0xc, 0xc,
    0x3, 0xfe, 0x40, 0x92, 0xb0, 0x40, 0xf, 0xf8,
    0xe1, 0xb5, 0x60, 0x80, 0x3f, 0xf8, 0xf, 0xd7,
    0xce, 0x1, 0xff, 0xc2, 0x14, 0x10, 0xf, 0xfe,
    0x11, 0xff, 0xc2, 0x1, 0xff, 0xc1, 0xb0, 0x9,
    0x80, 0x3f, 0xf8, 0x2c, 0x1, 0x58, 0x7, 0xff,
    0x1, 0x4, 0x10, 0xc, 0x80, 0x3f, 0xed, 0x1,
    0xa0, 0x5, 0x0, 0x7f, 0xce, 0xe, 0x28, 0xa,
    0x1, 0xfe, 0x51, 0xa, 0xe, 0x2, 0x30, 0xf,
    0xef, 0x2, 0x30, 0x50, 0x5, 0x80, 0x7f, 0x28,
    0x28, 0x4, 0xa0, 0xc0, 0x1f, 0x94, 0x1, 0x40,
    0x17, 0x0, 0xa0, 0x7, 0xdc, 0x6, 0x40, 0x12,
    0x8, 0x68, 0x7, 0x85, 0x2, 0xc0, 0x39, 0xc1,
    0xc0, 0x3c, 0xe0, 0x6, 0x0, 0xea, 0x1, 0x50,
    0xe, 0xa0, 0x7, 0x7f, 0xf6, 0x0, 0x3c, 0x3,
    0x11, 0x80, 0x7f, 0xca, 0x1, 0x94, 0x1, 0xbb,
    0xfa, 0xc0, 0xa, 0x1, 0x50, 0x21, 0x17, 0xe4,
    0x20, 0xe0, 0x1, 0x90, 0x68, 0x7, 0xf2, 0x82,
    0x8, 0x58, 0x1, 0xc0, 0x3f, 0xac, 0x0, 0xe0,
    0xc0, 0x62, 0x1, 0xfc, 0x62, 0x14,

    /* U+00C6 "Æ" */
    0x0, 0xff, 0xb7, 0xff, 0xfe, 0x70, 0xf, 0xf3,
    0x90, 0x7, 0xff, 0x24, 0x64, 0x10, 0x0, 0xdd,
    0xdf, 0x38, 0x7, 0xf4, 0x88, 0x40, 0x4, 0x23,
    0xf0, 0x7, 0xf1, 0x38, 0x29, 0x80, 0x7f, 0xf1,
    0xe0, 0x1, 0x0, 0x1f, 0xfc, 0x73, 0x50, 0x62,
    0x0, 0xff, 0xe3, 0xf8, 0x2, 0x0, 0x3f, 0xf8,
    0xe8, 0x60, 0xe2, 0x1, 0xff, 0xc7, 0x90, 0x4,
    0x80, 0x73, 0x7f, 0xfa, 0x80, 0x3c, 0xc4, 0x10,
    0x20, 0x1f, 0xfc, 0x78, 0x1, 0x70, 0xf, 0x37,
    0xff, 0xa8, 0x3, 0xa0, 0x42, 0x0, 0x3f, 0xf8,
    0xe2, 0xe0, 0x2e, 0x1, 0xff, 0xc7, 0x80, 0x0,
    0xf7, 0xff, 0x0, 0x7f, 0xf0, 0x49, 0x80, 0x3f,
    0xf9, 0x52, 0x0, 0xcf, 0xff, 0x80, 0x3f, 0xf8,
    0x8, 0x80, 0x53, 0x0, 0xff, 0x8, 0xfc, 0x0,
    0x90, 0x1b, 0x0, 0xff, 0x37, 0x77, 0xce, 0xc4,
    0x10, 0x20, 0x1f, 0xfc, 0x70,

    /* U+00C7 "Ç" */
    0x0, 0xf3, 0x5f, 0x7f, 0xba, 0xd8, 0x3, 0xf9,
    0x7a, 0x50, 0x40, 0x2, 0x93, 0xcc, 0x1, 0xe9,
    0xa1, 0x4, 0x8a, 0xa4, 0x18, 0xc, 0xd0, 0x6,
    0x86, 0x2, 0xdb, 0x75, 0x53, 0xe6, 0x4, 0x16,
    0x40, 0x6, 0xe0, 0x7a, 0x40, 0x1e, 0x3f, 0x10,
    0x64, 0xf, 0x0, 0x68, 0x7, 0xf0, 0xd8, 0x3,
    0xcc, 0xc0, 0xe2, 0x1, 0xfe, 0x5f, 0xf5, 0xa0,
    0x2, 0x80, 0x3f, 0xf8, 0x7a, 0x0, 0x20, 0xf,
    0xfe, 0x1b, 0x1, 0x0, 0x7f, 0xf5, 0xdc, 0x8,
    0x3, 0xff, 0x88, 0x60, 0x2, 0x0, 0xff, 0xe1,
    0xe0, 0x1, 0x40, 0x3f, 0xf8, 0x68, 0x21, 0x22,
    0x1, 0xfe, 0x4d, 0xd5, 0x5, 0x80, 0xd8, 0x7,
    0xfa, 0x48, 0x9e, 0xa, 0xa0, 0x5b, 0x10, 0xf,
    0xe, 0x90, 0x22, 0x80, 0x29, 0x1, 0x3a, 0x54,
    0xcc, 0xb5, 0xc4, 0x7, 0x60, 0x1a, 0xd8, 0x0,
    0xd5, 0x98, 0xa5, 0x0, 0x3e, 0x0, 0x7a, 0x75,
    0xc8, 0x3, 0x13, 0xec, 0x0, 0x7e, 0x28, 0xdf,
    0x31, 0xfd, 0x82, 0x0, 0xff, 0xe1, 0xc, 0x28,
    0x7, 0xff, 0x15, 0xeb, 0x40, 0x3f, 0xf8, 0x59,
    0xfc, 0x44, 0x60, 0xf, 0xfe, 0x18, 0xb0, 0x8,
    0x7, 0xfc, 0x37, 0x76, 0x20, 0x28, 0x7, 0xff,
    0x1, 0x12, 0x33, 0x59, 0x0, 0x60,

    /* U+00C8 "È" */
    0x0, 0x18, 0x7, 0xf0, 0xe4, 0x88, 0x7, 0xf3,
    0x7b, 0x0, 0x78, 0x79, 0x86, 0x70, 0xc0, 0x38,
    0x67, 0x54, 0xf8, 0x3, 0xe2, 0xac, 0x40, 0xf,
    0xe3, 0x90, 0xb, 0x7f, 0xff, 0xa8, 0x3, 0xff,
    0x82, 0x9b, 0xbf, 0x58, 0x4, 0x45, 0xf0, 0x80,
    0x7f, 0xf8, 0xc8, 0xbe, 0x0, 0x93, 0x77, 0xde,
    0x1, 0xff, 0xc2, 0x4f, 0xff, 0x68, 0x7, 0xff,
    0xbc, 0x8b, 0xe1, 0x0, 0x26, 0xef, 0xd6, 0x1,
    0xff, 0x0,

    /* U+00C9 "É" */
    0x0, 0xf9, 0x0, 0x3f, 0x16, 0x48, 0x7, 0xd3,
    0xa6, 0x20, 0x1c, 0xbc, 0xc3, 0x38, 0x1, 0x86,
    0x85, 0xf9, 0x80, 0x3c, 0xdd, 0x0, 0x1f, 0xc,
    0x88, 0x7, 0xdb, 0xff, 0xfd, 0x40, 0x1f, 0xfc,
    0x14, 0xdd, 0xfa, 0xc0, 0x22, 0x2f, 0x84, 0x3,
    0xff, 0xc6, 0x45, 0xf0, 0x4, 0x9b, 0xbe, 0xf0,
    0xf, 0xfe, 0x12, 0x7f, 0xfb, 0x40, 0x3f, 0xfd,
    0xe4, 0x5f, 0x8, 0x1, 0x37, 0x7e, 0xb0, 0xf,
    0xf8,

    /* U+00CA "Ê" */
    0x0, 0xca, 0xe0, 0x1f, 0x15, 0xd4, 0x6a, 0x0,
    0x66, 0xd4, 0x57, 0x2b, 0xa0, 0xa, 0x86, 0xa9,
    0x1a, 0x6a, 0x1, 0x4f, 0x28, 0x0, 0xb2, 0x40,
    0x25, 0x0, 0xf3, 0x0, 0x37, 0xff, 0xfa, 0x80,
    0x3f, 0xf8, 0x29, 0xbb, 0xf5, 0x80, 0x44, 0x5f,
    0x8, 0x7, 0xff, 0x8c, 0x8b, 0xe0, 0x9, 0x37,
    0x7d, 0xe0, 0x1f, 0xfc, 0x24, 0xff, 0xf6, 0x80,
    0x7f, 0xfb, 0xc8, 0xbe, 0x10, 0x2, 0x6e, 0xfd,
    0x60, 0x1f, 0xf0,

    /* U+00CB "Ë" */
    0x0, 0xff, 0xe0, 0x1f, 0x60, 0x2, 0x7d, 0x80,
    0x2a, 0x13, 0x40, 0x60, 0xb0, 0xa, 0x84, 0xd0,
    0x18, 0x28, 0x2, 0x3e, 0xc0, 0x4, 0xfb, 0x80,
    0x7f, 0xf0, 0x77, 0xff, 0xfa, 0x80, 0x3f, 0xf8,
    0x29, 0xbb, 0xf5, 0x80, 0x44, 0x5f, 0x8, 0x7,
    0xff, 0x8c, 0x8b, 0xe0, 0x9, 0x37, 0x7d, 0xe0,
    0x1f, 0xfc, 0x24, 0xff, 0xf6, 0x80, 0x7f, 0xfb,
    0xc8, 0xbe, 0x10, 0x2, 0x6e, 0xfd, 0x60, 0x1f,
    0xf0,

    /* U+00CC "Ì" */
    0x40, 0xf, 0x46, 0x18, 0x6, 0x73, 0xc9, 0x10,
    0x5, 0xc8, 0xb7, 0xb0, 0x1, 0xba, 0x6, 0x48,
    0x2, 0x7e, 0x60, 0xe, 0x19, 0x20, 0x6, 0xfd,
    0x80, 0x7f, 0xff, 0xc0, 0x3f, 0xfe, 0x0,

    /* U+00CD "Í" */
    0x0, 0xe3, 0x10, 0x8, 0x67, 0xc, 0x0, 0xde,
    0xc0, 0x66, 0xc9, 0x16, 0xe1, 0xf3, 0x5d, 0x91,
    0x5, 0xca, 0x20, 0xa, 0x4c, 0x3, 0xed, 0xfb,
    0x0, 0xff, 0xff, 0x80, 0x7f, 0xfc, 0x0,

    /* U+00CE "Î" */
    0x0, 0x8a, 0x44, 0x3, 0xa3, 0x5b, 0x9c, 0x0,
    0x7c, 0xe5, 0x23, 0x1a, 0x48, 0x31, 0xad, 0xcc,
    0x4e, 0x7a, 0xe0, 0x14, 0xe3, 0x21, 0x0, 0x71,
    0x98, 0x2, 0xdf, 0xb0, 0xf, 0xff, 0xf8, 0x7,
    0xff, 0xfc, 0x3, 0xff, 0x98,

    /* U+00CF "Ï" */
    0x0, 0xff, 0x67, 0x18, 0x2f, 0xd8, 0x21, 0x8d,
    0x7, 0x2, 0x12, 0x18, 0xd0, 0x70, 0x21, 0x6,
    0x71, 0x82, 0xfd, 0x80, 0x7f, 0xf0, 0x77, 0xec,
    0x3, 0xff, 0xfe, 0x1, 0xff, 0xff, 0x0, 0xff,
    0xe6, 0x0,

    /* U+00D0 "Ð" */
    0x0, 0x2f, 0xff, 0xdd, 0x6e, 0x20, 0x1f, 0xfc,
    0x41, 0x48, 0xe9, 0x10, 0xf, 0xea, 0xdd, 0xd6,
    0xe4, 0xd, 0xe4, 0x1, 0xf9, 0x88, 0xb2, 0x46,
    0xc8, 0xe, 0x8, 0x7, 0xff, 0xd, 0xac, 0x6,
    0x80, 0x3f, 0xf8, 0x88, 0xc0, 0x86, 0x1, 0xff,
    0xc4, 0xb0, 0x5, 0x0, 0x7f, 0xf1, 0x8, 0x80,
    0x80, 0x1f, 0xfc, 0x57, 0x2, 0xc, 0xfa, 0x0,
    0x67, 0xfe, 0x90, 0xe, 0x20, 0x0, 0x80, 0x7f,
    0xf2, 0x22, 0x58, 0x0, 0xf3, 0x3a, 0x80, 0x38,
    0x40, 0x2, 0x8d, 0x80, 0xb, 0x66, 0xc6, 0x1,
    0xca, 0x4, 0x1, 0xff, 0xc4, 0x13, 0x4, 0x0,
    0xff, 0xe2, 0x48, 0x2, 0x80, 0x3f, 0xf8, 0x66,
    0xe0, 0x86, 0x1, 0xff, 0xc2, 0x4c, 0x1, 0x90,
    0xf, 0xf8, 0x49, 0xae, 0xc0, 0x3a, 0x40, 0x1f,
    0x67, 0xfd, 0xdb, 0x28, 0xb, 0xe6, 0x1, 0xff,
    0xc1, 0x14, 0x8d, 0xa1, 0x0, 0xc0,

    /* U+00D1 "Ñ" */
    0x0, 0xe7, 0xb6, 0x0, 0xe, 0x20, 0x7, 0xd1,
    0x4, 0x9a, 0x19, 0x36, 0x0, 0xf9, 0xd7, 0x9d,
    0x79, 0xd4, 0x80, 0x3c, 0x47, 0x23, 0x14, 0xaf,
    0x40, 0x1f, 0x16, 0x18, 0x1, 0x6a, 0x0, 0x3b,
    0x7f, 0x84, 0x3, 0xfb, 0xfd, 0x0, 0x1, 0xb0,
    0xf, 0xfe, 0x1a, 0xa8, 0x3, 0xff, 0x87, 0x62,
    0x1, 0xff, 0xc0, 0x31, 0x14, 0x0, 0x7f, 0xf0,
    0x1e, 0x1, 0x90, 0x3, 0xff, 0x80, 0xc8, 0x12,
    0x1, 0xff, 0xc1, 0x90, 0x28, 0x0, 0xff, 0xe0,
    0x14, 0x3, 0x98, 0x7, 0xff, 0x1, 0xcc, 0x38,
    0x3, 0xff, 0x83, 0xe0, 0x4e, 0x1, 0xff, 0xc0,
    0x37, 0x8, 0x20, 0xf, 0xfe, 0x4, 0x10, 0x70,
    0x7, 0xff, 0x7, 0x80, 0xd8, 0x3, 0xff, 0x80,
    0x6c, 0x12, 0x40, 0x1f, 0xfc, 0x9, 0x10, 0xe0,
    0xf, 0xfe, 0xd, 0x1, 0x80, 0x7f, 0xf0, 0x51,
    0x40, 0x3f, 0xf8, 0x76, 0x20, 0x1f, 0xfc, 0x21,
    0xb0, 0x8,

    /* U+00D2 "Ò" */
    0x0, 0xf8, 0x40, 0x3f, 0xf8, 0xc5, 0xec, 0x1,
    0xff, 0xc6, 0x19, 0xc3, 0x0, 0xff, 0xe1, 0x95,
    0x99, 0xb2, 0x40, 0x3f, 0xf8, 0x69, 0x94, 0x4d,
    0x80, 0x1f, 0xfc, 0x45, 0xd8, 0x70, 0xf, 0xfe,
    0x33, 0xd8, 0x7, 0xff, 0x5, 0xab, 0xbf, 0xdd,
    0x6c, 0x1, 0xfe, 0x5e, 0x95, 0x10, 0x0, 0xa4,
    0xf3, 0x0, 0x7d, 0x34, 0x20, 0x91, 0x54, 0x84,
    0x1, 0x99, 0x0, 0x74, 0x30, 0x16, 0xdb, 0xaa,
    0x9e, 0xf4, 0xc1, 0xa4, 0x2, 0x47, 0x3, 0xd2,
    0x0, 0xf1, 0x62, 0x3, 0x20, 0x2, 0x40, 0x74,
    0x3, 0xfd, 0x42, 0x12, 0x6, 0x40, 0xc2, 0x1,
    0xfe, 0x16, 0x2, 0x3b, 0x0, 0x50, 0x7, 0xff,
    0x2, 0x80, 0x16, 0x60, 0x2, 0x0, 0xff, 0xe0,
    0x10, 0x0, 0x9c, 0x8, 0x3, 0xff, 0x84, 0x40,
    0xc0, 0x1f, 0xfc, 0x87, 0x2, 0x0, 0xff, 0xe1,
    0x10, 0x31, 0x80, 0x8, 0x3, 0xff, 0x80, 0x40,
    0x2, 0xb0, 0x5, 0x0, 0x7f, 0xf0, 0x28, 0x1,
    0x66, 0x40, 0xc2, 0x1, 0xfe, 0x16, 0x2, 0x30,
    0x90, 0x1d, 0x0, 0xff, 0x50, 0x84, 0x80, 0x11,
    0xc0, 0xf0, 0x80, 0x3c, 0x58, 0x80, 0xe8, 0x1,
    0x43, 0x1, 0xed, 0xba, 0xa9, 0xef, 0x4c, 0x1a,
    0x0, 0x3a, 0x64, 0x20, 0x91, 0x54, 0x84, 0x1,
    0xa9, 0x0, 0xf9, 0xba, 0x50, 0x40, 0x2, 0x93,
    0xca, 0x1, 0x80,

    /* U+00D3 "Ó" */
    0x0, 0xff, 0xe0, 0x8, 0x7, 0xff, 0x14, 0x67,
    0x40, 0x3f, 0xf8, 0x8d, 0xec, 0x1, 0xff, 0xc3,
    0x3c, 0x91, 0x6d, 0x0, 0xff, 0xe0, 0x96, 0x1a,
    0x6c, 0x88, 0x7, 0xff, 0x8, 0xf2, 0xc8, 0x3,
    0xff, 0x86, 0x58, 0x60, 0x1f, 0xfc, 0x56, 0xae,
    0xff, 0x75, 0xb0, 0x7, 0xf9, 0x7a, 0x54, 0x40,
    0x2, 0x93, 0xcc, 0x1, 0xf4, 0xd0, 0x82, 0x45,
    0x52, 0x10, 0x6, 0x64, 0x1, 0xd0, 0xc0, 0x5b,
    0x6e, 0xaa, 0x7b, 0xd3, 0x6, 0x90, 0x9, 0x1c,
    0xf, 0x48, 0x3, 0xc5, 0x88, 0xc, 0x80, 0x9,
    0x1, 0xd0, 0xf, 0xf5, 0x8, 0x48, 0x19, 0x3,
    0x8, 0x7, 0xf8, 0x58, 0x8, 0xec, 0x1, 0x40,
    0x1f, 0xfc, 0xa, 0x0, 0x59, 0x80, 0x8, 0x3,
    0xff, 0x80, 0x40, 0x2, 0x70, 0x20, 0xf, 0xfe,
    0x11, 0x3, 0x0, 0x7f, 0xf2, 0x1c, 0x8, 0x3,
    0xff, 0x84, 0x40, 0xc6, 0x0, 0x20, 0xf, 0xfe,
    0x1, 0x0, 0xa, 0xc0, 0x14, 0x1, 0xff, 0xc0,
    0xa0, 0x5, 0x99, 0x3, 0x8, 0x7, 0xf8, 0x58,
    0x8, 0xc2, 0x40, 0x74, 0x3, 0xfd, 0x42, 0x12,
    0x0, 0x47, 0x3, 0xc2, 0x0, 0xf1, 0x62, 0x3,
    0xa0, 0x5, 0xc, 0x7, 0xb6, 0xea, 0xa7, 0xbd,
    0x30, 0x68, 0x0, 0xe9, 0x90, 0x82, 0x45, 0x52,
    0x10, 0x6, 0xa4, 0x3, 0xe6, 0xe9, 0x41, 0x0,
    0xa, 0x4f, 0x28, 0x6,

    /* U+00D4 "Ô" */
    0x0, 0xfe, 0x24, 0x0, 0xff, 0xe2, 0xc6, 0xdd,
    0x8, 0x7, 0xff, 0x5, 0x39, 0xc9, 0x17, 0x98,
    0x3, 0xff, 0x81, 0x3, 0x1b, 0x72, 0x32, 0x1,
    0xff, 0xc0, 0x4d, 0x70, 0x3, 0x7b, 0x0, 0x7f,
    0xf0, 0x20, 0x80, 0x30, 0xc8, 0x7, 0xff, 0x1,
    0xab, 0xbf, 0xdd, 0x6c, 0x1, 0xfe, 0x5e, 0x95,
    0x10, 0x0, 0xa4, 0xf3, 0x0, 0x7d, 0x34, 0x20,
    0x91, 0x54, 0x84, 0x1, 0x99, 0x0, 0x74, 0x30,
    0x16, 0xdb, 0xaa, 0x9e, 0xf4, 0xc1, 0xa4, 0x2,
    0x47, 0x3, 0xd2, 0x0, 0xf1, 0x62, 0x3, 0x20,
    0x2, 0x40, 0x74, 0x3, 0xfd, 0x42, 0x12, 0x6,
    0x40, 0xc2, 0x1, 0xfe, 0x16, 0x2, 0x3b, 0x0,
    0x50, 0x7, 0xff, 0x2, 0x80, 0x16, 0x60, 0x2,
    0x0, 0xff, 0xe0, 0x10, 0x0, 0x9c, 0x8, 0x3,
    0xff, 0x84, 0x40, 0xc0, 0x1f, 0xfc, 0x87, 0x2,
    0x0, 0xff, 0xe1, 0x10, 0x31, 0x80, 0x8, 0x3,
    0xff, 0x80, 0x40, 0x2, 0xb0, 0x5, 0x0, 0x7f,
    0xf0, 0x28, 0x1, 0x66, 0x40, 0xc2, 0x1, 0xfe,
    0x16, 0x2, 0x30, 0x90, 0x1d, 0x0, 0xff, 0x50,
    0x84, 0x80, 0x11, 0xc0, 0xf0, 0x80, 0x3c, 0x58,
    0x80, 0xe8, 0x1, 0x43, 0x1, 0xed, 0xba, 0xa9,
    0xef, 0x4c, 0x1a, 0x0, 0x3a, 0x64, 0x20, 0x91,
    0x54, 0x84, 0x1, 0xa9, 0x0, 0xf9, 0xba, 0x50,
    0x40, 0x2, 0x93, 0xca, 0x1, 0x80,

    /* U+00D5 "Õ" */
    0x0, 0xf9, 0xae, 0x4c, 0x1, 0x6c, 0x1, 0xff,
    0x3c, 0xa3, 0x66, 0xf2, 0x28, 0x7, 0xfd, 0x29,
    0xd8, 0xa4, 0x12, 0x60, 0x1f, 0xf7, 0x58, 0x9d,
    0x7f, 0x30, 0x7, 0xff, 0x51, 0xab, 0xbf, 0xdd,
    0x6c, 0x1, 0xfe, 0x5e, 0x95, 0x10, 0x0, 0xa4,
    0xf3, 0x0, 0x7d, 0x34, 0x20, 0x91, 0x54, 0x84,
    0x1, 0x99, 0x0, 0x74, 0x30, 0x16, 0xdb, 0xaa,
    0x9e, 0xf4, 0xc1, 0xa4, 0x2, 0x47, 0x3, 0xd2,
    0x0, 0xf1, 0x62, 0x3, 0x20, 0x2, 0x40, 0x74,
    0x3, 0xfd, 0x42, 0x12, 0x6, 0x40, 0xc2, 0x1,
    0xfe, 0x16, 0x2, 0x3b, 0x0, 0x50, 0x7, 0xff,
    0x2, 0x80, 0x16, 0x60, 0x2, 0x0, 0xff, 0xe0,
    0x10, 0x0, 0x9c, 0x8, 0x3, 0xff, 0x84, 0x40,
    0xc0, 0x1f, 0xfc, 0x87, 0x2, 0x0, 0xff, 0xe1,
    0x10, 0x31, 0x80, 0x8, 0x3, 0xff, 0x80, 0x40,
    0x2, 0xb0, 0x5, 0x0, 0x7f, 0xf0, 0x28, 0x1,
    0x66, 0x40, 0xc2, 0x1, 0xfe, 0x16, 0x2, 0x30,
    0x90, 0x1d, 0x0, 0xff, 0x50, 0x84, 0x80, 0x11,
    0xc0, 0xf0, 0x80, 0x3c, 0x58, 0x80, 0xe8, 0x1,
    0x43, 0x1, 0xed, 0xba, 0xa9, 0xef, 0x4c, 0x1a,
    0x0, 0x3a, 0x64, 0x20, 0x91, 0x54, 0x84, 0x1,
    0xa9, 0x0, 0xf9, 0xba, 0x50, 0x40, 0x2, 0x93,
    0xca, 0x1, 0x80,

    /* U+00D6 "Ö" */
    0x0, 0xff, 0xe7, 0x27, 0x60, 0x2, 0xbd, 0x80,
    0x3f, 0xf8, 0x1a, 0x26, 0x60, 0x50, 0xa0, 0xf,
    0xfe, 0x6, 0x89, 0x98, 0x14, 0x28, 0x3, 0xff,
    0x80, 0x9d, 0x80, 0xa, 0xf6, 0x0, 0xff, 0xea,
    0x35, 0x77, 0xfb, 0xad, 0x80, 0x3f, 0xcb, 0xd2,
    0xa2, 0x0, 0x14, 0x9e, 0x60, 0xf, 0xa6, 0x84,
    0x12, 0x2a, 0x90, 0x80, 0x33, 0x20, 0xe, 0x86,
    0x2, 0xdb, 0x75, 0x53, 0xde, 0x98, 0x34, 0x80,
    0x48, 0xe0, 0x7a, 0x40, 0x1e, 0x2c, 0x40, 0x64,
    0x0, 0x48, 0xe, 0x80, 0x7f, 0xa8, 0x42, 0x40,
    0xc8, 0x18, 0x40, 0x3f, 0xc2, 0xc0, 0x47, 0x60,
    0xa, 0x0, 0xff, 0xe0, 0x50, 0x2, 0xcc, 0x0,
    0x40, 0x1f, 0xfc, 0x2, 0x0, 0x13, 0x81, 0x0,
    0x7f, 0xf0, 0x88, 0x18, 0x3, 0xff, 0x90, 0xe0,
    0x40, 0x1f, 0xfc, 0x22, 0x6, 0x30, 0x1, 0x0,
    0x7f, 0xf0, 0x8, 0x0, 0x56, 0x0, 0xa0, 0xf,
    0xfe, 0x5, 0x0, 0x2c, 0xc8, 0x18, 0x40, 0x3f,
    0xc2, 0xc0, 0x46, 0x12, 0x3, 0xa0, 0x1f, 0xea,
    0x10, 0x90, 0x2, 0x38, 0x1e, 0x10, 0x7, 0x8b,
    0x10, 0x1d, 0x0, 0x28, 0x60, 0x3d, 0xb7, 0x55,
    0x3d, 0xe9, 0x83, 0x40, 0x7, 0x4c, 0x84, 0x12,
    0x2a, 0x90, 0x80, 0x35, 0x20, 0x1f, 0x37, 0x4a,
    0x8, 0x0, 0x52, 0x79, 0x40, 0x30,

    /* U+00D7 "×" */
    0x0, 0x40, 0x80, 0x78, 0x60, 0x2, 0x97, 0xd0,
    0xf, 0x6b, 0xc8, 0x3, 0x80, 0xf0, 0x3, 0x61,
    0x80, 0x80, 0x1e, 0x0, 0xec, 0x1, 0x86, 0xf,
    0x0, 0x13, 0xb8, 0x12, 0xec, 0x60, 0xd0, 0x1,
    0xd0, 0xe0, 0x88, 0x6, 0x90, 0xf, 0xa0, 0x40,
    0x3, 0x20, 0x1f, 0xac, 0x40, 0x3, 0x40, 0x1f,
    0x52, 0x2, 0xb0, 0x2d, 0x0, 0x75, 0x28, 0x2d,
    0x4a, 0x82, 0xc8, 0x5, 0x4a, 0xb, 0x40, 0xa,
    0x50, 0x69, 0x0, 0x18, 0x25, 0x0, 0x6a, 0x50,
    0x30, 0x4, 0xca, 0xc0, 0x3d, 0x53, 0x40,

    /* U+00D8 "Ø" */
    0x0, 0xf9, 0xab, 0xbf, 0xdb, 0x4a, 0x1, 0x3f,
    0xc8, 0x7, 0x97, 0xa5, 0x44, 0x0, 0x4b, 0x5c,
    0xa9, 0xb, 0x20, 0x1d, 0x34, 0x20, 0x91, 0x57,
    0x2a, 0x3, 0x56, 0x94, 0x1, 0xd0, 0xc0, 0x5b,
    0x6e, 0xa8, 0xd5, 0xa6, 0x1, 0xf9, 0x1c, 0xf,
    0x48, 0x3, 0xc6, 0x20, 0x4, 0x60, 0xd, 0x20,
    0x3a, 0x1, 0xf0, 0xe1, 0x58, 0x85, 0x80, 0x46,
    0x40, 0xc2, 0x1, 0xf6, 0x95, 0xa4, 0x81, 0x20,
    0x2, 0xc0, 0x14, 0x1, 0xf5, 0x9d, 0x20, 0x28,
    0x3, 0x0, 0x6, 0x0, 0x20, 0xf, 0x52, 0x4a,
    0x80, 0x8, 0x40, 0x80, 0xe, 0x4, 0x1, 0xe9,
    0x57, 0x60, 0xc, 0x60, 0xc0, 0x1f, 0xe7, 0x66,
    0x40, 0x7, 0xf9, 0x80, 0xc0, 0x33, 0x42, 0xc8,
    0x7, 0x88, 0x18, 0x1, 0xa0, 0x24, 0x0, 0x59,
    0x4a, 0x0, 0xf1, 0x0, 0x34, 0x0, 0x80, 0x5,
    0x4, 0xa3, 0xb0, 0xf, 0xa8, 0x0, 0x80, 0x3,
    0x30, 0x4a, 0x59, 0x68, 0x7, 0xc2, 0xc0, 0x66,
    0x0, 0xbc, 0x6, 0xc7, 0x4, 0x3, 0xea, 0x10,
    0xf0, 0xc, 0x6e, 0x0, 0x23, 0x0, 0xf1, 0x62,
    0x4, 0x18, 0x6, 0x15, 0x0, 0x1e, 0xd3, 0x22,
    0xbd, 0xe9, 0x83, 0xb8, 0x3, 0xa8, 0xae, 0x84,
    0x16, 0x6e, 0xa1, 0x0, 0x6a, 0x0, 0x3a, 0x52,
    0x11, 0x7a, 0x94, 0x80, 0x2, 0x93, 0xca, 0x1,
    0xc0,

    /* U+00D9 "Ù" */
    0x0, 0xc8, 0x1, 0xff, 0xc2, 0x8c, 0x30, 0xf,
    0xfe, 0x3, 0x1e, 0x50, 0x80, 0x7f, 0xaa, 0x45,
    0x79, 0x80, 0x3f, 0xcd, 0xd0, 0x12, 0x60, 0x1f,
    0xf3, 0xf3, 0x8, 0x7, 0xff, 0x0, 0x64, 0x80,
    0x37, 0x7d, 0x0, 0x7f, 0x67, 0xe0, 0x7, 0xff,
    0xfc, 0x3, 0xff, 0xfe, 0x1, 0xff, 0xd2, 0x20,
    0x10, 0xf, 0xe1, 0x7, 0x70, 0x28, 0x7, 0xf1,
    0x1, 0x68, 0xa, 0x0, 0x7c, 0xc0, 0xd, 0x61,
    0xa, 0x20, 0xe, 0x39, 0x2, 0x40, 0xa0, 0x1d,
    0xa6, 0x56, 0xac, 0x0, 0x70, 0x1, 0x28, 0x41,
    0x66, 0xa5, 0x40, 0x70, 0xc0, 0x25, 0xf8, 0x31,
    0x1, 0x49, 0xe3, 0x0, 0x0,

    /* U+00DA "Ú" */
    0x0, 0xfe, 0x31, 0x0, 0xff, 0x86, 0x70, 0x80,
    0x3f, 0xcd, 0xec, 0x2, 0x1, 0xf8, 0xf2, 0x45,
    0xb8, 0x80, 0x3f, 0x79, 0xa6, 0xc8, 0x80, 0x7f,
    0x2e, 0x59, 0x0, 0x7f, 0xd2, 0x60, 0x1f, 0xdd,
    0xf4, 0x1, 0xfd, 0x9f, 0x80, 0x1f, 0xff, 0xf0,
    0xf, 0xff, 0xf8, 0x7, 0xff, 0x48, 0x80, 0x40,
    0x3f, 0x84, 0x1d, 0xc0, 0xa0, 0x1f, 0xc4, 0x5,
    0xa0, 0x28, 0x1, 0xf3, 0x0, 0x35, 0x84, 0x28,
    0x80, 0x38, 0xe4, 0x9, 0x2, 0x80, 0x76, 0x99,
    0x5a, 0xb0, 0x1, 0xc0, 0x4, 0xa1, 0x5, 0x9a,
    0x95, 0x1, 0xc3, 0x0, 0x97, 0xe0, 0xc4, 0x5,
    0x27, 0x8c, 0x0,

    /* U+00DB "Û" */
    0x0, 0xf1, 0x49, 0x0, 0x7f, 0xd1, 0xad, 0xae,
    0x1, 0xf8, 0xf9, 0xca, 0x46, 0x34, 0x80, 0x3c,
    0xa2, 0xfa, 0xdc, 0xe4, 0xe0, 0x1e, 0x5d, 0x80,
    0xa, 0x31, 0x80, 0x3c, 0x64, 0x1, 0xc6, 0x60,
    0xb, 0xbe, 0x80, 0x3f, 0xb3, 0xf0, 0x3, 0xff,
    0xfe, 0x1, 0xff, 0xff, 0x0, 0xff, 0xe9, 0x10,
    0x8, 0x7, 0xf0, 0x83, 0xb8, 0x14, 0x3, 0xf8,
    0x80, 0xb4, 0x5, 0x0, 0x3e, 0x60, 0x6, 0xb0,
    0x85, 0x10, 0x7, 0x1c, 0x81, 0x20, 0x50, 0xe,
    0xd3, 0x2b, 0x56, 0x0, 0x38, 0x0, 0x94, 0x20,
    0xb3, 0x52, 0xa0, 0x38, 0x60, 0x12, 0xfc, 0x18,
    0x80, 0xa4, 0xf1, 0x80, 0x0,

    /* U+00DC "Ü" */
    0x0, 0xff, 0xe3, 0xe7, 0x18, 0x27, 0xd8, 0x7,
    0xc6, 0x61, 0xa0, 0xe0, 0x42, 0x0, 0xf1, 0x98,
    0x74, 0x3c, 0x10, 0x80, 0x3e, 0xce, 0x40, 0x5f,
    0xb0, 0xf, 0xfe, 0x3f, 0x7d, 0x0, 0x7f, 0x67,
    0xe0, 0x7, 0xff, 0xfc, 0x3, 0xff, 0xfe, 0x1,
    0xff, 0xd2, 0x20, 0x10, 0xf, 0xe1, 0x7, 0x70,
    0x28, 0x7, 0xf1, 0x1, 0x68, 0xa, 0x0, 0x7c,
    0xc0, 0xd, 0x61, 0xa, 0x20, 0xe, 0x39, 0x2,
    0x40, 0xa0, 0x1d, 0xa6, 0x56, 0xac, 0x0, 0x70,
    0x1, 0x28, 0x41, 0x66, 0xa5, 0x40, 0x70, 0xc0,
    0x25, 0xf8, 0x31, 0x1, 0x49, 0xe3, 0x0, 0x0,

    /* U+00DD "Ý" */
    0x0, 0xff, 0x20, 0x7, 0xff, 0x4, 0xae, 0x80,
    0x3f, 0xf8, 0x11, 0xa8, 0x60, 0x1f, 0xe5, 0xe7,
    0x18, 0xd0, 0xf, 0xf5, 0xb, 0xfb, 0x80, 0x7f,
    0xcb, 0xd0, 0x20, 0x1f, 0xfc, 0xa, 0x10, 0xf,
    0xe3, 0xff, 0x48, 0x7, 0xe4, 0xff, 0x41, 0xa0,
    0x30, 0x80, 0x7d, 0xe0, 0x9, 0x8, 0x0, 0x48,
    0x7, 0x8d, 0x1, 0xc4, 0xd, 0x41, 0xc4, 0x3,
    0xa4, 0x1, 0x20, 0x14, 0x0, 0x18, 0x3, 0x12,
    0x83, 0x88, 0x4, 0x4a, 0x12, 0x1, 0xa0, 0x1,
    0x20, 0x1d, 0x0, 0x2e, 0x0, 0x15, 0x7, 0x10,
    0xe, 0x26, 0x9, 0x0, 0x40, 0xc, 0x0, 0x7d,
    0x60, 0x2c, 0x2c, 0x12, 0x1, 0xf8, 0x98, 0x2e,
    0x40, 0x5c, 0x3, 0xfa, 0x0, 0x9c, 0x24, 0x3,
    0xfc, 0x2c, 0x0, 0x17, 0x0, 0xff, 0xac, 0x0,
    0xc0, 0x1f, 0xfc, 0x3, 0x0, 0x78, 0x7, 0xff,
    0xfc, 0x3, 0xff, 0x9e,

    /* U+00DE "Þ" */
    0xdf, 0xb0, 0xf, 0xff, 0x5a, 0x7f, 0xee, 0xc8,
    0x10, 0xf, 0xf0, 0x9b, 0xfa, 0x0, 0x64, 0xee,
    0xdb, 0x2, 0x2b, 0x20, 0xc, 0x23, 0x89, 0xf0,
    0x1, 0x20, 0x1f, 0xe2, 0x50, 0x40, 0xf, 0xfb,
    0x40, 0x4, 0x1, 0xff, 0xcc, 0xd0, 0x1, 0x0,
    0x7f, 0x12, 0x82, 0x0, 0x61, 0x1c, 0x6f, 0xa0,
    0x8, 0x0, 0x93, 0xbb, 0x64, 0x0, 0x28, 0xc0,
    0x3f, 0x9, 0xbf, 0x28, 0x6, 0x4f, 0xfd, 0xd9,
    0x2, 0x1, 0xff, 0xe1,

    /* U+00DF "ß" */
    0x0, 0xc2, 0xae, 0xe6, 0x30, 0xf, 0xe1, 0xae,
    0xa8, 0x84, 0xe6, 0xa0, 0x7, 0x87, 0x14, 0x0,
    0x46, 0x20, 0x56, 0xa0, 0x1d, 0x64, 0xd, 0xfb,
    0x9d, 0x62, 0x14, 0x20, 0x19, 0x40, 0xe4, 0x3,
    0x25, 0x80, 0x14, 0x2, 0x30, 0x5, 0x0, 0x79,
    0x80, 0x2, 0x1, 0x38, 0x0, 0x80, 0x3d, 0x60,
    0x4, 0x0, 0x84, 0x0, 0xe0, 0x1c, 0xae, 0xe,
    0x20, 0x1f, 0xf3, 0x50, 0x2c, 0x0, 0x7f, 0xcb,
    0x20, 0xf4, 0x1, 0xff, 0xc0, 0xb0, 0x58, 0x0,
    0xff, 0xe0, 0x8, 0x80, 0xc0, 0x3f, 0xf8, 0x22,
    0x40, 0xd4, 0x60, 0x1f, 0xfc, 0xf, 0x10, 0x5c,
    0xd7, 0x0, 0xff, 0x17, 0x41, 0x1, 0x47, 0x10,
    0x7, 0xf9, 0xf7, 0x14, 0x7, 0xc0, 0x3f, 0xf8,
    0x7, 0x4e, 0x4, 0x80, 0x1d, 0x1f, 0xe1, 0x0,
    0xd6, 0x0, 0x20, 0xe, 0xc0, 0x3, 0x0, 0x66,
    0x0, 0x18, 0x7, 0x21, 0x84, 0x40, 0xc9, 0x6c,
    0x5, 0x40, 0x3d, 0xc4, 0xf, 0x9b, 0x42, 0x14,
    0x1, 0xf1, 0x6c, 0x18, 0x0, 0x5b, 0x50, 0x0,

    /* U+00E0 "à" */
    0x0, 0xe2, 0x0, 0xff, 0xe1, 0xf5, 0x90, 0x7,
    0xff, 0x5, 0xd3, 0x60, 0x3, 0xff, 0x81, 0x70,
    0xf, 0xa8, 0x1, 0xff, 0x3f, 0x31, 0x59, 0x80,
    0x7f, 0xc3, 0x3a, 0x80, 0x1f, 0xfc, 0x22, 0xb3,
    0x0, 0xfc, 0x97, 0xbf, 0xd6, 0x80, 0xc, 0xfc,
    0x0, 0xe, 0x5a, 0x10, 0xa, 0x5d, 0x84, 0x3,
    0xb0, 0xc0, 0x5e, 0xa8, 0xe2, 0x94, 0x1, 0xa8,
    0x81, 0x7a, 0x15, 0x51, 0xca, 0x86, 0x0, 0x15,
    0x3, 0xa0, 0xf, 0x51, 0x80, 0x4c, 0x0, 0x80,
    0xf, 0xd0, 0x1, 0x68, 0x1, 0x0, 0x3f, 0x20,
    0x4, 0xc0, 0x40, 0x1f, 0xe2, 0x0, 0x38, 0x7,
    0xff, 0xc, 0x40, 0x80, 0x3f, 0xc4, 0x0, 0xc0,
    0x2, 0x0, 0x7e, 0x40, 0x9, 0xc0, 0x12, 0x1,
    0xfa, 0x40, 0x21, 0x60, 0x2b, 0x0, 0xf5, 0x90,
    0x6, 0x92, 0x4, 0xe8, 0x56, 0x8e, 0x45, 0x30,
    0xd, 0x86, 0x2, 0xf5, 0x2e, 0x2b, 0x40, 0x1c,
    0x39, 0x48, 0x20, 0x2b, 0x74, 0x1, 0x80,

    /* U+00E1 "á" */
    0x0, 0xff, 0x8, 0x80, 0x3f, 0xf8, 0x2f, 0xc4,
    0x1, 0xff, 0x1e, 0xc0, 0x8, 0x7, 0xf0, 0xd6,
    0x12, 0x61, 0x0, 0x7f, 0x52, 0x95, 0xd8, 0xc0,
    0x3f, 0xc3, 0x3a, 0x80, 0x1f, 0xfc, 0xa, 0x60,
    0xf, 0xfe, 0xa, 0x5e, 0xff, 0x5a, 0x0, 0x33,
    0xf0, 0x0, 0x39, 0x68, 0x40, 0x29, 0x76, 0x10,
    0xe, 0xc3, 0x1, 0x7a, 0xa3, 0x8a, 0x50, 0x6,
    0xa2, 0x5, 0xe8, 0x55, 0x47, 0x2a, 0x18, 0x0,
    0x54, 0xe, 0x80, 0x3d, 0x46, 0x1, 0x30, 0x2,
    0x0, 0x3f, 0x40, 0x5, 0xa0, 0x4, 0x0, 0xfc,
    0x80, 0x13, 0x1, 0x0, 0x7f, 0x88, 0x0, 0xe0,
    0x1f, 0xfc, 0x31, 0x2, 0x0, 0xff, 0x10, 0x3,
    0x0, 0x8, 0x1, 0xf9, 0x0, 0x27, 0x0, 0x48,
    0x7, 0xe9, 0x0, 0x85, 0x80, 0xac, 0x3, 0xd6,
    0x40, 0x1a, 0x48, 0x13, 0xa1, 0x5a, 0x39, 0x14,
    0xc0, 0x36, 0x18, 0xb, 0xd4, 0xb8, 0xad, 0x0,
    0x70, 0xe5, 0x20, 0x80, 0xad, 0xd0, 0x6,

    /* U+00E2 "â" */
    0x0, 0xf8, 0x5c, 0x40, 0x3f, 0xf8, 0xd, 0xf1,
    0xea, 0x1, 0xfc, 0x59, 0x20, 0xc3, 0x56, 0x20,
    0x1f, 0x21, 0xaf, 0xcf, 0x2a, 0x20, 0x3, 0xe2,
    0xba, 0x10, 0x1a, 0xb1, 0x0, 0xf9, 0x10, 0x1,
    0xc8, 0x80, 0xf, 0x92, 0xf7, 0xfa, 0xd0, 0x1,
    0x9f, 0x80, 0x1, 0xcb, 0x42, 0x1, 0x4b, 0xb0,
    0x80, 0x76, 0x18, 0xb, 0xd5, 0x1c, 0x52, 0x80,
    0x35, 0x10, 0x2f, 0x42, 0xaa, 0x39, 0x50, 0xc0,
    0x2, 0xa0, 0x74, 0x1, 0xea, 0x30, 0x9, 0x80,
    0x10, 0x1, 0xfa, 0x0, 0x2d, 0x0, 0x20, 0x7,
    0xe4, 0x0, 0x98, 0x8, 0x3, 0xfc, 0x40, 0x7,
    0x0, 0xff, 0xe1, 0x88, 0x10, 0x7, 0xf8, 0x80,
    0x18, 0x0, 0x40, 0xf, 0xc8, 0x1, 0x38, 0x2,
    0x40, 0x3f, 0x48, 0x4, 0x2c, 0x5, 0x60, 0x1e,
    0xb2, 0x0, 0xd2, 0x40, 0x9d, 0xa, 0xd1, 0xc8,
    0xa6, 0x1, 0xb0, 0xc0, 0x5e, 0xa5, 0xc5, 0x68,
    0x3, 0x87, 0x29, 0x4, 0x5, 0x6e, 0x80, 0x30,

    /* U+00E3 "ã" */
    0x0, 0xe8, 0xef, 0xed, 0xce, 0xd0, 0xf, 0x99,
    0xc8, 0xcc, 0x46, 0x5e, 0x1, 0xf3, 0x7e, 0x63,
    0x7f, 0xd8, 0x40, 0x1f, 0xfc, 0xb4, 0xbd, 0xfe,
    0xb4, 0x0, 0x67, 0xe0, 0x0, 0x72, 0xd0, 0x80,
    0x52, 0xec, 0x20, 0x1d, 0x86, 0x2, 0xf5, 0x47,
    0x14, 0xa0, 0xd, 0x44, 0xb, 0xd0, 0xaa, 0x8e,
    0x54, 0x30, 0x0, 0xa8, 0x1d, 0x0, 0x7a, 0x8c,
    0x2, 0x60, 0x4, 0x0, 0x7e, 0x80, 0xb, 0x40,
    0x8, 0x1, 0xf9, 0x0, 0x26, 0x2, 0x0, 0xff,
    0x10, 0x1, 0xc0, 0x3f, 0xf8, 0x62, 0x4, 0x1,
    0xfe, 0x20, 0x6, 0x0, 0x10, 0x3, 0xf2, 0x0,
    0x4e, 0x0, 0x90, 0xf, 0xd2, 0x1, 0xb, 0x1,
    0x58, 0x7, 0xac, 0x80, 0x34, 0x90, 0x27, 0x42,
    0xb4, 0x72, 0x29, 0x80, 0x6c, 0x30, 0x17, 0xa9,
    0x71, 0x5a, 0x0, 0xe1, 0xca, 0x41, 0x1, 0x5b,
    0xa0, 0xc,

    /* U+00E4 "ä" */
    0x0, 0xeb, 0xe4, 0x4, 0xeb, 0x0, 0xfc, 0x68,
    0x3c, 0x1c, 0x28, 0x60, 0x1f, 0x19, 0x83, 0x83,
    0x80, 0xcc, 0x1, 0xfb, 0x3d, 0x1, 0x3f, 0x0,
    0x3f, 0xf9, 0x89, 0x7b, 0xfd, 0x68, 0x0, 0xcf,
    0xc0, 0x0, 0xe5, 0xa1, 0x0, 0xa5, 0xd8, 0x40,
    0x3b, 0xc, 0x5, 0xea, 0x8e, 0x29, 0x40, 0x1a,
    0x88, 0x17, 0xa1, 0x55, 0x1c, 0xa8, 0x60, 0x1,
    0x50, 0x3a, 0x0, 0xf5, 0x18, 0x4, 0xc0, 0x8,
    0x0, 0xfd, 0x0, 0x16, 0x80, 0x10, 0x3, 0xf2,
    0x0, 0x4c, 0x4, 0x1, 0xfe, 0x20, 0x3, 0x80,
    0x7f, 0xf0, 0xc4, 0x8, 0x3, 0xfc, 0x40, 0xc,
    0x0, 0x20, 0x7, 0xe4, 0x0, 0x9c, 0x1, 0x20,
    0x1f, 0xa4, 0x2, 0x16, 0x2, 0xb0, 0xf, 0x59,
    0x0, 0x69, 0x20, 0x4e, 0x85, 0x68, 0xe4, 0x53,
    0x0, 0xd8, 0x60, 0x2f, 0x52, 0xe2, 0xb4, 0x1,
    0xc3, 0x94, 0x82, 0x2, 0xb7, 0x40, 0x18,

    /* U+00E5 "å" */
    0x0, 0xff, 0xe5, 0x27, 0x7f, 0x20, 0x7, 0xf8,
    0xad, 0x69, 0x6c, 0x40, 0x3f, 0x90, 0x29, 0x68,
    0x1c, 0x3, 0xfe, 0x10, 0xf, 0xfe, 0xa, 0x84,
    0x94, 0x2, 0x0, 0x7f, 0x1c, 0x36, 0xb4, 0x10,
    0x7, 0xf9, 0xfa, 0xf9, 0xc0, 0x3f, 0xf8, 0x2,
    0x82, 0x1, 0xfe, 0x4b, 0xdf, 0xeb, 0x40, 0x6,
    0x7e, 0x0, 0x7, 0x2d, 0x8, 0x5, 0x2e, 0xc2,
    0x1, 0xd8, 0x60, 0x2f, 0x54, 0x71, 0x4a, 0x0,
    0xd4, 0x40, 0xbd, 0xa, 0xa8, 0xe5, 0x43, 0x0,
    0xa, 0x81, 0xd0, 0x7, 0xa8, 0xc0, 0x26, 0x0,
    0x40, 0x7, 0xe8, 0x0, 0xb4, 0x0, 0x80, 0x1f,
    0x90, 0x2, 0x60, 0x20, 0xf, 0xf1, 0x0, 0x1c,
    0x3, 0xff, 0x86, 0x20, 0x40, 0x1f, 0xe2, 0x0,
    0x60, 0x1, 0x0, 0x3f, 0x20, 0x4, 0xe0, 0x9,
    0x0, 0xfd, 0x20, 0x10, 0xb0, 0x15, 0x80, 0x7a,
    0xc8, 0x3, 0x49, 0x2, 0x74, 0x2b, 0x47, 0x22,
    0x98, 0x6, 0xc3, 0x1, 0x7a, 0x97, 0x15, 0xa0,
    0xe, 0x1c, 0xa4, 0x10, 0x15, 0xba, 0x0, 0xc0,

    /* U+00E6 "æ" */
    0x0, 0xc9, 0x5b, 0xfd, 0x6a, 0x0, 0xaf, 0x70,
    0x3, 0x67, 0x7e, 0xd2, 0x0, 0x78, 0x6e, 0xca,
    0x40, 0x29, 0x58, 0x20, 0x11, 0x6c, 0x98, 0x81,
    0x2d, 0xd8, 0x3, 0xb1, 0x0, 0xa2, 0xed, 0x4,
    0x78, 0x0, 0xec, 0x23, 0x9c, 0xb8, 0x20, 0x4c,
    0x0, 0xa4, 0x81, 0xb5, 0xd1, 0xf, 0xaa, 0x4a,
    0xc, 0x2f, 0x8c, 0x68, 0xfa, 0xc0, 0x70, 0x2,
    0xc0, 0x72, 0x1, 0xea, 0x30, 0x9, 0x60, 0x3,
    0xd2, 0x60, 0xc0, 0xc0, 0x8, 0x0, 0xfd, 0x0,
    0x14, 0x0, 0x7e, 0x90, 0x14, 0xd0, 0x2, 0x0,
    0x7e, 0x40, 0x0, 0x90, 0x7, 0xe7, 0x0, 0x18,
    0x81, 0x0, 0x7f, 0x88, 0x7, 0xff, 0xfb, 0x40,
    0x1e, 0x1, 0xff, 0xc4, 0x11, 0xff, 0xe0, 0x70,
    0x81, 0x0, 0x7f, 0x88, 0x7, 0xbb, 0xff, 0x80,
    0xd8, 0x0, 0x40, 0xf, 0xc8, 0x0, 0x12, 0x0,
    0xff, 0xe0, 0x38, 0x2, 0x0, 0x3f, 0x40, 0x5,
    0x20, 0x1f, 0xb7, 0xfc, 0x2, 0xc0, 0x74, 0x1,
    0xea, 0x30, 0x9, 0x24, 0x3, 0xd0, 0x40, 0xc0,
    0x9, 0x20, 0x5d, 0x74, 0x43, 0xea, 0xa2, 0x1,
    0xc9, 0xb5, 0xd1, 0xd, 0xae, 0x5, 0x20, 0x16,
    0x20, 0x14, 0x5d, 0xa0, 0x96, 0xc0, 0x1f, 0xe3,
    0x28, 0xbb, 0x49, 0x1, 0xe0, 0x6, 0x1b, 0xa4,
    0x10, 0x15, 0xba, 0x0, 0xc5, 0x94, 0x82, 0x2,
    0x95, 0x82, 0x0,

    /* U+00E7 "ç" */
    0x0, 0xc9, 0x5b, 0xfe, 0xd8, 0x20, 0xe, 0x1b,
    0xb2, 0x90, 0x0, 0x9f, 0x5c, 0x3, 0x62, 0x2,
    0x56, 0x53, 0x80, 0x21, 0xc0, 0x14, 0x41, 0x36,
    0xa6, 0xb1, 0xa2, 0x10, 0x22, 0x50, 0x56, 0x0,
    0xe2, 0xb0, 0x4, 0xb0, 0x2, 0x0, 0x3e, 0x5c,
    0xba, 0xd0, 0x1, 0x0, 0x7e, 0x34, 0x21, 0x2,
    0x0, 0xff, 0xe7, 0x88, 0x10, 0x7, 0xff, 0x3,
    0x40, 0x4, 0x1, 0xf8, 0xcc, 0x4c, 0x0, 0xb0,
    0xf, 0x97, 0x31, 0x42, 0xc0, 0xcc, 0x0, 0xe1,
    0xb0, 0x4, 0x84, 0x10, 0x4d, 0x29, 0xa4, 0x78,
    0x84, 0x88, 0xe, 0x18, 0x2d, 0x65, 0xb8, 0x84,
    0xb0, 0x4, 0x39, 0x4a, 0x20, 0x2, 0x7d, 0x60,
    0xf, 0x2d, 0x50, 0x23, 0x60, 0x80, 0x3f, 0xeb,
    0x72, 0x0, 0xff, 0xe0, 0x1c, 0x6b, 0x0, 0x7f,
    0x27, 0xfa, 0x82, 0x0, 0x3f, 0xf8, 0xe, 0x2,
    0x1, 0xf9, 0xae, 0xec, 0x5, 0x0, 0xfd, 0xe8,
    0x90, 0x35, 0x0, 0x40,

    /* U+00E8 "è" */
    0x0, 0xc4, 0x1, 0xff, 0xc3, 0xad, 0x30, 0xf,
    0xfe, 0x11, 0x65, 0x8, 0x7, 0xfd, 0x14, 0x2b,
    0xcc, 0x1, 0xff, 0x2f, 0x40, 0x4b, 0x0, 0x7f,
    0xf0, 0x1f, 0x98, 0x3, 0xff, 0x84, 0x32, 0xc0,
    0x1f, 0xc9, 0x5b, 0xfd, 0x8e, 0x20, 0x1e, 0x1b,
    0xb2, 0x90, 0x9, 0xc7, 0x30, 0x7, 0x62, 0x2,
    0x56, 0x5b, 0x88, 0x4b, 0x0, 0x54, 0x41, 0x36,
    0xa6, 0x91, 0xe6, 0x12, 0x40, 0x2a, 0xc, 0xc0,
    0xe, 0x1d, 0x0, 0x58, 0x30, 0x2, 0xc0, 0x3e,
    0x15, 0x7, 0xd, 0x1, 0x2, 0x2f, 0xc6, 0x2,
    0x2, 0x3, 0xbb, 0xfc, 0xc0, 0x2, 0x0, 0xff,
    0xe1, 0x98, 0x80, 0xff, 0xff, 0xf0, 0x7, 0x40,
    0x44, 0x1, 0xff, 0xc0, 0x60, 0x4, 0x80, 0x7c,
    0x5f, 0xea, 0x1, 0x60, 0x76, 0x0, 0xe1, 0xf0,
    0x4, 0x80, 0x24, 0x82, 0x6d, 0x8d, 0x23, 0xc8,
    0x1c, 0xc0, 0x2c, 0x40, 0x49, 0xcb, 0x71, 0x8,
    0x80, 0x6, 0x1b, 0xb2, 0x90, 0x0, 0x9b, 0x5c,
    0x2,

    /* U+00E9 "é" */
    0x0, 0xff, 0x10, 0x7, 0xff, 0x5, 0x35, 0x0,
    0x3f, 0xe2, 0xbb, 0x10, 0x7, 0xfd, 0x1a, 0x85,
    0x6c, 0x1, 0xfd, 0xe, 0x33, 0xa8, 0x1, 0xff,
    0x3f, 0x30, 0x7, 0xff, 0x2, 0x20, 0x1, 0xff,
    0xc2, 0x4a, 0xdf, 0xec, 0x71, 0x0, 0xf0, 0xdd,
    0x94, 0x80, 0x4e, 0x39, 0x80, 0x3b, 0x10, 0x12,
    0xb2, 0xdc, 0x42, 0x58, 0x2, 0xa2, 0x9, 0xb5,
    0x34, 0x8f, 0x30, 0x92, 0x1, 0x50, 0x66, 0x0,
    0x70, 0xe8, 0x2, 0xc1, 0x80, 0x16, 0x1, 0xf0,
    0xa8, 0x38, 0x68, 0x8, 0x11, 0x7e, 0x30, 0x10,
    0x10, 0x1d, 0xdf, 0xe6, 0x0, 0x10, 0x7, 0xff,
    0xc, 0xc4, 0x7, 0xff, 0xff, 0x80, 0x3a, 0x2,
    0x20, 0xf, 0xfe, 0x3, 0x0, 0x24, 0x3, 0xe2,
    0xff, 0x50, 0xb, 0x3, 0xb0, 0x7, 0xf, 0x80,
    0x24, 0x1, 0x24, 0x13, 0x6c, 0x69, 0x1e, 0x40,
    0xe6, 0x1, 0x62, 0x2, 0x4e, 0x5b, 0x88, 0x44,
    0x0, 0x30, 0xdd, 0x94, 0x80, 0x4, 0xda, 0xe0,
    0x10,

    /* U+00EA "ê" */
    0x0, 0xf9, 0x88, 0x3, 0xff, 0x80, 0x9b, 0x3b,
    0x0, 0x1f, 0xea, 0xb2, 0x62, 0x7d, 0x30, 0xf,
    0x8d, 0x4f, 0x67, 0x5c, 0xa8, 0x3, 0xe1, 0x9c,
    0x20, 0x4, 0x6f, 0x80, 0x7c, 0x4c, 0x1, 0xc4,
    0xc0, 0x1f, 0x92, 0xb7, 0xfb, 0x1c, 0x40, 0x3c,
    0x37, 0x65, 0x20, 0x13, 0x8e, 0x60, 0xe, 0xc4,
    0x4, 0xac, 0xb7, 0x10, 0x96, 0x0, 0xa8, 0x82,
    0x6d, 0x4d, 0x23, 0xcc, 0x24, 0x80, 0x54, 0x19,
    0x80, 0x1c, 0x3a, 0x0, 0xb0, 0x60, 0x5, 0x80,
    0x7c, 0x2a, 0xe, 0x1a, 0x2, 0x4, 0x5f, 0x8c,
    0x4, 0x4, 0x7, 0x77, 0xf9, 0x80, 0x4, 0x1,
    0xff, 0xc3, 0x31, 0x1, 0xff, 0xff, 0xe0, 0xe,
    0x80, 0x88, 0x3, 0xff, 0x80, 0xc0, 0x9, 0x0,
    0xf8, 0xbf, 0xd4, 0x2, 0xc0, 0xec, 0x1, 0xc3,
    0xe0, 0x9, 0x0, 0x49, 0x4, 0xdb, 0x1a, 0x47,
    0x90, 0x39, 0x80, 0x58, 0x80, 0x93, 0x96, 0xe2,
    0x11, 0x0, 0xc, 0x37, 0x65, 0x20, 0x1, 0x36,
    0xb8, 0x4,

    /* U+00EB "ë" */
    0x0, 0xd3, 0xec, 0x5, 0xba, 0x10, 0xf, 0xcc,
    0x16, 0xa, 0x44, 0x70, 0xf, 0xca, 0x14, 0xa,
    0x24, 0xe0, 0x1f, 0xab, 0xdc, 0xb, 0xb4, 0x40,
    0x3f, 0xf9, 0x89, 0x5b, 0xfd, 0x8e, 0x20, 0x1e,
    0x1b, 0xb2, 0x90, 0x9, 0xc7, 0x30, 0x7, 0x62,
    0x2, 0x56, 0x5b, 0x88, 0x4b, 0x0, 0x54, 0x41,
    0x36, 0xa6, 0x91, 0xe6, 0x12, 0x40, 0x2a, 0xc,
    0xc0, 0xe, 0x1d, 0x0, 0x58, 0x30, 0x2, 0xc0,
    0x3e, 0x15, 0x7, 0xd, 0x1, 0x2, 0x2f, 0xc6,
    0x2, 0x2, 0x3, 0xbb, 0xfc, 0xc0, 0x2, 0x0,
    0xff, 0xe1, 0x98, 0x80, 0xff, 0xff, 0xf0, 0x7,
    0x40, 0x44, 0x1, 0xff, 0xc0, 0x60, 0x4, 0x80,
    0x7c, 0x5f, 0xea, 0x1, 0x60, 0x76, 0x0, 0xe1,
    0xf0, 0x4, 0x80, 0x24, 0x82, 0x6d, 0x8d, 0x23,
    0xc8, 0x1c, 0xc0, 0x2c, 0x40, 0x49, 0xcb, 0x71,
    0x8, 0x80, 0x6, 0x1b, 0xb2, 0x90, 0x0, 0x9b,
    0x5c, 0x2,

    /* U+00EC "ì" */
    0x60, 0xf, 0x57, 0x28, 0x6, 0x51, 0xab, 0x20,
    0x4, 0xd9, 0xa6, 0xc0, 0x1, 0x32, 0x85, 0xc8,
    0x2, 0x5e, 0x83, 0x0, 0xe7, 0x10, 0x6, 0xfd,
    0x80, 0x7f, 0xff, 0xc0, 0x3f, 0xfa, 0x80,

    /* U+00ED "í" */
    0x0, 0xe5, 0x10, 0x8, 0xae, 0x8c, 0x1, 0x1a,
    0x82, 0x69, 0xae, 0x31, 0xc3, 0x4, 0xde, 0xe0,
    0xb, 0xd9, 0x10, 0x9, 0xc8, 0x3, 0xed, 0xfb,
    0x0, 0xff, 0xff, 0x80, 0x7f, 0xf5, 0x0,

    /* U+00EE "î" */
    0x0, 0x92, 0xcc, 0x3, 0xd, 0x5a, 0x64, 0x80,
    0x13, 0x95, 0x28, 0xdb, 0x88, 0xc6, 0xad, 0x72,
    0x5, 0xd3, 0xd4, 0x2, 0x7d, 0x73, 0x10, 0xe,
    0x22, 0x0, 0x5b, 0xf6, 0x1, 0xff, 0xff, 0x0,
    0xff, 0xf9, 0x80,

    /* U+00EF "ï" */
    0xc, 0xe3, 0x5, 0xeb, 0x4, 0x31, 0xa0, 0xe1,
    0x42, 0x43, 0x1a, 0xe, 0x4, 0x20, 0xce, 0x30,
    0x5f, 0xb0, 0xf, 0xfe, 0xe, 0xfd, 0x80, 0x7f,
    0xff, 0xc0, 0x3f, 0xfe, 0x60,

    /* U+00F0 "ð" */
    0x0, 0xff, 0xe5, 0xc7, 0xf1, 0xb, 0xe3, 0x80,
    0x7e, 0x88, 0xe, 0xf4, 0x32, 0x80, 0x7c, 0xb9,
    0x2, 0x0, 0xda, 0x20, 0xf, 0xb1, 0x6f, 0xa0,
    0x38, 0x3, 0xfa, 0x64, 0x80, 0xe6, 0x68, 0x0,
    0xf2, 0x56, 0xff, 0x5a, 0xf0, 0x38, 0x80, 0x43,
    0x76, 0x52, 0x1, 0x4a, 0x94, 0x8, 0x0, 0xb1,
    0x0, 0xa6, 0xed, 0x2, 0x8a, 0xe, 0x0, 0x92,
    0x7, 0xd6, 0x44, 0x3f, 0x20, 0x80, 0x98, 0xb0,
    0x24, 0x0, 0x7a, 0xc8, 0x0, 0x8c, 0x0, 0x80,
    0xf, 0xd6, 0x0, 0xfd, 0x0, 0x18, 0x7, 0xe7,
    0x0, 0x13, 0x1, 0x0, 0x7f, 0x8, 0x4, 0xe0,
    0x1f, 0xfc, 0x23, 0x10, 0x20, 0xf, 0xe1, 0x0,
    0x76, 0x0, 0x10, 0x3, 0xf3, 0x80, 0x11, 0xc0,
    0x10, 0x1, 0xfa, 0xc0, 0x8c, 0x58, 0xe, 0x40,
    0x38, 0x6c, 0x82, 0x40, 0x12, 0x40, 0xda, 0xc8,
    0x88, 0xf4, 0x7, 0x40, 0xb, 0x50, 0xa, 0x6e,
    0xce, 0x21, 0x10, 0x0, 0xeb, 0xc5, 0x20, 0x1,
    0x36, 0xb8, 0x4,

    /* U+00F1 "ñ" */
    0x0, 0x86, 0xbf, 0x5c, 0x4f, 0xdc, 0x3, 0xad,
    0x48, 0x91, 0xd8, 0x2c, 0x1, 0xc3, 0x3b, 0xf0,
    0x8b, 0x82, 0x1, 0xd6, 0xc0, 0x7, 0xba, 0x20,
    0xb, 0x7e, 0xc0, 0xa7, 0x7f, 0xad, 0x80, 0x3c,
    0xda, 0xc4, 0x2, 0x93, 0x82, 0x1, 0x2c, 0x83,
    0xd5, 0xc0, 0x81, 0xe8, 0x4, 0x22, 0xe8, 0x54,
    0x7e, 0x30, 0x34, 0x0, 0xa8, 0x40, 0x3b, 0x80,
    0x1c, 0x0, 0x14, 0x0, 0xf1, 0x18, 0x38, 0x0,
    0x80, 0x3f, 0x30, 0x18, 0x1, 0xc0, 0x3f, 0x18,
    0x7, 0xff, 0xfc, 0x3, 0xff, 0xb6,

    /* U+00F2 "ò" */
    0x0, 0xc4, 0x60, 0x1f, 0xfc, 0x26, 0xc9, 0x10,
    0xf, 0xfe, 0x3, 0x3, 0x7b, 0x0, 0x7f, 0xc5,
    0xcc, 0x33, 0x86, 0x1, 0xfe, 0x19, 0xd5, 0x38,
    0x0, 0xff, 0xe0, 0x15, 0x66, 0x0, 0x3f, 0xf8,
    0x46, 0xe0, 0x1f, 0xc7, 0x3b, 0xfd, 0xb2, 0x40,
    0x1f, 0x56, 0x31, 0x0, 0x93, 0x6c, 0x80, 0x76,
    0x28, 0x14, 0x55, 0x1c, 0x41, 0xac, 0x2, 0x93,
    0x6, 0xd7, 0x55, 0x47, 0x20, 0x23, 0x81, 0x30,
    0x24, 0x80, 0x7a, 0xc8, 0x20, 0x54, 0x1, 0xe0,
    0x1f, 0xa0, 0x0, 0xfa, 0x0, 0x40, 0xf, 0xca,
    0x0, 0xf6, 0x2, 0x0, 0xff, 0xe0, 0x13, 0x80,
    0x7f, 0xf0, 0x84, 0x40, 0x40, 0x1f, 0xc2, 0x0,
    0x3d, 0x0, 0x20, 0x7, 0xe7, 0x0, 0x63, 0x0,
    0x3c, 0x3, 0xf5, 0x80, 0x14, 0x58, 0x12, 0x40,
    0x38, 0x70, 0x82, 0x40, 0x12, 0x60, 0xdb, 0xa,
    0xd3, 0xc6, 0xa, 0xc0, 0x16, 0x28, 0x13, 0xd4,
    0xb0, 0x1, 0xe8, 0x3, 0xab, 0x14, 0x80, 0x4d,
    0xf6, 0x0, 0x20,

    /* U+00F3 "ó" */
    0x0, 0xff, 0x28, 0x7, 0xff, 0x5, 0x7b, 0x80,
    0x1f, 0xf1, 0x5d, 0x9, 0x0, 0x7f, 0xa3, 0x50,
    0xee, 0x40, 0x3f, 0x91, 0xc6, 0xb1, 0x0, 0x3f,
    0xcf, 0x1c, 0xa0, 0x1f, 0xfc, 0x3, 0x70, 0xf,
    0xfe, 0x11, 0xce, 0xff, 0x6c, 0x90, 0x7, 0xd5,
    0x8c, 0x40, 0x24, 0xdb, 0x20, 0x1d, 0x8a, 0x5,
    0x15, 0x47, 0x10, 0x6b, 0x0, 0xa4, 0xc1, 0xb5,
    0xd5, 0x51, 0xc8, 0x8, 0xe0, 0x4c, 0x9, 0x20,
    0x1e, 0xb2, 0x8, 0x15, 0x0, 0x78, 0x7, 0xe8,
    0x0, 0x3e, 0x80, 0x10, 0x3, 0xf2, 0x80, 0x3d,
    0x80, 0x80, 0x3f, 0xf8, 0x4, 0xe0, 0x1f, 0xfc,
    0x21, 0x10, 0x10, 0x7, 0xf0, 0x80, 0xf, 0x40,
    0x8, 0x1, 0xf9, 0xc0, 0x18, 0xc0, 0xf, 0x0,
    0xfd, 0x60, 0x5, 0x16, 0x4, 0x90, 0xe, 0x1c,
    0x20, 0x90, 0x4, 0x98, 0x36, 0xc2, 0xb4, 0xf1,
    0x82, 0xb0, 0x5, 0x8a, 0x4, 0xf5, 0x2c, 0x0,
    0x7a, 0x0, 0xea, 0xc5, 0x20, 0x13, 0x7d, 0x80,
    0x8,

    /* U+00F4 "ô" */
    0x0, 0xfa, 0x1c, 0x3, 0xff, 0x80, 0x9a, 0xf1,
    0xa8, 0x1, 0xfd, 0x56, 0x4e, 0xe2, 0xb9, 0x0,
    0xfc, 0x87, 0xb1, 0xd, 0x34, 0x0, 0xfd, 0x78,
    0x40, 0x2, 0xc8, 0x0, 0xfc, 0xa0, 0x1e, 0x50,
    0xf, 0xc7, 0x3b, 0xfd, 0xb2, 0x40, 0x1f, 0x56,
    0x31, 0x0, 0x93, 0x6c, 0x80, 0x76, 0x28, 0x14,
    0x55, 0x1c, 0x41, 0xac, 0x2, 0x93, 0x6, 0xd7,
    0x55, 0x47, 0x20, 0x23, 0x81, 0x30, 0x24, 0x80,
    0x7a, 0xc8, 0x20, 0x54, 0x1, 0xe0, 0x1f, 0xa0,
    0x0, 0xfa, 0x0, 0x40, 0xf, 0xca, 0x0, 0xf6,
    0x2, 0x0, 0xff, 0xe0, 0x13, 0x80, 0x7f, 0xf0,
    0x84, 0x40, 0x40, 0x1f, 0xc2, 0x0, 0x3d, 0x0,
    0x20, 0x7, 0xe7, 0x0, 0x63, 0x0, 0x3c, 0x3,
    0xf5, 0x80, 0x14, 0x58, 0x12, 0x40, 0x38, 0x70,
    0x82, 0x40, 0x12, 0x60, 0xdb, 0xa, 0xd3, 0xc6,
    0xa, 0xc0, 0x16, 0x28, 0x13, 0xd4, 0xb0, 0x1,
    0xe8, 0x3, 0xab, 0x14, 0x80, 0x4d, 0xf6, 0x0,
    0x20,

    /* U+00F5 "õ" */
    0x0, 0xc7, 0x9f, 0xed, 0xcc, 0x7a, 0x80, 0x7d,
    0xa4, 0x64, 0x66, 0x27, 0x50, 0xf, 0xbb, 0x99,
    0xbd, 0xfd, 0x0, 0x1f, 0xfc, 0xc3, 0x9d, 0xfe,
    0xd9, 0x20, 0xf, 0xab, 0x18, 0x80, 0x49, 0xb6,
    0x40, 0x3b, 0x14, 0xa, 0x2a, 0x8e, 0x20, 0xd6,
    0x1, 0x49, 0x83, 0x6b, 0xaa, 0xa3, 0x90, 0x11,
    0xc0, 0x98, 0x12, 0x40, 0x3d, 0x64, 0x10, 0x2a,
    0x0, 0xf0, 0xf, 0xd0, 0x0, 0x7d, 0x0, 0x20,
    0x7, 0xe5, 0x0, 0x7b, 0x1, 0x0, 0x7f, 0xf0,
    0x9, 0xc0, 0x3f, 0xf8, 0x42, 0x20, 0x20, 0xf,
    0xe1, 0x0, 0x1e, 0x80, 0x10, 0x3, 0xf3, 0x80,
    0x31, 0x80, 0x1e, 0x1, 0xfa, 0xc0, 0xa, 0x2c,
    0x9, 0x20, 0x1c, 0x38, 0x41, 0x20, 0x9, 0x30,
    0x6d, 0x85, 0x69, 0xe3, 0x5, 0x60, 0xb, 0x14,
    0x9, 0xea, 0x58, 0x0, 0xf4, 0x1, 0xd5, 0x8a,
    0x40, 0x26, 0xfb, 0x0, 0x10,

    /* U+00F6 "ö" */
    0x0, 0xcb, 0xd4, 0x0, 0xbe, 0x40, 0xf, 0xdc,
    0x2a, 0x24, 0x83, 0xc0, 0x1f, 0xb8, 0x10, 0x49,
    0x3, 0xc0, 0x3f, 0x2f, 0xd8, 0x2, 0xfd, 0x40,
    0x3f, 0xf9, 0x87, 0x3b, 0xfd, 0xb2, 0x40, 0x1f,
    0x56, 0x31, 0x0, 0x93, 0x6c, 0x80, 0x76, 0x28,
    0x14, 0x55, 0x1c, 0x41, 0xac, 0x2, 0x93, 0x6,
    0xd7, 0x55, 0x47, 0x20, 0x23, 0x81, 0x30, 0x24,
    0x80, 0x7a, 0xc8, 0x20, 0x54, 0x1, 0xe0, 0x1f,
    0xa0, 0x0, 0xfa, 0x0, 0x40, 0xf, 0xca, 0x0,
    0xf6, 0x2, 0x0, 0xff, 0xe0, 0x13, 0x80, 0x7f,
    0xf0, 0x84, 0x40, 0x40, 0x1f, 0xc2, 0x0, 0x3d,
    0x0, 0x20, 0x7, 0xe7, 0x0, 0x63, 0x0, 0x3c,
    0x3, 0xf5, 0x80, 0x14, 0x58, 0x12, 0x40, 0x38,
    0x70, 0x82, 0x40, 0x12, 0x60, 0xdb, 0xa, 0xd3,
    0xc6, 0xa, 0xc0, 0x16, 0x28, 0x13, 0xd4, 0xb0,
    0x1, 0xe8, 0x3, 0xab, 0x14, 0x80, 0x4d, 0xf6,
    0x0, 0x20,

    /* U+00F7 "÷" */
    0x0, 0xf5, 0xfb, 0x80, 0x7f, 0xc8, 0x80, 0x80,
    0xf, 0xf9, 0x80, 0x4, 0x1, 0xff, 0x15, 0xbf,
    0x80, 0x7f, 0xf0, 0x12, 0x8, 0x3, 0xff, 0xb1,
    0xbf, 0xff, 0xfc, 0x17, 0x0, 0xff, 0xe1, 0xfe,
    0x67, 0xff, 0x5, 0x88, 0xcf, 0xff, 0x82, 0x20,
    0x1f, 0xfc, 0x94, 0x82, 0x0, 0xff, 0x8a, 0xdf,
    0xc0, 0x3f, 0xe6, 0x0, 0x10, 0x7, 0xfc, 0x88,
    0x8, 0x0, 0xf0,

    /* U+00F8 "ø" */
    0x0, 0xc7, 0x3b, 0xfe, 0xd9, 0x30, 0x5f, 0x70,
    0xa, 0xb1, 0x88, 0x0, 0x4d, 0x97, 0x4e, 0xe0,
    0x6, 0x28, 0x14, 0x55, 0x1c, 0x41, 0x2, 0x40,
    0x12, 0x60, 0xda, 0xea, 0xa8, 0xf0, 0xa, 0xc0,
    0x98, 0x12, 0x40, 0x3a, 0x84, 0x81, 0x45, 0x40,
    0x1e, 0x1, 0xd4, 0x9b, 0x0, 0x7, 0xd0, 0x2,
    0x0, 0x69, 0x5b, 0x34, 0x0, 0x7b, 0x1, 0x0,
    0x67, 0x6a, 0x40, 0x10, 0x1, 0x0, 0xc, 0x2,
    0x68, 0x95, 0x0, 0xe1, 0x60, 0x10, 0x2, 0x4b,
    0xb0, 0x4, 0x20, 0x3, 0xd0, 0x2, 0x1d, 0xb4,
    0x0, 0x67, 0x0, 0x63, 0x0, 0x23, 0x12, 0x40,
    0x30, 0xd8, 0xa, 0x8b, 0x1, 0x8d, 0x80, 0x61,
    0xd2, 0x8, 0x0, 0x40, 0x0, 0x75, 0xd5, 0xa7,
    0x8c, 0x19, 0x80, 0xa, 0x13, 0x2, 0x8a, 0x96,
    0x0, 0x44, 0x80, 0x21, 0x2b, 0x2d, 0x44, 0x4,
    0xdf, 0x5c, 0x2,

    /* U+00F9 "ù" */
    0x0, 0x89, 0x0, 0x3f, 0xf8, 0xd, 0x74, 0x20,
    0x1f, 0xe6, 0x15, 0xe7, 0x0, 0xfe, 0x2e, 0x70,
    0x8d, 0x30, 0xf, 0xe8, 0xe6, 0x28, 0x0, 0xff,
    0xc, 0xee, 0x0, 0x7f, 0xf0, 0x9, 0xc0, 0x37,
    0xfa, 0x0, 0x3f, 0x67, 0xe0, 0x7, 0xff, 0xfc,
    0x3, 0xff, 0xc8, 0x20, 0x2, 0x2, 0x0, 0xfc,
    0x40, 0x7, 0x4, 0x0, 0xf9, 0x0, 0x2f, 0x1,
    0x80, 0xf, 0x48, 0x4, 0xa8, 0xf, 0x46, 0x22,
    0x5d, 0x20, 0xd, 0x46, 0xb, 0x9d, 0xca, 0x29,
    0x30, 0x8, 0x72, 0x50, 0x40, 0x9b, 0x58, 0x2,

    /* U+00FA "ú" */
    0x0, 0xfc, 0x2a, 0x1, 0xff, 0x37, 0xf0, 0x7,
    0xf1, 0xe4, 0x89, 0x80, 0x7e, 0x9c, 0x33, 0x64,
    0x0, 0x7c, 0x8c, 0x57, 0x86, 0x1, 0xf9, 0xe7,
    0x50, 0x3, 0xfc, 0x6c, 0x1, 0xfd, 0xfe, 0x80,
    0xf, 0xd9, 0xf8, 0x1, 0xff, 0xff, 0x0, 0xff,
    0xf2, 0x8, 0x0, 0x80, 0x80, 0x3f, 0x10, 0x1,
    0xc1, 0x0, 0x3e, 0x40, 0xb, 0xc0, 0x60, 0x3,
    0xd2, 0x1, 0x2a, 0x3, 0xd1, 0x88, 0x97, 0x48,
    0x3, 0x51, 0x82, 0xe7, 0x72, 0x8a, 0x4c, 0x2,
    0x1c, 0x94, 0x10, 0x26, 0xd6, 0x0, 0x80,

    /* U+00FB "û" */
    0x0, 0xf4, 0x40, 0x3, 0xfc, 0xbc, 0xee, 0xe4,
    0x0, 0xfa, 0xa8, 0x31, 0x1, 0xba, 0x0, 0xf2,
    0x23, 0x5d, 0xda, 0x8e, 0x1, 0xea, 0xb2, 0x0,
    0x15, 0xc8, 0x7, 0x90, 0x3, 0xc8, 0x1, 0x7f,
    0xa0, 0x3, 0xf6, 0x7e, 0x0, 0x7f, 0xff, 0xc0,
    0x3f, 0xfc, 0x82, 0x0, 0x20, 0x20, 0xf, 0xc4,
    0x0, 0x70, 0x40, 0xf, 0x90, 0x2, 0xf0, 0x18,
    0x0, 0xf4, 0x80, 0x4a, 0x80, 0xf4, 0x62, 0x25,
    0xd2, 0x0, 0xd4, 0x60, 0xb9, 0xdc, 0xa2, 0x93,
    0x0, 0x87, 0x25, 0x4, 0x9, 0xb5, 0x80, 0x20,

    /* U+00FC "ü" */
    0x0, 0x97, 0xa8, 0x1, 0x7c, 0x80, 0x1e, 0xe1,
    0x51, 0x24, 0x1e, 0x0, 0xf7, 0x2, 0x9, 0x20,
    0x78, 0x7, 0x97, 0xec, 0x1, 0x7e, 0xa0, 0x1f,
    0xfc, 0x5f, 0xf4, 0x0, 0x7e, 0xcf, 0xc0, 0xf,
    0xff, 0xf8, 0x7, 0xff, 0x90, 0x40, 0x4, 0x4,
    0x1, 0xf8, 0x80, 0xe, 0x8, 0x1, 0xf2, 0x0,
    0x5e, 0x3, 0x0, 0x1e, 0x90, 0x9, 0x50, 0x1e,
    0x8c, 0x44, 0xba, 0x40, 0x1a, 0x8c, 0x17, 0x3b,
    0x94, 0x52, 0x60, 0x10, 0xe4, 0xa0, 0x81, 0x36,
    0xb0, 0x4,

    /* U+00FD "ý" */
    0x0, 0xfe, 0x15, 0x0, 0xff, 0xe0, 0xbf, 0x60,
    0x7, 0xfc, 0x7b, 0x1, 0xe0, 0x1f, 0xc3, 0x58,
    0x49, 0xac, 0x1, 0xfc, 0x8a, 0x77, 0x62, 0x0,
    0xff, 0xd, 0x62, 0x0, 0x7f, 0xf0, 0x11, 0x40,
    0x3f, 0xcf, 0xfe, 0x50, 0xf, 0xcf, 0xfe, 0x26,
    0x0, 0x70, 0x7, 0xea, 0x3, 0x21, 0x50, 0x41,
    0x0, 0xf1, 0x90, 0x48, 0x3, 0x80, 0xc, 0x1,
    0xea, 0x1, 0x50, 0x2, 0x10, 0x50, 0x7, 0x9c,
    0x1c, 0x3, 0x50, 0x12, 0x0, 0x65, 0x10, 0xb0,
    0xc, 0xc0, 0xe, 0x0, 0xdc, 0x6, 0x40, 0x18,
    0x54, 0x14, 0x2, 0x14, 0x9, 0x0, 0xf7, 0x0,
    0x18, 0x0, 0xc0, 0x2a, 0x1, 0xe4, 0x20, 0xa0,
    0x5, 0x3, 0x0, 0x7e, 0xa0, 0x32, 0x32, 0xa,
    0x0, 0xfc, 0xc0, 0xa, 0xa0, 0x21, 0x0, 0x7e,
    0x15, 0x6, 0x70, 0xe0, 0xf, 0xf7, 0x0, 0x8c,
    0xa0, 0x1f, 0xe4, 0x20, 0x3, 0x0, 0x7f, 0xf0,
    0x10, 0x1, 0x40, 0x1f, 0xfc, 0x7, 0x4, 0x20,
    0xf, 0xf9, 0x4, 0x38, 0x3, 0xff, 0x81, 0xe0,
    0x2a, 0x1, 0xff, 0xa, 0x3, 0x0, 0x7f, 0xf0,
    0x18, 0x1, 0x40, 0x1f, 0xfc, 0x9, 0x4, 0x20,
    0xf, 0xf9, 0x4, 0x38, 0x3, 0xf8,

    /* U+00FE "þ" */
    0xdf, 0xb0, 0xf, 0xff, 0xf8, 0x7, 0xc9, 0x7d,
    0xfb, 0x48, 0x1, 0xfa, 0xad, 0x4, 0x9, 0x6e,
    0xc0, 0x1e, 0x95, 0x28, 0xaa, 0x38, 0x82, 0x68,
    0x6, 0x56, 0x66, 0xba, 0xaa, 0x39, 0x0, 0xa0,
    0x2, 0x14, 0x90, 0xf, 0x59, 0x3, 0x88, 0x5,
    0x0, 0x1f, 0xa0, 0x0, 0xe0, 0x1, 0x30, 0xf,
    0xca, 0x0, 0xf0, 0x1, 0x0, 0x7f, 0x84, 0xc,
    0x3, 0xff, 0x8c, 0x40, 0x1f, 0xc2, 0x20, 0x20,
    0x0, 0x98, 0x7, 0xe7, 0x0, 0x68, 0x5, 0x0,
    0x1f, 0xac, 0x0, 0xa0, 0x2, 0x4a, 0x0, 0xe1,
    0xc2, 0x7, 0x0, 0x99, 0xd7, 0xa1, 0x5a, 0x78,
    0xc0, 0xe0, 0x3, 0x43, 0xb, 0xd4, 0xb0, 0x1,
    0x70, 0x3, 0xd3, 0x68, 0x20, 0x29, 0x74, 0x1,
    0xf9, 0x2f, 0xbf, 0xad, 0x0, 0x3f, 0xff, 0xe0,
    0x1f, 0xfc, 0xd0,

    /* U+00FF "ÿ" */
    0x0, 0xcd, 0xf2, 0x0, 0xce, 0x30, 0xf, 0xd6,
    0xc, 0x8, 0x63, 0x40, 0x1f, 0xac, 0x14, 0x10,
    0xc7, 0x40, 0x3f, 0x37, 0xd0, 0x3, 0x39, 0x0,
    0x3f, 0xf9, 0xf, 0xfe, 0x50, 0xf, 0xcf, 0xfe,
    0x26, 0x0, 0x70, 0x7, 0xea, 0x3, 0x21, 0x50,
    0x41, 0x0, 0xf1, 0x90, 0x48, 0x3, 0x80, 0xc,
    0x1, 0xea, 0x1, 0x50, 0x2, 0x10, 0x50, 0x7,
    0x9c, 0x1c, 0x3, 0x50, 0x12, 0x0, 0x65, 0x10,
    0xb0, 0xc, 0xc0, 0xe, 0x0, 0xdc, 0x6, 0x40,
    0x18, 0x54, 0x14, 0x2, 0x14, 0x9, 0x0, 0xf7,
    0x0, 0x18, 0x0, 0xc0, 0x2a, 0x1, 0xe4, 0x20,
    0xa0, 0x5, 0x3, 0x0, 0x7e, 0xa0, 0x32, 0x32,
    0xa, 0x0, 0xfc, 0xc0, 0xa, 0xa0, 0x21, 0x0,
    0x7e, 0x15, 0x6, 0x70, 0xe0, 0xf, 0xf7, 0x0,
    0x8c, 0xa0, 0x1f, 0xe4, 0x20, 0x3, 0x0, 0x7f,
    0xf0, 0x10, 0x1, 0x40, 0x1f, 0xfc, 0x7, 0x4,
    0x20, 0xf, 0xf9, 0x4, 0x38, 0x3, 0xff, 0x81,
    0xe0, 0x2a, 0x1, 0xff, 0xa, 0x3, 0x0, 0x7f,
    0xf0, 0x18, 0x1, 0x40, 0x1f, 0xfc, 0x9, 0x4,
    0x20, 0xf, 0xf9, 0x4, 0x38, 0x3, 0xf8,

    /* U+0100 "Ā" */
    0x0, 0xcf, 0xff, 0xfc, 0xa0, 0x1f, 0xfc, 0xd7,
    0xff, 0xfe, 0x50, 0xf, 0xff, 0x11, 0xff, 0xc2,
    0x1, 0xff, 0xc1, 0xb0, 0x9, 0x80, 0x3f, 0xf8,
    0x2c, 0x1, 0x58, 0x7, 0xff, 0x1, 0x4, 0x10,
    0xc, 0x80, 0x3f, 0xed, 0x1, 0xa0, 0x5, 0x0,
    0x7f, 0xce, 0xe, 0x28, 0xa, 0x1, 0xfe, 0x51,
    0xa, 0xe, 0x2, 0x30, 0xf, 0xef, 0x2, 0x30,
    0x50, 0x5, 0x80, 0x7f, 0x28, 0x28, 0x4, 0xa0,
    0xc0, 0x1f, 0x94, 0x1, 0x40, 0x17, 0x0, 0xa0,
    0x7, 0xdc, 0x6, 0x40, 0x12, 0x8, 0x68, 0x7,
    0x85, 0x2, 0xc0, 0x39, 0xc1, 0xc0, 0x3c, 0xe0,
    0x6, 0x0, 0xea, 0x1, 0x50, 0xe, 0xa0, 0x7,
    0x7f, 0xf6, 0x0, 0x3c, 0x3, 0x11, 0x80, 0x7f,
    0xca, 0x1, 0x94, 0x1, 0xbb, 0xfa, 0xc0, 0xa,
    0x1, 0x50, 0x21, 0x17, 0xe4, 0x20, 0xe0, 0x1,
    0x90, 0x68, 0x7, 0xf2, 0x82, 0x8, 0x58, 0x1,
    0xc0, 0x3f, 0xac, 0x0, 0xe0, 0xc0, 0x62, 0x1,
    0xfc, 0x62, 0x14,

    /* U+0101 "ā" */
    0x0, 0x9f, 0xff, 0xf9, 0x80, 0x38, 0x40, 0x3f,
    0xf8, 0x6d, 0xff, 0xfc, 0xc0, 0x1f, 0xfc, 0xa4,
    0xbd, 0xfe, 0xb4, 0x0, 0x67, 0xe0, 0x0, 0x72,
    0xd0, 0x80, 0x52, 0xec, 0x20, 0x1d, 0x86, 0x2,
    0xf5, 0x47, 0x14, 0xa0, 0xd, 0x44, 0xb, 0xd0,
    0xaa, 0x8e, 0x54, 0x30, 0x0, 0xa8, 0x1d, 0x0,
    0x7a, 0x8c, 0x2, 0x60, 0x4, 0x0, 0x7e, 0x80,
    0xb, 0x40, 0x8, 0x1, 0xf9, 0x0, 0x26, 0x2,
    0x0, 0xff, 0x10, 0x1, 0xc0, 0x3f, 0xf8, 0x62,
    0x4, 0x1, 0xfe, 0x20, 0x6, 0x0, 0x10, 0x3,
    0xf2, 0x0, 0x4e, 0x0, 0x90, 0xf, 0xd2, 0x1,
    0xb, 0x1, 0x58, 0x7, 0xac, 0x80, 0x34, 0x90,
    0x27, 0x42, 0xb4, 0x72, 0x29, 0x80, 0x6c, 0x30,
    0x17, 0xa9, 0x71, 0x5a, 0x0, 0xe1, 0xca, 0x41,
    0x1, 0x5b, 0xa0, 0xc,

    /* U+0102 "Ă" */
    0x0, 0xe4, 0x70, 0xe, 0x83, 0x0, 0xfe, 0xc8,
    0x20, 0x9, 0x1d, 0x40, 0x3f, 0xb0, 0x24, 0x84,
    0xe4, 0x14, 0x3, 0xf9, 0xd, 0x37, 0xb0, 0x94,
    0xc0, 0x3f, 0xd8, 0xc2, 0x2, 0xf4, 0x1, 0xff,
    0xc0, 0x9e, 0xfe, 0x80, 0xf, 0xfe, 0x9, 0xff,
    0xc2, 0x1, 0xff, 0xc1, 0xb0, 0x9, 0x80, 0x3f,
    0xf8, 0x2c, 0x1, 0x58, 0x7, 0xff, 0x1, 0x4,
    0x10, 0xc, 0x80, 0x3f, 0xed, 0x1, 0xa0, 0x5,
    0x0, 0x7f, 0xce, 0xe, 0x28, 0xa, 0x1, 0xfe,
    0x51, 0xa, 0xe, 0x2, 0x30, 0xf, 0xef, 0x2,
    0x30, 0x50, 0x5, 0x80, 0x7f, 0x28, 0x28, 0x4,
    0xa0, 0xc0, 0x1f, 0x94, 0x1, 0x40, 0x17, 0x0,
    0xa0, 0x7, 0xdc, 0x6, 0x40, 0x12, 0x8, 0x68,
    0x7, 0x85, 0x2, 0xc0, 0x39, 0xc1, 0xc0, 0x3c,
    0xe0, 0x6, 0x0, 0xea, 0x1, 0x50, 0xe, 0xa0,
    0x7, 0x7f, 0xf6, 0x0, 0x3c, 0x3, 0x11, 0x80,
    0x7f, 0xca, 0x1, 0x94, 0x1, 0xbb, 0xfa, 0xc0,
    0xa, 0x1, 0x50, 0x21, 0x17, 0xe4, 0x20, 0xe0,
    0x1, 0x90, 0x68, 0x7, 0xf2, 0x82, 0x8, 0x58,
    0x1, 0xc0, 0x3f, 0xac, 0x0, 0xe0, 0xc0, 0x62,
    0x1, 0xfc, 0x62, 0x14,

    /* U+0103 "ă" */
    0x0, 0xcf, 0xea, 0x20, 0x2d, 0xee, 0x1, 0xf2,
    0x85, 0x77, 0xf4, 0x82, 0x80, 0x7c, 0x58, 0x82,
    0x2, 0x98, 0x40, 0x1f, 0x8e, 0xfb, 0xfa, 0xcc,
    0x3, 0xff, 0x98, 0x97, 0xbf, 0xd6, 0x80, 0xc,
    0xfc, 0x0, 0xe, 0x5a, 0x10, 0xa, 0x5d, 0x84,
    0x3, 0xb0, 0xc0, 0x5e, 0xa8, 0xe2, 0x94, 0x1,
    0xa8, 0x81, 0x7a, 0x15, 0x51, 0xca, 0x86, 0x0,
    0x15, 0x3, 0xa0, 0xf, 0x51, 0x80, 0x4c, 0x0,
    0x80, 0xf, 0xd0, 0x1, 0x68, 0x1, 0x0, 0x3f,
    0x20, 0x4, 0xc0, 0x40, 0x1f, 0xe2, 0x0, 0x38,
    0x7, 0xff, 0xc, 0x40, 0x80, 0x3f, 0xc4, 0x0,
    0xc0, 0x2, 0x0, 0x7e, 0x40, 0x9, 0xc0, 0x12,
    0x1, 0xfa, 0x40, 0x21, 0x60, 0x2b, 0x0, 0xf5,
    0x90, 0x6, 0x92, 0x4, 0xe8, 0x56, 0x8e, 0x45,
    0x30, 0xd, 0x86, 0x2, 0xf5, 0x2e, 0x2b, 0x40,
    0x1c, 0x39, 0x48, 0x20, 0x2b, 0x74, 0x1, 0x80,

    /* U+0104 "Ą" */
    0x0, 0xf8, 0xff, 0xe1, 0x0, 0xff, 0xe1, 0x58,
    0x4, 0xc0, 0x1f, 0xfc, 0x26, 0x0, 0xac, 0x3,
    0xff, 0x82, 0x82, 0x8, 0x6, 0x40, 0x1f, 0xfc,
    0xd, 0x1, 0xa0, 0x5, 0x0, 0x7f, 0xf0, 0x1c,
    0x1c, 0x50, 0x14, 0x3, 0xfe, 0x51, 0xa, 0xe,
    0x2, 0x30, 0xf, 0xf7, 0x81, 0x18, 0x28, 0x2,
    0xc0, 0x3f, 0xca, 0xa, 0x1, 0x28, 0x30, 0x7,
    0xf2, 0x80, 0x28, 0x2, 0xe0, 0x14, 0x0, 0xfd,
    0xc0, 0x64, 0x1, 0x20, 0x86, 0x80, 0x7c, 0x28,
    0x16, 0x1, 0xce, 0xe, 0x1, 0xf3, 0x80, 0x18,
    0x3, 0xa8, 0x5, 0x40, 0x3d, 0x40, 0xe, 0xff,
    0xec, 0x0, 0x78, 0x7, 0x11, 0x80, 0x7f, 0xca,
    0x1, 0xca, 0x0, 0xdd, 0xfd, 0x60, 0x5, 0x0,
    0xd4, 0x8, 0x45, 0xf9, 0x8, 0x38, 0x2, 0x32,
    0xd, 0x0, 0xfe, 0x50, 0x41, 0x0, 0x58, 0x1,
    0xc0, 0x3f, 0xac, 0x0, 0xe0, 0x6, 0x3, 0x10,
    0xf, 0xe2, 0x0, 0x50, 0x3, 0xbf, 0x0, 0x3f,
    0x8b, 0xc0, 0xfc, 0x3, 0xff, 0x85, 0x83, 0x38,
    0x60, 0x1f, 0xfc, 0x14, 0x12, 0x60, 0xf, 0xfe,
    0x29, 0x80, 0x7f, 0xf1, 0x14, 0x45, 0xd9, 0xc6,
    0x1, 0xff, 0xc0, 0x1c, 0x40, 0x32, 0x10,

    /* U+0105 "ą" */
    0x0, 0xc9, 0x7b, 0xfd, 0x68, 0x0, 0xcf, 0xc0,
    0x8, 0x72, 0xd0, 0x80, 0x52, 0xec, 0x20, 0x1e,
    0xc3, 0x1, 0x7a, 0xa3, 0x8a, 0x50, 0x7, 0x51,
    0x2, 0xf4, 0x2a, 0xa3, 0x95, 0xc, 0x2, 0x15,
    0x3, 0xa0, 0xf, 0x51, 0x80, 0x66, 0x0, 0x40,
    0x7, 0xe8, 0x0, 0xda, 0x0, 0x40, 0xf, 0xc8,
    0x1, 0x98, 0x8, 0x3, 0xfc, 0x40, 0x13, 0x80,
    0x7f, 0xf1, 0x4, 0x8, 0x3, 0xfc, 0x40, 0x16,
    0x0, 0x10, 0x3, 0xf2, 0x0, 0x67, 0x0, 0x48,
    0x7, 0xe9, 0x0, 0xc2, 0xc0, 0x56, 0x1, 0xeb,
    0x20, 0xe, 0x92, 0x4, 0xe8, 0x56, 0x8e, 0x45,
    0x30, 0xe, 0xc3, 0x1, 0x7a, 0x97, 0x15, 0xa0,
    0xf, 0xe, 0x52, 0x8, 0xa, 0xdd, 0x21, 0x3,
    0x80, 0x72, 0xdf, 0x7f, 0x52, 0x3d, 0x84, 0xd8,
    0x7, 0xfc, 0x70, 0x3e, 0xc0, 0x1f, 0xfc, 0x4,
    0x7, 0x10, 0xf, 0xfe, 0x8, 0x82, 0x10, 0x18,
    0x7, 0xfc, 0xe2, 0x5b, 0xf8, 0x1, 0xff, 0xf,
    0xba, 0x22, 0x0,

    /* U+0106 "Ć" */
    0x0, 0xff, 0xe0, 0x18, 0x7, 0xff, 0x10, 0xaf,
    0x80, 0x3f, 0xf8, 0x71, 0xa8, 0x20, 0x1f, 0xfc,
    0x15, 0xe7, 0x8, 0xc0, 0xf, 0xfe, 0x0, 0xd0,
    0xb7, 0x38, 0x7, 0xff, 0x9, 0x76, 0x44, 0x3,
    0xff, 0x84, 0x34, 0x40, 0x1f, 0xfc, 0x46, 0xbe,
    0xff, 0x75, 0xb0, 0x80, 0x7e, 0x5e, 0x94, 0x10,
    0x0, 0xa4, 0xfb, 0x0, 0x7a, 0x68, 0x41, 0x22,
    0xa9, 0x6, 0x3, 0x34, 0x1, 0xa1, 0x80, 0xb6,
    0xdd, 0x54, 0xf9, 0x81, 0x5, 0x90, 0x2, 0x38,
    0x1e, 0x90, 0x7, 0x8f, 0xc4, 0x19, 0x2, 0x0,
    0x74, 0x3, 0xf8, 0x6c, 0x1, 0xe6, 0x60, 0x61,
    0x0, 0xff, 0x2f, 0xfa, 0xec, 0x0, 0xa0, 0xf,
    0xfe, 0x19, 0x0, 0x8, 0x3, 0xff, 0x86, 0xc0,
    0x40, 0x1f, 0xfd, 0x77, 0x2, 0x0, 0xff, 0xe2,
    0x18, 0x0, 0x80, 0x3f, 0xf8, 0x76, 0x0, 0xa0,
    0xf, 0xfe, 0x19, 0x90, 0x30, 0x80, 0x7f, 0x93,
    0xb9, 0x61, 0x20, 0x34, 0x1, 0xfc, 0x34, 0x22,
    0xf0, 0x47, 0x4, 0xc2, 0x0, 0xf1, 0xe0, 0x82,
    0xa0, 0x2, 0x18, 0xf, 0x6d, 0xd5, 0x4f, 0x78,
    0x40, 0x94, 0x1, 0xa6, 0x84, 0x12, 0x2a, 0x90,
    0x80, 0x8, 0xb0, 0xf, 0x2f, 0x4a, 0x8, 0x0,
    0x52, 0x79, 0xc0, 0x20,

    /* U+0107 "ć" */
    0x0, 0xfe, 0x11, 0x0, 0x7f, 0xf0, 0x1b, 0xd4,
    0x3, 0xfc, 0x79, 0x22, 0xe0, 0x1f, 0x86, 0x70,
    0xcd, 0x86, 0x1, 0xfa, 0x98, 0xab, 0xc, 0x3,
    0xf8, 0xa7, 0x54, 0x3, 0xfe, 0x96, 0x0, 0xff,
    0xe0, 0xa5, 0x6f, 0xfb, 0x60, 0x80, 0x38, 0x6e,
    0xca, 0x40, 0x2, 0x7d, 0x70, 0xd, 0x88, 0x9,
    0x59, 0x4e, 0x0, 0x87, 0x0, 0x51, 0x4, 0xda,
    0x9a, 0xc6, 0x88, 0x40, 0x89, 0x41, 0x58, 0x3,
    0x8a, 0xc0, 0x12, 0xc0, 0x8, 0x0, 0xf9, 0x73,
    0x15, 0xa0, 0x24, 0x1, 0xf8, 0xcc, 0x42, 0x6,
    0x1, 0xff, 0xcf, 0x10, 0x20, 0xf, 0xfe, 0x6,
    0x80, 0xc, 0x3, 0xf2, 0x20, 0xd8, 0x1, 0x20,
    0x1f, 0x2d, 0xd9, 0x5, 0x41, 0x58, 0x3, 0x8a,
    0xc0, 0xc, 0x14, 0x41, 0x36, 0xa6, 0xb1, 0xa2,
    0x14, 0x20, 0xc, 0x30, 0x4a, 0xca, 0x70, 0x5,
    0x28, 0x4, 0x39, 0x6a, 0x40, 0x3, 0x7e, 0x50,
    0x0,

    /* U+010A "Ċ" */
    0x0, 0xff, 0xe7, 0x8e, 0xf1, 0x80, 0x7f, 0xf0,
    0xd0, 0x86, 0xc0, 0x3f, 0xf8, 0x68, 0x43, 0x60,
    0x1f, 0xfc, 0x31, 0xde, 0x30, 0xf, 0xfe, 0xa3,
    0x5f, 0x7f, 0xba, 0xd8, 0x40, 0x3f, 0x2f, 0x4a,
    0x8, 0x0, 0x52, 0x7d, 0x80, 0x3d, 0x34, 0x20,
    0x91, 0x54, 0x83, 0x1, 0x9a, 0x0, 0xd0, 0xc0,
    0x5b, 0x6e, 0xaa, 0x7c, 0xc0, 0x82, 0xc8, 0x1,
    0x1c, 0xf, 0x48, 0x3, 0xc7, 0xe2, 0xc, 0x81,
    0x0, 0x3a, 0x1, 0xfc, 0x36, 0x0, 0xf3, 0x30,
    0x30, 0x80, 0x7f, 0x97, 0xfd, 0x76, 0x0, 0x50,
    0x7, 0xff, 0xc, 0x80, 0x4, 0x1, 0xff, 0xc3,
    0x60, 0x20, 0xf, 0xfe, 0xbb, 0x81, 0x0, 0x7f,
    0xf1, 0xc, 0x0, 0x40, 0x1f, 0xfc, 0x3b, 0x0,
    0x50, 0x7, 0xff, 0xc, 0xc8, 0x18, 0x40, 0x3f,
    0xc9, 0xdc, 0xb0, 0x90, 0x1a, 0x0, 0xfe, 0x1a,
    0x11, 0x78, 0x23, 0x82, 0x61, 0x0, 0x78, 0xf0,
    0x41, 0x50, 0x1, 0xc, 0x7, 0xb6, 0xea, 0xa7,
    0xbc, 0x20, 0x4a, 0x0, 0xd3, 0x42, 0x9, 0x15,
    0x48, 0x40, 0x4, 0x58, 0x7, 0x97, 0xa5, 0x4,
    0x0, 0x29, 0x3c, 0xe0, 0x10,

    /* U+010B "ċ" */
    0x0, 0xf3, 0xfc, 0x0, 0x7f, 0xf0, 0x24, 0x18,
    0x3, 0xff, 0x80, 0xc0, 0xc0, 0x1f, 0xfc, 0x8,
    0xf8, 0x0, 0xff, 0x25, 0x6f, 0xfb, 0x60, 0x80,
    0x38, 0x6e, 0xca, 0x40, 0x2, 0x7d, 0x70, 0xd,
    0x88, 0x9, 0x59, 0x4e, 0x0, 0x87, 0x0, 0x51,
    0x4, 0xda, 0x9a, 0xc6, 0x88, 0x40, 0x89, 0x41,
    0x58, 0x3, 0x8a, 0xc0, 0x12, 0xc0, 0x8, 0x0,
    0xf9, 0x73, 0x15, 0xa0, 0x24, 0x1, 0xf8, 0xcc,
    0x42, 0x6, 0x1, 0xff, 0xcf, 0x10, 0x20, 0xf,
    0xfe, 0x6, 0x80, 0xc, 0x3, 0xf2, 0x20, 0xd8,
    0x1, 0x20, 0x1f, 0x2d, 0xd9, 0x5, 0x41, 0x58,
    0x3, 0x8a, 0xc0, 0xc, 0x14, 0x41, 0x36, 0xa6,
    0xb1, 0xa2, 0x14, 0x20, 0xc, 0x30, 0x4a, 0xca,
    0x70, 0x5, 0x28, 0x4, 0x39, 0x6a, 0x40, 0x3,
    0x7e, 0x50, 0x0,

    /* U+010C "Č" */
    0x0, 0xf2, 0x0, 0x79, 0x40, 0x3f, 0xe8, 0xd3,
    0x0, 0xd, 0xd0, 0x7, 0xfc, 0x85, 0x92, 0xfc,
    0x88, 0x0, 0xff, 0xa3, 0xd, 0xa0, 0x6a, 0xc0,
    0x3f, 0xf8, 0x7, 0x92, 0xfc, 0xa0, 0x1f, 0xfc,
    0x36, 0x80, 0xf, 0xfe, 0x13, 0x5f, 0x7f, 0xba,
    0xd8, 0x40, 0x3f, 0x2f, 0x4a, 0x8, 0x0, 0x52,
    0x7d, 0x80, 0x3d, 0x34, 0x20, 0x91, 0x54, 0x83,
    0x1, 0x9a, 0x0, 0xd0, 0xc0, 0x5b, 0x6e, 0xaa,
    0x7c, 0xc0, 0x82, 0xc8, 0x1, 0x1c, 0xf, 0x48,
    0x3, 0xc7, 0xe2, 0xc, 0x81, 0x0, 0x3a, 0x1,
    0xfc, 0x36, 0x0, 0xf3, 0x30, 0x30, 0x80, 0x7f,
    0x97, 0xfd, 0x76, 0x0, 0x50, 0x7, 0xff, 0xc,
    0x80, 0x4, 0x1, 0xff, 0xc3, 0x60, 0x20, 0xf,
    0xfe, 0xbb, 0x81, 0x0, 0x7f, 0xf1, 0xc, 0x0,
    0x40, 0x1f, 0xfc, 0x3b, 0x0, 0x50, 0x7, 0xff,
    0xc, 0xc8, 0x18, 0x40, 0x3f, 0xc9, 0xdc, 0xb0,
    0x90, 0x1a, 0x0, 0xfe, 0x1a, 0x11, 0x78, 0x23,
    0x82, 0x61, 0x0, 0x78, 0xf0, 0x41, 0x50, 0x1,
    0xc, 0x7, 0xb6, 0xea, 0xa7, 0xbc, 0x20, 0x4a,
    0x0, 0xd3, 0x42, 0x9, 0x15, 0x48, 0x40, 0x4,
    0x58, 0x7, 0x97, 0xa5, 0x4, 0x0, 0x29, 0x3c,
    0xe0, 0x10,

    /* U+010D "č" */
    0x0, 0x88, 0x40, 0x38, 0x48, 0x3, 0xc9, 0xec,
    0x1, 0x37, 0xa0, 0x7, 0x94, 0x67, 0x13, 0x24,
    0x54, 0x3, 0xc7, 0xca, 0x76, 0x6b, 0xc6, 0x1,
    0xf0, 0xd6, 0x26, 0x50, 0x80, 0x7f, 0x8e, 0xcc,
    0x3, 0xfc, 0x95, 0xbf, 0xed, 0x82, 0x0, 0xe1,
    0xbb, 0x29, 0x0, 0x9, 0xf5, 0xc0, 0x36, 0x20,
    0x25, 0x65, 0x38, 0x2, 0x1c, 0x1, 0x44, 0x13,
    0x6a, 0x6b, 0x1a, 0x21, 0x2, 0x25, 0x5, 0x60,
    0xe, 0x2b, 0x0, 0x4b, 0x0, 0x20, 0x3, 0xe5,
    0xcc, 0x56, 0x80, 0x90, 0x7, 0xe3, 0x31, 0x8,
    0x18, 0x7, 0xff, 0x3c, 0x40, 0x80, 0x3f, 0xf8,
    0x1a, 0x0, 0x30, 0xf, 0xc8, 0x83, 0x60, 0x4,
    0x80, 0x7c, 0xb7, 0x64, 0x15, 0x5, 0x60, 0xe,
    0x2b, 0x0, 0x30, 0x51, 0x4, 0xda, 0x9a, 0xc6,
    0x88, 0x50, 0x80, 0x30, 0xc1, 0x2b, 0x29, 0xc0,
    0x14, 0xa0, 0x10, 0xe5, 0xa9, 0x0, 0xd, 0xf9,
    0x40, 0x0,

    /* U+010E "Ď" */
    0x0, 0xca, 0x1, 0xe5, 0x0, 0xfe, 0xab, 0x20,
    0x2, 0x77, 0x0, 0x3f, 0x95, 0x36, 0x2a, 0xc7,
    0x40, 0x3f, 0xaa, 0xc9, 0xd5, 0x35, 0x80, 0x3f,
    0xc9, 0xb1, 0x56, 0x40, 0x1f, 0xfc, 0x17, 0x50,
    0xf, 0xdb, 0xff, 0xee, 0xc9, 0x40, 0xf, 0xfe,
    0x8, 0x9b, 0x5e, 0xa0, 0x7, 0x93, 0x77, 0x64,
    0xa8, 0x15, 0xc0, 0x7, 0x88, 0xb1, 0xb5, 0x69,
    0x83, 0xb8, 0x3, 0xff, 0x80, 0x58, 0x61, 0x6,
    0x1, 0xff, 0xc1, 0xe0, 0x4, 0x0, 0x7f, 0xf0,
    0x49, 0x41, 0x4, 0x3, 0xff, 0x83, 0xe0, 0x4,
    0x0, 0xff, 0xe0, 0xb8, 0x0, 0x80, 0x3f, 0xf8,
    0x24, 0x0, 0xe0, 0xf, 0xfe, 0x90, 0x80, 0x4,
    0x3, 0xff, 0x82, 0x80, 0xd, 0x0, 0xff, 0xe0,
    0xe0, 0x1, 0x0, 0x3f, 0xf8, 0x2, 0xc0, 0x82,
    0x1, 0xff, 0xc0, 0xd0, 0x7, 0x80, 0x7f, 0xc5,
    0x86, 0xe, 0x80, 0x18, 0x8b, 0x1b, 0x56, 0x98,
    0x34, 0x0, 0x64, 0xdd, 0xd9, 0x2a, 0x3, 0x52,
    0x1, 0xfe, 0x12, 0x6a, 0xe5, 0x0, 0xc0,

    /* U+010F "ď" */
    0x0, 0xff, 0xe0, 0xe7, 0xe0, 0x67, 0xf0, 0x7,
    0xff, 0x20, 0x40, 0x3f, 0xf8, 0xd2, 0xa0, 0x20,
    0x1f, 0xfc, 0x55, 0x1, 0x10, 0x7, 0xff, 0x17,
    0x16, 0xc0, 0x39, 0x2f, 0x7f, 0xa9, 0x0, 0x3d,
    0xbe, 0xa0, 0x10, 0xe5, 0xa1, 0x0, 0xad, 0xd8,
    0x40, 0x30, 0x80, 0x76, 0x18, 0xb, 0xd5, 0x1c,
    0x52, 0x84, 0x3, 0xf5, 0x10, 0x2f, 0x42, 0xaa,
    0x39, 0x50, 0x80, 0x3e, 0x15, 0x3, 0xa0, 0xf,
    0x51, 0x80, 0x7e, 0x60, 0x4, 0x0, 0x7e, 0x80,
    0xf, 0xda, 0x0, 0x40, 0xf, 0xc8, 0x1, 0xf9,
    0x80, 0x80, 0x3f, 0xc4, 0x1, 0xf3, 0x80, 0x7f,
    0xf2, 0x4, 0x8, 0x3, 0xfc, 0x40, 0x1f, 0x60,
    0x1, 0x0, 0x3f, 0x20, 0x7, 0xe7, 0x0, 0x48,
    0x7, 0xe9, 0x0, 0xfc, 0x2c, 0x5, 0x60, 0x1e,
    0xb2, 0x0, 0xfe, 0x92, 0x4, 0xe8, 0x56, 0x8e,
    0x45, 0x30, 0xf, 0xec, 0x40, 0x17, 0xa9, 0x71,
    0x5a, 0x0, 0xff, 0xd, 0xd2, 0x8, 0xa, 0x5d,
    0x0, 0x7f, 0x0,

    /* U+0110 "Đ" */
    0x0, 0x2f, 0xff, 0xdd, 0x6e, 0x20, 0x1f, 0xfc,
    0x41, 0x48, 0xe9, 0x10, 0xf, 0xea, 0xdd, 0xd6,
    0xe4, 0xd, 0xe4, 0x1, 0xf9, 0x88, 0xb2, 0x46,
    0xc8, 0xe, 0x8, 0x7, 0xff, 0xd, 0xac, 0x6,
    0x80, 0x3f, 0xf8, 0x88, 0xc0, 0x86, 0x1, 0xff,
    0xc4, 0xb0, 0x5, 0x0, 0x7f, 0xf1, 0x8, 0x80,
    0x80, 0x1f, 0xfc, 0x57, 0x2, 0xc, 0xfa, 0x0,
    0x67, 0xfe, 0x90, 0xe, 0x20, 0x0, 0x80, 0x7f,
    0xf2, 0x22, 0x58, 0x0, 0xf3, 0x3a, 0x80, 0x38,
    0x40, 0x2, 0x8d, 0x80, 0xb, 0x66, 0xc6, 0x1,
    0xca, 0x4, 0x1, 0xff, 0xc4, 0x13, 0x4, 0x0,
    0xff, 0xe2, 0x48, 0x2, 0x80, 0x3f, 0xf8, 0x66,
    0xe0, 0x86, 0x1, 0xff, 0xc2, 0x4c, 0x1, 0x90,
    0xf, 0xf8, 0x49, 0xae, 0xc0, 0x3a, 0x40, 0x1f,
    0x67, 0xfd, 0xdb, 0x28, 0xb, 0xe6, 0x1, 0xff,
    0xc1, 0x14, 0x8d, 0xa1, 0x0, 0xc0,

    /* U+0111 "đ" */
    0x0, 0xff, 0xe0, 0xe7, 0xe0, 0x7, 0xff, 0x4b,
    0xfe, 0x30, 0x3f, 0x70, 0xf, 0xf3, 0xb3, 0x4,
    0x5, 0x8c, 0x3, 0xfd, 0x13, 0x22, 0x2, 0x94,
    0x0, 0xc9, 0x7b, 0xfd, 0x48, 0x1, 0xfc, 0x39,
    0x68, 0x40, 0x2b, 0x76, 0x10, 0xf, 0xb0, 0xc0,
    0x5e, 0xa8, 0xe2, 0x94, 0x20, 0x1d, 0x44, 0xb,
    0xd0, 0xaa, 0x8e, 0x54, 0x20, 0xc, 0x2a, 0x7,
    0x40, 0x1e, 0xa3, 0x0, 0xe6, 0x0, 0x40, 0x7,
    0xe8, 0x0, 0xed, 0x0, 0x20, 0x7, 0xe4, 0x0,
    0xe6, 0x2, 0x0, 0xff, 0x10, 0x6, 0x70, 0xf,
    0xfe, 0x28, 0x81, 0x0, 0x7f, 0x88, 0x3, 0x60,
    0x1, 0x0, 0x3f, 0x20, 0x7, 0x38, 0x2, 0x40,
    0x3f, 0x48, 0x7, 0xb, 0x1, 0x58, 0x7, 0xac,
    0x80, 0x3d, 0x24, 0x9, 0xd0, 0xad, 0x1c, 0x8a,
    0x60, 0x1e, 0xc4, 0x1, 0x7a, 0x97, 0x15, 0xa0,
    0xf, 0x86, 0xe9, 0x4, 0x5, 0x2e, 0x80, 0x3c,

    /* U+0112 "Ē" */
    0xcf, 0xff, 0xe0, 0x10, 0xf, 0xf6, 0xff, 0xff,
    0x0, 0x7f, 0xf2, 0xf7, 0xff, 0xfa, 0x80, 0x3f,
    0xf8, 0x29, 0xbb, 0xf5, 0x80, 0x44, 0x5f, 0x8,
    0x7, 0xff, 0x8c, 0x8b, 0xe0, 0x9, 0x37, 0x7d,
    0xe0, 0x1f, 0xfc, 0x24, 0xff, 0xf6, 0x80, 0x7f,
    0xfb, 0xc8, 0xbe, 0x10, 0x2, 0x6e, 0xfd, 0x60,
    0x1f, 0xf0,

    /* U+0113 "ē" */
    0x0, 0x27, 0xff, 0xf4, 0x80, 0x73, 0x80, 0x7f,
    0xf0, 0xcf, 0xff, 0xfa, 0x40, 0x3f, 0xf9, 0x69,
    0x5b, 0xfd, 0x8e, 0x20, 0x1e, 0x1b, 0xb2, 0x90,
    0x9, 0xc7, 0x30, 0x7, 0x62, 0x2, 0x56, 0x5b,
    0x88, 0x4b, 0x0, 0x54, 0x41, 0x36, 0xa6, 0x91,
    0xe6, 0x12, 0x40, 0x2a, 0xc, 0xc0, 0xe, 0x1d,
    0x0, 0x58, 0x30, 0x2, 0xc0, 0x3e, 0x15, 0x7,
    0xd, 0x1, 0x2, 0x2f, 0xc6, 0x2, 0x2, 0x3,
    0xbb, 0xfc, 0xc0, 0x2, 0x0, 0xff, 0xe1, 0x98,
    0x80, 0xff, 0xff, 0xf0, 0x7, 0x40, 0x44, 0x1,
    0xff, 0xc0, 0x60, 0x4, 0x80, 0x7c, 0x5f, 0xea,
    0x1, 0x60, 0x76, 0x0, 0xe1, 0xf0, 0x4, 0x80,
    0x24, 0x82, 0x6d, 0x8d, 0x23, 0xc8, 0x1c, 0xc0,
    0x2c, 0x40, 0x49, 0xcb, 0x71, 0x8, 0x80, 0x6,
    0x1b, 0xb2, 0x90, 0x0, 0x9b, 0x5c, 0x2,

    /* U+0114 "Ĕ" */
    0x6, 0x50, 0xc, 0x70, 0x1, 0x5c, 0x0, 0x6a,
    0x71, 0x0, 0x21, 0x40, 0x89, 0x58, 0x84, 0x1,
    0x60, 0xfd, 0xca, 0x8, 0x0, 0x8b, 0x50, 0x0,
    0x74, 0xa0, 0x18, 0xaf, 0xfd, 0x8a, 0x1, 0x6f,
    0xff, 0xf5, 0x0, 0x7f, 0xf0, 0x53, 0x77, 0xeb,
    0x0, 0x88, 0xbe, 0x10, 0xf, 0xff, 0x19, 0x17,
    0xc0, 0x12, 0x6e, 0xfb, 0xc0, 0x3f, 0xf8, 0x49,
    0xff, 0xed, 0x0, 0xff, 0xf7, 0x91, 0x7c, 0x20,
    0x4, 0xdd, 0xfa, 0xc0, 0x3f, 0xe0,

    /* U+0115 "ĕ" */
    0x0, 0x93, 0xe0, 0x40, 0x9, 0xf4, 0x1, 0xf2,
    0xb, 0xf7, 0xfa, 0xc3, 0xc0, 0x3f, 0x7b, 0x8,
    0x0, 0xed, 0x40, 0x3f, 0xc, 0xf7, 0xfb, 0x10,
    0x3, 0xff, 0x9a, 0x95, 0xbf, 0xd8, 0xe2, 0x1,
    0xe1, 0xbb, 0x29, 0x0, 0x9c, 0x73, 0x0, 0x76,
    0x20, 0x25, 0x65, 0xb8, 0x84, 0xb0, 0x5, 0x44,
    0x13, 0x6a, 0x69, 0x1e, 0x61, 0x24, 0x2, 0xa0,
    0xcc, 0x0, 0xe1, 0xd0, 0x5, 0x83, 0x0, 0x2c,
    0x3, 0xe1, 0x50, 0x70, 0xd0, 0x10, 0x22, 0xfc,
    0x60, 0x20, 0x20, 0x3b, 0xbf, 0xcc, 0x0, 0x20,
    0xf, 0xfe, 0x19, 0x88, 0xf, 0xff, 0xff, 0x0,
    0x74, 0x4, 0x40, 0x1f, 0xfc, 0x6, 0x0, 0x48,
    0x7, 0xc5, 0xfe, 0xa0, 0x16, 0x7, 0x60, 0xe,
    0x1f, 0x0, 0x48, 0x2, 0x48, 0x26, 0xd8, 0xd2,
    0x3c, 0x81, 0xcc, 0x2, 0xc4, 0x4, 0x9c, 0xb7,
    0x10, 0x88, 0x0, 0x61, 0xbb, 0x29, 0x0, 0x9,
    0xb5, 0xc0, 0x20,

    /* U+0116 "Ė" */
    0x0, 0xd9, 0xc6, 0x1, 0xf2, 0x18, 0xd8, 0x7,
    0xca, 0x43, 0x60, 0x1f, 0xe, 0xf1, 0x80, 0x7f,
    0xf0, 0xf7, 0xff, 0xfa, 0x80, 0x3f, 0xf8, 0x29,
    0xbb, 0xf5, 0x80, 0x44, 0x5f, 0x8, 0x7, 0xff,
    0x8c, 0x8b, 0xe0, 0x9, 0x37, 0x7d, 0xe0, 0x1f,
    0xfc, 0x24, 0xff, 0xf6, 0x80, 0x7f, 0xfb, 0xc8,
    0xbe, 0x10, 0x2, 0x6e, 0xfd, 0x60, 0x1f, 0xf0,

    /* U+0117 "ė" */
    0x0, 0xf2, 0xf5, 0x0, 0x7f, 0xf0, 0x78, 0x54,
    0x40, 0x3f, 0xf8, 0x1c, 0x8, 0x20, 0x1f, 0xfc,
    0x5, 0xfb, 0x0, 0xff, 0x92, 0xb7, 0xfb, 0x1c,
    0x40, 0x3c, 0x37, 0x65, 0x20, 0x13, 0x8e, 0x60,
    0xe, 0xc4, 0x4, 0xac, 0xb7, 0x10, 0x96, 0x0,
    0xa8, 0x82, 0x6d, 0x4d, 0x23, 0xcc, 0x24, 0x80,
    0x54, 0x19, 0x80, 0x1c, 0x3a, 0x0, 0xb0, 0x60,
    0x5, 0x80, 0x7c, 0x2a, 0xe, 0x1a, 0x2, 0x4,
    0x5f, 0x8c, 0x4, 0x4, 0x7, 0x77, 0xf9, 0x80,
    0x4, 0x1, 0xff, 0xc3, 0x31, 0x1, 0xff, 0xff,
    0xe0, 0xe, 0x80, 0x88, 0x3, 0xff, 0x80, 0xc0,
    0x9, 0x0, 0xf8, 0xbf, 0xd4, 0x2, 0xc0, 0xec,
    0x1, 0xc3, 0xe0, 0x9, 0x0, 0x49, 0x4, 0xdb,
    0x1a, 0x47, 0x90, 0x39, 0x80, 0x58, 0x80, 0x93,
    0x96, 0xe2, 0x11, 0x0, 0xc, 0x37, 0x65, 0x20,
    0x1, 0x36, 0xb8, 0x4,

    /* U+0118 "Ę" */
    0xdf, 0xff, 0xea, 0x0, 0xff, 0xe0, 0xa6, 0xef,
    0xd6, 0x1, 0x11, 0x7c, 0x20, 0x1f, 0xfe, 0x32,
    0x2f, 0x80, 0x24, 0xdd, 0xf7, 0x80, 0x7f, 0xf0,
    0x93, 0xff, 0xda, 0x1, 0xff, 0xef, 0x22, 0xf8,
    0x40, 0x9, 0xbb, 0xf5, 0x80, 0x7f, 0xdb, 0xff,
    0xd4, 0x0, 0x6b, 0x0, 0xe2, 0xa1, 0xc9, 0x10,
    0xe, 0xb0, 0x63, 0x0, 0xfe, 0x20, 0xf, 0xda,
    0xb, 0xb9, 0xa0, 0x1c, 0x94, 0x64, 0x47,

    /* U+0119 "ę" */
    0x0, 0xc9, 0x5b, 0xfd, 0x8e, 0x20, 0x1e, 0x1b,
    0xb2, 0x90, 0x9, 0xc7, 0x28, 0x7, 0x62, 0x2,
    0x56, 0x5b, 0x88, 0x53, 0x0, 0x52, 0x41, 0x36,
    0xa6, 0x91, 0xe4, 0x12, 0x40, 0x2c, 0xc, 0xc0,
    0xe, 0x1f, 0x0, 0x50, 0x38, 0x2, 0xc0, 0x3e,
    0x24, 0x6, 0xc, 0x1, 0x20, 0xf, 0xc6, 0x2,
    0x2, 0x3, 0xff, 0xfc, 0xe0, 0x2, 0x70, 0xf,
    0xfe, 0x11, 0xb0, 0xe, 0xef, 0xff, 0x0, 0x48,
    0x4, 0x8b, 0xff, 0x80, 0x16, 0x0, 0x60, 0xf,
    0x87, 0x36, 0x0, 0xcc, 0x10, 0x40, 0x1e, 0xb3,
    0x2d, 0x0, 0x78, 0xe, 0x30, 0x4, 0x54, 0xa0,
    0x8a, 0x0, 0x3b, 0x1, 0x9f, 0xde, 0xd5, 0x3,
    0xa0, 0xc, 0x9a, 0xa0, 0x2, 0x10, 0x18, 0xc1,
    0x0, 0xe2, 0xaf, 0x40, 0x19, 0xe7, 0x0, 0xfe,
    0x34, 0x1f, 0x60, 0xf, 0xfa, 0xc1, 0xc4, 0x3,
    0xff, 0x81, 0xe0, 0x84, 0x6, 0x1, 0xfe, 0x61,
    0x2d, 0xfc, 0x0, 0xff, 0xf, 0xba, 0x22, 0x0,
    0x38,

    /* U+011A "Ě" */
    0x5, 0x0, 0xf2, 0x80, 0x53, 0xa8, 0x0, 0x2b,
    0xa0, 0xa, 0xca, 0xe9, 0xf5, 0x14, 0x2, 0x7d,
    0x45, 0x82, 0xba, 0x0, 0xc5, 0x74, 0xfa, 0x80,
    0x1f, 0x2c, 0x0, 0x76, 0xff, 0xff, 0x50, 0x7,
    0xff, 0x5, 0x37, 0x7e, 0xb0, 0x8, 0x8b, 0xe1,
    0x0, 0xff, 0xf1, 0x91, 0x7c, 0x1, 0x26, 0xef,
    0xbc, 0x3, 0xff, 0x84, 0x9f, 0xfe, 0xd0, 0xf,
    0xff, 0x79, 0x17, 0xc2, 0x0, 0x4d, 0xdf, 0xac,
    0x3, 0xfe,

    /* U+011B "ě" */
    0x0, 0x84, 0x80, 0x3c, 0x60, 0x1f, 0x16, 0xc0,
    0x4, 0x9b, 0x40, 0x1f, 0x10, 0xbe, 0xad, 0x59,
    0x78, 0x7, 0xc3, 0xce, 0x54, 0xa7, 0xac, 0x1,
    0xfd, 0x1a, 0xb5, 0x84, 0x1, 0xff, 0x15, 0x28,
    0x7, 0xfc, 0x95, 0xbf, 0xd8, 0xe2, 0x1, 0xe1,
    0xbb, 0x29, 0x0, 0x9c, 0x73, 0x0, 0x76, 0x20,
    0x25, 0x65, 0xb8, 0x84, 0xb0, 0x5, 0x44, 0x13,
    0x6a, 0x69, 0x1e, 0x61, 0x24, 0x2, 0xa0, 0xcc,
    0x0, 0xe1, 0xd0, 0x5, 0x83, 0x0, 0x2c, 0x3,
    0xe1, 0x50, 0x70, 0xd0, 0x10, 0x22, 0xfc, 0x60,
    0x20, 0x20, 0x3b, 0xbf, 0xcc, 0x0, 0x20, 0xf,
    0xfe, 0x19, 0x88, 0xf, 0xff, 0xff, 0x0, 0x74,
    0x4, 0x40, 0x1f, 0xfc, 0x6, 0x0, 0x48, 0x7,
    0xc5, 0xfe, 0xa0, 0x16, 0x7, 0x60, 0xe, 0x1f,
    0x0, 0x48, 0x2, 0x48, 0x26, 0xd8, 0xd2, 0x3c,
    0x81, 0xcc, 0x2, 0xc4, 0x4, 0x9c, 0xb7, 0x10,
    0x88, 0x0, 0x61, 0xbb, 0x29, 0x0, 0x9, 0xb5,
    0xc0, 0x20,

    /* U+011E "Ğ" */
    0x0, 0xf7, 0xc8, 0x6, 0x9f, 0x0, 0xff, 0xe0,
    0x13, 0x20, 0x1, 0x58, 0x80, 0x3f, 0xf8, 0x10,
    0x17, 0xfe, 0xa0, 0x80, 0xf, 0xfe, 0x2, 0xd9,
    0x80, 0xe, 0xd4, 0x3, 0xff, 0x82, 0x99, 0xfe,
    0xc4, 0x0, 0xff, 0xea, 0xb5, 0x77, 0xfb, 0xad,
    0x84, 0x3, 0xf9, 0x7a, 0x54, 0x40, 0x2, 0x93,
    0xce, 0x1, 0xf4, 0xd0, 0x81, 0xbc, 0xc9, 0xcc,
    0x1, 0x16, 0x1, 0xd0, 0xc0, 0x59, 0x88, 0x66,
    0x46, 0x58, 0x82, 0x50, 0x4, 0x8e, 0x7, 0x86,
    0x1, 0xe4, 0xf1, 0x5, 0x50, 0x2, 0x0, 0x1c,
    0x20, 0x1f, 0x86, 0x8c, 0xde, 0x6, 0x60, 0x72,
    0x0, 0xff, 0x26, 0x62, 0x82, 0xc0, 0x14, 0x1,
    0xff, 0xc4, 0x30, 0x1, 0x0, 0x7f, 0xf1, 0x1c,
    0x8, 0x3, 0xdd, 0xff, 0xfd, 0x20, 0x1f, 0xfc,
    0x87, 0x2, 0x0, 0xf7, 0xee, 0xfa, 0x80, 0x2,
    0x60, 0x2, 0x0, 0xe1, 0x22, 0xf1, 0x80, 0x36,
    0xc0, 0x14, 0x1, 0xff, 0xc0, 0xd0, 0x2, 0x19,
    0x3, 0x90, 0x7, 0xf8, 0xd0, 0x18, 0x42, 0x40,
    0x1c, 0x20, 0x1f, 0x87, 0x80, 0x10, 0x0, 0x48,
    0x3, 0xc3, 0x0, 0xf1, 0xf9, 0x5, 0x88, 0x4,
    0xee, 0x2, 0xcd, 0x86, 0x64, 0x66, 0x4, 0x25,
    0x0, 0x3a, 0x2c, 0x40, 0x9e, 0x64, 0xe6, 0x5,
    0x8c, 0x1, 0xf2, 0x74, 0xa0, 0x80, 0x5, 0x6b,
    0x4c, 0x3, 0x0,

    /* U+011F "ğ" */
    0x0, 0xcf, 0xec, 0x20, 0x2d, 0xee, 0x1, 0xf2,
    0x84, 0xf7, 0xf4, 0x82, 0x80, 0x7c, 0x58, 0xa2,
    0x2, 0xb8, 0x40, 0x1f, 0x8e, 0xbb, 0xfa, 0x8c,
    0x3, 0xff, 0x98, 0x97, 0xbf, 0xd6, 0x80, 0xc,
    0xfc, 0x0, 0xe, 0x5a, 0x10, 0xa, 0x5d, 0x84,
    0x3, 0xb0, 0xc0, 0x5e, 0xa8, 0xe2, 0x94, 0x1,
    0xa8, 0x81, 0x7a, 0x15, 0x51, 0xca, 0x86, 0x0,
    0x15, 0x3, 0xa0, 0xf, 0x51, 0x80, 0x4c, 0x0,
    0x80, 0xf, 0xd0, 0x1, 0x68, 0x1, 0x0, 0x3f,
    0x20, 0x4, 0xc0, 0x40, 0x1f, 0xe2, 0x0, 0x38,
    0x7, 0xff, 0xc, 0x40, 0x80, 0x3f, 0xc4, 0x0,
    0xc0, 0x2, 0x0, 0x7e, 0x40, 0x9, 0xc0, 0x12,
    0x1, 0xfa, 0x40, 0x21, 0x60, 0x2b, 0x0, 0xf5,
    0x90, 0x6, 0x92, 0x4, 0xe8, 0x56, 0x8e, 0x45,
    0x30, 0xd, 0x88, 0x2, 0xf5, 0x2e, 0x2b, 0x40,
    0x1c, 0x37, 0x48, 0x20, 0x29, 0x74, 0x1, 0xf9,
    0x6f, 0xbf, 0xad, 0x0, 0x2, 0xc, 0x4, 0x41,
    0x0, 0xfe, 0x20, 0x20, 0xfd, 0xc0, 0xf, 0xcc,
    0x0, 0xc0, 0xa0, 0x2b, 0x0, 0xf2, 0x48, 0x12,
    0x3, 0x98, 0x27, 0x4a, 0xa3, 0x55, 0x80, 0x3c,
    0x2, 0xc5, 0x1, 0x6a, 0xb9, 0x50, 0x2c, 0x20,
    0xd, 0x58, 0xc4, 0x0, 0x14, 0x9d, 0x30, 0x0,

    /* U+0120 "Ġ" */
    0x0, 0xff, 0xe8, 0x17, 0x68, 0x80, 0x7f, 0xf1,
    0x14, 0x49, 0xc0, 0x3f, 0xf8, 0x8a, 0x44, 0x70,
    0xf, 0xfe, 0x21, 0x6e, 0x84, 0x3, 0xff, 0xac,
    0xd5, 0xdf, 0xee, 0xb6, 0x10, 0xf, 0xe5, 0xe9,
    0x51, 0x0, 0xa, 0x4f, 0x38, 0x7, 0xd3, 0x42,
    0x6, 0xf3, 0x27, 0x30, 0x4, 0x58, 0x7, 0x43,
    0x1, 0x66, 0x21, 0x99, 0x19, 0x62, 0x9, 0x40,
    0x12, 0x38, 0x1e, 0x18, 0x7, 0x93, 0xc4, 0x15,
    0x40, 0x8, 0x0, 0x70, 0x80, 0x7e, 0x1a, 0x33,
    0x78, 0x19, 0x81, 0xc8, 0x3, 0xfc, 0x99, 0x8a,
    0xb, 0x0, 0x50, 0x7, 0xff, 0x10, 0xc0, 0x4,
    0x1, 0xff, 0xc4, 0x70, 0x20, 0xf, 0x77, 0xff,
    0xf4, 0x80, 0x7f, 0xf2, 0x1c, 0x8, 0x3, 0xdf,
    0xbb, 0xea, 0x0, 0x9, 0x80, 0x8, 0x3, 0x84,
    0x8b, 0xc6, 0x0, 0xdb, 0x0, 0x50, 0x7, 0xff,
    0x3, 0x40, 0x8, 0x64, 0xe, 0x40, 0x1f, 0xe3,
    0x40, 0x61, 0x9, 0x0, 0x70, 0x80, 0x7e, 0x1e,
    0x0, 0x40, 0x1, 0x20, 0xf, 0xc, 0x3, 0xc7,
    0xe4, 0x16, 0x20, 0x13, 0xb8, 0xb, 0x36, 0x19,
    0x91, 0x98, 0x10, 0x94, 0x0, 0xe8, 0xb1, 0x2,
    0x79, 0x93, 0x98, 0x16, 0x30, 0x7, 0xc9, 0xd2,
    0x82, 0x0, 0x15, 0xad, 0x30, 0xc,

    /* U+0121 "ġ" */
    0x0, 0xfa, 0x3d, 0xc0, 0x3f, 0xf8, 0x2e, 0x12,
    0x1, 0xff, 0xc1, 0x70, 0x60, 0xf, 0xfe, 0xc,
    0x7c, 0x0, 0x7f, 0x92, 0xf7, 0xfa, 0xd0, 0x1,
    0x9f, 0x80, 0x1, 0xcb, 0x42, 0x1, 0x4b, 0xb0,
    0x80, 0x76, 0x18, 0xb, 0xd5, 0x1c, 0x52, 0x80,
    0x35, 0x10, 0x2f, 0x42, 0xaa, 0x39, 0x50, 0xc0,
    0x2, 0xa0, 0x74, 0x1, 0xea, 0x30, 0x9, 0x80,
    0x10, 0x1, 0xfa, 0x0, 0x2d, 0x0, 0x20, 0x7,
    0xe4, 0x0, 0x98, 0x8, 0x3, 0xfc, 0x40, 0x7,
    0x0, 0xff, 0xe1, 0x88, 0x10, 0x7, 0xf8, 0x80,
    0x18, 0x0, 0x40, 0xf, 0xc8, 0x1, 0x38, 0x2,
    0x40, 0x3f, 0x48, 0x4, 0x2c, 0x5, 0x60, 0x1e,
    0xb2, 0x0, 0xd2, 0x40, 0x9d, 0xa, 0xd1, 0xc8,
    0xa6, 0x1, 0xb1, 0x0, 0x5e, 0xa5, 0xc5, 0x68,
    0x3, 0x86, 0xe9, 0x4, 0x5, 0x2e, 0x80, 0x3f,
    0x2d, 0xf7, 0xf5, 0xa0, 0x0, 0x41, 0x80, 0x88,
    0x20, 0x1f, 0xc4, 0x4, 0x1f, 0xb8, 0x1, 0xf9,
    0x80, 0x18, 0x14, 0x5, 0x60, 0x1e, 0x49, 0x2,
    0x40, 0x73, 0x4, 0xe9, 0x54, 0x6a, 0xb0, 0x7,
    0x80, 0x58, 0xa0, 0x2d, 0x57, 0x2a, 0x5, 0x84,
    0x1, 0xab, 0x18, 0x80, 0x2, 0x93, 0xa6, 0x0,

    /* U+0122 "Ģ" */
    0x0, 0xf3, 0x57, 0x7f, 0xba, 0xd8, 0x40, 0x3f,
    0x97, 0xa5, 0x44, 0x0, 0x29, 0x3c, 0xe0, 0x1f,
    0x4d, 0x8, 0x1b, 0xcc, 0x9c, 0xc0, 0x11, 0x60,
    0x1d, 0xc, 0x5, 0x98, 0x86, 0x64, 0x65, 0x88,
    0x25, 0x0, 0x48, 0xe0, 0x78, 0x60, 0x1e, 0x4f,
    0x10, 0x55, 0x0, 0x20, 0x1, 0xc2, 0x1, 0xf8,
    0x68, 0xcd, 0xe0, 0x66, 0x7, 0x20, 0xf, 0xf2,
    0x66, 0x28, 0x2c, 0x1, 0x40, 0x1f, 0xfc, 0x43,
    0x0, 0x10, 0x7, 0xff, 0x11, 0xc0, 0x80, 0x3d,
    0xdf, 0xff, 0xd2, 0x1, 0xff, 0xc8, 0x70, 0x20,
    0xf, 0x7e, 0xef, 0xa8, 0x0, 0x26, 0x0, 0x20,
    0xe, 0x12, 0x2f, 0x18, 0x3, 0x6c, 0x1, 0x40,
    0x1f, 0xfc, 0xd, 0x0, 0x21, 0x90, 0x39, 0x0,
    0x7f, 0x8d, 0x1, 0x84, 0x24, 0x1, 0xc2, 0x1,
    0xf8, 0x78, 0x1, 0x0, 0x4, 0x80, 0x3c, 0x30,
    0xf, 0x1f, 0x90, 0x58, 0x80, 0x4e, 0xe0, 0x2c,
    0xd8, 0x66, 0x46, 0x60, 0x42, 0x50, 0x3, 0xa2,
    0xc4, 0x9, 0xe6, 0x4e, 0x60, 0x58, 0xc0, 0x1f,
    0x27, 0x4a, 0x8, 0x0, 0x56, 0xb4, 0xc0, 0x3f,
    0xcd, 0x7d, 0xfe, 0xea, 0x50, 0xf, 0xfe, 0x13,
    0x7f, 0x8c, 0x3, 0xff, 0x8e, 0xc0, 0x1f, 0xfc,
    0x44, 0x90, 0x30, 0xf, 0xfe, 0x21, 0x38, 0x18,
    0x7, 0xff, 0x10, 0x60, 0x10, 0x3, 0xff, 0x88,
    0xe9, 0x62, 0x1, 0xf8,

    /* U+0123 "ģ" */
    0x0, 0xf8, 0xae, 0x80, 0x3f, 0xf8, 0x32, 0xd0,
    0x1, 0xff, 0xc1, 0x4b, 0x20, 0xf, 0xfe, 0x1,
    0x1, 0x80, 0x7f, 0xf0, 0x4c, 0x2a, 0xc0, 0x3f,
    0xf8, 0x2, 0x1, 0xff, 0xc4, 0x98, 0xe0, 0xf,
    0xfe, 0xb, 0x3a, 0x80, 0x7f, 0x92, 0xf7, 0xfa,
    0xd0, 0x1, 0x9f, 0x80, 0x1, 0xcb, 0x42, 0x1,
    0x4b, 0xb0, 0x80, 0x76, 0x18, 0xb, 0xd5, 0x1c,
    0x52, 0x80, 0x35, 0x10, 0x2f, 0x42, 0xaa, 0x39,
    0x50, 0xc0, 0x2, 0xa0, 0x74, 0x1, 0xea, 0x30,
    0x9, 0x80, 0x10, 0x1, 0xfa, 0x0, 0x2d, 0x0,
    0x20, 0x7, 0xe4, 0x0, 0x98, 0x8, 0x3, 0xfc,
    0x40, 0x7, 0x0, 0xff, 0xe1, 0x88, 0x10, 0x7,
    0xf8, 0x80, 0x18, 0x0, 0x40, 0xf, 0xc8, 0x1,
    0x38, 0x2, 0x40, 0x3f, 0x48, 0x4, 0x2c, 0x5,
    0x60, 0x1e, 0xb2, 0x0, 0xd2, 0x40, 0x9d, 0xa,
    0xd1, 0xc8, 0xa6, 0x1, 0xb1, 0x0, 0x5e, 0xa5,
    0xc5, 0x68, 0x3, 0x86, 0xe9, 0x4, 0x5, 0x2e,
    0x80, 0x3f, 0x2d, 0xf7, 0xf5, 0xa0, 0x0, 0x41,
    0x80, 0x88, 0x20, 0x1f, 0xc4, 0x4, 0x1f, 0xb8,
    0x1, 0xf9, 0x80, 0x18, 0x14, 0x5, 0x60, 0x1e,
    0x49, 0x2, 0x40, 0x73, 0x4, 0xe9, 0x54, 0x6a,
    0xb0, 0x7, 0x80, 0x58, 0xa0, 0x2d, 0x57, 0x2a,
    0x5, 0x84, 0x1, 0xab, 0x18, 0x80, 0x2, 0x93,
    0xa6, 0x0,

    /* U+0128 "Ĩ" */
    0x1, 0x9a, 0x20, 0x3, 0x58, 0x3, 0xd9, 0x75,
    0x46, 0xc0, 0xc, 0x37, 0x85, 0x5c, 0x5e, 0x2,
    0xa8, 0x7a, 0xeb, 0x68, 0xf, 0x40, 0x14, 0x52,
    0x0, 0x76, 0xfd, 0x80, 0x7f, 0xff, 0xc0, 0x3f,
    0xff, 0xe0, 0x1f, 0xfe, 0x0,

    /* U+0129 "ĩ" */
    0x6, 0xef, 0xa3, 0x1b, 0xe0, 0x39, 0x2, 0x5c,
    0xe4, 0x90, 0x54, 0xed, 0xb5, 0x49, 0x70, 0x6b,
    0x0, 0x25, 0x5b, 0x0, 0x76, 0xfd, 0x80, 0x7f,
    0xff, 0xc0, 0x3f, 0xff, 0xe0, 0x18,

    /* U+012A "Ī" */
    0x7f, 0xff, 0xe5, 0xf0, 0xf, 0xf4, 0x7f, 0xff,
    0x28, 0x7, 0xff, 0x3b, 0x7e, 0xc0, 0x3f, 0xff,
    0xe0, 0x1f, 0xff, 0xf0, 0xf, 0xff, 0x98,

    /* U+012B "ī" */
    0x8f, 0xff, 0xe5, 0xf0, 0xf, 0xf3, 0xff, 0xff,
    0x28, 0x7, 0xff, 0xf, 0x7e, 0xc0, 0x3f, 0xff,
    0xe0, 0x1f, 0xff, 0xf0, 0xf, 0xfe, 0x38,

    /* U+012C "Ĭ" */
    0x47, 0x0, 0xc3, 0x7, 0x90, 0x40, 0x12, 0xba,
    0xe8, 0x49, 0x9, 0xc8, 0x22, 0x9a, 0x6f, 0x61,
    0x29, 0x6, 0x30, 0x80, 0xbd, 0x0, 0x53, 0xdf,
    0xd0, 0x1, 0xdb, 0xf6, 0x1, 0xff, 0xff, 0x0,
    0xff, 0xff, 0x80, 0x7f, 0xf3, 0x0,

    /* U+012D "ĭ" */
    0x8f, 0x0, 0xc7, 0xed, 0xc1, 0x44, 0x7, 0xe0,
    0x4c, 0x4b, 0xbf, 0x86, 0x64, 0xc, 0x62, 0x2,
    0x7c, 0x0, 0xc, 0xef, 0xec, 0x0, 0x76, 0xfd,
    0x80, 0x7f, 0xff, 0xc0, 0x3f, 0xfe, 0x60,

    /* U+012E "Į" */
    0x0, 0xb7, 0xec, 0x3, 0xff, 0xfe, 0x1, 0xff,
    0xd7, 0x13, 0x0, 0x93, 0xc5, 0x64, 0x6c, 0x6e,
    0x8a, 0x41, 0x90, 0x3, 0x10, 0x5, 0x60, 0x9b,
    0x9c, 0x74, 0x64, 0x45,

    /* U+012F "į" */
    0x0, 0x89, 0xc8, 0x2, 0x1d, 0x8c, 0x0, 0x88,
    0x0, 0x22, 0x0, 0x1a, 0x3, 0x8, 0x5, 0x7f,
    0x20, 0x1f, 0xf6, 0xfd, 0x80, 0x7f, 0xff, 0xc0,
    0x3f, 0xf9, 0xc8, 0x40, 0x20, 0x7, 0xb1, 0x9a,
    0x3, 0x81, 0xf6, 0x0, 0x58, 0x30, 0x80, 0x5e,
    0x8, 0x20, 0x60, 0xa2, 0x7d, 0xf8, 0x5, 0xee,
    0x8b, 0x0,

    /* U+0130 "İ" */
    0x8, 0xf7, 0x7, 0xa, 0x6, 0xa, 0x9, 0xf7,
    0x0, 0xed, 0xfb, 0x0, 0xff, 0xff, 0x80,

    /* U+0131 "ı" */
    0xdf, 0xb0, 0xf, 0xff, 0x8,

    /* U+0136 "Ķ" */
    0xdf, 0xb0, 0xf, 0xab, 0xfd, 0x0, 0x1f, 0xe8,
    0x50, 0x58, 0x0, 0xfe, 0x67, 0x4, 0xa0, 0xf,
    0xe4, 0x90, 0x2a, 0x0, 0xfe, 0x3b, 0x1, 0xc1,
    0x0, 0xfc, 0x3a, 0x0, 0xc1, 0x0, 0xfe, 0xc1,
    0xb, 0x20, 0xf, 0xeb, 0x20, 0xa4, 0x0, 0xfe,
    0xa4, 0x8, 0x50, 0xf, 0xe4, 0x50, 0x67, 0x0,
    0xff, 0xe6, 0xa2, 0x1, 0x9c, 0x3, 0xfe, 0xb2,
    0x8, 0x50, 0xf, 0xfb, 0x4, 0x29, 0x0, 0x3f,
    0xc3, 0x82, 0x16, 0x60, 0x1f, 0xe2, 0xa0, 0x6,
    0x90, 0x7, 0xf9, 0x28, 0x7, 0xc4, 0x3, 0xfc,
    0xb0, 0x5, 0xa0, 0x1f, 0xf3, 0xb0, 0x1d, 0x80,
    0x7f, 0xd2, 0x80, 0x94, 0x1b, 0xf6, 0x1, 0xf5,
    0xff, 0xa8, 0x3, 0xdf, 0xea, 0x0, 0xff, 0xe1,
    0x30, 0x7, 0xff, 0x2, 0x8c, 0x40, 0x3f, 0xf8,
    0xa, 0xec, 0x1, 0xff, 0xc0, 0x54, 0xc0, 0xf,
    0xfe, 0x4, 0x33, 0x80, 0x7c,

    /* U+0137 "ķ" */
    0xdf, 0xb0, 0xf, 0xff, 0xd6, 0x7f, 0xac, 0x3,
    0xf5, 0x18, 0x1d, 0x80, 0x7c, 0xea, 0x5, 0xa0,
    0x1f, 0x24, 0x0, 0xe0, 0x80, 0x78, 0xac, 0x7,
    0x4, 0x3, 0xc3, 0x80, 0xd, 0x20, 0xf, 0xb4,
    0x42, 0xcc, 0x3, 0xe4, 0x30, 0xa4, 0x0, 0xff,
    0x8c, 0x3, 0xf9, 0xc, 0x25, 0x40, 0x3f, 0xb4,
    0x42, 0x90, 0x3, 0xf0, 0xe0, 0x2, 0xcc, 0x3,
    0xf1, 0x58, 0x3, 0x48, 0x3, 0xf2, 0x48, 0xf,
    0x88, 0x7, 0xe6, 0x60, 0x16, 0x80, 0x7f, 0x4a,
    0x1, 0xd8, 0x6f, 0xd8, 0x7, 0x5f, 0xfa, 0xc0,
    0x30, 0xff, 0xa0, 0x3, 0xff, 0x80, 0x40, 0x1f,
    0xc3, 0x44, 0x20, 0x1f, 0xe5, 0x2, 0x0, 0xff,
    0x31, 0x60, 0x7, 0xfa, 0x1d, 0x40, 0x3c,

    /* U+0139 "Ĺ" */
    0x0, 0xf2, 0x0, 0x7c, 0x79, 0x0, 0x1c, 0x33,
    0x86, 0xe0, 0x19, 0xbd, 0x86, 0x6c, 0x2, 0x29,
    0x18, 0xe6, 0x0, 0xe6, 0xe7, 0x0, 0xf1, 0x48,
    0x80, 0x7d, 0xbf, 0x60, 0x1f, 0xff, 0xf0, 0xf,
    0xff, 0xf8, 0x7, 0xff, 0x20, 0x8b, 0xc2, 0x0,
    0x4d, 0xdf, 0x48, 0x7, 0xf8,

    /* U+013A "ĺ" */
    0x0, 0xe5, 0x10, 0x8, 0xae, 0x8c, 0x1, 0x1a,
    0x82, 0x69, 0xae, 0x31, 0xc3, 0x4, 0xde, 0xe0,
    0xb, 0xd9, 0x10, 0x9, 0xc8, 0x3, 0xed, 0xfb,
    0x0, 0xff, 0xff, 0x80, 0x7f, 0xfd, 0xc0,

    /* U+013B "Ļ" */
    0xdf, 0xb0, 0xf, 0xff, 0xf8, 0x7, 0xff, 0xfc,
    0x3, 0xff, 0x90, 0x45, 0xe1, 0x0, 0x26, 0xef,
    0xa4, 0x3, 0xfd, 0xbf, 0xff, 0xa0, 0x2, 0x8f,
    0xf0, 0x80, 0x7f, 0x28, 0x7, 0xaa, 0x0, 0x40,
    0x3c, 0x48, 0xc, 0x1, 0xe1, 0x81, 0x30, 0xf,
    0x33, 0xe8, 0x6,

    /* U+013C "ļ" */
    0xdf, 0xb0, 0xf, 0xff, 0x86, 0xfd, 0xf7, 0xd8,
    0x1, 0x6d, 0x1, 0x44, 0xd1, 0xb, 0x29, 0x0,

    /* U+013D "Ľ" */
    0xdf, 0xb0, 0x1, 0x7f, 0xa0, 0x3, 0xf8, 0xc0,
    0x3c, 0x50, 0x40, 0x1f, 0x98, 0xcc, 0x1, 0xe1,
    0xe3, 0x90, 0xf, 0xe, 0xe8, 0x40, 0x3e, 0x20,
    0xf, 0xff, 0xf8, 0x7, 0xff, 0x4c, 0x8b, 0xc2,
    0x0, 0x4d, 0xdf, 0x48, 0x7, 0xf8,

    /* U+013E "ľ" */
    0xdf, 0xb0, 0x4f, 0xf3, 0x0, 0x7d, 0xe0, 0x19,
    0x60, 0x40, 0x38, 0x54, 0x7c, 0x3, 0x1e, 0xa3,
    0x0, 0x63, 0xeb, 0x0, 0xf0, 0x80, 0x7f, 0xff,
    0xc0, 0x3f, 0xfb, 0x60,

    /* U+013F "Ŀ" */
    0xdf, 0xb0, 0xf, 0xff, 0xf8, 0x7, 0xe6, 0xfa,
    0x0, 0xfa, 0x81, 0x44, 0x3, 0xd4, 0xa, 0x20,
    0x1e, 0x6f, 0xa0, 0xf, 0xff, 0x51, 0x17, 0x84,
    0x0, 0x9b, 0xbe, 0x90, 0xf, 0xf0,

    /* U+0140 "ŀ" */
    0xdf, 0xb0, 0xf, 0xff, 0xeb, 0xfc, 0x80, 0x75,
    0x3, 0x0, 0x75, 0x3, 0x0, 0x73, 0xfc, 0x80,
    0x7f, 0xfd, 0x40,

    /* U+0141 "Ł" */
    0x0, 0x3f, 0xf8, 0x40, 0x3f, 0xff, 0xe0, 0x1f,
    0xcb, 0x44, 0x1, 0xfb, 0xa9, 0x40, 0x30, 0xbd,
    0x0, 0x49, 0x44, 0x1, 0x54, 0x10, 0x3, 0x6d,
    0x40, 0x30, 0xbb, 0x0, 0xc, 0x3, 0xd5, 0x1c,
    0x1, 0xff, 0xfe, 0xef, 0xfe, 0xe0, 0xf, 0xfe,
    0x0,

    /* U+0142 "ł" */
    0x0, 0x67, 0xe0, 0x7, 0xff, 0x98, 0x80, 0x31,
    0x6f, 0x2, 0x10, 0x9, 0x35, 0xd8, 0x40, 0xb6,
    0x81, 0x4, 0x4, 0x82, 0xac, 0x80, 0x30, 0x80,
    0x7f, 0xfa, 0xc0,

    /* U+0143 "Ń" */
    0x0, 0xff, 0x18, 0x7, 0xff, 0x5, 0x7a, 0x80,
    0x3f, 0xe2, 0xba, 0x1e, 0x0, 0xff, 0x46, 0xa1,
    0x5b, 0x80, 0x7f, 0x33, 0x8c, 0xea, 0x0, 0x7f,
    0x8e, 0x39, 0x80, 0x3f, 0xf8, 0xa, 0xe0, 0x1f,
    0xed, 0xfe, 0x10, 0xf, 0xef, 0xf4, 0x0, 0x6,
    0xc0, 0x3f, 0xf8, 0x6a, 0xa0, 0xf, 0xfe, 0x1d,
    0x88, 0x7, 0xff, 0x0, 0xc4, 0x50, 0x1, 0xff,
    0xc0, 0x78, 0x6, 0x40, 0xf, 0xfe, 0x3, 0x20,
    0x48, 0x7, 0xff, 0x6, 0x40, 0xa0, 0x3, 0xff,
    0x80, 0x50, 0xe, 0x60, 0x1f, 0xfc, 0x7, 0x30,
    0xe0, 0xf, 0xfe, 0xf, 0x81, 0x38, 0x7, 0xff,
    0x0, 0xdc, 0x20, 0x80, 0x3f, 0xf8, 0x10, 0x41,
    0xc0, 0x1f, 0xfc, 0x1e, 0x3, 0x60, 0xf, 0xfe,
    0x1, 0xb0, 0x49, 0x0, 0x7f, 0xf0, 0x24, 0x43,
    0x80, 0x3f, 0xf8, 0x34, 0x6, 0x1, 0xff, 0xc1,
    0x45, 0x0, 0xff, 0xe1, 0xd8, 0x80, 0x7f, 0xf0,
    0x86, 0xc0, 0x20,

    /* U+0144 "ń" */
    0x0, 0xfe, 0x20, 0xf, 0xf8, 0xae, 0x40, 0x3f,
    0xcf, 0xa8, 0x1, 0xfc, 0x9b, 0x0, 0xf6, 0x1,
    0xf1, 0xd9, 0x37, 0x40, 0x7, 0xf2, 0x6c, 0x88,
    0x7, 0xf1, 0xd9, 0x0, 0x7e, 0xdf, 0xb0, 0x29,
    0xdf, 0xeb, 0x60, 0xf, 0x36, 0xb1, 0x0, 0xa4,
    0xe0, 0x80, 0x4b, 0x20, 0xf5, 0x70, 0x20, 0x7a,
    0x1, 0x8, 0xba, 0x15, 0x1f, 0x8c, 0xd, 0x0,
    0x2a, 0x10, 0xe, 0xe0, 0x7, 0x0, 0x5, 0x0,
    0x3c, 0x46, 0xe, 0x0, 0x20, 0xf, 0xcc, 0x6,
    0x0, 0x70, 0xf, 0xc6, 0x1, 0xff, 0xff, 0x0,
    0xff, 0xed, 0x80,

    /* U+0145 "Ņ" */
    0xdf, 0xe1, 0x0, 0xfe, 0xff, 0x40, 0x0, 0x6c,
    0x3, 0xff, 0x86, 0xaa, 0x0, 0xff, 0xe1, 0xd8,
    0x80, 0x7f, 0xf0, 0xc, 0x45, 0x0, 0x1f, 0xfc,
    0x7, 0x80, 0x64, 0x0, 0xff, 0xe0, 0x32, 0x4,
    0x80, 0x7f, 0xf0, 0x64, 0xa, 0x0, 0x3f, 0xf8,
    0x5, 0x0, 0xe6, 0x1, 0xff, 0xc0, 0x73, 0xe,
    0x0, 0xff, 0xe0, 0xf8, 0x13, 0x80, 0x7f, 0xf0,
    0xd, 0xc2, 0x8, 0x3, 0xff, 0x81, 0x4, 0x1c,
    0x1, 0xff, 0xc1, 0xe0, 0x36, 0x0, 0xff, 0xe0,
    0x1b, 0x4, 0x90, 0x7, 0xff, 0x2, 0x44, 0x38,
    0x3, 0xff, 0x83, 0x40, 0x60, 0x1f, 0xfc, 0x14,
    0x50, 0xf, 0xfe, 0x1d, 0x88, 0x7, 0xff, 0x8,
    0x6c, 0x2, 0xdf, 0xb0, 0xf, 0xe5, 0xff, 0x40,
    0x7, 0x9f, 0xfc, 0x20, 0x1f, 0xfc, 0x35, 0x0,
    0xff, 0xe0, 0x2c, 0x0, 0x80, 0x7f, 0xf0, 0x9,
    0x1, 0x80, 0x3f, 0xf8, 0x3, 0x2, 0x60, 0x1f,
    0xfc, 0x7, 0x6d, 0x0, 0xf8,

    /* U+0146 "ņ" */
    0xdf, 0xb0, 0x29, 0xdf, 0xeb, 0x60, 0xf, 0x36,
    0xb1, 0x0, 0xa4, 0xe0, 0x80, 0x4b, 0x20, 0xf5,
    0x70, 0x20, 0x7a, 0x1, 0x8, 0xba, 0x15, 0x1f,
    0x8c, 0xd, 0x0, 0x2a, 0x10, 0xe, 0xe0, 0x7,
    0x0, 0x5, 0x0, 0x3c, 0x46, 0xe, 0x0, 0x20,
    0xf, 0xcc, 0x6, 0x0, 0x70, 0xf, 0xc6, 0x1,
    0xff, 0xff, 0x0, 0xff, 0xed, 0xef, 0xd8, 0x7,
    0xe9, 0xfe, 0x0, 0xe5, 0xff, 0x20, 0x7, 0xff,
    0x4, 0xc0, 0x3f, 0xc9, 0x41, 0xe0, 0x1f, 0xe1,
    0x50, 0xe0, 0xf, 0xf0, 0xc8, 0x20, 0x7, 0xf9,
    0x52, 0x88, 0x3, 0x80,

    /* U+0147 "Ň" */
    0x0, 0xca, 0x1, 0xe5, 0x0, 0xfd, 0x56, 0x40,
    0x4, 0xde, 0x0, 0xfc, 0x88, 0xd7, 0xab, 0x2d,
    0x0, 0xfd, 0x76, 0x28, 0x54, 0xd6, 0x0, 0xfe,
    0x4d, 0x7a, 0xb2, 0x0, 0xff, 0xe0, 0x42, 0x80,
    0x7d, 0xbf, 0xc2, 0x1, 0xfd, 0xfe, 0x80, 0x0,
    0xd8, 0x7, 0xff, 0xd, 0x54, 0x1, 0xff, 0xc3,
    0xb1, 0x0, 0xff, 0xe0, 0x18, 0x8a, 0x0, 0x3f,
    0xf8, 0xf, 0x0, 0xc8, 0x1, 0xff, 0xc0, 0x64,
    0x9, 0x0, 0xff, 0xe0, 0xc8, 0x14, 0x0, 0x7f,
    0xf0, 0xa, 0x1, 0xcc, 0x3, 0xff, 0x80, 0xe6,
    0x1c, 0x1, 0xff, 0xc1, 0xf0, 0x27, 0x0, 0xff,
    0xe0, 0x1b, 0x84, 0x10, 0x7, 0xff, 0x2, 0x8,
    0x38, 0x3, 0xff, 0x83, 0xc0, 0x6c, 0x1, 0xff,
    0xc0, 0x36, 0x9, 0x20, 0xf, 0xfe, 0x4, 0x88,
    0x70, 0x7, 0xff, 0x6, 0x80, 0xc0, 0x3f, 0xf8,
    0x28, 0xa0, 0x1f, 0xfc, 0x3b, 0x10, 0xf, 0xfe,
    0x10, 0xd8, 0x4,

    /* U+0148 "ň" */
    0x0, 0x8c, 0x3, 0xc6, 0x1, 0xee, 0xa1, 0x0,
    0xd, 0x70, 0x7, 0x99, 0x79, 0x99, 0xca, 0xc0,
    0x1e, 0xba, 0x19, 0x90, 0xd5, 0x80, 0x7c, 0xbc,
    0xcc, 0xf5, 0x0, 0xff, 0x4c, 0x84, 0x3, 0xb7,
    0xec, 0xa, 0x77, 0xfa, 0xd8, 0x3, 0xcd, 0xac,
    0x40, 0x29, 0x38, 0x20, 0x12, 0xc8, 0x3d, 0x5c,
    0x8, 0x1e, 0x80, 0x42, 0x2e, 0x85, 0x47, 0xe3,
    0x3, 0x40, 0xa, 0x84, 0x3, 0xb8, 0x1, 0xc0,
    0x1, 0x40, 0xf, 0x11, 0x83, 0x80, 0x8, 0x3,
    0xf3, 0x1, 0x80, 0x1c, 0x3, 0xf1, 0x80, 0x7f,
    0xff, 0xc0, 0x3f, 0xfb, 0x60,

    /* U+014C "Ō" */
    0x0, 0xed, 0xff, 0xfe, 0x0, 0xff, 0x18, 0x7,
    0xff, 0x1f, 0xbf, 0xff, 0x80, 0x3f, 0xfc, 0xed,
    0x5d, 0xfe, 0xeb, 0x60, 0xf, 0xf2, 0xf4, 0xa8,
    0x80, 0x5, 0x27, 0x98, 0x3, 0xe9, 0xa1, 0x4,
    0x8a, 0xa4, 0x20, 0xc, 0xc8, 0x3, 0xa1, 0x80,
    0xb6, 0xdd, 0x54, 0xf7, 0xa6, 0xd, 0x20, 0x12,
    0x38, 0x1e, 0x90, 0x7, 0x8b, 0x10, 0x19, 0x0,
    0x12, 0x3, 0xa0, 0x1f, 0xea, 0x10, 0x90, 0x32,
    0x6, 0x10, 0xf, 0xf0, 0xb0, 0x11, 0xd8, 0x2,
    0x80, 0x3f, 0xf8, 0x14, 0x0, 0xb3, 0x0, 0x10,
    0x7, 0xff, 0x0, 0x80, 0x4, 0xe0, 0x40, 0x1f,
    0xfc, 0x22, 0x6, 0x0, 0xff, 0xe4, 0x38, 0x10,
    0x7, 0xff, 0x8, 0x81, 0x8c, 0x0, 0x40, 0x1f,
    0xfc, 0x2, 0x0, 0x15, 0x80, 0x28, 0x3, 0xff,
    0x81, 0x40, 0xb, 0x32, 0x6, 0x10, 0xf, 0xf0,
    0xb0, 0x11, 0x84, 0x80, 0xe8, 0x7, 0xfa, 0x84,
    0x24, 0x0, 0x8e, 0x7, 0x84, 0x1, 0xe2, 0xc4,
    0x7, 0x40, 0xa, 0x18, 0xf, 0x6d, 0xd5, 0x4f,
    0x7a, 0x60, 0xd0, 0x1, 0xd3, 0x21, 0x4, 0x8a,
    0xa4, 0x20, 0xd, 0x48, 0x7, 0xcd, 0xd2, 0x82,
    0x0, 0x14, 0x9e, 0x50, 0xc,

    /* U+014D "ō" */
    0x0, 0xbf, 0xff, 0xb4, 0x3, 0xff, 0x86, 0x60,
    0x1e, 0xff, 0xfe, 0xe0, 0xf, 0xfe, 0xd9, 0xce,
    0xff, 0x6c, 0x90, 0x7, 0xd5, 0x8c, 0x40, 0x24,
    0xdb, 0x20, 0x1d, 0x8a, 0x5, 0x15, 0x47, 0x10,
    0x6b, 0x0, 0xa4, 0xc1, 0xb5, 0xd5, 0x51, 0xc8,
    0x8, 0xe0, 0x4c, 0x9, 0x20, 0x1e, 0xb2, 0x8,
    0x15, 0x0, 0x78, 0x7, 0xe8, 0x0, 0x3e, 0x80,
    0x10, 0x3, 0xf2, 0x80, 0x3d, 0x80, 0x80, 0x3f,
    0xf8, 0x4, 0xe0, 0x1f, 0xfc, 0x21, 0x10, 0x10,
    0x7, 0xf0, 0x80, 0xf, 0x40, 0x8, 0x1, 0xf9,
    0xc0, 0x18, 0xc0, 0xf, 0x0, 0xfd, 0x60, 0x5,
    0x16, 0x4, 0x90, 0xe, 0x1c, 0x20, 0x90, 0x4,
    0x98, 0x36, 0xc2, 0xb4, 0xf1, 0x82, 0xb0, 0x5,
    0x8a, 0x4, 0xf5, 0x2c, 0x0, 0x7a, 0x0, 0xea,
    0xc5, 0x20, 0x13, 0x7d, 0x80, 0x8,

    /* U+014E "Ŏ" */
    0x0, 0xf7, 0x50, 0x6, 0x8f, 0x0, 0xff, 0xe0,
    0x12, 0xa8, 0x41, 0x18, 0x40, 0x3f, 0xf8, 0x10,
    0x15, 0xdf, 0x63, 0x20, 0x1f, 0xfc, 0x4, 0xb3,
    0x0, 0x1d, 0x38, 0x7, 0xff, 0x5, 0x33, 0xfd,
    0x8a, 0x1, 0xff, 0xd5, 0x6a, 0xef, 0xf7, 0x5b,
    0x0, 0x7f, 0x97, 0xa5, 0x44, 0x0, 0x29, 0x3c,
    0xc0, 0x1f, 0x4d, 0x8, 0x24, 0x55, 0x21, 0x0,
    0x66, 0x40, 0x1d, 0xc, 0x5, 0xb6, 0xea, 0xa7,
    0xbd, 0x30, 0x69, 0x0, 0x91, 0xc0, 0xf4, 0x80,
    0x3c, 0x58, 0x80, 0xc8, 0x0, 0x90, 0x1d, 0x0,
    0xff, 0x50, 0x84, 0x81, 0x90, 0x30, 0x80, 0x7f,
    0x85, 0x80, 0x8e, 0xc0, 0x14, 0x1, 0xff, 0xc0,
    0xa0, 0x5, 0x98, 0x0, 0x80, 0x3f, 0xf8, 0x4,
    0x0, 0x27, 0x2, 0x0, 0xff, 0xe1, 0x10, 0x30,
    0x7, 0xff, 0x21, 0xc0, 0x80, 0x3f, 0xf8, 0x44,
    0xc, 0x60, 0x2, 0x0, 0xff, 0xe0, 0x10, 0x0,
    0xac, 0x1, 0x40, 0x1f, 0xfc, 0xa, 0x0, 0x59,
    0x90, 0x30, 0x80, 0x7f, 0x85, 0x80, 0x8c, 0x24,
    0x7, 0x40, 0x3f, 0xd4, 0x21, 0x20, 0x4, 0x70,
    0x3c, 0x20, 0xf, 0x16, 0x20, 0x3a, 0x0, 0x50,
    0xc0, 0x7b, 0x6e, 0xaa, 0x7b, 0xd3, 0x6, 0x80,
    0xe, 0x99, 0x8, 0x24, 0x55, 0x21, 0x0, 0x6a,
    0x40, 0x3e, 0x6e, 0x94, 0x10, 0x0, 0xa4, 0xf2,
    0x80, 0x60,

    /* U+014F "ŏ" */
    0x0, 0xdf, 0x84, 0x0, 0x2c, 0xf0, 0xf, 0xca,
    0x7b, 0xfe, 0xd3, 0x60, 0xf, 0xd5, 0x4, 0x0,
    0x28, 0x90, 0xf, 0xe7, 0xdf, 0xf6, 0xb8, 0x7,
    0xff, 0x34, 0xe7, 0x7f, 0xb6, 0x48, 0x3, 0xea,
    0xc6, 0x20, 0x12, 0x6d, 0x90, 0xe, 0xc5, 0x2,
    0x8a, 0xa3, 0x88, 0x35, 0x80, 0x52, 0x60, 0xda,
    0xea, 0xa8, 0xe4, 0x4, 0x70, 0x26, 0x4, 0x90,
    0xf, 0x59, 0x4, 0xa, 0x80, 0x3c, 0x3, 0xf4,
    0x0, 0x1f, 0x40, 0x8, 0x1, 0xf9, 0x40, 0x1e,
    0xc0, 0x40, 0x1f, 0xfc, 0x2, 0x70, 0xf, 0xfe,
    0x10, 0x88, 0x8, 0x3, 0xf8, 0x40, 0x7, 0xa0,
    0x4, 0x0, 0xfc, 0xe0, 0xc, 0x60, 0x7, 0x80,
    0x7e, 0xb0, 0x2, 0x8b, 0x2, 0x48, 0x7, 0xe,
    0x10, 0x48, 0x2, 0x4c, 0x1b, 0x61, 0x5a, 0x78,
    0xc1, 0x58, 0x2, 0xc5, 0x2, 0x7a, 0x96, 0x0,
    0x3d, 0x0, 0x75, 0x62, 0x90, 0x9, 0xbe, 0xc0,
    0x4,

    /* U+0150 "Ő" */
    0x0, 0xfc, 0xff, 0x60, 0x5f, 0xc2, 0x1, 0xff,
    0xc0, 0xa0, 0x80, 0xb0, 0x81, 0x0, 0xff, 0x90,
    0x94, 0xc5, 0x89, 0x80, 0x3f, 0xf8, 0x1e, 0x10,
    0x12, 0x12, 0x1, 0xff, 0xc1, 0xca, 0x20, 0xe9,
    0x40, 0xf, 0xfe, 0xb, 0xa8, 0x1, 0x98, 0x1,
    0xff, 0xc1, 0x6a, 0xef, 0xf7, 0x5b, 0x0, 0x7f,
    0x97, 0xa5, 0x44, 0x0, 0x29, 0x3c, 0xc0, 0x1f,
    0x4d, 0x8, 0x24, 0x55, 0x21, 0x0, 0x66, 0x40,
    0x1d, 0xc, 0x5, 0xb6, 0xea, 0xa7, 0xbd, 0x30,
    0x69, 0x0, 0x91, 0xc0, 0xf4, 0x80, 0x3c, 0x58,
    0x80, 0xc8, 0x0, 0x90, 0x1d, 0x0, 0xff, 0x50,
    0x84, 0x81, 0x90, 0x30, 0x80, 0x7f, 0x85, 0x80,
    0x8e, 0xc0, 0x14, 0x1, 0xff, 0xc0, 0xa0, 0x5,
    0x98, 0x0, 0x80, 0x3f, 0xf8, 0x4, 0x0, 0x27,
    0x2, 0x0, 0xff, 0xe1, 0x10, 0x30, 0x7, 0xff,
    0x21, 0xc0, 0x80, 0x3f, 0xf8, 0x44, 0xc, 0x60,
    0x2, 0x0, 0xff, 0xe0, 0x10, 0x0, 0xac, 0x1,
    0x40, 0x1f, 0xfc, 0xa, 0x0, 0x59, 0x90, 0x30,
    0x80, 0x7f, 0x85, 0x80, 0x8c, 0x24, 0x7, 0x40,
    0x3f, 0xd4, 0x21, 0x20, 0x4, 0x70, 0x3c, 0x20,
    0xf, 0x16, 0x20, 0x3a, 0x0, 0x50, 0xc0, 0x7b,
    0x6e, 0xaa, 0x7b, 0xd3, 0x6, 0x80, 0xe, 0x99,
    0x8, 0x24, 0x55, 0x21, 0x0, 0x6a, 0x40, 0x3e,
    0x6e, 0x94, 0x10, 0x0, 0xa4, 0xf2, 0x80, 0x60,

    /* U+0151 "ő" */
    0x0, 0xf4, 0xfd, 0x2, 0x7f, 0x0, 0x7f, 0x30,
    0x58, 0x78, 0x58, 0x7, 0xe6, 0x7, 0x12, 0x43,
    0x50, 0xf, 0xd6, 0x32, 0x16, 0x1e, 0x1, 0xf8,
    0x56, 0x84, 0x3a, 0x4c, 0x3, 0xf0, 0xc2, 0x0,
    0x1d, 0x80, 0x3f, 0x8e, 0x77, 0xfb, 0x64, 0x80,
    0x3e, 0xac, 0x62, 0x1, 0x26, 0xd9, 0x0, 0xec,
    0x50, 0x28, 0xaa, 0x38, 0x83, 0x58, 0x5, 0x26,
    0xd, 0xae, 0xaa, 0x8e, 0x40, 0x47, 0x2, 0x60,
    0x49, 0x0, 0xf5, 0x90, 0x40, 0xa8, 0x3, 0xc0,
    0x3f, 0x40, 0x1, 0xf4, 0x0, 0x80, 0x1f, 0x94,
    0x1, 0xec, 0x4, 0x1, 0xff, 0xc0, 0x27, 0x0,
    0xff, 0xe1, 0x8, 0x80, 0x80, 0x3f, 0x84, 0x0,
    0x7a, 0x0, 0x40, 0xf, 0xce, 0x0, 0xc6, 0x0,
    0x78, 0x7, 0xeb, 0x0, 0x28, 0xb0, 0x24, 0x80,
    0x70, 0xe1, 0x4, 0x80, 0x24, 0xc1, 0xb6, 0x15,
    0xa7, 0x8c, 0x15, 0x80, 0x2c, 0x50, 0x27, 0xa9,
    0x60, 0x3, 0xd0, 0x7, 0x56, 0x29, 0x0, 0x9b,
    0xec, 0x0, 0x40,

    /* U+0152 "Œ" */
    0x0, 0xf3, 0x5f, 0x7f, 0xb6, 0x4c, 0x2, 0xcf,
    0xff, 0xea, 0x0, 0xcd, 0xd2, 0x82, 0x0, 0x26,
    0xca, 0x0, 0xff, 0xe2, 0x54, 0x88, 0x24, 0x55,
    0x21, 0x1, 0x74, 0x40, 0x5, 0x77, 0xf4, 0x0,
    0x25, 0x40, 0xb6, 0xdd, 0x54, 0xf7, 0xa4, 0x4a,
    0x0, 0xa, 0x27, 0xc4, 0x8, 0xc0, 0x7a, 0x40,
    0x1e, 0x2d, 0x34, 0x30, 0xf, 0xfa, 0x40, 0x1c,
    0x1, 0xfe, 0xe0, 0xf, 0xfe, 0x1, 0x90, 0x39,
    0x0, 0x7f, 0x89, 0xc0, 0x3f, 0xeb, 0x0, 0x58,
    0x7, 0xff, 0x2, 0x80, 0x3f, 0xe3, 0x0, 0x18,
    0x7, 0xff, 0x0, 0x80, 0x3f, 0xe7, 0x2, 0x0,
    0xff, 0xe1, 0x10, 0x1f, 0xff, 0xb4, 0x3, 0xff,
    0xa2, 0xe0, 0x40, 0x1f, 0xfc, 0x22, 0x3, 0xff,
    0xf6, 0x81, 0x80, 0x8, 0x3, 0xff, 0x80, 0x20,
    0x1f, 0xf5, 0x80, 0x14, 0x3, 0xff, 0x80, 0xc0,
    0x1f, 0xf1, 0x90, 0x48, 0x7, 0xff, 0x2, 0x40,
    0x3f, 0xf8, 0x12, 0x3, 0x40, 0x1f, 0xea, 0x10,
    0xf, 0xfe, 0x2, 0x30, 0x2d, 0x0, 0x7e, 0xa5,
    0x33, 0x0, 0x7f, 0xf0, 0x25, 0x41, 0x7a, 0xc,
    0x44, 0x71, 0xca, 0x3a, 0x1, 0x8, 0xfc, 0x1,
    0xaa, 0x44, 0x4f, 0x9d, 0xcc, 0x71, 0x4f, 0x10,
    0x1, 0xf7, 0x7d, 0x40, 0x19, 0xba, 0x50, 0x40,
    0x4, 0xd7, 0x61, 0x0, 0xff, 0xe0, 0x0,

    /* U+0153 "œ" */
    0x0, 0xc7, 0x3b, 0xfd, 0x90, 0x20, 0x1c, 0x95,
    0xbf, 0xd8, 0xe2, 0x1, 0xf5, 0x63, 0x10, 0x9,
    0xbf, 0x30, 0x5, 0x56, 0xa4, 0x2, 0x71, 0xe8,
    0x1, 0xd8, 0xa0, 0x53, 0x76, 0x81, 0x9, 0x70,
    0xc5, 0x5, 0xac, 0xa6, 0x1, 0xb5, 0x0, 0xa4,
    0xc1, 0xf5, 0x91, 0xf, 0xca, 0x11, 0x46, 0x17,
    0x4a, 0x6b, 0x3a, 0x21, 0x62, 0x4, 0xc0, 0x90,
    0x1, 0xea, 0x20, 0x50, 0x84, 0x0, 0xe2, 0xa0,
    0x16, 0x5, 0x0, 0x78, 0x7, 0xeb, 0x0, 0x9c,
    0x3, 0xe4, 0x20, 0xb0, 0xd0, 0x2, 0x0, 0x7e,
    0x70, 0x1, 0x80, 0x7f, 0x38, 0x18, 0x30, 0x10,
    0x7, 0xf0, 0x80, 0xf, 0xff, 0xf9, 0x40, 0x27,
    0x0, 0xff, 0xe1, 0x91, 0x7f, 0xc6, 0x2, 0x4,
    0x1, 0xfc, 0x20, 0x3, 0xdd, 0xff, 0xb0, 0x34,
    0x0, 0x80, 0x1f, 0x9c, 0x0, 0x60, 0x1f, 0xc2,
    0x20, 0x3, 0x0, 0x3c, 0x3, 0xf5, 0x80, 0x4e,
    0x1, 0xf3, 0x77, 0x18, 0x5, 0x81, 0x20, 0x3,
    0x86, 0xc8, 0x1c, 0x21, 0x0, 0x38, 0xe0, 0x5,
    0x80, 0x12, 0x40, 0xfa, 0xc8, 0x88, 0xf4, 0xa,
    0x84, 0xb, 0xa5, 0x35, 0x9c, 0x10, 0xa0, 0xd,
    0xaa, 0x5, 0x37, 0x67, 0x10, 0xa5, 0xb, 0x50,
    0x5a, 0xca, 0x60, 0x1b, 0x40, 0xe, 0xac, 0x52,
    0x0, 0x13, 0xf2, 0x80, 0x55, 0x44, 0x10, 0x1,
    0xc7, 0xa0, 0x4,

    /* U+0154 "Ŕ" */
    0x0, 0xfc, 0x26, 0x1, 0xff, 0x3f, 0x28, 0x7,
    0xf1, 0xec, 0x1, 0x80, 0x7c, 0x35, 0x84, 0x9a,
    0xa0, 0x1f, 0x4a, 0x9d, 0xd8, 0x80, 0x3f, 0x75,
    0x62, 0x0, 0x7f, 0x99, 0x40, 0x3f, 0xb7, 0xff,
    0xdd, 0x8e, 0x20, 0x1f, 0xe1, 0x38, 0xf4, 0x0,
    0xc9, 0xbb, 0xb1, 0xc0, 0x6c, 0x80, 0x31, 0x16,
    0x38, 0xc0, 0x4, 0x80, 0x7f, 0x8d, 0x41, 0x0,
    0x3f, 0xed, 0x0, 0x10, 0x7, 0xff, 0x4, 0x40,
    0x3f, 0xda, 0x0, 0x30, 0xf, 0xe3, 0x50, 0x40,
    0xc, 0x23, 0x8d, 0xf0, 0x1, 0x0, 0x12, 0x77,
    0x6c, 0x80, 0x5, 0x98, 0x7, 0xf0, 0xbf, 0x20,
    0x6, 0x4f, 0xf8, 0x40, 0x12, 0x20, 0x1f, 0xd6,
    0x3, 0x0, 0x1f, 0xe5, 0x30, 0x63, 0x0, 0xff,
    0x78, 0x3, 0xc0, 0x3f, 0xc6, 0xc0, 0x6c, 0x1,
    0xfe, 0x81, 0x8, 0x10, 0xf, 0xe1, 0x90, 0x18,
    0x0, 0xff, 0x39, 0x3, 0x18,

    /* U+0155 "ŕ" */
    0x0, 0xf0, 0x88, 0x3, 0x9b, 0xc8, 0x2, 0x3c,
    0x91, 0x10, 0xc, 0xe1, 0x9b, 0x8, 0x35, 0x8a,
    0xf0, 0xc0, 0xf, 0x3a, 0x80, 0x1a, 0xd8, 0x3,
    0xb7, 0xec, 0xa, 0x76, 0x80, 0x24, 0xd6, 0x20,
    0x9, 0xac, 0x5, 0x34, 0x0, 0x41, 0x5d, 0x6e,
    0x1, 0x52, 0x80, 0x79, 0x40, 0x3c, 0x60, 0x1f,
    0x38, 0x7, 0xff, 0xe4,

    /* U+0156 "Ŗ" */
    0xdf, 0xff, 0x76, 0x38, 0x80, 0x7f, 0x84, 0xe3,
    0xd0, 0x3, 0x26, 0xee, 0xc7, 0x1, 0xb2, 0x0,
    0xc4, 0x58, 0xe3, 0x0, 0x12, 0x1, 0xfe, 0x35,
    0x4, 0x0, 0xff, 0xb4, 0x0, 0x40, 0x1f, 0xfc,
    0x11, 0x0, 0xff, 0x68, 0x0, 0xc0, 0x3f, 0x8d,
    0x41, 0x0, 0x30, 0x8e, 0x37, 0xc0, 0x4, 0x0,
    0x49, 0xdd, 0xb2, 0x0, 0x16, 0x60, 0x1f, 0xc2,
    0xfc, 0x80, 0x19, 0x3f, 0xe1, 0x0, 0x48, 0x80,
    0x7f, 0x58, 0xc, 0x0, 0x7f, 0x94, 0xc1, 0x8c,
    0x3, 0xfd, 0xe0, 0xf, 0x0, 0xff, 0x1b, 0x1,
    0xb0, 0x7, 0xfa, 0x4, 0x20, 0x40, 0x3f, 0x86,
    0x40, 0x60, 0x3, 0xfc, 0xe4, 0xc, 0x7b, 0xf6,
    0x1, 0xf6, 0xff, 0x8c, 0x3, 0xb7, 0xf0, 0x3,
    0xff, 0x82, 0x40, 0x1f, 0xf4, 0xa0, 0x80, 0x7f,
    0xc8, 0x44, 0x0, 0xff, 0x91, 0xd0, 0x3, 0xfe,
    0x84, 0x80, 0xf, 0x0,

    /* U+0157 "ŗ" */
    0xdf, 0xb0, 0x29, 0xda, 0x0, 0x93, 0x58, 0x80,
    0x26, 0xb0, 0x14, 0xd0, 0x1, 0x5, 0x75, 0xb8,
    0x5, 0x4a, 0x1, 0xe5, 0x0, 0xf1, 0x80, 0x7c,
    0xe0, 0x1f, 0xff, 0x9d, 0xfb, 0x0, 0xee, 0xfb,
    0x0, 0xf9, 0x80, 0x3a, 0xd0, 0xc0, 0x39, 0x44,
    0x80, 0x39, 0x15, 0x0, 0x3a, 0x56, 0x0, 0x38,

    /* U+0158 "Ř" */
    0x0, 0xa, 0x0, 0x70, 0xa0, 0x7, 0x15, 0xd0,
    0x80, 0x1b, 0xf4, 0x3, 0x88, 0xd7, 0xdf, 0x24,
    0x34, 0x3, 0x87, 0x24, 0x20, 0xd7, 0xd0, 0x3,
    0xe6, 0xf7, 0xca, 0x10, 0xf, 0xe1, 0x83, 0x0,
    0xf6, 0xff, 0xfb, 0xb1, 0xc4, 0x3, 0xfc, 0x27,
    0x1e, 0x80, 0x19, 0x37, 0x76, 0x38, 0xd, 0x90,
    0x6, 0x22, 0xc7, 0x18, 0x0, 0x90, 0xf, 0xf1,
    0xa8, 0x20, 0x7, 0xfd, 0xa0, 0x2, 0x0, 0xff,
    0xe0, 0x88, 0x7, 0xfb, 0x40, 0x6, 0x1, 0xfc,
    0x6a, 0x8, 0x1, 0x84, 0x71, 0xbe, 0x0, 0x20,
    0x2, 0x4e, 0xed, 0x90, 0x0, 0xb3, 0x0, 0xfe,
    0x17, 0xe4, 0x0, 0xc9, 0xff, 0x8, 0x2, 0x44,
    0x3, 0xfa, 0xc0, 0x60, 0x3, 0xfc, 0xa6, 0xc,
    0x60, 0x1f, 0xef, 0x0, 0x78, 0x7, 0xf8, 0xd8,
    0xd, 0x80, 0x3f, 0xd0, 0x21, 0x2, 0x1, 0xfc,
    0x32, 0x3, 0x0, 0x1f, 0xe7, 0x20, 0x63,

    /* U+0159 "ř" */
    0x21, 0x0, 0xe1, 0x24, 0xf5, 0x0, 0x9b, 0xdc,
    0x86, 0xad, 0x32, 0x45, 0x93, 0x51, 0x16, 0x6b,
    0xc6, 0x5, 0x76, 0x4b, 0xa1, 0x0, 0xc9, 0x68,
    0x1, 0x6f, 0xd8, 0x14, 0xed, 0x0, 0x64, 0xd6,
    0x20, 0xc, 0xd6, 0x2, 0x9a, 0x1, 0x10, 0x57,
    0x5b, 0x80, 0x6a, 0x50, 0xf, 0x94, 0x3, 0xe3,
    0x0, 0xfc, 0xe0, 0x1f, 0xff, 0xf0, 0x8,

    /* U+015A "Ś" */
    0x0, 0xfe, 0x30, 0xf, 0xf8, 0xaf, 0x40, 0x3f,
    0xcf, 0xa8, 0x60, 0x1f, 0x93, 0x60, 0x1f, 0x40,
    0x3e, 0x1b, 0x26, 0xe8, 0x0, 0xfe, 0x4d, 0x91,
    0x0, 0xfe, 0x1b, 0x20, 0xf, 0xf8, 0xa3, 0x7b,
    0xfa, 0x90, 0x3, 0x9f, 0x5c, 0x84, 0x5, 0x6e,
    0xc0, 0x13, 0x40, 0xc, 0x5d, 0x38, 0x82, 0x58,
    0x2, 0x0, 0x7d, 0xd1, 0x63, 0xc8, 0x10, 0xc8,
    0x42, 0x44, 0x3, 0xc, 0x0, 0x2d, 0x80, 0x4,
    0x1, 0xe5, 0xff, 0x43, 0x0, 0x30, 0x3, 0xfc,
    0x44, 0x6, 0x60, 0x7, 0xfa, 0x40, 0x13, 0xae,
    0x60, 0x1f, 0x26, 0x10, 0x14, 0x67, 0x49, 0x80,
    0x71, 0xee, 0x39, 0x0, 0xb6, 0x58, 0x80, 0x71,
    0xc6, 0xea, 0x8, 0x13, 0x0, 0x3f, 0x13, 0xea,
    0x81, 0x38, 0x7, 0xfa, 0x84, 0x30, 0x9d, 0xc4,
    0x1, 0xf1, 0x3, 0xb4, 0x42, 0xc0, 0x3e, 0x20,
    0x74, 0x10, 0x63, 0x0, 0xe7, 0x10, 0xe0, 0x80,
    0x6, 0x4a, 0xa3, 0x5c, 0x1, 0xa8, 0x34, 0x80,
    0x1a, 0xae, 0x50, 0xf, 0x40, 0x26, 0xe7, 0x31,
    0x1, 0x4a, 0xc1, 0x0,

    /* U+015B "ś" */
    0x0, 0xfc, 0xa0, 0x1f, 0xe2, 0xba, 0x0, 0xfe,
    0x8d, 0x42, 0x0, 0xf9, 0x79, 0xc6, 0x34, 0x3,
    0xea, 0x17, 0xf7, 0x0, 0xfc, 0xdd, 0x2, 0x1,
    0xfd, 0x22, 0x1, 0xff, 0x3e, 0x77, 0xf5, 0x18,
    0x6, 0x2e, 0x83, 0x10, 0x15, 0xc8, 0x0, 0xbc,
    0x41, 0xae, 0xd2, 0x20, 0xea, 0x6, 0x41, 0x12,
    0x88, 0x6f, 0x10, 0x90, 0x60, 0x2, 0x0, 0x61,
    0x61, 0x10, 0x38, 0x2, 0x40, 0x3a, 0x3b, 0x40,
    0x90, 0x17, 0x58, 0x40, 0x3e, 0xb5, 0x2, 0x9e,
    0xc7, 0x10, 0xe, 0xac, 0x62, 0x3, 0x8e, 0x80,
    0xe, 0x39, 0xdd, 0x41, 0x3, 0xc0, 0x7, 0xc4,
    0xfa, 0x80, 0xe0, 0xfb, 0xa1, 0x0, 0xee, 0x0,
    0x10, 0x91, 0x24, 0x3, 0xbc, 0x0, 0x4c, 0x40,
    0xf6, 0xa6, 0xb6, 0xa0, 0xa0, 0xc, 0x20, 0x4a,
    0xca, 0x40, 0x3a, 0x0, 0xe, 0xca, 0x8, 0xa,
    0x4e, 0x0, 0x0,

    /* U+015E "Ş" */
    0x0, 0x8a, 0x37, 0xbf, 0xa9, 0x40, 0x39, 0xf5,
    0xc8, 0x40, 0x56, 0xac, 0x2, 0x68, 0x1, 0x8b,
    0xa7, 0x10, 0x4b, 0x0, 0x40, 0xf, 0xba, 0x2c,
    0x79, 0x2, 0x20, 0x84, 0x24, 0x40, 0x30, 0xc0,
    0x3, 0x18, 0x0, 0x40, 0x1e, 0x5f, 0xf4, 0x30,
    0x3, 0x0, 0x3f, 0xc4, 0x40, 0x67, 0x0, 0xff,
    0x70, 0x2, 0x3a, 0xc, 0x3, 0xe3, 0xc3, 0x1,
    0x7c, 0xea, 0x40, 0xe, 0x3c, 0xc3, 0x98, 0xa,
    0xde, 0x10, 0x7, 0x1c, 0x67, 0x49, 0x1, 0xe0,
    0x80, 0x7c, 0x2d, 0xac, 0x2, 0xc0, 0x1f, 0xe9,
    0x10, 0xc3, 0x88, 0x18, 0x7, 0xc4, 0xe, 0xfa,
    0x80, 0x3e, 0x20, 0x64, 0x10, 0x64, 0x0, 0xe8,
    0x10, 0xf0, 0xb0, 0x5, 0xd3, 0x2b, 0xe3, 0x82,
    0x28, 0x2d, 0x8, 0x2c, 0xd4, 0x18, 0x2d, 0x80,
    0x4b, 0xd2, 0xa2, 0x6, 0xf9, 0x40, 0x1e, 0x6a,
    0x60, 0xf8, 0x30, 0xf, 0xfa, 0x58, 0x40, 0x3f,
    0xe5, 0x9e, 0x30, 0xf, 0xd1, 0xfe, 0x60, 0x80,
    0xf, 0xfb, 0xc1, 0xc0, 0x3e, 0x8b, 0xba, 0x42,
    0x80, 0x3e, 0x54, 0x48, 0xa5, 0x80, 0x0,

    /* U+015F "ş" */
    0x0, 0x9f, 0x3b, 0xfa, 0x8c, 0x3, 0x17, 0x41,
    0x88, 0xa, 0xe4, 0x0, 0x5e, 0x20, 0xd7, 0x69,
    0x10, 0x75, 0x3, 0x20, 0x89, 0x44, 0x37, 0x88,
    0x48, 0x30, 0x1, 0x0, 0x30, 0xb0, 0x88, 0x18,
    0x1, 0x20, 0x1d, 0x1d, 0xa0, 0x68, 0xb, 0xac,
    0x20, 0x1f, 0x5a, 0x1, 0x4f, 0x63, 0x88, 0x7,
    0x5e, 0x30, 0x81, 0xc7, 0x40, 0x7, 0x1c, 0xf6,
    0xc0, 0x83, 0xc0, 0x7, 0xc4, 0xfc, 0x80, 0xe1,
    0x19, 0x81, 0x0, 0xee, 0x0, 0x17, 0x19, 0xa4,
    0x3, 0xb0, 0x0, 0x6c, 0x40, 0xf4, 0x86, 0x94,
    0xc0, 0xa2, 0x1e, 0x40, 0xb7, 0x96, 0xa0, 0x56,
    0x0, 0x2d, 0x94, 0x0, 0x8e, 0x74, 0x40, 0x33,
    0x5c, 0x5, 0xe3, 0x0, 0x7f, 0xb9, 0xc4, 0x3,
    0xfc, 0xb1, 0xc6, 0x1, 0xf3, 0xff, 0x9c, 0x20,
    0x3, 0xfd, 0xa0, 0xe0, 0x1e, 0x8b, 0xba, 0x82,
    0xc0, 0x3c, 0x89, 0x8a, 0x1c, 0x0,

    /* U+0160 "Š" */
    0x0, 0x90, 0x3, 0xca, 0x1, 0xe8, 0xd3, 0x0,
    0xd, 0x50, 0x3, 0xd6, 0x59, 0x2d, 0xca, 0x80,
    0x1e, 0x7c, 0x36, 0x91, 0xab, 0x0, 0xf8, 0xf2,
    0x5b, 0x94, 0x3, 0xfc, 0xd2, 0x1, 0xfc, 0x51,
    0xbd, 0xfd, 0x48, 0x1, 0xcf, 0xae, 0x42, 0x2,
    0xb7, 0x60, 0x9, 0xa0, 0x6, 0x2e, 0x9c, 0x41,
    0x2c, 0x1, 0x0, 0x3e, 0xe8, 0xb1, 0xe4, 0x8,
    0x64, 0x21, 0x22, 0x1, 0x86, 0x0, 0x16, 0xc0,
    0x2, 0x0, 0xf2, 0xff, 0xa1, 0x80, 0x18, 0x1,
    0xfe, 0x22, 0x3, 0x30, 0x3, 0xfd, 0x20, 0x9,
    0xd7, 0x30, 0xf, 0x93, 0x8, 0xa, 0x33, 0xa4,
    0xc0, 0x38, 0xf7, 0x1c, 0x80, 0x5b, 0x2c, 0x40,
    0x38, 0xe3, 0x75, 0x4, 0x9, 0x80, 0x1f, 0x89,
    0xf5, 0x40, 0x9c, 0x3, 0xfd, 0x42, 0x18, 0x4e,
    0xe2, 0x0, 0xf8, 0x81, 0xda, 0x21, 0x60, 0x1f,
    0x10, 0x3a, 0x8, 0x31, 0x80, 0x73, 0x88, 0x70,
    0x40, 0x3, 0x25, 0x51, 0xae, 0x0, 0xd4, 0x1a,
    0x40, 0xd, 0x57, 0x28, 0x7, 0xa0, 0x13, 0x73,
    0x98, 0x80, 0xa5, 0x60, 0x80,

    /* U+0161 "š" */
    0x0, 0x29, 0x0, 0x72, 0x88, 0x6, 0xcd, 0x70,
    0x1, 0x5d, 0x18, 0x6, 0xd1, 0x8d, 0x8d, 0x44,
    0x10, 0x6, 0x4e, 0x72, 0x71, 0xab, 0x0, 0xfa,
    0x36, 0x39, 0x40, 0x3f, 0x89, 0xc0, 0x3f, 0x9f,
    0x3b, 0xfa, 0x8c, 0x3, 0x17, 0x41, 0x88, 0xa,
    0xe4, 0x0, 0x5e, 0x20, 0xd7, 0x69, 0x10, 0x75,
    0x3, 0x20, 0x89, 0x44, 0x37, 0x88, 0x48, 0x30,
    0x1, 0x0, 0x30, 0xb0, 0x88, 0x1c, 0x1, 0x20,
    0x1d, 0x1d, 0xa0, 0x48, 0xb, 0xac, 0x20, 0x1f,
    0x5a, 0x81, 0x4f, 0x63, 0x88, 0x7, 0x56, 0x31,
    0x1, 0xc7, 0x40, 0x7, 0x1c, 0xee, 0xa0, 0x81,
    0xe0, 0x3, 0xe2, 0x7d, 0x40, 0x70, 0x7d, 0xd0,
    0x80, 0x77, 0x0, 0x8, 0x48, 0x92, 0x1, 0xde,
    0x0, 0x26, 0x20, 0x7b, 0x53, 0x5b, 0x50, 0x50,
    0x6, 0x10, 0x25, 0x65, 0x20, 0x1d, 0x0, 0x7,
    0x65, 0x4, 0x5, 0x27, 0x0, 0x0,

    /* U+0162 "Ţ" */
    0xf, 0xff, 0xfe, 0x9, 0x0, 0x7f, 0xf1, 0x37,
    0x79, 0x0, 0xb7, 0x78, 0x80, 0x8b, 0x80, 0x22,
    0x2e, 0x0, 0xff, 0xff, 0x80, 0x7f, 0xff, 0xc0,
    0x3f, 0xff, 0xe0, 0x1f, 0xfc, 0xaf, 0xa, 0x0,
    0xff, 0xe1, 0x5b, 0x90, 0x7, 0xff, 0x0, 0xe3,
    0x58, 0x3, 0xf9, 0x3f, 0xd2, 0x10, 0x1, 0xff,
    0xc0, 0x40, 0x10, 0xf, 0xcd, 0x77, 0x60, 0x28,
    0x7, 0xef, 0x44, 0x81, 0xe8, 0x2,

    /* U+0163 "ţ" */
    0x0, 0x27, 0xf9, 0x0, 0x3f, 0xfa, 0xc9, 0xf6,
    0x0, 0xbf, 0xf9, 0x0, 0x3f, 0xc9, 0xb2, 0x0,
    0x9d, 0xd9, 0x0, 0x88, 0x0, 0x22, 0xc0, 0x1f,
    0xff, 0xf0, 0xf, 0xce, 0x0, 0x20, 0xf, 0x18,
    0x2, 0xd4, 0xcc, 0x1, 0x9c, 0xa, 0xb3, 0x8,
    0x1, 0x43, 0x0, 0x7f, 0x78, 0x57, 0xf9, 0x0,
    0x3d, 0xce, 0x40, 0x1f, 0x24, 0x6a, 0x80, 0x66,
    0xff, 0x40, 0x40, 0x7, 0xc6, 0x6, 0x1, 0x3d,
    0xde, 0x6, 0x0, 0xb5, 0x12, 0x27, 0x80,

    /* U+0164 "Ť" */
    0x0, 0x88, 0xc0, 0x38, 0x90, 0x3, 0xcd, 0x92,
    0x1, 0x3e, 0x98, 0x7, 0x98, 0x9b, 0x9b, 0x60,
    0x50, 0x3, 0xc5, 0xb0, 0x32, 0x4f, 0xc6, 0x1,
    0xf9, 0xf9, 0xf6, 0x0, 0x3f, 0xe1, 0x82, 0x0,
    0xfb, 0xff, 0xff, 0x82, 0x40, 0x1f, 0xfc, 0x4d,
    0xde, 0x40, 0x2d, 0xde, 0x20, 0x22, 0xe0, 0x8,
    0x8b, 0x80, 0x3f, 0xff, 0xe0, 0x1f, 0xff, 0xf0,
    0xf, 0xff, 0xf8, 0x7, 0xff, 0x10,

    /* U+0165 "ť" */
    0x0, 0xfa, 0xbf, 0xc0, 0x1f, 0xf1, 0x0, 0x13,
    0xfc, 0x81, 0x56, 0x1, 0xfe, 0xd0, 0x20, 0xf,
    0xa9, 0xa4, 0x3, 0xf5, 0xfb, 0x2, 0x7d, 0x80,
    0x2f, 0xfb, 0xd0, 0x3, 0xff, 0x80, 0x9b, 0x20,
    0x9, 0xdd, 0x90, 0x0, 0x44, 0x0, 0x11, 0x60,
    0xf, 0xff, 0xf8, 0x7, 0xff, 0x15, 0xc0, 0x4,
    0x1, 0xf1, 0x80, 0x2d, 0x4c, 0xc0, 0x1c, 0xc0,
    0x55, 0x98, 0x40, 0xd, 0x30, 0x40, 0x1c,

    /* U+0168 "Ũ" */
    0x0, 0xc7, 0x56, 0xc0, 0x8, 0xa0, 0xf, 0x16,
    0x2a, 0x4f, 0x6b, 0x98, 0x7, 0xa8, 0x33, 0x9c,
    0x9, 0x64, 0x3, 0xd1, 0xe6, 0x31, 0xdf, 0x40,
    0x1f, 0xfc, 0x7e, 0xfa, 0x0, 0xfe, 0xcf, 0xc0,
    0xf, 0xff, 0xf8, 0x7, 0xff, 0xfc, 0x3, 0xff,
    0xa4, 0x40, 0x20, 0x1f, 0xc2, 0xe, 0xe0, 0x50,
    0xf, 0xe2, 0x2, 0xd0, 0x14, 0x0, 0xf9, 0x80,
    0x1a, 0xc2, 0x14, 0x40, 0x1c, 0x72, 0x4, 0x81,
    0x40, 0x3b, 0x4c, 0xad, 0x58, 0x0, 0xe0, 0x2,
    0x50, 0x82, 0xcd, 0x4a, 0x80, 0xe1, 0x80, 0x4b,
    0xf0, 0x62, 0x2, 0x93, 0xc6, 0x0,

    /* U+0169 "ũ" */
    0x0, 0x86, 0xff, 0x5c, 0x4f, 0xd8, 0x3, 0xa9,
    0x8, 0x91, 0xd8, 0x2e, 0x1, 0xcf, 0x3b, 0xf0,
    0x8d, 0x82, 0x1, 0xd8, 0xc0, 0x7, 0xb9, 0x20,
    0xb, 0xfd, 0x0, 0x1f, 0xb3, 0xf0, 0x3, 0xff,
    0xfe, 0x1, 0xff, 0xe4, 0x10, 0x1, 0x1, 0x0,
    0x7e, 0x20, 0x3, 0x82, 0x0, 0x7c, 0x80, 0x17,
    0x80, 0xc0, 0x7, 0xa4, 0x2, 0x54, 0x7, 0xa3,
    0x11, 0x2e, 0x90, 0x6, 0xa3, 0x5, 0xce, 0xe5,
    0x14, 0x98, 0x4, 0x39, 0x28, 0x20, 0x4d, 0xac,
    0x1, 0x0,

    /* U+016A "Ū" */
    0x0, 0x3f, 0xff, 0xf2, 0x80, 0x7f, 0xf1, 0xdf,
    0xff, 0xf9, 0x40, 0x3f, 0xfa, 0x9d, 0xf4, 0x1,
    0xfd, 0x9f, 0x80, 0x1f, 0xff, 0xf0, 0xf, 0xff,
    0xf8, 0x7, 0xff, 0x48, 0x80, 0x40, 0x3f, 0x84,
    0x1d, 0xc0, 0xa0, 0x1f, 0xc4, 0x5, 0xa0, 0x28,
    0x1, 0xf3, 0x0, 0x35, 0x84, 0x28, 0x80, 0x38,
    0xe4, 0x9, 0x2, 0x80, 0x76, 0x99, 0x5a, 0xb0,
    0x1, 0xc0, 0x4, 0xa1, 0x5, 0x9a, 0x95, 0x1,
    0xc3, 0x0, 0x97, 0xe0, 0xc4, 0x5, 0x27, 0x8c,
    0x0,

    /* U+016B "ū" */
    0x0, 0x7f, 0xff, 0x70, 0x6, 0x10, 0xf, 0xc6,
    0x1, 0xbb, 0xff, 0xf6, 0x80, 0x7f, 0xf1, 0x3f,
    0xd0, 0x1, 0xfb, 0x3f, 0x0, 0x3f, 0xff, 0xe0,
    0x1f, 0xfe, 0x41, 0x0, 0x10, 0x10, 0x7, 0xe2,
    0x0, 0x38, 0x20, 0x7, 0xc8, 0x1, 0x78, 0xc,
    0x0, 0x7a, 0x40, 0x25, 0x40, 0x7a, 0x31, 0x12,
    0xe9, 0x0, 0x6a, 0x30, 0x5c, 0xee, 0x51, 0x49,
    0x80, 0x43, 0x92, 0x82, 0x4, 0xda, 0xc0, 0x10,

    /* U+016C "Ŭ" */
    0x0, 0xa3, 0xc0, 0x31, 0x7b, 0x0, 0x7b, 0x82,
    0x88, 0xa, 0x40, 0x80, 0x3c, 0xc4, 0xbb, 0xfa,
    0x86, 0x80, 0x1f, 0x63, 0x8, 0xb, 0x68, 0x7,
    0xe1, 0x9e, 0xfe, 0x91, 0x0, 0xff, 0xe3, 0xf7,
    0xd0, 0x7, 0xf6, 0x7e, 0x0, 0x7f, 0xff, 0xc0,
    0x3f, 0xff, 0xe0, 0x1f, 0xfd, 0x22, 0x1, 0x0,
    0xfe, 0x10, 0x77, 0x2, 0x80, 0x7f, 0x10, 0x16,
    0x80, 0xa0, 0x7, 0xcc, 0x0, 0xd6, 0x10, 0xa2,
    0x0, 0xe3, 0x90, 0x24, 0xa, 0x1, 0xda, 0x65,
    0x6a, 0xc0, 0x7, 0x0, 0x12, 0x84, 0x16, 0x6a,
    0x54, 0x7, 0xc, 0x2, 0x5f, 0x83, 0x10, 0x14,
    0x9e, 0x30, 0x0,

    /* U+016D "ŭ" */
    0x0, 0xbe, 0x40, 0x35, 0x78, 0x7, 0x89, 0x94,
    0x44, 0xaa, 0x20, 0xf, 0x40, 0x57, 0x72, 0x82,
    0x0, 0x3c, 0xb6, 0x62, 0x23, 0xb5, 0x0, 0xf9,
    0x33, 0xb9, 0x88, 0x1, 0xbf, 0xd0, 0x1, 0xfb,
    0x3f, 0x0, 0x3f, 0xff, 0xe0, 0x1f, 0xfe, 0x41,
    0x0, 0x10, 0x10, 0x7, 0xe2, 0x0, 0x38, 0x20,
    0x7, 0xc8, 0x1, 0x78, 0xc, 0x0, 0x7a, 0x40,
    0x25, 0x40, 0x7a, 0x31, 0x12, 0xe9, 0x0, 0x6a,
    0x30, 0x5c, 0xee, 0x51, 0x49, 0x80, 0x43, 0x92,
    0x82, 0x4, 0xda, 0xc0, 0x10,

    /* U+016E "Ů" */
    0x0, 0xff, 0xe4, 0x27, 0x7e, 0xa0, 0x7, 0xf1,
    0x5a, 0xd0, 0xd8, 0x80, 0x7e, 0x40, 0xa5, 0xe0,
    0x40, 0xf, 0xc2, 0x2, 0x6, 0x6, 0x1, 0xf9,
    0x2, 0x4a, 0xc1, 0x0, 0x3f, 0x1c, 0x36, 0xac,
    0x10, 0x7, 0xf3, 0xf5, 0xf3, 0x80, 0x7f, 0xc2,
    0x82, 0x1, 0xee, 0xfa, 0x0, 0xfe, 0xcf, 0xc0,
    0xf, 0xff, 0xf8, 0x7, 0xff, 0xfc, 0x3, 0xff,
    0xa4, 0x40, 0x20, 0x1f, 0xc2, 0xe, 0xe0, 0x50,
    0xf, 0xe2, 0x2, 0xd0, 0x14, 0x0, 0xf9, 0x80,
    0x1a, 0xc2, 0x14, 0x40, 0x1c, 0x72, 0x4, 0x81,
    0x40, 0x3b, 0x4c, 0xad, 0x58, 0x0, 0xe0, 0x2,
    0x50, 0x82, 0xcd, 0x4a, 0x80, 0xe1, 0x80, 0x4b,
    0xf0, 0x62, 0x2, 0x93, 0xc6, 0x0,

    /* U+016F "ů" */
    0x0, 0xff, 0xe3, 0xd, 0xff, 0xac, 0x40, 0x3f,
    0x52, 0xcc, 0x96, 0x80, 0x3f, 0x23, 0x36, 0x50,
    0xf, 0xc6, 0xa6, 0x65, 0x20, 0xf, 0xde, 0x79,
    0x83, 0xf0, 0xf, 0xc7, 0xd9, 0x8e, 0x30, 0xf,
    0xf1, 0x98, 0x3, 0xdf, 0xe8, 0x0, 0xfd, 0x9f,
    0x80, 0x1f, 0xff, 0xf0, 0xf, 0xff, 0x20, 0x80,
    0x8, 0x8, 0x3, 0xf1, 0x0, 0x1c, 0x10, 0x3,
    0xe4, 0x0, 0xbc, 0x6, 0x0, 0x3d, 0x20, 0x12,
    0xa0, 0x3d, 0x18, 0x89, 0x74, 0x80, 0x35, 0x18,
    0x2e, 0x77, 0x28, 0xa4, 0xc0, 0x21, 0xc9, 0x41,
    0x2, 0x6d, 0x60, 0x8,

    /* U+0170 "Ű" */
    0x0, 0xe1, 0xff, 0x10, 0x67, 0xb0, 0x7, 0xd2,
    0xc, 0x46, 0x73, 0x0, 0x7c, 0xc1, 0x1, 0x21,
    0xe0, 0x1f, 0x28, 0xc0, 0x92, 0xa8, 0xc0, 0x3f,
    0x43, 0x80, 0xbd, 0x80, 0x7e, 0x57, 0x0, 0x1c,
    0x8, 0x6, 0xef, 0xa0, 0xf, 0xec, 0xfc, 0x0,
    0xff, 0xff, 0x80, 0x7f, 0xff, 0xc0, 0x3f, 0xfa,
    0x44, 0x2, 0x1, 0xfc, 0x20, 0xee, 0x5, 0x0,
    0xfe, 0x20, 0x2d, 0x1, 0x40, 0xf, 0x98, 0x1,
    0xac, 0x21, 0x44, 0x1, 0xc7, 0x20, 0x48, 0x14,
    0x3, 0xb4, 0xca, 0xd5, 0x80, 0xe, 0x0, 0x25,
    0x8, 0x2c, 0xd4, 0xa8, 0xe, 0x18, 0x4, 0xbf,
    0x6, 0x20, 0x29, 0x3c, 0x60, 0x0,

    /* U+0171 "ű" */
    0x0, 0xe9, 0xf9, 0x5, 0xfd, 0x0, 0xf1, 0x31,
    0x48, 0x40, 0x78, 0x7, 0xac, 0x24, 0x18, 0xa0,
    0x80, 0x3c, 0x4e, 0x81, 0xec, 0xe0, 0x1f, 0x5c,
    0x0, 0x26, 0x40, 0x1b, 0xfd, 0x0, 0x1f, 0xb3,
    0xf0, 0x3, 0xff, 0xfe, 0x1, 0xff, 0xe4, 0x10,
    0x1, 0x1, 0x0, 0x7e, 0x20, 0x3, 0x82, 0x0,
    0x7c, 0x80, 0x17, 0x80, 0xc0, 0x7, 0xa4, 0x2,
    0x54, 0x7, 0xa3, 0x11, 0x2e, 0x90, 0x6, 0xa3,
    0x5, 0xce, 0xe5, 0x14, 0x98, 0x4, 0x39, 0x28,
    0x20, 0x4d, 0xac, 0x1, 0x0,

    /* U+0172 "Ų" */
    0xef, 0xa0, 0xf, 0xec, 0xfc, 0x0, 0xff, 0xff,
    0x80, 0x7f, 0xff, 0xc0, 0x3f, 0xfa, 0x46, 0x2,
    0x1, 0xff, 0x3b, 0x3, 0x0, 0x7f, 0x18, 0x9,
    0x81, 0x10, 0x3, 0xe4, 0x0, 0x65, 0x0, 0x38,
    0x3, 0xc3, 0x20, 0x6, 0x27, 0x3, 0xd5, 0x10,
    0x26, 0xf2, 0x9, 0x0, 0x43, 0x1, 0x57, 0x7e,
    0xc8, 0x84, 0x30, 0x5, 0x36, 0x60, 0x1c, 0x98,
    0xe0, 0x1c, 0x98, 0xe0, 0x7, 0xeb, 0x30, 0xf,
    0x99, 0xcb, 0x60, 0x40, 0x3f, 0xa8, 0x24, 0x80,
    0x3f, 0xe1, 0x2, 0x0, 0xff, 0xe0, 0x28, 0x4e,
    0x6d, 0x0, 0x7f, 0x44, 0x8, 0xcd, 0xa0, 0x1c,

    /* U+0173 "ų" */
    0xff, 0x40, 0x7, 0xec, 0xfc, 0x0, 0xff, 0xff,
    0x80, 0x7f, 0xf9, 0x4, 0x3, 0xf0, 0x80, 0x44,
    0x4, 0x1, 0xf8, 0x80, 0x27, 0x4, 0x10, 0xf,
    0x28, 0x6, 0xf0, 0x5, 0x0, 0x71, 0x58, 0x6,
    0x54, 0x4, 0xd7, 0x45, 0x9d, 0x11, 0x0, 0x6a,
    0x30, 0x28, 0xba, 0x60, 0xa2, 0x0, 0xc3, 0x92,
    0x82, 0x4, 0xda, 0xc4, 0xe, 0x1, 0x9a, 0xfb,
    0xf6, 0x53, 0x2, 0x2c, 0x3, 0xf8, 0xe4, 0x7d,
    0xc0, 0x3f, 0xc8, 0xe, 0x20, 0x1f, 0xfc, 0x14,
    0x20, 0x30, 0xf, 0xe6, 0x12, 0xdf, 0xc0, 0xf,
    0xe1, 0xf7, 0x44, 0x38, 0x0,

    /* U+0174 "Ŵ" */
    0x0, 0xff, 0xe0, 0x26, 0x30, 0x7, 0xff, 0x28,
    0x6e, 0xc7, 0x38, 0x40, 0x1f, 0xfc, 0x73, 0xe4,
    0x46, 0x29, 0xea, 0x0, 0x7f, 0xf1, 0x98, 0x6a,
    0xce, 0xac, 0x8c, 0x3, 0xff, 0x8c, 0x9e, 0xa0,
    0x12, 0x6a, 0x80, 0x7f, 0xf1, 0x84, 0x40, 0x1e,
    0x20, 0xf, 0xe3, 0xff, 0x38, 0x7, 0xed, 0xff,
    0x20, 0x7, 0xc7, 0xfe, 0x83, 0x10, 0xc0, 0xf,
    0x84, 0x80, 0x1a, 0x1, 0xf2, 0x0, 0x30, 0x10,
    0x10, 0x3, 0xe7, 0x0, 0x90, 0x3, 0xec, 0x0,
    0x20, 0x60, 0x0, 0xc0, 0x3d, 0x80, 0x11, 0x8,
    0x7, 0x90, 0x10, 0x0, 0x80, 0x4, 0x0, 0xf2,
    0x2, 0x80, 0x10, 0x3, 0x8c, 0x1, 0xa0, 0x2,
    0x20, 0x60, 0x7, 0x18, 0x84, 0x8, 0x78, 0x7,
    0x20, 0x1, 0x0, 0x24, 0x4, 0x0, 0xe4, 0x1,
    0x24, 0x4, 0x0, 0xec, 0x2, 0x20, 0x5, 0x80,
    0x3, 0x0, 0xd6, 0xe, 0x1e, 0x2, 0x40, 0x19,
    0x1, 0x0, 0x32, 0x80, 0x10, 0x3, 0x18, 0x68,
    0x20, 0x1, 0x0, 0x23, 0x0, 0x68, 0x7, 0x18,
    0x60, 0x4, 0xa0, 0x4, 0x1, 0x30, 0xd0, 0x9,
    0x0, 0x8, 0x1, 0xd6, 0x8, 0x1, 0x60, 0x20,
    0x4, 0x80, 0x80, 0x16, 0x2, 0x0, 0x79, 0x0,
    0x6, 0x0, 0x70, 0xd0, 0xa, 0xc0, 0x6, 0x0,
    0x40, 0xd0, 0xf, 0x18, 0x82, 0x1, 0x8, 0x20,
    0x4, 0x62, 0x8, 0x6, 0x0, 0x40, 0xf, 0x90,
    0x30, 0x10, 0x8, 0x80, 0x19, 0x2, 0xc1, 0x0,
    0x88, 0x1, 0xf6, 0x2, 0x6, 0x82, 0x80, 0x76,
    0x1, 0x86, 0x2, 0x0, 0x7e, 0x70, 0x2, 0x20,
    0x30, 0x3, 0x9c, 0x0, 0x88, 0xd, 0x0, 0xfc,
    0x24, 0x10, 0x0, 0x40, 0xe, 0x12, 0x8, 0x0,
    0x20, 0x7, 0xf2, 0x1, 0x82, 0x80, 0x7c, 0xa0,
    0x60, 0x80, 0x1f, 0xed, 0x0, 0xbc, 0x3, 0xec,
    0x0, 0xb0, 0x3, 0xfc, 0x80, 0x12, 0x0, 0x7c,
    0x80, 0x12, 0x80, 0x70,

    /* U+0175 "ŵ" */
    0x0, 0xff, 0x1d, 0xa0, 0x7, 0xff, 0x18, 0x67,
    0x12, 0xe8, 0x40, 0x3f, 0xf8, 0x67, 0xec, 0x74,
    0x6b, 0xe6, 0x1, 0xff, 0xc2, 0x51, 0x9c, 0x5c,
    0x91, 0x50, 0xf, 0xfe, 0x12, 0x73, 0x0, 0x4d,
    0xc8, 0x1, 0xff, 0xc2, 0x21, 0x0, 0xe1, 0x20,
    0xf, 0xa3, 0xfc, 0x20, 0x1e, 0xdf, 0xf0, 0x7,
    0x87, 0xfc, 0xf6, 0x0, 0x40, 0xe, 0x22, 0x0,
    0x10, 0x3, 0x90, 0x0, 0xa6, 0x21, 0x80, 0x1c,
    0x80, 0x16, 0x80, 0x76, 0x1, 0x10, 0x1c, 0x10,
    0x3, 0xb4, 0x8, 0x10, 0x3, 0x90, 0x14, 0x1,
    0xa0, 0x42, 0x1, 0x90, 0x24, 0x8, 0x40, 0x21,
    0x20, 0xb0, 0x2, 0x0, 0x1c, 0x2, 0x40, 0x24,
    0x10, 0x70, 0x9, 0x0, 0x4c, 0x2, 0x40, 0xc0,
    0xb, 0x41, 0x41, 0xc3, 0x0, 0x2c, 0x4, 0x0,
    0xda, 0x8, 0x1, 0x20, 0x60, 0x68, 0x28, 0x4,
    0x81, 0xe0, 0x19, 0xc0, 0x48, 0x8, 0x80, 0x80,
    0x80, 0x3, 0x1, 0x20, 0x40, 0xc, 0x26, 0x8,
    0x8, 0xa, 0x1, 0x20, 0x58, 0x38, 0x18, 0x80,
    0x72, 0x6, 0x86, 0x86, 0x0, 0x5a, 0x8, 0x18,
    0x16, 0x1, 0xeb, 0x4, 0x4, 0x7, 0x0, 0x90,
    0xc, 0x50, 0x14, 0x3, 0xc6, 0x20, 0xe0, 0x62,
    0x1, 0x11, 0x1, 0x84, 0x88, 0x1, 0xf3, 0x84,
    0x2, 0x0, 0x72, 0x84, 0x2, 0x80, 0x7e, 0xd0,
    0xa, 0xc0, 0x3b, 0x0, 0x2c, 0x0, 0xfc, 0x80,
    0x1, 0x30, 0xe, 0x40, 0x9, 0x0, 0x30,

    /* U+0176 "Ŷ" */
    0x0, 0xf9, 0x20, 0x3, 0xff, 0x80, 0x37, 0x67,
    0xe5, 0x0, 0xfe, 0x6e, 0x44, 0x40, 0xd5, 0x80,
    0x7e, 0xd1, 0xab, 0x7d, 0x44, 0x8, 0x7, 0xdd,
    0xea, 0x0, 0x2b, 0xa1, 0x0, 0xf9, 0x44, 0x3,
    0x94, 0x3, 0x1f, 0xfa, 0x40, 0x3f, 0x27, 0xfa,
    0xd, 0x1, 0x84, 0x3, 0xef, 0x0, 0x48, 0x40,
    0x2, 0x40, 0x3c, 0x68, 0xe, 0x20, 0x6a, 0xe,
    0x20, 0x1d, 0x20, 0x9, 0x0, 0xa0, 0x0, 0xc0,
    0x18, 0x94, 0x1c, 0x40, 0x22, 0x50, 0x90, 0xd,
    0x0, 0x9, 0x0, 0xe8, 0x1, 0x70, 0x0, 0xa8,
    0x38, 0x80, 0x71, 0x30, 0x48, 0x2, 0x0, 0x60,
    0x3, 0xeb, 0x1, 0x61, 0x60, 0x90, 0xf, 0xc4,
    0xc1, 0x72, 0x2, 0xe0, 0x1f, 0xd0, 0x4, 0xe1,
    0x20, 0x1f, 0xe1, 0x60, 0x0, 0xb8, 0x7, 0xfd,
    0x60, 0x6, 0x0, 0xff, 0xe0, 0x18, 0x3, 0xc0,
    0x3f, 0xff, 0xe0, 0x1f, 0xfc, 0xf0,

    /* U+0177 "ŷ" */
    0x0, 0xf0, 0xcb, 0x80, 0x7f, 0xf0, 0x1b, 0xda,
    0x35, 0x0, 0x3f, 0xb2, 0x42, 0x5c, 0xae, 0x0,
    0x3f, 0x1a, 0xfb, 0x46, 0x9a, 0x0, 0x7e, 0xba,
    0x10, 0x1, 0x64, 0x0, 0x7e, 0x40, 0xf, 0x20,
    0x6, 0x7f, 0xf2, 0x80, 0x7e, 0x7f, 0xf1, 0x30,
    0x3, 0x80, 0x3f, 0x50, 0x19, 0xa, 0x82, 0x8,
    0x7, 0x8c, 0x82, 0x40, 0x1c, 0x0, 0x60, 0xf,
    0x50, 0xa, 0x80, 0x10, 0x82, 0x80, 0x3c, 0xe0,
    0xe0, 0x1a, 0x80, 0x90, 0x3, 0x28, 0x85, 0x80,
    0x66, 0x0, 0x70, 0x6, 0xe0, 0x32, 0x0, 0xc2,
    0xa0, 0xa0, 0x10, 0xa0, 0x48, 0x7, 0xb8, 0x0,
    0xc0, 0x6, 0x1, 0x50, 0xf, 0x21, 0x5, 0x0,
    0x28, 0x18, 0x3, 0xf5, 0x1, 0x91, 0x90, 0x50,
    0x7, 0xe6, 0x0, 0x55, 0x1, 0x8, 0x3, 0xf0,
    0xa8, 0x33, 0x87, 0x0, 0x7f, 0xb8, 0x4, 0x65,
    0x0, 0xff, 0x21, 0x0, 0x18, 0x3, 0xff, 0x80,
    0x80, 0xa, 0x0, 0xff, 0xe0, 0x38, 0x21, 0x0,
    0x7f, 0xc8, 0x21, 0xc0, 0x1f, 0xfc, 0xf, 0x1,
    0x50, 0xf, 0xf8, 0x50, 0x18, 0x3, 0xff, 0x80,
    0xc0, 0xa, 0x0, 0xff, 0xe0, 0x48, 0x21, 0x0,
    0x7f, 0xc8, 0x21, 0xc0, 0x1f, 0xc0,

    /* U+0178 "Ÿ" */
    0x0, 0xff, 0xe4, 0x17, 0x68, 0x84, 0x7b, 0x80,
    0x7e, 0xa1, 0x24, 0x7, 0x9, 0x0, 0xfd, 0x42,
    0x48, 0xe, 0x12, 0x1, 0xf8, 0xbb, 0x44, 0x23,
    0xdc, 0x3, 0xff, 0x90, 0x7f, 0xe9, 0x0, 0xfc,
    0x9f, 0xe8, 0x34, 0x6, 0x10, 0xf, 0xbc, 0x1,
    0x21, 0x0, 0x9, 0x0, 0xf1, 0xa0, 0x38, 0x81,
    0xa8, 0x38, 0x80, 0x74, 0x80, 0x24, 0x2, 0x80,
    0x3, 0x0, 0x62, 0x50, 0x71, 0x0, 0x89, 0x42,
    0x40, 0x34, 0x0, 0x24, 0x3, 0xa0, 0x5, 0xc0,
    0x2, 0xa0, 0xe2, 0x1, 0xc4, 0xc1, 0x20, 0x8,
    0x1, 0x80, 0xf, 0xac, 0x5, 0x85, 0x82, 0x40,
    0x3f, 0x13, 0x5, 0xc8, 0xb, 0x80, 0x7f, 0x40,
    0x13, 0x84, 0x80, 0x7f, 0x85, 0x80, 0x2, 0xe0,
    0x1f, 0xf5, 0x80, 0x18, 0x3, 0xff, 0x80, 0x60,
    0xf, 0x0, 0xff, 0xff, 0x80, 0x7f, 0xf3, 0xc0,

    /* U+0179 "Ź" */
    0x0, 0xfc, 0x44, 0x0, 0xff, 0x46, 0xb0, 0x7,
    0xe4, 0xd7, 0x7, 0x0, 0xf1, 0x5d, 0x89, 0x74,
    0xc0, 0x3d, 0x8, 0x79, 0x44, 0x1, 0xf6, 0xde,
    0x18, 0x7, 0xf3, 0xa0, 0x7, 0xe9, 0xff, 0xff,
    0xb0, 0x3, 0xff, 0x83, 0x77, 0xfc, 0xc0, 0x4,
    0x24, 0x4f, 0x95, 0xc0, 0x60, 0x3, 0xf4, 0x8,
    0x58, 0x7, 0xe3, 0x60, 0x45, 0x0, 0xfd, 0xe0,
    0x9, 0x0, 0xfc, 0xc6, 0xe, 0x40, 0x1f, 0xc,
    0x1, 0x40, 0x7, 0xe8, 0x10, 0x90, 0xf, 0xc6,
    0xc0, 0xa8, 0x1, 0xfb, 0xc0, 0x16, 0x1, 0xf9,
    0x8c, 0x20, 0x40, 0x3e, 0x19, 0x2, 0x70, 0xf,
    0xd6, 0x0, 0x90, 0xf, 0xc6, 0xa0, 0xa8, 0x1,
    0xfb, 0x80, 0x16, 0x1, 0xf9, 0xc8, 0x15, 0x48,
    0x9f, 0x1e, 0x0, 0x16, 0xef, 0xf7, 0x0, 0x7f,
    0xf0, 0x40,

    /* U+017A "ź" */
    0x0, 0xf9, 0x44, 0x3, 0xe2, 0xba, 0x30, 0xf,
    0x46, 0xa1, 0x18, 0x6, 0x5e, 0x71, 0x8d, 0x10,
    0xd, 0x2, 0xfe, 0xe0, 0x1e, 0x5e, 0x81, 0x0,
    0xfa, 0x4, 0x3, 0xec, 0xff, 0xfe, 0x80, 0xf,
    0xfb, 0x77, 0xe4, 0x0, 0x60, 0x91, 0x73, 0x20,
    0x2a, 0x0, 0x7a, 0x40, 0x6c, 0x3, 0xd0, 0x41,
    0x2, 0x1, 0xc6, 0xe0, 0x8c, 0x1, 0xef, 0x0,
    0x48, 0x7, 0x9c, 0xc2, 0x8, 0x3, 0x8a, 0x0,
    0x9c, 0x3, 0xd2, 0x0, 0xe0, 0xf, 0x2a, 0x3,
    0x98, 0x7, 0xd, 0x81, 0x40, 0x7, 0xac, 0x42,
    0xc8, 0xbc, 0x2e, 0x0, 0x9d, 0xdf, 0x40, 0x7,
    0xfc,

    /* U+017B "Ż" */
    0x0, 0xe6, 0xf9, 0x0, 0xff, 0x58, 0x30, 0x7,
    0xfa, 0x81, 0x80, 0x3f, 0xcf, 0xf2, 0x1, 0xff,
    0xc6, 0x9f, 0xff, 0xfb, 0x0, 0x3f, 0xf8, 0x37,
    0x7f, 0xcc, 0x0, 0x42, 0x44, 0xf9, 0x5c, 0x6,
    0x0, 0x3f, 0x40, 0x85, 0x80, 0x7e, 0x36, 0x4,
    0x50, 0xf, 0xde, 0x0, 0x90, 0xf, 0xcc, 0x60,
    0xe4, 0x1, 0xf0, 0xc0, 0x14, 0x0, 0x7e, 0x81,
    0x9, 0x0, 0xfc, 0x6c, 0xa, 0x80, 0x1f, 0xbc,
    0x1, 0x60, 0x1f, 0x98, 0xc2, 0x4, 0x3, 0xe1,
    0x90, 0x27, 0x0, 0xfd, 0x60, 0x9, 0x0, 0xfc,
    0x6a, 0xa, 0x80, 0x1f, 0xb8, 0x1, 0x60, 0x1f,
    0x9c, 0x81, 0x54, 0x89, 0xf1, 0xe0, 0x1, 0x6e,
    0xff, 0x70, 0x7, 0xff, 0x4,

    /* U+017C "ż" */
    0x0, 0xd3, 0xec, 0x1, 0xf9, 0x82, 0xc0, 0x3f,
    0x28, 0x50, 0x7, 0xea, 0xf7, 0x0, 0xd9, 0xff,
    0xfd, 0x0, 0x1f, 0xf6, 0xef, 0xc8, 0x0, 0xc1,
    0x22, 0xe6, 0x40, 0x54, 0x0, 0xf4, 0x80, 0xd8,
    0x7, 0xa0, 0x82, 0x4, 0x3, 0x8d, 0xc1, 0x18,
    0x3, 0xde, 0x0, 0x90, 0xf, 0x39, 0x84, 0x10,
    0x7, 0x14, 0x1, 0x38, 0x7, 0xa4, 0x1, 0xc0,
    0x1e, 0x54, 0x7, 0x30, 0xe, 0x1b, 0x2, 0x80,
    0xf, 0x58, 0x85, 0x91, 0x78, 0x5c, 0x1, 0x3b,
    0xbe, 0x80, 0xf, 0xf8,

    /* U+017D "Ž" */
    0x0, 0x11, 0x80, 0x71, 0x20, 0x6, 0x6c, 0x90,
    0x9, 0xf4, 0xc0, 0x33, 0x13, 0x73, 0x6c, 0xa,
    0x0, 0x62, 0xd8, 0x19, 0x27, 0xe3, 0x0, 0xf3,
    0xf3, 0xec, 0x0, 0x7f, 0xc, 0x10, 0x7, 0x4f,
    0xff, 0xfd, 0x80, 0x1f, 0xfc, 0x1b, 0xbf, 0xe6,
    0x0, 0x21, 0x22, 0x7c, 0xae, 0x3, 0x0, 0x1f,
    0xa0, 0x42, 0xc0, 0x3f, 0x1b, 0x2, 0x28, 0x7,
    0xef, 0x0, 0x48, 0x7, 0xe6, 0x30, 0x72, 0x0,
    0xf8, 0x60, 0xa, 0x0, 0x3f, 0x40, 0x84, 0x80,
    0x7e, 0x36, 0x5, 0x40, 0xf, 0xde, 0x0, 0xb0,
    0xf, 0xcc, 0x61, 0x2, 0x1, 0xf0, 0xc8, 0x13,
    0x80, 0x7e, 0xb0, 0x4, 0x80, 0x7e, 0x35, 0x5,
    0x40, 0xf, 0xdc, 0x0, 0xb0, 0xf, 0xce, 0x40,
    0xaa, 0x44, 0xf8, 0xf0, 0x0, 0xb7, 0x7f, 0xb8,
    0x3, 0xff, 0x82,

    /* U+017E "ž" */
    0x5, 0x30, 0xe, 0x53, 0x0, 0x16, 0x48, 0x0,
    0x6e, 0x9c, 0x0, 0x84, 0xdd, 0x1c, 0x88, 0x50,
    0x1, 0xec, 0xb, 0x8d, 0x58, 0x80, 0x67, 0xe8,
    0xe5, 0x0, 0xf8, 0x5c, 0x3, 0xb3, 0xff, 0xfa,
    0x0, 0x3f, 0xed, 0xdf, 0x90, 0x1, 0x82, 0x45,
    0xcc, 0x80, 0xa8, 0x1, 0xe9, 0x1, 0xb0, 0xf,
    0x41, 0x4, 0x8, 0x7, 0x1b, 0x82, 0x30, 0x7,
    0xbc, 0x1, 0x20, 0x1e, 0x73, 0x8, 0x20, 0xe,
    0x28, 0x2, 0x70, 0xf, 0x48, 0x3, 0x80, 0x3c,
    0xa8, 0xe, 0x60, 0x1c, 0x36, 0x5, 0x0, 0x1e,
    0xb1, 0xb, 0x22, 0xf0, 0xb8, 0x2, 0x77, 0x7d,
    0x0, 0x1f, 0xf0,

    /* U+2013 "–" */
    0x33, 0xff, 0xe1, 0xee, 0x67, 0xff, 0x7, 0x80,
    0x3f, 0xf8, 0x60,

    /* U+2014 "—" */
    0x33, 0xff, 0xe4, 0x16, 0xe6, 0x7f, 0xf1, 0xe0,
    0x3, 0xff, 0x92,

    /* U+2018 "‘" */
    0x0, 0xb7, 0xc4, 0x0, 0x84, 0x62, 0x0, 0xe0,
    0x40, 0x0, 0xa8, 0x60, 0x1, 0x80, 0x8, 0x0,
    0x90, 0x30, 0x0, 0xb3, 0xc8, 0x0,

    /* U+2019 "’" */
    0x0, 0x4f, 0xf8, 0x80, 0x8, 0x6, 0x40, 0x24,
    0x12, 0x0, 0x40, 0x15, 0x0, 0x60, 0x30, 0x4,
    0x81, 0x20, 0x12, 0xc8, 0x80, 0x0,

    /* U+201A "‚" */
    0x0, 0x1c, 0x40, 0x80, 0x12, 0xee, 0x30, 0x2,
    0x3, 0x8, 0x10, 0x85, 0x0, 0x10, 0xc, 0xc0,
    0xc, 0xa, 0x0, 0x90, 0x58, 0x0,

    /* U+201C "“" */
    0x0, 0xb7, 0xc4, 0x17, 0xe4, 0x0, 0x84, 0x62,
    0x1c, 0x18, 0x0, 0xe0, 0x40, 0x24, 0x4, 0x1,
    0x50, 0xc0, 0xa0, 0x21, 0x6, 0x0, 0x20, 0x30,
    0x20, 0x2, 0x40, 0xc1, 0x84, 0x30, 0x5, 0x9e,
    0x40, 0xdd, 0xc8, 0x0,

    /* U+201D "”" */
    0x0, 0x4f, 0xf8, 0x83, 0xfd, 0x60, 0x4, 0x3,
    0x24, 0x0, 0x78, 0x9, 0x4, 0x86, 0x81, 0x20,
    0x20, 0xa, 0x82, 0x5, 0x0, 0x30, 0x18, 0x4,
    0x81, 0x80, 0x8, 0x12, 0x8, 0xa, 0x20, 0x5,
    0x91, 0x1, 0x78, 0x0, 0x0,

    /* U+201E "„" */
    0x0, 0x1c, 0x40, 0x81, 0xe1, 0xc0, 0x29, 0x77,
    0x18, 0x43, 0xe8, 0x4, 0x80, 0xc2, 0x80, 0x9,
    0x0, 0x10, 0x85, 0x6, 0x81, 0x98, 0x0, 0x80,
    0x66, 0x4, 0xa, 0x0, 0xb0, 0x28, 0x4, 0x85,
    0x80, 0x24, 0x16, 0x4, 0x7, 0x0, 0x80,

    /* U+2022 "•" */
    0x0, 0xfe, 0x3c, 0xfe, 0x80, 0x0, 0xe9, 0x80,
    0xbc, 0x83, 0x8, 0x6, 0x61, 0xd0, 0xf, 0x16,
    0x80, 0x78, 0x98, 0x40, 0x33, 0x8, 0xb0, 0xc0,
    0x5e, 0x40,

    /* U+2026 "…" */
    0x7, 0x60, 0x9, 0x5c, 0x40, 0x7, 0x4, 0x13,
    0x12, 0xe0, 0xb5, 0x14, 0x3, 0x8f, 0x80, 0x40,
    0xe, 0x2, 0x0, 0x30, 0x10, 0x0, 0x45, 0x2,
    0x56, 0xc, 0x63, 0x0, 0x6a, 0xe, 0x20,

    /* U+20AC "€" */
    0x0, 0xfc, 0x4f, 0x9d, 0xfe, 0xda, 0x50, 0xf,
    0xf8, 0x6b, 0x60, 0xc4, 0x0, 0x4b, 0x5c, 0xc0,
    0x1f, 0x8f, 0xd4, 0x5, 0x62, 0x61, 0x88, 0x6,
    0x68, 0x3, 0xc5, 0xa2, 0xf, 0xd4, 0xec, 0xf3,
    0xb6, 0x20, 0xb2, 0x1, 0xdc, 0x21, 0x70, 0x1,
    0xf2, 0x78, 0x83, 0x18, 0x4, 0x86, 0xe, 0x80,
    0x1f, 0xc3, 0x93, 0x20, 0x3d, 0xd5, 0x0, 0x17,
    0x77, 0xa4, 0x3, 0x89, 0x98, 0x6e, 0x44, 0x10,
    0x1, 0x17, 0xc0, 0x1f, 0xc9, 0xfe, 0x0, 0x2f,
    0xff, 0xac, 0x3, 0xff, 0x84, 0x60, 0x1f, 0xfc,
    0x93, 0x0, 0xff, 0xe2, 0x26, 0xe8, 0x0, 0xbb,
    0xbe, 0x90, 0xf, 0xf1, 0x10, 0x2, 0x22, 0xf8,
    0x3, 0xf9, 0x3f, 0xd2, 0x0, 0x9f, 0xfe, 0xb0,
    0xf, 0x8, 0xc0, 0x13, 0x8, 0x40, 0x7, 0xfd,
    0x7d, 0xc7, 0x0, 0xd2, 0x3, 0x60, 0x1f, 0xcc,
    0x80, 0x2c, 0x1, 0x9d, 0x1, 0x2c, 0x80, 0x3d,
    0x12, 0x0, 0xa0, 0xf, 0x5a, 0x2, 0x6d, 0xbb,
    0x3c, 0xf3, 0x80, 0x29, 0x0, 0x3e, 0xb8, 0x0,
    0x24, 0x4c, 0x30, 0x81, 0x62, 0x80, 0x7f, 0x3f,
    0x42, 0x8, 0x0, 0x96, 0xf4, 0xc0, 0x20
};


/*---------------------
 *  GLYPH DESCRIPTION
 *--------------------*/

static const lv_font_fmt_txt_glyph_dsc_t glyph_dsc[] = {
    {.bitmap_index = 0, .adv_w = 0, .box_w = 0, .box_h = 0, .ofs_x = 0, .ofs_y = 0} /* id = 0 reserved */,
    {.bitmap_index = 0, .adv_w = 120, .box_w = 0, .box_h = 0, .ofs_x = 0, .ofs_y = 0},
    {.bitmap_index = 0, .adv_w = 134, .box_w = 4, .box_h = 20, .ofs_x = 2, .ofs_y = 0},
    {.bitmap_index = 32, .adv_w = 131, .box_w = 8, .box_h = 6, .ofs_x = 0, .ofs_y = 17},
    {.bitmap_index = 56, .adv_w = 376, .box_w = 22, .box_h = 21, .ofs_x = 0, .ofs_y = 0},
    {.bitmap_index = 212, .adv_w = 279, .box_w = 14, .box_h = 26, .ofs_x = 1, .ofs_y = -3},
    {.bitmap_index = 345, .adv_w = 340, .box_w = 20, .box_h = 20, .ofs_x = 1, .ofs_y = 0},
    {.bitmap_index = 507, .adv_w = 331, .box_w = 20, .box_h = 20, .ofs_x = 1, .ofs_y = 0},
    {.bitmap_index = 666, .adv_w = 71, .box_w = 4, .box_h = 6, .ofs_x = 0, .ofs_y = 17},
    {.bitmap_index = 678, .adv_w = 203, .box_w = 9, .box_h = 32, .ofs_x = 3, .ofs_y = -5},
    {.bitmap_index = 787, .adv_w = 203, .box_w = 10, .box_h = 32, .ofs_x = 0, .ofs_y = -5},
    {.bitmap_index = 903, .adv_w = 218, .box_w = 11, .box_h = 11, .ofs_x = 1, .ofs_y = 10},
    {.bitmap_index = 960, .adv_w = 306, .box_w = 15, .box_h = 15, .ofs_x = 2, .ofs_y = 3},
    {.bitmap_index = 994, .adv_w = 89, .box_w = 6, .box_h = 8, .ofs_x = -1, .ofs_y = -4},
    {.bitmap_index = 1019, .adv_w = 247, .box_w = 12, .box_h = 3, .ofs_x = 1, .ofs_y = 9},
    {.bitmap_index = 1029, .adv_w = 94, .box_w = 4, .box_h = 4, .ofs_x = 1, .ofs_y = 0},
    {.bitmap_index = 1038, .adv_w = 213, .box_w = 11, .box_h = 32, .ofs_x = 1, .ofs_y = -5},
    {.bitmap_index = 1157, .adv_w = 281, .box_w = 15, .box_h = 21, .ofs_x = 1, .ofs_y = 0},
    {.bitmap_index = 1286, .adv_w = 143, .box_w = 6, .box_h = 21, .ofs_x = 1, .ofs_y = 0},
    {.bitmap_index = 1301, .adv_w = 258, .box_w = 14, .box_h = 21, .ofs_x = 1, .ofs_y = 0},
    {.bitmap_index = 1412, .adv_w = 264, .box_w = 14, .box_h = 21, .ofs_x = 1, .ofs_y = 0},
    {.bitmap_index = 1532, .adv_w = 282, .box_w = 16, .box_h = 21, .ofs_x = 1, .ofs_y = 0},
    {.bitmap_index = 1622, .adv_w = 281, .box_w = 14, .box_h = 21, .ofs_x = 2, .ofs_y = 0},
    {.bitmap_index = 1718, .adv_w = 284, .box_w = 15, .box_h = 21, .ofs_x = 2, .ofs_y = 0},
    {.bitmap_index = 1855, .adv_w = 245, .box_w = 15, .box_h = 21, .ofs_x = 0, .ofs_y = 0},
    {.bitmap_index = 1944, .adv_w = 283, .box_w = 16, .box_h = 21, .ofs_x = 1, .ofs_y = 0},
    {.bitmap_index = 2090, .adv_w = 282, .box_w = 14, .box_h = 21, .ofs_x = 2, .ofs_y = 0},
    {.bitmap_index = 2222, .adv_w = 95, .box_w = 4, .box_h = 16, .ofs_x = 1, .ofs_y = 0},
    {.bitmap_index = 2243, .adv_w = 118, .box_w = 6, .box_h = 21, .ofs_x = 0, .ofs_y = -5},
    {.bitmap_index = 2288, .adv_w = 249, .box_w = 11, .box_h = 14, .ofs_x = 2, .ofs_y = 4},
    {.bitmap_index = 2346, .adv_w = 324, .box_w = 16, .box_h = 9, .ofs_x = 2, .ofs_y = 6},
    {.bitmap_index = 2376, .adv_w = 241, .box_w = 11, .box_h = 14, .ofs_x = 2, .ofs_y = 4},
    {.bitmap_index = 2434, .adv_w = 235, .box_w = 13, .box_h = 20, .ofs_x = 1, .ofs_y = 0},
    {.bitmap_index = 2529, .adv_w = 454, .box_w = 25, .box_h = 25, .ofs_x = 2, .ofs_y = -6},
    {.bitmap_index = 2790, .adv_w = 302, .box_w = 18, .box_h = 20, .ofs_x = 0, .ofs_y = 0},
    {.bitmap_index = 2917, .adv_w = 275, .box_w = 14, .box_h = 20, .ofs_x = 2, .ofs_y = 0},
    {.bitmap_index = 3013, .adv_w = 346, .box_w = 19, .box_h = 20, .ofs_x = 1, .ofs_y = 0},
    {.bitmap_index = 3148, .adv_w = 317, .box_w = 17, .box_h = 20, .ofs_x = 2, .ofs_y = 0},
    {.bitmap_index = 3257, .adv_w = 230, .box_w = 11, .box_h = 20, .ofs_x = 2, .ofs_y = 0},
    {.bitmap_index = 3296, .adv_w = 226, .box_w = 12, .box_h = 20, .ofs_x = 2, .ofs_y = 0},
    {.bitmap_index = 3330, .adv_w = 349, .box_w = 20, .box_h = 20, .ofs_x = 1, .ofs_y = 0},
    {.bitmap_index = 3482, .adv_w = 310, .box_w = 16, .box_h = 20, .ofs_x = 2, .ofs_y = 0},
    {.bitmap_index = 3513, .adv_w = 110, .box_w = 3, .box_h = 20, .ofs_x = 2, .ofs_y = 0},
    {.bitmap_index = 3518, .adv_w = 237, .box_w = 11, .box_h = 20, .ofs_x = 1, .ofs_y = 0},
    {.bitmap_index = 3558, .adv_w = 268, .box_w = 15, .box_h = 20, .ofs_x = 2, .ofs_y = 0},
    {.bitmap_index = 3651, .adv_w = 194, .box_w = 10, .box_h = 20, .ofs_x = 2, .ofs_y = 0},
    {.bitmap_index = 3670, .adv_w = 386, .box_w = 20, .box_h = 20, .ofs_x = 2, .ofs_y = 0},
    {.bitmap_index = 3802, .adv_w = 315, .box_w = 16, .box_h = 20, .ofs_x = 2, .ofs_y = 0},
    {.bitmap_index = 3900, .adv_w = 352, .box_w = 20, .box_h = 20, .ofs_x = 1, .ofs_y = 0},
    {.bitmap_index = 4052, .adv_w = 259, .box_w = 14, .box_h = 20, .ofs_x = 2, .ofs_y = 0},
    {.bitmap_index = 4119, .adv_w = 353, .box_w = 21, .box_h = 24, .ofs_x = 1, .ofs_y = -4},
    {.bitmap_index = 4302, .adv_w = 272, .box_w = 14, .box_h = 20, .ofs_x = 2, .ofs_y = 0},
    {.bitmap_index = 4397, .adv_w = 263, .box_w = 14, .box_h = 20, .ofs_x = 1, .ofs_y = 0},
    {.bitmap_index = 4516, .adv_w = 242, .box_w = 15, .box_h = 20, .ofs_x = 0, .ofs_y = 0},
    {.bitmap_index = 4546, .adv_w = 302, .box_w = 15, .box_h = 20, .ofs_x = 2, .ofs_y = 0},
    {.bitmap_index = 4606, .adv_w = 303, .box_w = 19, .box_h = 20, .ofs_x = 0, .ofs_y = 0},
    {.bitmap_index = 4742, .adv_w = 437, .box_w = 27, .box_h = 20, .ofs_x = 0, .ofs_y = 0},
    {.bitmap_index = 4960, .adv_w = 278, .box_w = 16, .box_h = 20, .ofs_x = 1, .ofs_y = 0},
    {.bitmap_index = 5086, .adv_w = 262, .box_w = 16, .box_h = 20, .ofs_x = 0, .ofs_y = 0},
    {.bitmap_index = 5178, .adv_w = 242, .box_w = 13, .box_h = 20, .ofs_x = 1, .ofs_y = 0},
    {.bitmap_index = 5262, .adv_w = 190, .box_w = 6, .box_h = 33, .ofs_x = 3, .ofs_y = -5},
    {.bitmap_index = 5284, .adv_w = 295, .box_w = 12, .box_h = 32, .ofs_x = 3, .ofs_y = -5},
    {.bitmap_index = 5406, .adv_w = 190, .box_w = 6, .box_h = 33, .ofs_x = 3, .ofs_y = -5},
    {.bitmap_index = 5429, .adv_w = 282, .box_w = 16, .box_h = 15, .ofs_x = 1, .ofs_y = 5},
    {.bitmap_index = 5520, .adv_w = 328, .box_w = 16, .box_h = 3, .ofs_x = 2, .ofs_y = -3},
    {.bitmap_index = 5532, .adv_w = 115, .box_w = 7, .box_h = 7, .ofs_x = 0, .ofs_y = 16},
    {.bitmap_index = 5554, .adv_w = 303, .box_w = 16, .box_h = 16, .ofs_x = 1, .ofs_y = 0},
    {.bitmap_index = 5656, .adv_w = 303, .box_w = 16, .box_h = 21, .ofs_x = 2, .ofs_y = 0},
    {.bitmap_index = 5761, .adv_w = 272, .box_w = 15, .box_h = 16, .ofs_x = 1, .ofs_y = 0},
    {.bitmap_index = 5858, .adv_w = 303, .box_w = 16, .box_h = 21, .ofs_x = 1, .ofs_y = 0},
    {.bitmap_index = 5965, .adv_w = 278, .box_w = 16, .box_h = 16, .ofs_x = 1, .ofs_y = 0},
    {.bitmap_index = 6070, .adv_w = 147, .box_w = 9, .box_h = 22, .ofs_x = 0, .ofs_y = 0},
    {.bitmap_index = 6118, .adv_w = 303, .box_w = 16, .box_h = 23, .ofs_x = 1, .ofs_y = -7},
    {.bitmap_index = 6269, .adv_w = 287, .box_w = 14, .box_h = 21, .ofs_x = 2, .ofs_y = 0},
    {.bitmap_index = 6325, .adv_w = 110, .box_w = 5, .box_h = 22, .ofs_x = 1, .ofs_y = 0},
    {.bitmap_index = 6345, .adv_w = 111, .box_w = 7, .box_h = 29, .ofs_x = -1, .ofs_y = -7},
    {.bitmap_index = 6384, .adv_w = 231, .box_w = 13, .box_h = 21, .ofs_x = 2, .ofs_y = 0},
    {.bitmap_index = 6459, .adv_w = 110, .box_w = 3, .box_h = 21, .ofs_x = 2, .ofs_y = 0},
    {.bitmap_index = 6464, .adv_w = 461, .box_w = 25, .box_h = 16, .ofs_x = 2, .ofs_y = 0},
    {.bitmap_index = 6558, .adv_w = 287, .box_w = 14, .box_h = 16, .ofs_x = 2, .ofs_y = 0},
    {.bitmap_index = 6612, .adv_w = 287, .box_w = 16, .box_h = 16, .ofs_x = 1, .ofs_y = 0},
    {.bitmap_index = 6717, .adv_w = 303, .box_w = 16, .box_h = 23, .ofs_x = 2, .ofs_y = -7},
    {.bitmap_index = 6828, .adv_w = 303, .box_w = 16, .box_h = 23, .ofs_x = 1, .ofs_y = -7},
    {.bitmap_index = 6941, .adv_w = 167, .box_w = 8, .box_h = 16, .ofs_x = 2, .ofs_y = 0},
    {.bitmap_index = 6969, .adv_w = 234, .box_w = 13, .box_h = 16, .ofs_x = 1, .ofs_y = 0},
    {.bitmap_index = 7065, .adv_w = 163, .box_w = 10, .box_h = 20, .ofs_x = 0, .ofs_y = 0},
    {.bitmap_index = 7109, .adv_w = 287, .box_w = 14, .box_h = 16, .ofs_x = 2, .ofs_y = 0},
    {.bitmap_index = 7158, .adv_w = 251, .box_w = 16, .box_h = 16, .ofs_x = 0, .ofs_y = 0},
    {.bitmap_index = 7258, .adv_w = 367, .box_w = 23, .box_h = 16, .ofs_x = 0, .ofs_y = 0},
    {.bitmap_index = 7416, .adv_w = 215, .box_w = 14, .box_h = 16, .ofs_x = 0, .ofs_y = 0},
    {.bitmap_index = 7511, .adv_w = 252, .box_w = 16, .box_h = 23, .ofs_x = 0, .ofs_y = -7},
    {.bitmap_index = 7644, .adv_w = 204, .box_w = 11, .box_h = 16, .ofs_x = 1, .ofs_y = 0},
    {.bitmap_index = 7706, .adv_w = 207, .box_w = 10, .box_h = 33, .ofs_x = 2, .ofs_y = -5},
    {.bitmap_index = 7826, .adv_w = 130, .box_w = 4, .box_h = 26, .ofs_x = 2, .ofs_y = -3},
    {.bitmap_index = 7835, .adv_w = 207, .box_w = 9, .box_h = 33, .ofs_x = 1, .ofs_y = -5},
    {.bitmap_index = 7950, .adv_w = 233, .box_w = 13, .box_h = 5, .ofs_x = 1, .ofs_y = 7},
    {.bitmap_index = 7981, .adv_w = 120, .box_w = 0, .box_h = 0, .ofs_x = 0, .ofs_y = 0},
    {.bitmap_index = 7981, .adv_w = 134, .box_w = 4, .box_h = 21, .ofs_x = 2, .ofs_y = -5},
    {.bitmap_index = 8014, .adv_w = 298, .box_w = 15, .box_h = 20, .ofs_x = 1, .ofs_y = -3},
    {.bitmap_index = 8119, .adv_w = 278, .box_w = 15, .box_h = 20, .ofs_x = 1, .ofs_y = 0},
    {.bitmap_index = 8225, .adv_w = 241, .box_w = 13, .box_h = 12, .ofs_x = 1, .ofs_y = 5},
    {.bitmap_index = 8297, .adv_w = 267, .box_w = 16, .box_h = 20, .ofs_x = 0, .ofs_y = 0},
    {.bitmap_index = 8409, .adv_w = 130, .box_w = 4, .box_h = 26, .ofs_x = 2, .ofs_y = -3},
    {.bitmap_index = 8429, .adv_w = 258, .box_w = 14, .box_h = 26, .ofs_x = 1, .ofs_y = -6},
    {.bitmap_index = 8592, .adv_w = 141, .box_w = 9, .box_h = 4, .ofs_x = 0, .ofs_y = 18},
    {.bitmap_index = 8608, .adv_w = 355, .box_w = 20, .box_h = 21, .ofs_x = 1, .ofs_y = -1},
    {.bitmap_index = 8792, .adv_w = 202, .box_w = 12, .box_h = 10, .ofs_x = 0, .ofs_y = 10},
    {.bitmap_index = 8844, .adv_w = 207, .box_w = 11, .box_h = 11, .ofs_x = 1, .ofs_y = 3},
    {.bitmap_index = 8899, .adv_w = 291, .box_w = 16, .box_h = 7, .ofs_x = 1, .ofs_y = 6},
    {.bitmap_index = 8918, .adv_w = 247, .box_w = 12, .box_h = 3, .ofs_x = 1, .ofs_y = 9},
    {.bitmap_index = 8928, .adv_w = 228, .box_w = 12, .box_h = 13, .ofs_x = 1, .ofs_y = 8},
    {.bitmap_index = 9005, .adv_w = 173, .box_w = 11, .box_h = 2, .ofs_x = 0, .ofs_y = 18},
    {.bitmap_index = 9011, .adv_w = 184, .box_w = 11, .box_h = 10, .ofs_x = 0, .ofs_y = 10},
    {.bitmap_index = 9062, .adv_w = 307, .box_w = 15, .box_h = 15, .ofs_x = 2, .ofs_y = 3},
    {.bitmap_index = 9110, .adv_w = 148, .box_w = 9, .box_h = 10, .ofs_x = 0, .ofs_y = 10},
    {.bitmap_index = 9151, .adv_w = 149, .box_w = 9, .box_h = 10, .ofs_x = 0, .ofs_y = 10},
    {.bitmap_index = 9196, .adv_w = 111, .box_w = 7, .box_h = 7, .ofs_x = 0, .ofs_y = 16},
    {.bitmap_index = 9218, .adv_w = 289, .box_w = 14, .box_h = 23, .ofs_x = 2, .ofs_y = -7},
    {.bitmap_index = 9278, .adv_w = 267, .box_w = 15, .box_h = 20, .ofs_x = 0, .ofs_y = 0},
    {.bitmap_index = 9336, .adv_w = 95, .box_w = 4, .box_h = 4, .ofs_x = 1, .ofs_y = 8},
    {.bitmap_index = 9345, .adv_w = 122, .box_w = 8, .box_h = 8, .ofs_x = 0, .ofs_y = -7},
    {.bitmap_index = 9372, .adv_w = 88, .box_w = 5, .box_h = 10, .ofs_x = 0, .ofs_y = 10},
    {.bitmap_index = 9382, .adv_w = 195, .box_w = 12, .box_h = 10, .ofs_x = 0, .ofs_y = 10},
    {.bitmap_index = 9437, .adv_w = 207, .box_w = 11, .box_h = 11, .ofs_x = 1, .ofs_y = 3},
    {.bitmap_index = 9495, .adv_w = 287, .box_w = 16, .box_h = 21, .ofs_x = 1, .ofs_y = -1},
    {.bitmap_index = 9626, .adv_w = 302, .box_w = 17, .box_h = 20, .ofs_x = 1, .ofs_y = 0},
    {.bitmap_index = 9757, .adv_w = 318, .box_w = 20, .box_h = 21, .ofs_x = 0, .ofs_y = -1},
    {.bitmap_index = 9928, .adv_w = 233, .box_w = 13, .box_h = 21, .ofs_x = 1, .ofs_y = -5},
    {.bitmap_index = 10027, .adv_w = 302, .box_w = 18, .box_h = 27, .ofs_x = 0, .ofs_y = 0},
    {.bitmap_index = 10190, .adv_w = 302, .box_w = 18, .box_h = 27, .ofs_x = 0, .ofs_y = 0},
    {.bitmap_index = 10353, .adv_w = 302, .box_w = 18, .box_h = 26, .ofs_x = 0, .ofs_y = 0},
    {.bitmap_index = 10516, .adv_w = 302, .box_w = 18, .box_h = 25, .ofs_x = 0, .ofs_y = 0},
    {.bitmap_index = 10675, .adv_w = 302, .box_w = 18, .box_h = 26, .ofs_x = 0, .ofs_y = 0},
    {.bitmap_index = 10829, .adv_w = 302, .box_w = 18, .box_h = 29, .ofs_x = 0, .ofs_y = 0},
    {.bitmap_index = 11003, .adv_w = 403, .box_w = 24, .box_h = 20, .ofs_x = 0, .ofs_y = 0},
    {.bitmap_index = 11128, .adv_w = 346, .box_w = 19, .box_h = 27, .ofs_x = 1, .ofs_y = -7},
    {.bitmap_index = 11302, .adv_w = 230, .box_w = 11, .box_h = 27, .ofs_x = 2, .ofs_y = 0},
    {.bitmap_index = 11368, .adv_w = 230, .box_w = 11, .box_h = 27, .ofs_x = 2, .ofs_y = 0},
    {.bitmap_index = 11433, .adv_w = 230, .box_w = 11, .box_h = 26, .ofs_x = 2, .ofs_y = 0},
    {.bitmap_index = 11500, .adv_w = 230, .box_w = 11, .box_h = 26, .ofs_x = 2, .ofs_y = 0},
    {.bitmap_index = 11565, .adv_w = 110, .box_w = 7, .box_h = 27, .ofs_x = 0, .ofs_y = 0},
    {.bitmap_index = 11596, .adv_w = 110, .box_w = 7, .box_h = 27, .ofs_x = 0, .ofs_y = 0},
    {.bitmap_index = 11627, .adv_w = 110, .box_w = 9, .box_h = 26, .ofs_x = -1, .ofs_y = 0},
    {.bitmap_index = 11664, .adv_w = 110, .box_w = 9, .box_h = 26, .ofs_x = -1, .ofs_y = 0},
    {.bitmap_index = 11698, .adv_w = 325, .box_w = 20, .box_h = 20, .ofs_x = 0, .ofs_y = 0},
    {.bitmap_index = 11824, .adv_w = 315, .box_w = 16, .box_h = 25, .ofs_x = 2, .ofs_y = 0},
    {.bitmap_index = 11954, .adv_w = 352, .box_w = 20, .box_h = 27, .ofs_x = 1, .ofs_y = 0},
    {.bitmap_index = 12141, .adv_w = 352, .box_w = 20, .box_h = 27, .ofs_x = 1, .ofs_y = 0},
    {.bitmap_index = 12329, .adv_w = 352, .box_w = 20, .box_h = 26, .ofs_x = 1, .ofs_y = 0},
    {.bitmap_index = 12519, .adv_w = 352, .box_w = 20, .box_h = 25, .ofs_x = 1, .ofs_y = 0},
    {.bitmap_index = 12698, .adv_w = 352, .box_w = 20, .box_h = 26, .ofs_x = 1, .ofs_y = 0},
    {.bitmap_index = 12880, .adv_w = 288, .box_w = 14, .box_h = 13, .ofs_x = 2, .ofs_y = 4},
    {.bitmap_index = 12959, .adv_w = 352, .box_w = 22, .box_h = 20, .ofs_x = 0, .ofs_y = 0},
    {.bitmap_index = 13144, .adv_w = 302, .box_w = 15, .box_h = 27, .ofs_x = 2, .ofs_y = 0},
    {.bitmap_index = 13237, .adv_w = 302, .box_w = 15, .box_h = 27, .ofs_x = 2, .ofs_y = 0},
    {.bitmap_index = 13328, .adv_w = 302, .box_w = 15, .box_h = 26, .ofs_x = 2, .ofs_y = 0},
    {.bitmap_index = 13421, .adv_w = 302, .box_w = 15, .box_h = 26, .ofs_x = 2, .ofs_y = 0},
    {.bitmap_index = 13509, .adv_w = 262, .box_w = 16, .box_h = 27, .ofs_x = 0, .ofs_y = 0},
    {.bitmap_index = 13633, .adv_w = 259, .box_w = 14, .box_h = 20, .ofs_x = 2, .ofs_y = 0},
    {.bitmap_index = 13701, .adv_w = 305, .box_w = 17, .box_h = 22, .ofs_x = 1, .ofs_y = 0},
    {.bitmap_index = 13845, .adv_w = 303, .box_w = 16, .box_h = 23, .ofs_x = 1, .ofs_y = 0},
    {.bitmap_index = 13980, .adv_w = 303, .box_w = 16, .box_h = 23, .ofs_x = 1, .ofs_y = 0},
    {.bitmap_index = 14115, .adv_w = 303, .box_w = 16, .box_h = 22, .ofs_x = 1, .ofs_y = 0},
    {.bitmap_index = 14251, .adv_w = 303, .box_w = 16, .box_h = 20, .ofs_x = 1, .ofs_y = 0},
    {.bitmap_index = 14373, .adv_w = 303, .box_w = 16, .box_h = 21, .ofs_x = 1, .ofs_y = 0},
    {.bitmap_index = 14500, .adv_w = 303, .box_w = 16, .box_h = 25, .ofs_x = 1, .ofs_y = 0},
    {.bitmap_index = 14644, .adv_w = 491, .box_w = 29, .box_h = 16, .ofs_x = 1, .ofs_y = 0},
    {.bitmap_index = 14831, .adv_w = 272, .box_w = 15, .box_h = 23, .ofs_x = 1, .ofs_y = -7},
    {.bitmap_index = 14963, .adv_w = 278, .box_w = 16, .box_h = 23, .ofs_x = 1, .ofs_y = 0},
    {.bitmap_index = 15100, .adv_w = 278, .box_w = 16, .box_h = 23, .ofs_x = 1, .ofs_y = 0},
    {.bitmap_index = 15237, .adv_w = 278, .box_w = 16, .box_h = 22, .ofs_x = 1, .ofs_y = 0},
    {.bitmap_index = 15375, .adv_w = 278, .box_w = 16, .box_h = 21, .ofs_x = 1, .ofs_y = 0},
    {.bitmap_index = 15505, .adv_w = 110, .box_w = 7, .box_h = 23, .ofs_x = 0, .ofs_y = 0},
    {.bitmap_index = 15536, .adv_w = 110, .box_w = 7, .box_h = 23, .ofs_x = 0, .ofs_y = 0},
    {.bitmap_index = 15567, .adv_w = 110, .box_w = 9, .box_h = 22, .ofs_x = -1, .ofs_y = 0},
    {.bitmap_index = 15602, .adv_w = 110, .box_w = 9, .box_h = 21, .ofs_x = -1, .ofs_y = 0},
    {.bitmap_index = 15631, .adv_w = 286, .box_w = 16, .box_h = 22, .ofs_x = 1, .ofs_y = 0},
    {.bitmap_index = 15770, .adv_w = 287, .box_w = 14, .box_h = 20, .ofs_x = 2, .ofs_y = 0},
    {.bitmap_index = 15848, .adv_w = 287, .box_w = 16, .box_h = 23, .ofs_x = 1, .ofs_y = 0},
    {.bitmap_index = 15987, .adv_w = 287, .box_w = 16, .box_h = 23, .ofs_x = 1, .ofs_y = 0},
    {.bitmap_index = 16124, .adv_w = 287, .box_w = 16, .box_h = 22, .ofs_x = 1, .ofs_y = 0},
    {.bitmap_index = 16261, .adv_w = 287, .box_w = 16, .box_h = 20, .ofs_x = 1, .ofs_y = 0},
    {.bitmap_index = 16386, .adv_w = 287, .box_w = 16, .box_h = 21, .ofs_x = 1, .ofs_y = 0},
    {.bitmap_index = 16516, .adv_w = 294, .box_w = 15, .box_h = 16, .ofs_x = 2, .ofs_y = 3},
    {.bitmap_index = 16575, .adv_w = 287, .box_w = 16, .box_h = 16, .ofs_x = 1, .ofs_y = 0},
    {.bitmap_index = 16698, .adv_w = 287, .box_w = 14, .box_h = 23, .ofs_x = 2, .ofs_y = 0},
    {.bitmap_index = 16778, .adv_w = 287, .box_w = 14, .box_h = 23, .ofs_x = 2, .ofs_y = 0},
    {.bitmap_index = 16857, .adv_w = 287, .box_w = 14, .box_h = 22, .ofs_x = 2, .ofs_y = 0},
    {.bitmap_index = 16937, .adv_w = 287, .box_w = 14, .box_h = 21, .ofs_x = 2, .ofs_y = 0},
    {.bitmap_index = 17011, .adv_w = 252, .box_w = 16, .box_h = 30, .ofs_x = 0, .ofs_y = -7},
    {.bitmap_index = 17177, .adv_w = 303, .box_w = 16, .box_h = 28, .ofs_x = 2, .ofs_y = -7},
    {.bitmap_index = 17292, .adv_w = 252, .box_w = 16, .box_h = 28, .ofs_x = 0, .ofs_y = -7},
    {.bitmap_index = 17451, .adv_w = 302, .box_w = 18, .box_h = 25, .ofs_x = 0, .ofs_y = 0},
    {.bitmap_index = 17590, .adv_w = 303, .box_w = 16, .box_h = 20, .ofs_x = 1, .ofs_y = 0},
    {.bitmap_index = 17706, .adv_w = 302, .box_w = 18, .box_h = 26, .ofs_x = 0, .ofs_y = 0},
    {.bitmap_index = 17870, .adv_w = 303, .box_w = 16, .box_h = 21, .ofs_x = 1, .ofs_y = 0},
    {.bitmap_index = 17998, .adv_w = 302, .box_w = 19, .box_h = 26, .ofs_x = 0, .ofs_y = -6},
    {.bitmap_index = 18165, .adv_w = 303, .box_w = 17, .box_h = 22, .ofs_x = 1, .ofs_y = -6},
    {.bitmap_index = 18304, .adv_w = 346, .box_w = 19, .box_h = 27, .ofs_x = 1, .ofs_y = 0},
    {.bitmap_index = 18476, .adv_w = 272, .box_w = 15, .box_h = 23, .ofs_x = 1, .ofs_y = 0},
    {.bitmap_index = 18605, .adv_w = 346, .box_w = 19, .box_h = 26, .ofs_x = 1, .ofs_y = 0},
    {.bitmap_index = 18762, .adv_w = 272, .box_w = 15, .box_h = 20, .ofs_x = 1, .ofs_y = 0},
    {.bitmap_index = 18877, .adv_w = 346, .box_w = 19, .box_h = 26, .ofs_x = 1, .ofs_y = 0},
    {.bitmap_index = 19047, .adv_w = 272, .box_w = 15, .box_h = 22, .ofs_x = 1, .ofs_y = 0},
    {.bitmap_index = 19177, .adv_w = 317, .box_w = 17, .box_h = 26, .ofs_x = 2, .ofs_y = 0},
    {.bitmap_index = 19320, .adv_w = 338, .box_w = 21, .box_h = 21, .ofs_x = 1, .ofs_y = 0},
    {.bitmap_index = 19459, .adv_w = 325, .box_w = 20, .box_h = 20, .ofs_x = 0, .ofs_y = 0},
    {.bitmap_index = 19585, .adv_w = 302, .box_w = 18, .box_h = 21, .ofs_x = 1, .ofs_y = 0},
    {.bitmap_index = 19713, .adv_w = 230, .box_w = 11, .box_h = 25, .ofs_x = 2, .ofs_y = 0},
    {.bitmap_index = 19763, .adv_w = 278, .box_w = 16, .box_h = 20, .ofs_x = 1, .ofs_y = 0},
    {.bitmap_index = 19882, .adv_w = 230, .box_w = 11, .box_h = 26, .ofs_x = 2, .ofs_y = 0},
    {.bitmap_index = 19952, .adv_w = 278, .box_w = 16, .box_h = 21, .ofs_x = 1, .ofs_y = 0},
    {.bitmap_index = 20083, .adv_w = 230, .box_w = 11, .box_h = 25, .ofs_x = 2, .ofs_y = 0},
    {.bitmap_index = 20139, .adv_w = 278, .box_w = 16, .box_h = 20, .ofs_x = 1, .ofs_y = 0},
    {.bitmap_index = 20263, .adv_w = 230, .box_w = 11, .box_h = 26, .ofs_x = 2, .ofs_y = -6},
    {.bitmap_index = 20326, .adv_w = 278, .box_w = 16, .box_h = 22, .ofs_x = 1, .ofs_y = -6},
    {.bitmap_index = 20463, .adv_w = 230, .box_w = 11, .box_h = 26, .ofs_x = 2, .ofs_y = 0},
    {.bitmap_index = 20529, .adv_w = 278, .box_w = 16, .box_h = 22, .ofs_x = 1, .ofs_y = 0},
    {.bitmap_index = 20667, .adv_w = 349, .box_w = 20, .box_h = 26, .ofs_x = 1, .ofs_y = 0},
    {.bitmap_index = 20854, .adv_w = 303, .box_w = 16, .box_h = 28, .ofs_x = 1, .ofs_y = -7},
    {.bitmap_index = 21030, .adv_w = 349, .box_w = 20, .box_h = 26, .ofs_x = 1, .ofs_y = 0},
    {.bitmap_index = 21204, .adv_w = 303, .box_w = 16, .box_h = 27, .ofs_x = 1, .ofs_y = -7},
    {.bitmap_index = 21372, .adv_w = 349, .box_w = 20, .box_h = 27, .ofs_x = 1, .ofs_y = -7},
    {.bitmap_index = 21560, .adv_w = 303, .box_w = 16, .box_h = 31, .ofs_x = 1, .ofs_y = -7},
    {.bitmap_index = 21746, .adv_w = 110, .box_w = 10, .box_h = 25, .ofs_x = -1, .ofs_y = 0},
    {.bitmap_index = 21783, .adv_w = 110, .box_w = 10, .box_h = 20, .ofs_x = -1, .ofs_y = 0},
    {.bitmap_index = 21813, .adv_w = 110, .box_w = 11, .box_h = 25, .ofs_x = -2, .ofs_y = 0},
    {.bitmap_index = 21836, .adv_w = 110, .box_w = 11, .box_h = 20, .ofs_x = -2, .ofs_y = 0},
    {.bitmap_index = 21859, .adv_w = 110, .box_w = 9, .box_h = 26, .ofs_x = -1, .ofs_y = 0},
    {.bitmap_index = 21897, .adv_w = 110, .box_w = 9, .box_h = 21, .ofs_x = -1, .ofs_y = 0},
    {.bitmap_index = 21928, .adv_w = 110, .box_w = 6, .box_h = 26, .ofs_x = -1, .ofs_y = -6},
    {.bitmap_index = 21956, .adv_w = 110, .box_w = 7, .box_h = 28, .ofs_x = -1, .ofs_y = -6},
    {.bitmap_index = 22006, .adv_w = 110, .box_w = 4, .box_h = 25, .ofs_x = 1, .ofs_y = 0},
    {.bitmap_index = 22021, .adv_w = 110, .box_w = 3, .box_h = 16, .ofs_x = 2, .ofs_y = 0},
    {.bitmap_index = 22026, .adv_w = 268, .box_w = 15, .box_h = 27, .ofs_x = 2, .ofs_y = -7},
    {.bitmap_index = 22151, .adv_w = 231, .box_w = 13, .box_h = 28, .ofs_x = 2, .ofs_y = -7},
    {.bitmap_index = 22254, .adv_w = 194, .box_w = 10, .box_h = 27, .ofs_x = 2, .ofs_y = 0},
    {.bitmap_index = 22299, .adv_w = 110, .box_w = 7, .box_h = 28, .ofs_x = 0, .ofs_y = 0},
    {.bitmap_index = 22330, .adv_w = 194, .box_w = 10, .box_h = 27, .ofs_x = 2, .ofs_y = -7},
    {.bitmap_index = 22373, .adv_w = 110, .box_w = 3, .box_h = 28, .ofs_x = 2, .ofs_y = -7},
    {.bitmap_index = 22389, .adv_w = 200, .box_w = 10, .box_h = 20, .ofs_x = 2, .ofs_y = 0},
    {.bitmap_index = 22427, .adv_w = 165, .box_w = 8, .box_h = 21, .ofs_x = 2, .ofs_y = 0},
    {.bitmap_index = 22455, .adv_w = 194, .box_w = 10, .box_h = 20, .ofs_x = 2, .ofs_y = 0},
    {.bitmap_index = 22485, .adv_w = 132, .box_w = 8, .box_h = 21, .ofs_x = 2, .ofs_y = 0},
    {.bitmap_index = 22504, .adv_w = 196, .box_w = 12, .box_h = 20, .ofs_x = 0, .ofs_y = 0},
    {.bitmap_index = 22545, .adv_w = 112, .box_w = 7, .box_h = 21, .ofs_x = 0, .ofs_y = 0},
    {.bitmap_index = 22572, .adv_w = 315, .box_w = 16, .box_h = 27, .ofs_x = 2, .ofs_y = 0},
    {.bitmap_index = 22703, .adv_w = 287, .box_w = 14, .box_h = 23, .ofs_x = 2, .ofs_y = 0},
    {.bitmap_index = 22786, .adv_w = 315, .box_w = 16, .box_h = 27, .ofs_x = 2, .ofs_y = -7},
    {.bitmap_index = 22919, .adv_w = 287, .box_w = 14, .box_h = 23, .ofs_x = 2, .ofs_y = -7},
    {.bitmap_index = 23003, .adv_w = 315, .box_w = 16, .box_h = 26, .ofs_x = 2, .ofs_y = 0},
    {.bitmap_index = 23134, .adv_w = 287, .box_w = 14, .box_h = 22, .ofs_x = 2, .ofs_y = 0},
    {.bitmap_index = 23219, .adv_w = 352, .box_w = 20, .box_h = 25, .ofs_x = 1, .ofs_y = 0},
    {.bitmap_index = 23384, .adv_w = 287, .box_w = 16, .box_h = 21, .ofs_x = 1, .ofs_y = 0},
    {.bitmap_index = 23502, .adv_w = 352, .box_w = 20, .box_h = 26, .ofs_x = 1, .ofs_y = 0},
    {.bitmap_index = 23688, .adv_w = 287, .box_w = 16, .box_h = 21, .ofs_x = 1, .ofs_y = 0},
    {.bitmap_index = 23817, .adv_w = 352, .box_w = 20, .box_h = 26, .ofs_x = 1, .ofs_y = 0},
    {.bitmap_index = 24009, .adv_w = 287, .box_w = 16, .box_h = 22, .ofs_x = 1, .ofs_y = 0},
    {.bitmap_index = 24148, .adv_w = 487, .box_w = 28, .box_h = 20, .ofs_x = 1, .ofs_y = 0},
    {.bitmap_index = 24331, .adv_w = 484, .box_w = 29, .box_h = 16, .ofs_x = 1, .ofs_y = 0},
    {.bitmap_index = 24518, .adv_w = 272, .box_w = 14, .box_h = 27, .ofs_x = 2, .ofs_y = 0},
    {.bitmap_index = 24643, .adv_w = 167, .box_w = 8, .box_h = 23, .ofs_x = 2, .ofs_y = 0},
    {.bitmap_index = 24695, .adv_w = 272, .box_w = 14, .box_h = 27, .ofs_x = 2, .ofs_y = -7},
    {.bitmap_index = 24819, .adv_w = 167, .box_w = 8, .box_h = 23, .ofs_x = 2, .ofs_y = -7},
    {.bitmap_index = 24867, .adv_w = 272, .box_w = 14, .box_h = 26, .ofs_x = 2, .ofs_y = 0},
    {.bitmap_index = 24994, .adv_w = 167, .box_w = 9, .box_h = 22, .ofs_x = 2, .ofs_y = 0},
    {.bitmap_index = 25049, .adv_w = 263, .box_w = 14, .box_h = 27, .ofs_x = 1, .ofs_y = 0},
    {.bitmap_index = 25197, .adv_w = 234, .box_w = 13, .box_h = 23, .ofs_x = 1, .ofs_y = 0},
    {.bitmap_index = 25320, .adv_w = 263, .box_w = 14, .box_h = 27, .ofs_x = 1, .ofs_y = -7},
    {.bitmap_index = 25471, .adv_w = 234, .box_w = 13, .box_h = 23, .ofs_x = 1, .ofs_y = -7},
    {.bitmap_index = 25597, .adv_w = 263, .box_w = 14, .box_h = 26, .ofs_x = 1, .ofs_y = 0},
    {.bitmap_index = 25746, .adv_w = 234, .box_w = 13, .box_h = 22, .ofs_x = 1, .ofs_y = 0},
    {.bitmap_index = 25872, .adv_w = 242, .box_w = 15, .box_h = 27, .ofs_x = 0, .ofs_y = -7},
    {.bitmap_index = 25934, .adv_w = 163, .box_w = 10, .box_h = 27, .ofs_x = 0, .ofs_y = -7},
    {.bitmap_index = 26005, .adv_w = 242, .box_w = 15, .box_h = 26, .ofs_x = 0, .ofs_y = 0},
    {.bitmap_index = 26067, .adv_w = 164, .box_w = 11, .box_h = 22, .ofs_x = 0, .ofs_y = 0},
    {.bitmap_index = 26130, .adv_w = 302, .box_w = 15, .box_h = 25, .ofs_x = 2, .ofs_y = 0},
    {.bitmap_index = 26216, .adv_w = 287, .box_w = 14, .box_h = 20, .ofs_x = 2, .ofs_y = 0},
    {.bitmap_index = 26290, .adv_w = 302, .box_w = 15, .box_h = 25, .ofs_x = 2, .ofs_y = 0},
    {.bitmap_index = 26363, .adv_w = 287, .box_w = 14, .box_h = 20, .ofs_x = 2, .ofs_y = 0},
    {.bitmap_index = 26427, .adv_w = 302, .box_w = 15, .box_h = 26, .ofs_x = 2, .ofs_y = 0},
    {.bitmap_index = 26518, .adv_w = 287, .box_w = 14, .box_h = 21, .ofs_x = 2, .ofs_y = 0},
    {.bitmap_index = 26595, .adv_w = 302, .box_w = 15, .box_h = 29, .ofs_x = 2, .ofs_y = 0},
    {.bitmap_index = 26697, .adv_w = 287, .box_w = 14, .box_h = 24, .ofs_x = 2, .ofs_y = 0},
    {.bitmap_index = 26781, .adv_w = 302, .box_w = 15, .box_h = 26, .ofs_x = 2, .ofs_y = 0},
    {.bitmap_index = 26875, .adv_w = 287, .box_w = 14, .box_h = 21, .ofs_x = 2, .ofs_y = 0},
    {.bitmap_index = 26952, .adv_w = 302, .box_w = 15, .box_h = 26, .ofs_x = 2, .ofs_y = -6},
    {.bitmap_index = 27040, .adv_w = 287, .box_w = 15, .box_h = 22, .ofs_x = 2, .ofs_y = -6},
    {.bitmap_index = 27125, .adv_w = 437, .box_w = 27, .box_h = 26, .ofs_x = 0, .ofs_y = 0},
    {.bitmap_index = 27385, .adv_w = 367, .box_w = 23, .box_h = 22, .ofs_x = 0, .ofs_y = 0},
    {.bitmap_index = 27584, .adv_w = 262, .box_w = 16, .box_h = 26, .ofs_x = 0, .ofs_y = 0},
    {.bitmap_index = 27710, .adv_w = 252, .box_w = 16, .box_h = 29, .ofs_x = 0, .ofs_y = -7},
    {.bitmap_index = 27876, .adv_w = 262, .box_w = 16, .box_h = 26, .ofs_x = 0, .ofs_y = 0},
    {.bitmap_index = 27996, .adv_w = 242, .box_w = 13, .box_h = 27, .ofs_x = 1, .ofs_y = 0},
    {.bitmap_index = 28110, .adv_w = 204, .box_w = 11, .box_h = 23, .ofs_x = 1, .ofs_y = 0},
    {.bitmap_index = 28199, .adv_w = 242, .box_w = 13, .box_h = 25, .ofs_x = 1, .ofs_y = 0},
    {.bitmap_index = 28300, .adv_w = 204, .box_w = 11, .box_h = 20, .ofs_x = 1, .ofs_y = 0},
    {.bitmap_index = 28376, .adv_w = 242, .box_w = 13, .box_h = 26, .ofs_x = 1, .ofs_y = 0},
    {.bitmap_index = 28491, .adv_w = 204, .box_w = 11, .box_h = 22, .ofs_x = 1, .ofs_y = 0},
    {.bitmap_index = 28582, .adv_w = 303, .box_w = 15, .box_h = 3, .ofs_x = 2, .ofs_y = 9},
    {.bitmap_index = 28593, .adv_w = 396, .box_w = 21, .box_h = 3, .ofs_x = 2, .ofs_y = 9},
    {.bitmap_index = 28604, .adv_w = 98, .box_w = 6, .box_h = 7, .ofs_x = 0, .ofs_y = 13},
    {.bitmap_index = 28626, .adv_w = 98, .box_w = 6, .box_h = 7, .ofs_x = 0, .ofs_y = 13},
    {.bitmap_index = 28648, .adv_w = 83, .box_w = 6, .box_h = 7, .ofs_x = -1, .ofs_y = -3},
    {.bitmap_index = 28670, .adv_w = 170, .box_w = 10, .box_h = 7, .ofs_x = 0, .ofs_y = 13},
    {.bitmap_index = 28706, .adv_w = 170, .box_w = 10, .box_h = 7, .ofs_x = 0, .ofs_y = 13},
    {.bitmap_index = 28743, .adv_w = 157, .box_w = 11, .box_h = 7, .ofs_x = -1, .ofs_y = -3},
    {.bitmap_index = 28782, .adv_w = 185, .box_w = 8, .box_h = 8, .ofs_x = 2, .ofs_y = 6},
    {.bitmap_index = 28808, .adv_w = 260, .box_w = 15, .box_h = 4, .ofs_x = 1, .ofs_y = 0},
    {.bitmap_index = 28839, .adv_w = 363, .box_w = 22, .box_h = 20, .ofs_x = 0, .ofs_y = 0}
};

/*---------------------
 *  CHARACTER MAPPING
 *--------------------*/

static const uint8_t glyph_id_ofs_list_3[] = {
    0, 1, 2, 3, 4, 5, 0, 0,
    0, 0, 6, 7, 8, 9, 10, 11,
    12, 13, 14, 15, 0, 0, 0, 0,
    16, 17, 0, 18, 19, 20, 21, 22,
    23, 24, 25, 26, 27, 28, 29, 30,
    31, 32, 33, 0, 0, 0, 34, 35,
    36, 37, 38, 39, 40, 41, 42, 43,
    44, 45, 46, 47, 48, 49, 0, 0,
    50, 51, 52, 53, 54, 55, 56, 57
};

static const uint16_t unicode_list_5[] = {
    0x0, 0x1, 0x5, 0x6, 0x7, 0x9, 0xa, 0xb,
    0xf, 0x13, 0x99
};

/*Collect the unicode lists and glyph_id offsets*/
static const lv_font_fmt_txt_cmap_t cmaps[] =
{
    {
        .range_start = 32, .range_length = 95, .glyph_id_start = 1,
        .unicode_list = NULL, .glyph_id_ofs_list = NULL, .list_length = 0, .type = LV_FONT_FMT_TXT_CMAP_FORMAT0_TINY
    },
    {
        .range_start = 160, .range_length = 104, .glyph_id_start = 96,
        .unicode_list = NULL, .glyph_id_ofs_list = NULL, .list_length = 0, .type = LV_FONT_FMT_TXT_CMAP_FORMAT0_TINY
    },
    {
        .range_start = 266, .range_length = 18, .glyph_id_start = 200,
        .unicode_list = NULL, .glyph_id_ofs_list = NULL, .list_length = 0, .type = LV_FONT_FMT_TXT_CMAP_FORMAT0_TINY
    },
    {
        .range_start = 286, .range_length = 72, .glyph_id_start = 218,
        .unicode_list = NULL, .glyph_id_ofs_list = glyph_id_ofs_list_3, .list_length = 72, .type = LV_FONT_FMT_TXT_CMAP_FORMAT0_FULL
    },
    {
        .range_start = 360, .range_length = 23, .glyph_id_start = 276,
        .unicode_list = NULL, .glyph_id_ofs_list = NULL, .list_length = 0, .type = LV_FONT_FMT_TXT_CMAP_FORMAT0_TINY
    },
    {
        .range_start = 8211, .range_length = 154, .glyph_id_start = 299,
        .unicode_list = unicode_list_5, .glyph_id_ofs_list = NULL, .list_length = 11, .type = LV_FONT_FMT_TXT_CMAP_SPARSE_TINY
    }
};



/*--------------------
 *  ALL CUSTOM DATA
 *--------------------*/

#if LVGL_VERSION_MAJOR == 8
/*Store all the custom data of the font*/
static  lv_font_fmt_txt_glyph_cache_t cache;
#endif

#if LVGL_VERSION_MAJOR >= 8
static const lv_font_fmt_txt_dsc_t font_dsc = {
#else
static lv_font_fmt_txt_dsc_t font_dsc = {
#endif
    .glyph_bitmap = glyph_bitmap,
    .glyph_dsc = glyph_dsc,
    .cmaps = cmaps,
    .kern_dsc = NULL,
    .kern_scale = 0,
    .cmap_num = 6,
    .bpp = 4,
    .kern_classes = 0,
    .bitmap_format = 1,
#if LVGL_VERSION_MAJOR == 8
    .cache = &cache
#endif
};

extern const lv_font_t lv_font_montserrat_28;


/*-----------------
 *  PUBLIC FONT
 *----------------*/

/*Initialize a public general font descriptor*/
#if LVGL_VERSION_MAJOR >= 8
const lv_font_t poppins_regular_28 = {
#else
lv_font_t poppins_regular_28 = {
#endif
    .get_glyph_dsc = lv_font_get_glyph_dsc_fmt_txt,    /*Function pointer to get glyph's data*/
    .get_glyph_bitmap = lv_font_get_bitmap_fmt_txt,    /*Function pointer to get glyph's bitmap*/
    .line_height = 36,          /*The maximum line height required by the font*/
    .base_line = 7,             /*Baseline measured from the bottom of the line*/
#if !(LVGL_VERSION_MAJOR == 6 && LVGL_VERSION_MINOR == 0)
    .subpx = LV_FONT_SUBPX_NONE,
#endif
#if LV_VERSION_CHECK(7, 4, 0) || LVGL_VERSION_MAJOR >= 8
    .underline_position = -2,
    .underline_thickness = 1,
#endif
    .dsc = &font_dsc,          /*The custom font data. Will be accessed by `get_glyph_bitmap/dsc` */
#if LV_VERSION_CHECK(8, 2, 0) || LVGL_VERSION_MAJOR >= 9
    .fallback = &lv_font_montserrat_28,
#endif
    .user_data = NULL,
};



#endif /*#if POPPINS_REGULAR_28*/

