/*******************************************************************************
 * Size: 20 px
 * Bpp: 4
 * Opts: --bpp 4 --format lvgl --lv-include lvgl.h --lv-font-name poppins_regular_20 --lv-fallback lv_font_montserrat_20 --size 20 --font C:\Projects\OfflineWorkspace\PROJEKTY\PROJEKTY_W_BUDOWIE\Guiton_BETTA\.tmp_fonts\Poppins-Regular.ttf -r 0x20-0x7F -r 0xA0-0xFF -r 0x100-0x17F -r 0x2013-0x2014 -r 0x2018-0x201E -r 0x2022 -r 0x2026 -r 0x20AC -o C:\Projects\OfflineWorkspace\PROJEKTY\PROJEKTY_W_BUDOWIE\Guiton_BETTA\main\ui\fonts\poppins_regular_20.c
 ******************************************************************************/

#ifdef LV_LVGL_H_INCLUDE_SIMPLE
#include "lvgl.h"
#else
#include "lvgl.h"
#endif

#ifndef POPPINS_REGULAR_20
#define POPPINS_REGULAR_20 1
#endif

#if POPPINS_REGULAR_20

/*-----------------
 *    BITMAPS
 *----------------*/

/*Store the image of the glyphs*/
static LV_ATTRIBUTE_LARGE_CONST const uint8_t glyph_bitmap[] = {
    /* U+0020 " " */

    /* U+0021 "!" */
    0xf, 0xe0, 0x8, 0xc0, 0x3f, 0xe1, 0x0, 0xf0,
    0x80, 0x67, 0x0, 0xf2, 0x90, 0x2, 0xe4, 0x0,
    0x88, 0x2, 0xbb, 0x11, 0x70,

    /* U+0022 "\"" */
    0x3e, 0x58, 0xe1, 0x1, 0x0, 0x8, 0xc0, 0x3e,
    0x0, 0x30, 0x71, 0x10, 0x0,

    /* U+0023 "#" */
    0x0, 0xf7, 0xd8, 0x4, 0x3f, 0x40, 0x1f, 0x18,
    0x18, 0x4, 0xa1, 0xa0, 0x1f, 0x20, 0x60, 0x4,
    0x60, 0x80, 0x1f, 0x68, 0x28, 0x5, 0x80, 0x60,
    0x11, 0xff, 0xca, 0x1d, 0xff, 0x20, 0x7f, 0xac,
    0x9, 0x98, 0xa0, 0x4c, 0xd2, 0x81, 0xb3, 0x34,
    0x6, 0x65, 0xc1, 0x53, 0x37, 0x85, 0x4c, 0x98,
    0x3, 0x18, 0x18, 0x5, 0xa0, 0xa0, 0x1f, 0x68,
    0x20, 0x4, 0x60, 0x60, 0x11, 0xcc, 0xc8, 0x13,
    0x39, 0x2, 0x64, 0xa0, 0xcd, 0x84, 0x19, 0xb0,
    0x1, 0x99, 0x80, 0xbf, 0xea, 0x9, 0xff, 0xa4,
    0x2b, 0xfd, 0x20, 0x1b, 0x41, 0x40, 0x2f, 0x7,
    0x0, 0xf8, 0xc0, 0xc0, 0x25, 0x2, 0x0, 0xf9,
    0xc, 0x3, 0x1a, 0x0, 0x70,

    /* U+0024 "$" */
    0x0, 0xca, 0x60, 0x1f, 0xbd, 0x40, 0x38, 0xab,
    0x96, 0x71, 0x40, 0x3, 0x8a, 0x84, 0x65, 0x50,
    0x10, 0x33, 0x4f, 0x5e, 0x2e, 0x2a, 0xe, 0x1,
    0xd, 0x41, 0xb8, 0x28, 0x6, 0x47, 0x2e, 0xa,
    0x50, 0xf, 0x2c, 0xd, 0x2d, 0x30, 0x80, 0x4f,
    0xf4, 0x47, 0x3c, 0xc0, 0x19, 0x5e, 0x28, 0x24,
    0x80, 0x38, 0x56, 0x1, 0x62, 0x88, 0x3, 0x10,
    0x4, 0xb6, 0x1, 0xb8, 0xe, 0x49, 0xad, 0xf7,
    0x11, 0x50, 0x75, 0xd8, 0x90, 0x62, 0x80, 0x28,
    0xd5, 0x9d, 0x70, 0xf, 0x7a, 0x80, 0x60,

    /* U+0025 "%" */
    0x1, 0xbf, 0xd6, 0x0, 0xd3, 0xe6, 0x1, 0x6b,
    0xed, 0xca, 0x0, 0x9, 0x94, 0xc0, 0x2, 0x72,
    0x4c, 0x5a, 0x0, 0x90, 0xb0, 0xf, 0xf9, 0x11,
    0x2, 0x1, 0x9, 0x70, 0x21, 0x60, 0x48, 0xb8,
    0x7, 0x7b, 0x7d, 0xba, 0xb9, 0x58, 0x7, 0x8b,
    0x7b, 0xe0, 0x60, 0xd4, 0x3, 0xf0, 0x80, 0x20,
    0x3c, 0x3, 0xfe, 0x36, 0x61, 0xa6, 0x75, 0x90,
    0x7, 0xbc, 0x20, 0xad, 0x74, 0x30, 0x3, 0x94,
    0xe0, 0x50, 0x24, 0xe0, 0x4c, 0x3, 0x59, 0x38,
    0x7, 0x8, 0x7, 0x40, 0xc8, 0x1, 0x1, 0x42,
    0x84, 0xc0, 0x2, 0xe8, 0x80, 0x1, 0x5c, 0x72,
    0x68, 0x0,

    /* U+0026 "&" */
    0x0, 0xd1, 0xdf, 0xae, 0x1, 0xfd, 0x6e, 0xae,
    0x11, 0x0, 0xf, 0x85, 0xe, 0xe3, 0x1, 0x40,
    0x3f, 0x9c, 0x0, 0x3d, 0x80, 0x1f, 0x9, 0xa2,
    0x0, 0x2, 0x20, 0xf, 0xd0, 0x16, 0x60, 0x1f,
    0xe8, 0xb1, 0x16, 0x18, 0x4, 0x2c, 0xa0, 0x8,
    0x75, 0xec, 0x1c, 0x40, 0x4, 0x49, 0x80, 0x1c,
    0xa8, 0xb, 0x6, 0xd0, 0xd8, 0xd8, 0xc, 0x10,
    0x2, 0x2c, 0x1b, 0xe0, 0xf0, 0x0, 0x81, 0x0,
    0x62, 0xc0, 0x25, 0x30, 0x1, 0xa, 0x20, 0x3,
    0x58, 0x1, 0x50, 0x2, 0xa0, 0xbb, 0x4d, 0x73,
    0x26, 0xd, 0x98, 0x1, 0x35, 0x54, 0xc8, 0xb5,
    0x67, 0xa1, 0x86,

    /* U+0027 "'" */
    0x3e, 0x60, 0x13, 0x10, 0x13, 0x7,

    /* U+0028 "(" */
    0x0, 0x87, 0x78, 0x80, 0x2d, 0x2d, 0x20, 0x4,
    0x1c, 0x18, 0x0, 0x9c, 0x9c, 0x2, 0xb0, 0x80,
    0xc, 0xe2, 0xa0, 0x11, 0x8b, 0x80, 0x64, 0xc,
    0x0, 0xda, 0xe, 0x1, 0x98, 0x8, 0x3, 0x8,
    0x7, 0xc2, 0x1, 0xc2, 0x20, 0xe, 0x70, 0x10,
    0xc, 0x60, 0xa0, 0x1b, 0x43, 0x0, 0x32, 0x2,
    0x80, 0x61, 0x52, 0x40, 0xd, 0x21, 0x0, 0x18,
    0xd0, 0xd0, 0x3, 0x50, 0xd1, 0x0, 0x43, 0xa3,
    0xe0,

    /* U+0029 ")" */
    0x1e, 0xe1, 0x0, 0x43, 0x83, 0xe0, 0x18, 0xa8,
    0xa4, 0x3, 0x2a, 0x31, 0x0, 0x6f, 0x8, 0x0,
    0xc8, 0x4a, 0x1, 0xca, 0x8, 0x1, 0xb0, 0x30,
    0x3, 0x28, 0x18, 0x6, 0x11, 0x30, 0x7, 0x8c,
    0x3, 0x8c, 0x3, 0xc6, 0x60, 0xe, 0x11, 0x0,
    0x63, 0x5, 0x0, 0xc8, 0x1e, 0x1, 0xac, 0x1c,
    0x2, 0x33, 0x20, 0x80, 0x50, 0x1e, 0x1, 0x1a,
    0x1a, 0x0, 0x7, 0x47, 0x80, 0x2d, 0x1a, 0x20,
    0x0,

    /* U+002A "*" */
    0x0, 0xb6, 0x40, 0x23, 0x50, 0x6e, 0x7, 0x4,
    0xaa, 0xf, 0xec, 0x9b, 0xf1, 0xab, 0xdf, 0x1a,
    0x53, 0x91, 0xc4, 0x89, 0x3e, 0x35, 0x51, 0xd,
    0xb0, 0x9f, 0x93, 0x48, 0x2, 0x9b, 0x0, 0x80,

    /* U+002B "+" */
    0x0, 0xe1, 0x0, 0xff, 0x75, 0x80, 0x7f, 0xf6,
    0x53, 0xff, 0x2, 0x7f, 0xe6, 0x77, 0xc0, 0x4e,
    0xf4, 0x14, 0x46, 0x6, 0x88, 0x9c, 0x3, 0xff,
    0xaa,

    /* U+002C "," */
    0x0, 0x2c, 0x10, 0x2, 0x1c, 0x80, 0x49, 0x80,
    0xe, 0x14, 0x0, 0xc3, 0x30, 0x1, 0x28, 0x0,

    /* U+002D "-" */
    0x68, 0x8f, 0x86, 0xdd, 0xfe, 0x30,

    /* U+002E "." */
    0x3, 0x50, 0x1c, 0xa3, 0x13, 0x12,

    /* U+002F "/" */
    0x0, 0xe9, 0xf3, 0x0, 0xe4, 0x3, 0x0, 0xc2,
    0x48, 0x1, 0xc8, 0x18, 0x1, 0xd8, 0x8, 0x1,
    0xc8, 0x6, 0x1, 0x84, 0x90, 0x3, 0x90, 0x30,
    0x3, 0xb0, 0x10, 0x3, 0x90, 0xc, 0x3, 0x9,
    0x20, 0x7, 0x20, 0x60, 0x7, 0x60, 0x20, 0x7,
    0x20, 0x18, 0x6, 0x12, 0x40, 0xe, 0x40, 0xc0,
    0xe, 0xc0, 0x40, 0xe, 0x40, 0x30, 0xc, 0x24,
    0x80, 0x1c, 0x81, 0x80, 0x1d, 0x80, 0x80, 0x1c,
    0x80, 0x60, 0x1c,

    /* U+0030 "0" */
    0x0, 0x1d, 0xf7, 0xec, 0x0, 0x64, 0xc4, 0x24,
    0x37, 0xc0, 0xa, 0x43, 0x31, 0x7c, 0xa6, 0xc0,
    0x84, 0xc6, 0x1, 0x50, 0x50, 0x60, 0x68, 0x7,
    0x21, 0x81, 0x3, 0x0, 0x71, 0x1, 0x8, 0x18,
    0x7, 0x8, 0x33, 0x80, 0x80, 0x7e, 0x70, 0x10,
    0xf, 0xc2, 0x6, 0x1, 0xc2, 0xd, 0xa0, 0xc0,
    0x1c, 0x40, 0x46, 0x1a, 0x1, 0xc8, 0x60, 0x84,
    0xc6, 0x1, 0x50, 0x50, 0x2, 0x43, 0x31, 0x5c,
    0xa6, 0xc0, 0x4, 0xc4, 0x25, 0x37, 0xc0, 0x0,

    /* U+0031 "1" */
    0x3f, 0xfa, 0x5, 0x4c, 0x0, 0x55, 0x20, 0x1f,
    0xff, 0x20,

    /* U+0032 "2" */
    0x0, 0x3e, 0xff, 0x59, 0x80, 0x57, 0x0, 0xc8,
    0x8c, 0x40, 0x64, 0x5d, 0x9a, 0xd0, 0x90, 0xd0,
    0xb0, 0x8, 0x90, 0x88, 0x8, 0x20, 0x18, 0x80,
    0x17, 0x60, 0xe, 0x50, 0x20, 0xf, 0x11, 0x98,
    0x3, 0xe9, 0x9, 0x0, 0xf3, 0x22, 0x14, 0x3,
    0x96, 0x46, 0x80, 0x39, 0x68, 0x70, 0x40, 0x33,
    0x50, 0xe1, 0x0, 0x68, 0x92, 0xf2, 0x0, 0xd4,
    0xe0, 0xb3, 0x11, 0x95, 0x40, 0x7, 0x7f, 0x78,

    /* U+0033 "3" */
    0x0, 0x9f, 0x7f, 0xd8, 0xa0, 0x1b, 0x20, 0x19,
    0x4a, 0x9c, 0x0, 0xc6, 0xbb, 0x35, 0xe3, 0x2,
    0x1a, 0x10, 0x1, 0xb, 0x2, 0x85, 0xf9, 0x0,
    0x61, 0x7, 0x0, 0xf8, 0x9c, 0x8c, 0x3, 0x2c,
    0xde, 0x9f, 0x80, 0x77, 0xb2, 0x5, 0x90, 0x7,
    0x57, 0xeb, 0xcd, 0x80, 0x7c, 0x50, 0xe8, 0x80,
    0x43, 0x0, 0xec, 0x3, 0xa, 0xd0, 0xf, 0xe6,
    0x19, 0x0, 0xd0, 0x6, 0x10, 0x6d, 0xb3, 0x2d,
    0x35, 0x40, 0x6, 0x40, 0x33, 0x6, 0x68, 0x0,

    /* U+0034 "4" */
    0x0, 0xfa, 0x3f, 0xc0, 0x1f, 0x91, 0xc0, 0x3f,
    0x86, 0x89, 0x0, 0x3f, 0x50, 0xf8, 0x7, 0xe7,
    0x49, 0x20, 0xf, 0x8e, 0x11, 0x80, 0x3f, 0x70,
    0xd0, 0x7, 0xea, 0x2a, 0x10, 0xf, 0x99, 0x59,
    0x0, 0x3e, 0x19, 0x0, 0x4c, 0xe5, 0x9, 0x91,
    0x0, 0x19, 0xb8, 0x41, 0x98, 0x7f, 0xff, 0x18,
    0x7f, 0x80, 0x3f, 0xf9, 0x80,

    /* U+0035 "5" */
    0x3f, 0xff, 0xce, 0x1, 0x1b, 0x37, 0x8c, 0x2,
    0xb9, 0x9f, 0x20, 0x7, 0xff, 0x3d, 0x61, 0xd0,
    0x3, 0xb7, 0xa9, 0xe2, 0xf0, 0x40, 0x25, 0x7d,
    0xfd, 0x63, 0xa0, 0x1, 0x34, 0x90, 0x14, 0xa2,
    0x4, 0xf6, 0x40, 0x3b, 0x1, 0x0, 0x3f, 0x8,
    0x1, 0xb5, 0x40, 0x3b, 0xc1, 0x9c, 0xac, 0x80,
    0x23, 0x62, 0x31, 0x91, 0xda, 0x9b, 0xc0, 0xe0,
    0x3, 0x5a, 0x21, 0x95, 0x5a, 0x60,

    /* U+0036 "6" */
    0x0, 0xc, 0xf7, 0xf5, 0x8, 0x4, 0x38, 0xc8,
    0xe8, 0xb8, 0x1, 0x41, 0x5d, 0x45, 0x50, 0xa0,
    0x0, 0xca, 0x80, 0x12, 0x9a, 0x2, 0x7, 0x80,
    0x76, 0x60, 0x8, 0x1c, 0x11, 0xdc, 0x80, 0x17,
    0x0, 0xed, 0xc4, 0x2f, 0x4, 0x2, 0xe7, 0xdf,
    0xd6, 0x3d, 0xf, 0x6, 0xa2, 0x2, 0x94, 0x33,
    0x8, 0x70, 0x7, 0x68, 0x29, 0x0, 0x7c, 0x60,
    0x2a, 0x1a, 0x1, 0xda, 0x4, 0x2a, 0xe6, 0x1,
    0x13, 0x2, 0x85, 0x96, 0x5c, 0x56, 0x8d, 0x0,
    0x7, 0x1d, 0x9d, 0x11, 0x8a, 0x0,

    /* U+0037 "7" */
    0x5f, 0xff, 0xe2, 0x77, 0xfc, 0x40, 0x65, 0x11,
    0xe9, 0x25, 0x10, 0xf, 0x98, 0x38, 0x3, 0xf5,
    0x12, 0x0, 0x7c, 0x85, 0x40, 0x1f, 0xbc, 0x18,
    0x3, 0xe2, 0x45, 0x10, 0xf, 0xa8, 0x24, 0x3,
    0xf3, 0x11, 0x80, 0x7c, 0xc3, 0x60, 0x1f, 0xa8,
    0x18, 0x3, 0xe3, 0x33, 0x0, 0x7e, 0x90, 0xa0,
    0xf, 0x85, 0x4c, 0xc0, 0x1c,

    /* U+0038 "8" */
    0x0, 0x25, 0xf7, 0xec, 0x88, 0x4, 0xf6, 0xae,
    0xe6, 0x67, 0x90, 0x14, 0x17, 0xcc, 0x5d, 0xc,
    0x82, 0x5, 0x8, 0x4, 0xa4, 0x80, 0x11, 0x0,
    0x70, 0x80, 0x10, 0x3c, 0x3, 0x9, 0xa0, 0x13,
    0xac, 0x99, 0x2e, 0xc, 0x80, 0x21, 0x99, 0x9b,
    0x45, 0x44, 0x0, 0xb6, 0x59, 0xa8, 0x2b, 0x60,
    0x74, 0x9a, 0x65, 0x7d, 0x39, 0x1c, 0x6, 0x0,
    0xeb, 0x4, 0x0, 0x8, 0x7, 0xec, 0x8, 0x0,
    0xc5, 0x20, 0x8e, 0x8d, 0xb3, 0x15, 0xa3, 0x22,
    0x17, 0x22, 0xee, 0x45, 0xc6, 0x0,

    /* U+0039 "9" */
    0x0, 0x25, 0xff, 0xb6, 0x0, 0x33, 0x5a, 0x2b,
    0x8b, 0xe0, 0x0, 0x64, 0x76, 0xa3, 0x20, 0xdc,
    0x10, 0x24, 0x80, 0x27, 0x2b, 0xd, 0x3, 0x0,
    0xe7, 0x30, 0xf0, 0xf, 0x8c, 0x8, 0x80, 0x60,
    0x1c, 0x80, 0x28, 0x12, 0x40, 0x13, 0x90, 0x38,
    0xd0, 0xed, 0x4e, 0x42, 0x3, 0x82, 0xda, 0x21,
    0x82, 0xf8, 0x4, 0x0, 0x97, 0xdf, 0x88, 0x40,
    0x41, 0x70, 0x1, 0xd8, 0x40, 0x13, 0x98, 0x4,
    0x88, 0xa0, 0x4, 0x86, 0x54, 0x55, 0x9b, 0x80,
    0xb, 0x11, 0xe, 0xf6, 0x80, 0x0,

    /* U+003A ":" */
    0xc, 0xe1, 0x3, 0x12, 0xc, 0xa3, 0x3, 0x50,
    0xf, 0xfe, 0x31, 0xa8, 0xe, 0x51, 0x89, 0x89,
    0x0,

    /* U+003B ";" */
    0x5, 0xf7, 0xd, 0xc, 0x8, 0x9a, 0x0, 0x30,
    0x80, 0x7f, 0xf1, 0x4b, 0x24, 0x14, 0xf0, 0x30,
    0x54, 0x11, 0x81, 0x2, 0x41, 0xe8, 0x40,

    /* U+003C "<" */
    0x0, 0xf0, 0x80, 0x71, 0x77, 0xc, 0x2, 0x3c,
    0xc, 0x30, 0x2, 0x60, 0x61, 0x80, 0x16, 0xcb,
    0xc8, 0x0, 0x34, 0x1c, 0x20, 0x10, 0xd8, 0x69,
    0x0, 0x64, 0xc0, 0xc3, 0x0, 0xc7, 0x81, 0x86,
    0x1, 0x8b, 0x7, 0x10,

    /* U+003D "=" */
    0xff, 0xff, 0x33, 0xbf, 0xf9, 0x62, 0x3f, 0xc6,
    0x1, 0xff, 0x44, 0x7f, 0x8d, 0xdf, 0xfc, 0xa0,

    /* U+003E ">" */
    0x1, 0x10, 0x7, 0xd3, 0xd6, 0x1, 0xe8, 0x82,
    0x60, 0x80, 0x73, 0xc9, 0xe0, 0x80, 0x73, 0x51,
    0x61, 0x0, 0x72, 0xb9, 0x48, 0x7, 0x33, 0x95,
    0x0, 0x67, 0x93, 0xc1, 0x0, 0xa2, 0x9, 0x82,
    0x1, 0x4b, 0xa5, 0x80, 0x60,

    /* U+003F "?" */
    0x0, 0x25, 0xff, 0xb5, 0x80, 0x26, 0xb5, 0x66,
    0x4, 0xc8, 0x1, 0x3, 0xf3, 0x2d, 0x46, 0x33,
    0xb, 0x8, 0x5, 0xc0, 0x87, 0xf0, 0x1, 0x84,
    0x3, 0xfb, 0x0, 0x80, 0x30, 0x9c, 0xb9, 0x28,
    0x5, 0xfd, 0x8c, 0xf8, 0x1, 0xc9, 0xdf, 0x2,
    0x1, 0xc2, 0x20, 0xf, 0xbe, 0x80, 0x3f, 0x29,
    0x80, 0x7c, 0xb5, 0x80, 0x1f, 0x38, 0xa0, 0x7,
    0x0,

    /* U+0040 "@" */
    0x0, 0xff, 0xe6, 0x1c, 0xef, 0xfb, 0xb6, 0x8,
    0x3, 0xe2, 0xbc, 0x2b, 0xb6, 0x52, 0xab, 0x58,
    0x3, 0x8f, 0x5f, 0x6d, 0x90, 0xd2, 0x35, 0xe5,
    0x80, 0x23, 0xc5, 0xc2, 0x0, 0x8, 0x0, 0x45,
    0xd, 0x22, 0x0, 0xe2, 0xa0, 0x1a, 0xfe, 0xe2,
    0x7d, 0x84, 0x3, 0x3, 0x97, 0x81, 0x7a, 0x45,
    0x3d, 0x8e, 0x80, 0x96, 0x85, 0x29, 0x4, 0x8e,
    0x3a, 0xca, 0x1, 0x80, 0x19, 0x84, 0x4f, 0x2,
    0x47, 0x20, 0xb, 0x1, 0x80, 0x27, 0x40, 0x40,
    0x40, 0xc0, 0xd, 0xe0, 0x40, 0x5, 0x2e, 0x1,
    0xe, 0x6, 0x0, 0xc8, 0x60, 0x2, 0x1c, 0x0,
    0xdc, 0x8, 0x1, 0x31, 0xb8, 0x2, 0xc5, 0x7c,
    0x2, 0x71, 0x86, 0x49, 0xb4, 0x54, 0x86, 0xa0,
    0x30, 0x40, 0x1d, 0x29, 0xa0, 0xc9, 0x2b, 0x4b,
    0x40, 0x42, 0x80, 0x1, 0xe7, 0xf4, 0x89, 0x67,
    0xe2, 0x0, 0x52, 0x72, 0x1, 0xff, 0xc3, 0x49,
    0x6d, 0x62, 0x11, 0x1c, 0x20, 0x7, 0xe6, 0xd7,
    0x9d, 0xee, 0x62, 0x0, 0x7f, 0x8a, 0xbf, 0xb3,
    0x7f, 0x10, 0x3, 0xc0,

    /* U+0041 "A" */
    0x0, 0xe7, 0xff, 0x0, 0x7f, 0xa8, 0x0, 0xa0,
    0x1f, 0x8c, 0x84, 0x38, 0x3, 0xf5, 0x85, 0x8a,
    0x8, 0x7, 0xcc, 0xa, 0xc0, 0xe0, 0x1e, 0x41,
    0x40, 0xb0, 0xa0, 0xf, 0x70, 0x70, 0x19, 0x19,
    0x0, 0x72, 0x82, 0x80, 0x14, 0x14, 0x3, 0x28,
    0x28, 0x5, 0x61, 0x40, 0x1b, 0x83, 0x48, 0xa1,
    0x11, 0x18, 0x0, 0x50, 0x23, 0x77, 0x8, 0x58,
    0x1, 0x81, 0x2a, 0xbc, 0xc, 0x0, 0xb0, 0x85,
    0x5f, 0x20, 0xa1, 0x19, 0xc0, 0x1e, 0xf0, 0xe0,

    /* U+0042 "B" */
    0x7f, 0xfe, 0xea, 0x30, 0xc, 0xb1, 0x7, 0x45,
    0xc4, 0x0, 0xbd, 0xdd, 0x15, 0x61, 0x0, 0x1f,
    0x90, 0x8, 0x3, 0xf0, 0x81, 0x0, 0x44, 0x59,
    0x70, 0x3c, 0x2, 0x8d, 0xda, 0x8f, 0xc, 0x2,
    0x6a, 0xaa, 0x3, 0x4c, 0x2, 0xc5, 0x59, 0xfc,
    0x38, 0x3, 0xf0, 0xa1, 0x18, 0x7, 0xff, 0x18,
    0x94, 0xc, 0x1, 0xee, 0xf4, 0xe8, 0x48, 0x4,
    0xb1, 0x13, 0xa5, 0xb0, 0x0,

    /* U+0043 "C" */
    0x0, 0xc5, 0x3b, 0xfe, 0xd8, 0x10, 0xf, 0x46,
    0xb0, 0xb2, 0x83, 0xf2, 0x0, 0x68, 0x73, 0xdc,
    0x9a, 0xda, 0xb, 0x40, 0x1, 0xb9, 0x61, 0x0,
    0x65, 0xa0, 0xa0, 0x4, 0x84, 0x80, 0x7c, 0xbb,
    0x80, 0x5, 0x14, 0x0, 0xfc, 0x44, 0x1, 0x2,
    0x0, 0xff, 0xe7, 0x88, 0x10, 0x7, 0xff, 0x5,
    0x44, 0xc0, 0x3f, 0x9, 0x0, 0x24, 0x3c, 0x3,
    0xe4, 0xec, 0x0, 0x1b, 0x9e, 0x10, 0x6, 0x5b,
    0xb, 0x0, 0xa1, 0xcf, 0x6e, 0x6b, 0x68, 0x29,
    0x40, 0x34, 0x63, 0x34, 0xa0, 0xfc, 0xa0, 0x0,

    /* U+0044 "D" */
    0x7f, 0xfd, 0xdb, 0x26, 0x1, 0xe5, 0x88, 0x33,
    0xbb, 0x28, 0x40, 0x37, 0xbb, 0xa2, 0xb9, 0xd7,
    0x40, 0x3f, 0xd0, 0xc6, 0xe0, 0x1f, 0xe8, 0xa,
    0x0, 0xff, 0xa, 0x10, 0x80, 0x7f, 0x88, 0x8,
    0x3, 0xff, 0x96, 0x40, 0x40, 0x1f, 0xc2, 0x84,
    0x20, 0x1f, 0xd2, 0x14, 0x1, 0xfd, 0xe, 0x6e,
    0x1, 0x7b, 0xba, 0x2b, 0x9d, 0x34, 0x3, 0x2c,
    0x41, 0xdc, 0x97, 0x61, 0x0, 0x0,

    /* U+0045 "E" */
    0x7f, 0xff, 0x80, 0x25, 0x88, 0xe0, 0xb, 0xdd,
    0xf8, 0x3, 0xff, 0x92, 0x45, 0xc0, 0x1a, 0x37,
    0x73, 0x80, 0x4d, 0x55, 0x94, 0x2, 0xc5, 0x5c,
    0x40, 0x1f, 0xfd, 0x2f, 0x77, 0xe0, 0x9, 0x62,
    0x38, 0x0,

    /* U+0046 "F" */
    0x7f, 0xff, 0x98, 0x0, 0xb1, 0x1c, 0xa0, 0xf,
    0x77, 0xe3, 0x0, 0xff, 0xe4, 0x11, 0x70, 0x6,
    0x8d, 0xdc, 0x80, 0x13, 0xd5, 0x65, 0x0, 0xb5,
    0x57, 0x8, 0x7, 0xff, 0x88,

    /* U+0047 "G" */
    0x0, 0xc5, 0x3b, 0xfe, 0xc8, 0x10, 0xf, 0x3e,
    0xb0, 0x2a, 0x13, 0xf9, 0x80, 0x68, 0x81, 0xee,
    0xaa, 0xfa, 0x7, 0xc, 0x0, 0x6e, 0x58, 0x40,
    0x19, 0xe4, 0x3c, 0x1, 0x21, 0x20, 0x1f, 0x35,
    0x48, 0x1, 0x45, 0x0, 0x3f, 0x2a, 0x80, 0x40,
    0x80, 0x30, 0x91, 0x78, 0x40, 0x3e, 0xdd, 0xfa,
    0x84, 0x8, 0x3, 0x7d, 0x56, 0x70, 0x10, 0x51,
    0x40, 0x8, 0xd5, 0x70, 0x3, 0x2, 0x42, 0x40,
    0x3e, 0x27, 0x16, 0x3, 0x72, 0xc2, 0x0, 0xc9,
    0x81, 0x60, 0x14, 0x40, 0xf7, 0x55, 0x4d, 0xb0,
    0xa5, 0x0, 0xcf, 0xac, 0xa, 0x83, 0x1e, 0xa0,
    0x0,

    /* U+0048 "H" */
    0x7f, 0x50, 0xf, 0x47, 0xa0, 0x7, 0xff, 0x98,
    0x8b, 0xe1, 0x0, 0xd1, 0xbb, 0xe6, 0x0, 0xcd,
    0x55, 0xe4, 0x0, 0xd8, 0xab, 0xe3, 0x0, 0xff,
    0xf9, 0x0,

    /* U+0049 "I" */
    0x7f, 0x50, 0xf, 0xfe, 0xd8,

    /* U+004A "J" */
    0x0, 0xf2, 0x7c, 0x80, 0x7f, 0xff, 0xc0, 0x3c,
    0x5d, 0x40, 0x10, 0x80, 0x90, 0xa8, 0x80, 0x3c,
    0x34, 0x20, 0x3e, 0xb1, 0x49, 0x41, 0xe4, 0xd4,
    0x97, 0x0,

    /* U+004B "K" */
    0x7f, 0x50, 0xc, 0xbf, 0xa2, 0x1, 0xe3, 0xa1,
    0xf1, 0x0, 0xe2, 0xd0, 0xd2, 0x0, 0xe1, 0xc1,
    0xb3, 0x0, 0xf6, 0xd, 0x20, 0x7, 0x1d, 0x94,
    0x28, 0x7, 0xa1, 0x1d, 0xc0, 0x1f, 0xfc, 0x68,
    0x37, 0x70, 0x7, 0xc7, 0xa5, 0xa, 0x1, 0xf0,
    0xf8, 0xd2, 0x0, 0x7c, 0x5a, 0x16, 0x60, 0x1f,
    0x1d, 0x86, 0x90, 0x7, 0xc9, 0x43, 0x84,

    /* U+004C "L" */
    0x7f, 0x50, 0xf, 0xff, 0xf8, 0x7, 0xff, 0x23,
    0xdd, 0xf0, 0x80, 0x16, 0x23, 0x10,

    /* U+004D "M" */
    0x7f, 0xb0, 0xf, 0xe7, 0xfb, 0x0, 0x21, 0x0,
    0x7e, 0x90, 0xe, 0xb0, 0xf, 0x94, 0x40, 0x39,
    0x84, 0x3, 0xd2, 0x1, 0xcc, 0xc, 0x1, 0xc8,
    0x6c, 0x1, 0xb0, 0xe4, 0x3, 0xbc, 0x28, 0x3,
    0xa4, 0x58, 0x2, 0x24, 0x61, 0x0, 0xe5, 0x1b,
    0x0, 0xac, 0x2c, 0x3, 0xe9, 0x24, 0x1, 0x65,
    0x20, 0xf, 0x9c, 0x3c, 0x18, 0x24, 0x3, 0xf9,
    0x90, 0xa4, 0xcc, 0x1, 0xfd, 0x61, 0xe3, 0x20,
    0x1f, 0xe2, 0x52, 0x15, 0x0, 0xff, 0xa4, 0x24,
    0x3, 0xc0,

    /* U+004E "N" */
    0x7f, 0xa0, 0xf, 0x2f, 0xc0, 0x1, 0x54, 0x1,
    0xff, 0x58, 0x80, 0x7f, 0x30, 0xd8, 0x7, 0xf6,
    0x32, 0xa8, 0x3, 0xfa, 0x4a, 0xc4, 0x3, 0xfa,
    0x46, 0xc0, 0x3f, 0x91, 0x95, 0x0, 0x3f, 0xa4,
    0x68, 0x40, 0x3f, 0xa8, 0x60, 0x3, 0xf9, 0x19,
    0x98, 0x1, 0xfd, 0x2, 0xc0, 0x1f, 0xc3, 0x40,
    0x1f, 0xf2, 0x28, 0x0,

    /* U+004F "O" */
    0x0, 0xc5, 0x3b, 0xfd, 0x8e, 0x20, 0x1e, 0x8d,
    0x61, 0x64, 0x18, 0xf4, 0x0, 0xd0, 0xe7, 0xb9,
    0x35, 0xb6, 0x16, 0x80, 0x3, 0x72, 0xc2, 0x0,
    0xc9, 0x81, 0x40, 0x9, 0x9, 0x0, 0xf8, 0x9c,
    0x58, 0x14, 0x50, 0x3, 0xf5, 0x86, 0x8, 0x10,
    0x7, 0xf1, 0x83, 0x0, 0x7f, 0xf0, 0xc4, 0x8,
    0x3, 0xf8, 0xc1, 0x81, 0x45, 0x0, 0x3f, 0x58,
    0x60, 0x48, 0x48, 0x7, 0xc4, 0xe2, 0xc0, 0x6e,
    0x58, 0x40, 0x19, 0x30, 0x28, 0x2, 0x87, 0x3d,
    0xc9, 0xad, 0xb0, 0xb4, 0x0, 0xd1, 0xac, 0x2c,
    0x83, 0x1e, 0x80, 0x0,

    /* U+0050 "P" */
    0x7f, 0xfe, 0xd8, 0x0, 0xcb, 0x10, 0x71, 0x7d,
    0x0, 0xbd, 0xdd, 0x18, 0xe5, 0x0, 0x1f, 0x48,
    0x20, 0x7, 0xc2, 0x2, 0x1, 0xf2, 0x83, 0x80,
    0x8, 0xa3, 0x6b, 0x9, 0x0, 0x46, 0xeb, 0x24,
    0x2c, 0xc0, 0xd, 0x54, 0xbd, 0xe4, 0x0, 0xb1,
    0x54, 0x84, 0x1, 0xff, 0xdf,

    /* U+0051 "Q" */
    0x0, 0xc5, 0x3b, 0xfd, 0x8e, 0x20, 0x1f, 0x46,
    0xb0, 0xb2, 0xc, 0x7a, 0x0, 0x74, 0x39, 0xee,
    0x4d, 0x6d, 0x85, 0xa0, 0x4, 0x6e, 0x58, 0x40,
    0x19, 0x30, 0x28, 0x2, 0x90, 0x90, 0xf, 0x89,
    0xc5, 0x80, 0xa, 0x28, 0x1, 0xfa, 0xc3, 0x0,
    0x40, 0x80, 0x3f, 0x8c, 0x18, 0x3, 0xff, 0x8a,
    0x20, 0x40, 0x1f, 0xc6, 0xc, 0x0, 0x51, 0x40,
    0xf, 0xd6, 0x18, 0x0, 0x90, 0x90, 0xf, 0x89,
    0xc5, 0x80, 0x6, 0xe5, 0x84, 0x1, 0x93, 0x2,
    0x80, 0x34, 0x39, 0xee, 0x4d, 0x6d, 0x85, 0xa0,
    0x7, 0x46, 0xb0, 0xb2, 0x88, 0x1, 0x80, 0x3e,
    0x29, 0xdf, 0xf6, 0x58, 0xe1, 0x0, 0x7f, 0xf0,
    0x12, 0xc7, 0x8, 0x3, 0xff, 0x80, 0x96, 0xc8,
    0x0,

    /* U+0052 "R" */
    0x7f, 0xfe, 0xd8, 0x0, 0xe5, 0x88, 0x38, 0xbe,
    0x80, 0x6f, 0x77, 0x46, 0x39, 0x40, 0x7, 0xe9,
    0x4, 0x0, 0xff, 0x8, 0x7, 0xe4, 0x4, 0x0,
    0x88, 0xa3, 0x7a, 0xb, 0x0, 0xa3, 0x75, 0x90,
    0x58, 0x40, 0x13, 0xd4, 0x1, 0xe9, 0x80, 0x6d,
    0x57, 0x43, 0x50, 0xf, 0xd2, 0x16, 0x1, 0xf8,
    0x98, 0x60, 0x3, 0xf4, 0xb, 0x90, 0x7, 0xc3,
    0x1, 0xc0,

    /* U+0053 "S" */
    0x0, 0x46, 0xff, 0x5a, 0x0, 0x7, 0x5c, 0x59,
    0x11, 0x72, 0x12, 0x4f, 0x93, 0x5a, 0x2c, 0x66,
    0xa, 0x0, 0x8a, 0xdc, 0x2, 0x60, 0xc, 0xb0,
    0x7c, 0x14, 0xc0, 0x1e, 0x58, 0x19, 0xfb, 0x61,
    0x0, 0x9f, 0xe9, 0x55, 0x3c, 0xc0, 0x19, 0x6b,
    0xa4, 0x24, 0xc0, 0x3c, 0xd2, 0x17, 0x58, 0x40,
    0x18, 0x80, 0x4, 0x70, 0x1, 0xbc, 0x32, 0x49,
    0x76, 0x65, 0xa8, 0xa8, 0x3b, 0x0, 0xcc, 0x19,
    0xa0,

    /* U+0054 "T" */
    0x5f, 0xff, 0xe2, 0x78, 0x89, 0x1, 0x62, 0x22,
    0x23, 0xbc, 0x61, 0xee, 0xf0, 0x7, 0xff, 0xfc,
    0x3, 0xff, 0xc6,

    /* U+0055 "U" */
    0x8f, 0x50, 0xf, 0x6f, 0x80, 0x7f, 0xff, 0xc0,
    0x1e, 0x1, 0xfe, 0x10, 0x30, 0xf, 0x18, 0x90,
    0x60, 0x7, 0x10, 0xaa, 0x12, 0xa8, 0x2, 0x1e,
    0xe, 0xe, 0xa, 0xca, 0xbf, 0x36, 0x50, 0x3e,
    0x61, 0x55, 0xaa, 0x40,

    /* U+0056 "V" */
    0x6f, 0x80, 0xf, 0x87, 0xf4, 0x18, 0x18, 0x3,
    0xe7, 0xa, 0x0, 0x28, 0xa0, 0x7, 0xa8, 0x14,
    0x1, 0x21, 0xc0, 0x1c, 0x46, 0x84, 0x0, 0x32,
    0x50, 0xe, 0x50, 0xe0, 0xd, 0x40, 0xa0, 0x1a,
    0x81, 0x40, 0x32, 0x87, 0x0, 0x46, 0x4c, 0x1,
    0xc4, 0x88, 0x10, 0x5, 0x5, 0x0, 0x7b, 0x81,
    0x80, 0xe, 0x46, 0x1, 0xe5, 0xa, 0x4, 0x1a,
    0x0, 0xfc, 0xc4, 0x7c, 0xc, 0x1, 0xfa, 0x82,
    0x95, 0x4, 0x3, 0xf1, 0x93, 0x7, 0x0, 0x7f,
    0xa8, 0x0, 0xa0, 0x1c,

    /* U+0057 "W" */
    0x6f, 0x80, 0xe, 0x5f, 0xf0, 0x7, 0xbf, 0x81,
    0x1, 0x0, 0x3b, 0xc0, 0x6, 0x1, 0x90, 0x10,
    0x8, 0x86, 0x1, 0xc8, 0x0, 0xb0, 0xd, 0x81,
    0xe0, 0x4, 0x4, 0x0, 0x8c, 0x58, 0x10, 0x3,
    0x20, 0x20, 0x3, 0x43, 0x0, 0x24, 0xa, 0x33,
    0x8, 0x0, 0x4c, 0xc2, 0x0, 0x40, 0x40, 0xa,
    0xc4, 0xec, 0x10, 0x0, 0x81, 0x60, 0x19, 0xc,
    0x40, 0x6, 0xe0, 0xa1, 0x80, 0xc, 0x5, 0x0,
    0xd8, 0x8, 0xa, 0x18, 0x4, 0x28, 0x0, 0x41,
    0x20, 0xc, 0xa1, 0x81, 0x80, 0xa0, 0x7, 0x22,
    0x9, 0x38, 0x7, 0x10, 0xa0, 0x3a, 0x0, 0x58,
    0x8, 0x80, 0xc0, 0xf, 0x39, 0x20, 0xe8, 0x4,
    0xa1, 0x98, 0x5, 0x0, 0xf6, 0x4, 0x3, 0x80,
    0x64, 0x57, 0x40, 0xf, 0x90, 0xc, 0x84, 0x3,
    0x60, 0xe, 0x0, 0x7c, 0x26, 0xa, 0x1, 0xca,
    0x0, 0x50, 0xc,

    /* U+0058 "X" */
    0xc, 0xf3, 0x0, 0xec, 0xf3, 0xf, 0xe, 0x0,
    0xcc, 0x6c, 0x60, 0x6c, 0x4e, 0x1, 0x40, 0xc0,
    0x5, 0x23, 0x2, 0x10, 0x30, 0x20, 0x1a, 0xc2,
    0x89, 0xcd, 0x80, 0x39, 0x51, 0x1e, 0x1c, 0x1,
    0xf4, 0x81, 0x39, 0x0, 0x7f, 0xf1, 0xe4, 0x5,
    0xc8, 0x3, 0xca, 0x8f, 0x41, 0xc0, 0x1e, 0xb1,
    0x84, 0x53, 0x50, 0xd, 0x3, 0x0, 0xb, 0xb,
    0x10, 0x1, 0x39, 0xb0, 0x0, 0x60, 0x60, 0x1,
    0xc1, 0xe0, 0x19, 0xc9, 0x8c,

    /* U+0059 "Y" */
    0x5f, 0xa0, 0xf, 0x77, 0x8a, 0x92, 0x90, 0x6,
    0x71, 0x71, 0x8, 0xb, 0x0, 0xd2, 0x32, 0x0,
    0x53, 0x61, 0x0, 0x30, 0xc8, 0x80, 0x50, 0x10,
    0x0, 0x81, 0x70, 0xc, 0x88, 0x61, 0x61, 0x80,
    0xf, 0x40, 0x45, 0x8b, 0x0, 0x78, 0xd1, 0x8a,
    0x0, 0x3f, 0x40, 0xb, 0x0, 0x7e, 0x20, 0x20,
    0xf, 0xff, 0x48,

    /* U+005A "Z" */
    0xf, 0xff, 0xda, 0xc, 0xde, 0x30, 0x60, 0x99,
    0xf0, 0x84, 0x0, 0x7a, 0x9, 0x8c, 0x3, 0x89,
    0xc6, 0x40, 0x3d, 0x21, 0x60, 0x1e, 0x54, 0x42,
    0x80, 0x7a, 0xc2, 0x40, 0x3d, 0x23, 0x4, 0x1,
    0xc6, 0xc4, 0xe0, 0x1e, 0xf0, 0x90, 0xf, 0x31,
    0xaa, 0x0, 0x7a, 0x40, 0x13, 0x3c, 0xe2, 0x0,
    0x56, 0x6e, 0x90,

    /* U+005B "[" */
    0x2, 0x28, 0x17, 0x76, 0x40, 0x3, 0x52, 0x80,
    0x31, 0x44, 0x3, 0xff, 0xfe, 0x1, 0xff, 0xc0,
    0xf8, 0x20, 0x2, 0xbb, 0x0,

    /* U+005C "\\" */
    0x3f, 0x80, 0xf, 0x18, 0xa8, 0x7, 0xc8, 0x44,
    0x0, 0xf6, 0x2, 0x0, 0x79, 0xc3, 0x40, 0x3c,
    0x24, 0x80, 0x1f, 0x28, 0x20, 0x7, 0xac, 0x30,
    0x3, 0xc6, 0xa, 0x1, 0xf2, 0x91, 0x0, 0x3d,
    0x80, 0x80, 0x1e, 0x70, 0xd0, 0xf, 0x9, 0x20,
    0x7, 0xca, 0x8, 0x1, 0xec, 0xc, 0x0, 0xf2,
    0x2, 0x80, 0x7c, 0x84, 0x20, 0x1e, 0xd0, 0x70,
    0xf, 0x38, 0x68, 0x7, 0x84, 0x90, 0x3, 0xe5,
    0x4, 0x0, 0xf6, 0x6, 0x0,

    /* U+005D "]" */
    0x12, 0x20, 0xee, 0xe8, 0xa1, 0x4, 0x50, 0xf,
    0xff, 0xd3, 0x40, 0x85, 0x38, 0x0,

    /* U+005E "^" */
    0x0, 0xe5, 0x82, 0x0, 0xfe, 0xa7, 0xb0, 0xf,
    0xce, 0x0, 0x61, 0x0, 0xfa, 0x46, 0x41, 0x80,
    0x3c, 0xa2, 0xcc, 0x19, 0x0, 0xf4, 0x84, 0x84,
    0x8b, 0x0, 0x64, 0x35, 0x10, 0x60, 0xb0, 0xd,
    0xe1, 0x20, 0x1, 0x62, 0x40, 0x1, 0x22, 0xc,
    0x2, 0xb0, 0xf0, 0x5, 0x87, 0x80, 0x62, 0x44,
    0x10, 0xb1, 0x20, 0x7, 0x78, 0x40,

    /* U+005F "_" */
    0x9a, 0xaf, 0xe7, 0x72, 0xaf, 0xf6, 0x0,

    /* U+0060 "`" */
    0x20, 0xd, 0x18, 0x60, 0x9, 0x7c, 0x91, 0x3b,
    0xb2, 0xc0, 0x1, 0x32, 0xc0,

    /* U+0061 "a" */
    0x0, 0x96, 0xfb, 0xf1, 0x83, 0x7c, 0x1, 0x34,
    0x8a, 0xc1, 0x32, 0x0, 0x95, 0x8b, 0x6e, 0x73,
    0xe, 0x40, 0x9, 0xe, 0x20, 0x8, 0xec, 0x2,
    0x32, 0x30, 0xe, 0x50, 0x0, 0x83, 0x0, 0x7c,
    0x20, 0x20, 0xc0, 0x1f, 0x8, 0x0, 0xc8, 0x80,
    0x1c, 0x80, 0x14, 0x87, 0x8, 0x4, 0x52, 0x1,
    0x2b, 0x9f, 0xc3, 0x4e, 0xb9, 0x0, 0x51, 0x4a,
    0xd2, 0xb3, 0x40, 0x0,

    /* U+0062 "b" */
    0x7f, 0x50, 0xf, 0xff, 0x20, 0xcf, 0x7e, 0xc8,
    0x80, 0x6d, 0xf7, 0x46, 0x6, 0xf2, 0x0, 0x9d,
    0x3a, 0xa7, 0x60, 0x7c, 0x2, 0x2a, 0x0, 0xce,
    0x84, 0xa0, 0xa, 0x0, 0xf7, 0x6, 0x80, 0x4,
    0x3, 0xcc, 0x4, 0x0, 0x10, 0xf, 0x30, 0x10,
    0x2, 0x80, 0x3d, 0xc1, 0x80, 0x2, 0xa0, 0xc,
    0xe8, 0x48, 0x0, 0x74, 0xea, 0xa6, 0xc0, 0xf8,
    0x5, 0xbe, 0xe8, 0xa0, 0xfe, 0x40,

    /* U+0063 "c" */
    0x0, 0x92, 0xfb, 0xf6, 0x4, 0x3, 0x4d, 0xab,
    0xb8, 0x5f, 0xc8, 0x0, 0xac, 0x7d, 0x31, 0x92,
    0x3c, 0x0, 0x90, 0xe0, 0xc, 0xce, 0xa2, 0x6,
    0x44, 0x0, 0xe8, 0x91, 0x10, 0x8, 0x7, 0xf0,
    0x80, 0x80, 0x7f, 0x8c, 0x88, 0x1, 0xd1, 0x22,
    0x12, 0x12, 0x1, 0x95, 0xd4, 0x41, 0x59, 0x3a,
    0x62, 0xe8, 0x74, 0x2, 0x9a, 0x57, 0x73, 0x3f,
    0x88, 0x0,

    /* U+0064 "d" */
    0x0, 0xff, 0x6f, 0x80, 0x7f, 0xf6, 0xd6, 0xfb,
    0xf1, 0x40, 0x3a, 0x69, 0x15, 0x82, 0xa4, 0x2,
    0x56, 0x2d, 0xb9, 0xcc, 0x39, 0x0, 0x24, 0x38,
    0x80, 0x23, 0xb0, 0x8, 0xc8, 0xc0, 0x39, 0x40,
    0x2, 0xc, 0x1, 0xf0, 0x80, 0x83, 0x0, 0x7c,
    0x20, 0x3, 0x22, 0x0, 0x72, 0x0, 0x52, 0x1c,
    0x20, 0x11, 0x48, 0x4, 0xae, 0x7f, 0xd, 0x3a,
    0xe4, 0x1, 0x45, 0xab, 0x4a, 0xcd, 0x0, 0x0,

    /* U+0065 "e" */
    0x0, 0x92, 0xfb, 0xf6, 0x4, 0x3, 0x4d, 0xaa,
    0x38, 0xbf, 0x90, 0x1, 0x58, 0xfe, 0xa3, 0x28,
    0x7c, 0x1, 0x21, 0xc2, 0x1, 0x2a, 0x89, 0x0,
    0xc8, 0x8, 0xbb, 0x40, 0xc4, 0xb, 0x77, 0xd0,
    0x1e, 0x20, 0x55, 0x5f, 0xc0, 0x64, 0x8a, 0xbc,
    0x26, 0x60, 0x90, 0xa0, 0xc, 0x97, 0x61, 0x5,
    0x74, 0xea, 0x8b, 0xb0, 0xf0, 0x5, 0x16, 0xa8,
    0xec, 0xfe, 0x60,

    /* U+0066 "f" */
    0x0, 0xa7, 0xb4, 0x1, 0x4c, 0x54, 0x0, 0x52,
    0xc7, 0x1, 0x6, 0x0, 0x47, 0x2, 0x7f, 0xb1,
    0xc0, 0xa2, 0x9, 0x40, 0xce, 0xe0, 0xf, 0xff,
    0x20,

    /* U+0067 "g" */
    0x0, 0x96, 0xfb, 0xf1, 0x83, 0x7c, 0x1, 0x34,
    0xad, 0x2b, 0x36, 0x1, 0x2b, 0x1f, 0x43, 0x4f,
    0x31, 0x0, 0x24, 0x38, 0x3, 0xc, 0x80, 0x46,
    0x44, 0x0, 0xe4, 0x0, 0x8, 0x30, 0x7, 0xc2,
    0x2, 0xc, 0x1, 0xf0, 0x80, 0xc, 0x8c, 0x3,
    0x98, 0x2, 0x90, 0xe2, 0x0, 0x8e, 0x0, 0x25,
    0x72, 0xdb, 0x9c, 0xc3, 0x10, 0x5, 0x16, 0x8a,
    0xc1, 0x50, 0x1, 0xc9, 0x7d, 0xf8, 0xa0, 0x42,
    0xb, 0x48, 0x1, 0xc4, 0xa, 0xe, 0xb4, 0x60,
    0x10, 0xf0, 0x70, 0x14, 0xe, 0x5c, 0xd7, 0x1b,
    0x28, 0x1, 0xf5, 0x59, 0x88, 0x8a, 0x90,

    /* U+0068 "h" */
    0x7f, 0x50, 0xf, 0xff, 0x2, 0xe7, 0xfa, 0xd0,
    0x3, 0x4d, 0x3b, 0x22, 0x2d, 0x40, 0x23, 0xbb,
    0x4d, 0xd8, 0x2c, 0x2, 0x54, 0x0, 0x91, 0x2,
    0x60, 0xc, 0x0, 0xec, 0x6, 0x0, 0x18, 0x7,
    0xff, 0xcc,

    /* U+0069 "i" */
    0x7f, 0x5d, 0xc, 0xb9, 0x81, 0x61, 0x7f, 0x50,
    0xf, 0xfe, 0x90,

    /* U+006A "j" */
    0x0, 0x37, 0xb0, 0x3, 0xc3, 0x0, 0x11, 0x36,
    0x0, 0x16, 0x10, 0x3, 0x7b, 0x0, 0x7f, 0xfc,
    0x84, 0xd, 0x26, 0x40, 0xf8, 0xc7, 0x24,

    /* U+006B "k" */
    0x7f, 0x50, 0xf, 0xfe, 0xfe, 0x7d, 0x0, 0x7a,
    0xcd, 0x28, 0x3, 0xa5, 0x11, 0x60, 0x1c, 0xec,
    0x76, 0x1, 0xdf, 0x5, 0xa0, 0x1e, 0x50, 0xe1,
    0x0, 0xf2, 0x87, 0x8, 0x7, 0xbe, 0xb, 0x40,
    0x3e, 0x77, 0x1e, 0x0, 0x7d, 0xa, 0x76, 0x1,
    0xf5, 0x1a, 0x50, 0x0,

    /* U+006C "l" */
    0x7f, 0x50, 0xf, 0xfe, 0xf0,

    /* U+006D "m" */
    0x7f, 0x56, 0xcf, 0xeb, 0x30, 0x3, 0xef, 0xf5,
    0x10, 0x6, 0x89, 0x49, 0x74, 0xc5, 0xa9, 0x59,
    0x75, 0xd2, 0x0, 0x8b, 0x61, 0xa7, 0x2, 0x93,
    0xe1, 0xa6, 0x82, 0x40, 0x26, 0x20, 0x8, 0xd0,
    0x24, 0x40, 0x25, 0x24, 0x0, 0xbc, 0x3, 0x88,
    0x8, 0x3, 0x9c, 0x8, 0x0, 0x60, 0x1c, 0x20,
    0x20, 0x1f, 0xff, 0xf0, 0xf, 0xfe, 0x80,

    /* U+006E "n" */
    0x7f, 0x56, 0xcf, 0xf5, 0xa0, 0x6, 0x89, 0x49,
    0x64, 0xb5, 0x0, 0x8b, 0x61, 0xa7, 0x42, 0xc0,
    0x26, 0x20, 0x8, 0x94, 0x4c, 0x1, 0xe0, 0x1d,
    0xa0, 0xc0, 0x3, 0x0, 0xff, 0xf9, 0x80,

    /* U+006F "o" */
    0x0, 0x8e, 0xbb, 0xf6, 0x48, 0x3, 0x3e, 0x2a,
    0x30, 0xb6, 0xa8, 0x1, 0x60, 0xba, 0xa7, 0x30,
    0x14, 0x41, 0x21, 0xe2, 0x1, 0x1c, 0x85, 0x81,
    0x91, 0x0, 0x39, 0x81, 0x4, 0x18, 0x3, 0xf1,
    0x88, 0x30, 0x7, 0xe3, 0x3, 0x22, 0x0, 0x73,
    0x2, 0x84, 0x87, 0x88, 0x4, 0x92, 0x14, 0xa,
    0xe5, 0xd7, 0x39, 0x61, 0x64, 0x0, 0x8b, 0x45,
    0x61, 0x6d, 0x40,

    /* U+0070 "p" */
    0x7f, 0x51, 0x9e, 0xfd, 0x81, 0x0, 0xdb, 0xee,
    0x8c, 0xf, 0xe4, 0x1, 0x3a, 0x75, 0x4e, 0xc0,
    0xf8, 0x4, 0x54, 0x1, 0x9d, 0x9, 0x40, 0x14,
    0x1, 0xee, 0xd, 0x0, 0x8, 0x7, 0x98, 0x8,
    0x0, 0x20, 0x1e, 0x60, 0x20, 0x5, 0x0, 0x7b,
    0x83, 0x0, 0x5, 0x40, 0x19, 0xd0, 0x90, 0x0,
    0xe9, 0xd5, 0x4d, 0x81, 0xf0, 0xb, 0x7d, 0xd1,
    0x41, 0xfc, 0x80, 0x30, 0xcf, 0x7e, 0xc0, 0x80,
    0x7f, 0xf9, 0x80,

    /* U+0071 "q" */
    0x0, 0x96, 0xfb, 0xf1, 0x43, 0x7c, 0x1, 0x34,
    0x8a, 0xc1, 0x52, 0x1, 0x2b, 0x16, 0xdc, 0xe6,
    0x1c, 0x80, 0x12, 0x1c, 0x40, 0x11, 0xd8, 0x4,
    0x64, 0x60, 0x1c, 0xa0, 0x1, 0x6, 0x0, 0xf8,
    0x40, 0x41, 0x80, 0x3e, 0x10, 0x1, 0x91, 0x80,
    0x72, 0x80, 0x52, 0x1c, 0x40, 0x11, 0xd8, 0x4,
    0xae, 0x5b, 0x73, 0x98, 0x72, 0x0, 0xa2, 0x91,
    0x58, 0x2a, 0x40, 0x39, 0x6f, 0xbf, 0x14, 0x3,
    0xff, 0xce,

    /* U+0072 "r" */
    0x7f, 0x54, 0xcd, 0x0, 0x7d, 0x98, 0x80, 0x16,
    0x3f, 0x0, 0xa, 0xe0, 0x1b, 0x40, 0x38, 0x80,
    0x3f, 0xfa, 0xa0,

    /* U+0073 "s" */
    0x0, 0x25, 0xf7, 0xeb, 0x0, 0x49, 0x6a, 0xec,
    0x13, 0x40, 0x8, 0xc, 0x99, 0x69, 0xa9, 0x0,
    0x7d, 0xf4, 0x61, 0x21, 0x90, 0x60, 0x6a, 0x20,
    0xb6, 0xaf, 0x9d, 0x2, 0x1, 0x25, 0xf5, 0x23,
    0xe0, 0x1, 0x50, 0x5, 0x69, 0xc9, 0x42, 0x2c,
    0xc0, 0x21, 0x0, 0xa0, 0x32, 0xa2, 0xd8, 0x94,
    0x17, 0x11, 0xe, 0xad, 0x80,

    /* U+0074 "t" */
    0x1, 0xfc, 0x0, 0xff, 0xe2, 0xbf, 0x1, 0xff,
    0xa9, 0x1c, 0x6, 0x21, 0xc7, 0x20, 0x4e, 0xe4,
    0x0, 0xff, 0xec, 0x8, 0x8, 0x7, 0x19, 0x54,
    0x28, 0x3, 0x91, 0xf, 0xe0,

    /* U+0075 "u" */
    0x9f, 0x30, 0xe, 0x9f, 0x40, 0xf, 0xff, 0x58,
    0x83, 0x80, 0x7e, 0xe0, 0x30, 0xe, 0x50, 0x2,
    0x4, 0x88, 0x4, 0xa6, 0x0, 0x27, 0x1f, 0x87,
    0xaa, 0x10, 0x5, 0x14, 0x4f, 0x3, 0x68, 0x0,

    /* U+0076 "v" */
    0x9f, 0x60, 0xe, 0x2f, 0xcb, 0xa, 0x0, 0xea,
    0x9, 0x23, 0x31, 0x0, 0x66, 0x5, 0xa, 0xa,
    0x0, 0x90, 0x58, 0x0, 0xc0, 0xc0, 0x17, 0x5,
    0x0, 0x4c, 0x28, 0x0, 0x53, 0x30, 0x5, 0x41,
    0xc0, 0xc1, 0x40, 0x18, 0xc9, 0x42, 0x81, 0x80,
    0x3a, 0xc2, 0xd, 0x40, 0x3c, 0xe0, 0xe1, 0x20,
    0x1e, 0x15, 0x2, 0x30, 0x8,

    /* U+0077 "w" */
    0x9f, 0x30, 0xd, 0x9e, 0xa0, 0x1b, 0x3c, 0x34,
    0x2c, 0x2, 0x13, 0xf, 0x0, 0x84, 0xd4, 0x10,
    0x10, 0x2, 0x70, 0x24, 0x0, 0x90, 0x3c, 0x0,
    0xa6, 0x20, 0xd, 0x2b, 0x13, 0x0, 0x60, 0x20,
    0x3, 0xc1, 0x0, 0x8, 0xae, 0x8, 0x0, 0x44,
    0x8, 0x1, 0x43, 0x1, 0x2, 0xc4, 0xac, 0x8,
    0x9a, 0x1, 0x91, 0x1, 0xa2, 0x60, 0xa6, 0x28,
    0xe, 0x1, 0xb4, 0x88, 0x8e, 0x0, 0xb0, 0x4c,
    0x31, 0x0, 0xce, 0x16, 0x58, 0x0, 0x31, 0xf4,
    0xb0, 0xe, 0x13, 0x60, 0x50, 0x9, 0xd4, 0x54,
    0x3, 0xd6, 0x8, 0x1, 0xb4, 0x8, 0x80, 0x10,

    /* U+0078 "x" */
    0x6f, 0xa0, 0xd, 0xbc, 0x2c, 0x6a, 0x80, 0x8,
    0x2b, 0x10, 0xe0, 0x90, 0x27, 0x55, 0x0, 0x9,
    0xca, 0x24, 0x6c, 0x3, 0x41, 0x3a, 0x40, 0x80,
    0x74, 0x0, 0xb0, 0x7, 0xa4, 0x5, 0xc0, 0x39,
    0xce, 0x86, 0x8, 0x2, 0x28, 0x55, 0x58, 0x48,
    0x5, 0xc1, 0x60, 0xa8, 0x85, 0x6, 0x38, 0x10,
    0x5, 0x5, 0x88,

    /* U+0079 "y" */
    0x9f, 0x70, 0xe, 0x1f, 0xcb, 0xa, 0x0, 0xe6,
    0x9, 0x24, 0x23, 0x0, 0xd4, 0x2a, 0x1c, 0x12,
    0x1, 0x21, 0x30, 0x1, 0x45, 0x40, 0x2e, 0xa,
    0x0, 0x98, 0x18, 0x0, 0xa8, 0x40, 0x14, 0x85,
    0x3, 0x7, 0x80, 0x61, 0x53, 0x35, 0x12, 0x0,
    0x77, 0x4, 0x1d, 0x0, 0x79, 0x9, 0x1, 0x80,
    0x3e, 0xa0, 0x51, 0x0, 0xfb, 0x42, 0x40, 0x3e,
    0x15, 0x23, 0x0, 0xf9, 0x82, 0xc0, 0x3f, 0x50,
    0x30, 0x7, 0xc8, 0x4c, 0x1, 0xe0,

    /* U+007A "z" */
    0x2f, 0xff, 0x8c, 0xd1, 0x19, 0xc0, 0x2, 0x27,
    0x7c, 0x0, 0x72, 0x0, 0xc6, 0xe5, 0x0, 0x1d,
    0xc1, 0xc0, 0x1d, 0x4, 0xc6, 0x1, 0x8d, 0xca,
    0x40, 0x3b, 0x83, 0x80, 0x3a, 0x9, 0x8c, 0x3,
    0xb, 0x80, 0xbb, 0xe2, 0x20, 0x1, 0xe2, 0x33,
    0x0,

    /* U+007B "{" */
    0x0, 0x1e, 0x7f, 0x0, 0x34, 0xd6, 0x40, 0xc5,
    0xa9, 0xc0, 0x21, 0x0, 0x84, 0x4, 0x2, 0x30,
    0x20, 0x8, 0x41, 0xc0, 0x30, 0x88, 0x3, 0xf9,
    0x85, 0xc0, 0x19, 0x2b, 0x60, 0x7, 0x0, 0xeb,
    0xa5, 0xb0, 0x9, 0x45, 0xc0, 0x3f, 0xc2, 0x20,
    0x8, 0x41, 0xc0, 0x23, 0x2, 0x0, 0x84, 0x4,
    0x3, 0x84, 0x2, 0x31, 0x6a, 0x70, 0x6, 0x9a,
    0xc8,

    /* U+007C "|" */
    0xfd, 0x0, 0xff, 0xeb, 0x0,

    /* U+007D "}" */
    0xaf, 0xd5, 0x0, 0xbd, 0x8e, 0x88, 0x0, 0xb3,
    0x0, 0x80, 0x18, 0x80, 0x40, 0x30, 0x80, 0x80,
    0x62, 0x3, 0x0, 0xde, 0xc, 0x1, 0x88, 0x4,
    0x3, 0x18, 0x7, 0xbc, 0x2c, 0x3, 0x33, 0xbb,
    0x84, 0x3, 0x8, 0x6, 0x67, 0x6e, 0x10, 0x7,
    0x85, 0x80, 0x7f, 0xc2, 0x2, 0x1, 0xbc, 0x18,
    0x3, 0x10, 0x18, 0x6, 0x10, 0x10, 0xc, 0x40,
    0x20, 0x5, 0x98, 0x4, 0x0, 0x7b, 0x1d, 0x10,
    0x0,

    /* U+007E "~" */
    0x1, 0xbf, 0xc3, 0x0, 0x6b, 0x86, 0xaa, 0x8b,
    0x2f, 0x9, 0x44, 0xf6, 0xbd, 0x94, 0x68, 0x80,

    /* U+00A0 " " */

    /* U+00A1 "¡" */
    0xd, 0xd0, 0x11, 0x75, 0xd8, 0x81, 0x10, 0x0,
    0xdb, 0x0, 0x18, 0x7, 0xe7, 0x0, 0x8, 0x7,
    0xe1, 0x0, 0xf8, 0xc0, 0x2, 0x40,

    /* U+00A2 "¢" */
    0x0, 0xc5, 0xe0, 0x1f, 0xc2, 0x2, 0x1, 0xe6,
    0xec, 0xe, 0xc4, 0x0, 0xa2, 0x4e, 0x2a, 0xa,
    0xd0, 0x9, 0xcf, 0x5d, 0x5f, 0xc6, 0x42, 0x82,
    0x0, 0x30, 0xd5, 0x81, 0x2, 0x80, 0x72, 0x30,
    0x7, 0xff, 0x0, 0x81, 0x40, 0x39, 0x18, 0x28,
    0x24, 0x3, 0xd, 0x58, 0x14, 0x17, 0x3a, 0xbf,
    0x8c, 0x80, 0x1e, 0x4e, 0x2a, 0xb, 0x10, 0x2,
    0x6d, 0xc0, 0xfc, 0x30, 0xf, 0x8, 0x7, 0x80,

    /* U+00A3 "£" */
    0x0, 0xd1, 0xbf, 0xd2, 0x20, 0x1b, 0x5d, 0x98,
    0xad, 0x80, 0x13, 0x94, 0x5c, 0xdc, 0x93, 0x80,
    0x2c, 0x1c, 0x2, 0x60, 0xb0, 0x0, 0x80, 0x7b,
    0x78, 0x0, 0xc0, 0x1e, 0x22, 0x0, 0x30, 0x14,
    0x3, 0xc5, 0xf0, 0x15, 0xff, 0x28, 0x0, 0xb3,
    0x4, 0x19, 0x92, 0x0, 0x46, 0x66, 0x3, 0x38,
    0x40, 0x39, 0x88, 0x3, 0xf1, 0x95, 0x80, 0x7e,
    0xe1, 0xe8, 0x8e, 0x70, 0x22, 0xb, 0xbf, 0xa4,

    /* U+00A4 "¤" */
    0x24, 0x0, 0xe5, 0x4, 0xb9, 0xef, 0xca, 0xa1,
    0x32, 0xb4, 0x62, 0xaa, 0x48, 0x15, 0x98, 0x72,
    0x5a, 0x2, 0x1e, 0x1, 0x3a, 0x80, 0x87, 0x0,
    0x4c, 0x40, 0x4, 0x63, 0x7, 0x3b, 0x4, 0x41,
    0x67, 0xc1, 0xc9, 0x3d, 0x67, 0x6f, 0xe4, 0x98,

    /* U+00A5 "¥" */
    0x4f, 0xc0, 0xf, 0x6f, 0x92, 0x19, 0xc0, 0x19,
    0x9, 0x8, 0x24, 0x24, 0x3, 0x78, 0x40, 0x1,
    0x49, 0x44, 0x0, 0x48, 0x66, 0x0, 0xa0, 0x24,
    0x1, 0x1, 0x0, 0x19, 0x49, 0x80, 0x54, 0x90,
    0x3, 0xd, 0xb, 0x48, 0x58, 0x80, 0x5f, 0xd0,
    0x16, 0xc1, 0x3d, 0xc0, 0x6, 0x5d, 0xa0, 0x86,
    0x6e, 0xda, 0x0, 0x35, 0x53, 0x0, 0xba, 0xa8,
    0xc0, 0x1f, 0xdd, 0x0, 0xf7, 0x60, 0x6, 0x5d,
    0xc0, 0x37, 0x76, 0x80, 0xd, 0x12, 0x0, 0x22,
    0x46, 0x1, 0xff, 0xc1,

    /* U+00A6 "¦" */
    0xfd, 0x0, 0xff, 0xe0, 0x45, 0xbb, 0x0, 0x1d,
    0xa2, 0xc0, 0x3f, 0xf8, 0x0,

    /* U+00A7 "§" */
    0x0, 0xc, 0xf7, 0xf5, 0x10, 0x6, 0xc6, 0x9a,
    0x94, 0xd3, 0x0, 0x29, 0x43, 0xab, 0xd0, 0x48,
    0x0, 0xc0, 0x39, 0x2b, 0x80, 0xe, 0x30, 0xe0,
    0x12, 0xa0, 0x0, 0x70, 0xe3, 0xe9, 0x0, 0x3a,
    0xcc, 0x9, 0x2f, 0x4c, 0x1, 0x2c, 0xbd, 0xbd,
    0x67, 0xa2, 0xc, 0x34, 0x20, 0x4, 0x91, 0x60,
    0x1, 0x80, 0x71, 0x7, 0x82, 0x13, 0x0, 0x43,
    0x1, 0x61, 0x47, 0x39, 0x35, 0xe5, 0x26, 0x3,
    0x94, 0xec, 0xa3, 0x4c, 0x1, 0x96, 0xf9, 0xc2,
    0x94, 0x2, 0x10, 0x0, 0xc6, 0x85, 0x80, 0xf,
    0xa8, 0x2, 0x21, 0x0, 0x8c, 0x95, 0x84, 0x50,
    0x2c, 0x1, 0x62, 0xcf, 0x71, 0xdd, 0x0, 0x10,
    0xd7, 0xee, 0xbe, 0x0, 0x0,

    /* U+00A8 "¨" */
    0x0, 0xf2, 0xfa, 0x97, 0xc8, 0x4, 0x62, 0x0,

    /* U+00A9 "©" */
    0x0, 0xc2, 0xf7, 0x98, 0xb6, 0x0, 0xf9, 0xb4,
    0xaf, 0x31, 0x41, 0x88, 0x1, 0x9b, 0xf1, 0x1a,
    0x64, 0xed, 0xbe, 0x80, 0x2, 0xa9, 0x2f, 0xb1,
    0x14, 0x71, 0xd4, 0x80, 0x2a, 0x43, 0xcf, 0x62,
    0x1e, 0x1c, 0x34, 0xc0, 0xaa, 0x32, 0xb0, 0x8,
    0x7b, 0x1, 0x70, 0x2, 0x50, 0x50, 0xf, 0x89,
    0x80, 0x23, 0x7, 0x0, 0xff, 0xe0, 0x38, 0x68,
    0x6, 0xa9, 0x2, 0x60, 0x55, 0x12, 0xb3, 0x88,
    0xa5, 0x7c, 0x17, 0x2, 0xa4, 0x29, 0x63, 0xb8,
    0xd0, 0xc3, 0x4c, 0x5, 0x52, 0x15, 0xb5, 0x7c,
    0xe3, 0x52, 0x1, 0x37, 0xe2, 0x92, 0xa0, 0x36,
    0xfa, 0x0, 0x66, 0xd2, 0xbc, 0xc5, 0x6, 0xa0,
    0x0,

    /* U+00AA "ª" */
    0x1, 0xae, 0xfa, 0x7f, 0x10, 0xd4, 0xbc, 0xd8,
    0x0, 0x19, 0xa1, 0x4d, 0xd8, 0x0, 0xc0, 0xa0,
    0x17, 0x80, 0x1c, 0x14, 0x2, 0xf0, 0x1, 0x24,
    0x29, 0x3b, 0x0, 0x56, 0xf7, 0xba, 0x80, 0x0,

    /* U+00AB "«" */
    0x0, 0x37, 0x20, 0x5e, 0x80, 0x50, 0x48, 0xa9,
    0x60, 0x8, 0x1f, 0xb, 0x26, 0x0, 0x39, 0x99,
    0x46, 0xc0, 0x26, 0x32, 0x51, 0xa0, 0xa, 0x2,
    0x42, 0xd, 0x40, 0x3, 0x8, 0x86, 0x2b, 0x0,

    /* U+00AC "¬" */
    0x2, 0x2f, 0xf8, 0xf, 0x77, 0xfe, 0x23, 0xbb,
    0xfe, 0x30, 0x9, 0x13, 0xf9, 0xc0, 0x3f, 0xf9,
    0xb1, 0x64,

    /* U+00AD "­" */
    0x68, 0x8f, 0x86, 0xdd, 0xfe, 0x30,

    /* U+00AE "®" */
    0x1, 0x9c, 0xc5, 0x10, 0x0, 0x77, 0x59, 0x89,
    0xe3, 0xb, 0x83, 0xee, 0x56, 0xf8, 0x3a, 0x78,
    0x8, 0xc0, 0x20, 0x13, 0x16, 0x80, 0x4e, 0x9d,
    0xc9, 0xf2, 0x1, 0xb9, 0x26, 0x49, 0xef, 0x1,
    0xcd, 0xcc, 0x4f, 0x18, 0x0,

    /* U+00AF "¯" */
    0x1, 0x1f, 0x5, 0x77, 0x79, 0xa2, 0xef, 0xce,

    /* U+00B0 "°" */
    0x0, 0x46, 0xea, 0x44, 0x1, 0x6b, 0xdc, 0x2f,
    0x3, 0x4e, 0x33, 0x50, 0xb2, 0x81, 0x80, 0x4,
    0x5e, 0x40, 0x40, 0x10, 0xf2, 0x14, 0x88, 0x48,
    0x28, 0x7b, 0xf7, 0xa6, 0x10, 0x16, 0x7f, 0x69,
    0x80,

    /* U+00B1 "±" */
    0x0, 0xef, 0xb0, 0xf, 0xfe, 0x70, 0xc4, 0x60,
    0x68, 0x89, 0xc9, 0xdf, 0x1, 0x3b, 0xd0, 0x7f,
    0xf8, 0x13, 0xff, 0x0, 0x7f, 0xf2, 0x86, 0x23,
    0x3, 0x44, 0x4e, 0x4e, 0xf8, 0x9, 0xde, 0x80,

    /* U+00B2 "²" */
    0x7, 0xef, 0xa0, 0x38, 0x9c, 0x58, 0x3d, 0x73,
    0x22, 0x1, 0x3, 0x14, 0x80, 0x1e, 0x30, 0xc2,
    0xeb, 0x44, 0x95, 0xb, 0x37, 0x80,

    /* U+00B3 "³" */
    0x7, 0xef, 0xb2, 0x49, 0xbc, 0x6e, 0x4e, 0x53,
    0x10, 0xa, 0xfc, 0xb4, 0x1, 0x7e, 0x5a, 0xde,
    0xa4, 0x22, 0x67, 0xbd, 0x1e,

    /* U+00B4 "´" */
    0x0, 0xc4, 0x0, 0x3c, 0xb1, 0xac, 0x7b, 0xb3,
    0x65, 0x94, 0x61, 0x80, 0x0,

    /* U+00B5 "µ" */
    0x7f, 0x50, 0xe, 0x7f, 0x50, 0xf, 0xff, 0x69,
    0x80, 0x77, 0x80, 0x6f, 0x0, 0xe2, 0x0, 0xcc,
    0x40, 0x11, 0xa8, 0x7, 0x6c, 0x34, 0xea, 0x80,
    0x67, 0x46, 0x92, 0xdd, 0x0, 0x6d, 0xbe, 0xfb,
    0x37, 0xf5, 0x0, 0xff, 0xf0, 0x0,

    /* U+00B6 "¶" */
    0x0, 0x25, 0xf7, 0xff, 0x28, 0x3d, 0xa0, 0x80,
    0x1d, 0x80, 0x3, 0x0, 0x1d, 0x7a, 0x0, 0x40,
    0xf, 0xfe, 0x4b, 0x80, 0x7f, 0x89, 0x40, 0x3f,
    0xd4, 0xe0, 0x1f, 0xe8, 0xfd, 0x70, 0xf, 0xe2,
    0xe0, 0xf, 0xff, 0x28,

    /* U+00B7 "·" */
    0x3, 0x50, 0x6, 0x52, 0x2, 0xb, 0x0,

    /* U+00B8 "¸" */
    0x3, 0x20, 0xd, 0x14, 0x1, 0xcf, 0x88, 0x0,
    0xad, 0x7a, 0x0, 0x9, 0x10, 0x42, 0xbf, 0xcd,
    0x21, 0x7b, 0xaf, 0x60,

    /* U+00B9 "¹" */
    0x8f, 0xf0, 0x4c, 0x0, 0x4, 0x40, 0x1f, 0xfc,
    0x60,

    /* U+00BA "º" */
    0x0, 0x47, 0x7e, 0xb0, 0x5, 0x6d, 0x78, 0xb2,
    0xc0, 0x49, 0xa, 0x70, 0xb0, 0xe, 0xa, 0x1,
    0x68, 0x83, 0x82, 0x80, 0x5a, 0x20, 0x49, 0xa,
    0x70, 0xb0, 0x0, 0xb6, 0xbc, 0x5a, 0x60,

    /* U+00BB "»" */
    0xad, 0x11, 0x74, 0x80, 0x24, 0xa0, 0x5d, 0x8c,
    0xd, 0x98, 0x50, 0x30, 0x0, 0xb0, 0xa1, 0x74,
    0x20, 0xb0, 0xa0, 0x73, 0x22, 0x33, 0xa, 0x7,
    0xc2, 0x42, 0x5, 0xd4, 0xc0,

    /* U+00BC "¼" */
    0x3f, 0xf2, 0x0, 0x68, 0xf2, 0x0, 0x1d, 0x80,
    0x70, 0xba, 0x90, 0x4, 0xc0, 0x1d, 0x21, 0x0,
    0x1f, 0xc2, 0xea, 0x40, 0x1f, 0xd0, 0x10, 0x1,
    0xfc, 0x4c, 0xc2, 0x0, 0xfe, 0x80, 0x80, 0xf,
    0x16, 0x21, 0x2b, 0x8, 0xb3, 0x44, 0x2, 0x30,
    0x80, 0x80, 0xb2, 0x21, 0x80, 0x63, 0x57, 0x14,
    0x58, 0x0, 0xf4, 0x4, 0x85, 0x41, 0x0, 0x71,
    0xa4, 0xc, 0x9b, 0x80, 0x7a, 0x5, 0xc1, 0x8b,
    0xec, 0x34, 0x41, 0x11, 0x20, 0xf, 0xfa, 0x83,
    0x44, 0x1, 0xe, 0x1, 0xcf, 0x4, 0x0,

    /* U+00BD "½" */
    0x4f, 0xf1, 0x80, 0x6c, 0xd0, 0x9, 0x28, 0x3,
    0x90, 0xec, 0x3, 0x30, 0x7, 0x48, 0xb0, 0x7,
    0xf2, 0x94, 0x0, 0x7f, 0xa0, 0x98, 0x3, 0xf9,
    0x8a, 0x0, 0x3f, 0xd6, 0x4a, 0x1, 0xe3, 0xd3,
    0x62, 0x80, 0x9e, 0xd7, 0x0, 0x88, 0x20, 0xd5,
    0xda, 0xae, 0x10, 0x2, 0x71, 0x80, 0x6e, 0x47,
    0x2, 0x0, 0xa4, 0xd0, 0x4, 0x41, 0x2, 0xe0,
    0x7, 0x18, 0x0, 0xd2, 0xfa, 0x20, 0x32, 0x88,
    0x0, 0xd, 0x9f, 0x98, 0x2, 0x46, 0x0, 0x28,
    0x45, 0xef, 0x80, 0xad, 0x30, 0xa, 0x37, 0x74,
    0x80,

    /* U+00BE "¾" */
    0x4, 0xce, 0xc3, 0x0, 0xd3, 0xc2, 0x3, 0x49,
    0x8f, 0x80, 0x11, 0x33, 0x88, 0xf, 0x41, 0x10,
    0x3, 0x48, 0x40, 0x6, 0x7f, 0x6b, 0x0, 0x1a,
    0x40, 0x80, 0x67, 0xf6, 0xa0, 0x7, 0x8b, 0x80,
    0x45, 0xec, 0x2, 0x32, 0x1c, 0x0, 0x62, 0x89,
    0xf7, 0x81, 0x92, 0x60, 0xe, 0x7f, 0xef, 0x76,
    0x28, 0x8, 0xfb, 0x0, 0xc2, 0x0, 0x83, 0x52,
    0x72, 0x0, 0xf9, 0xc7, 0xc3, 0x99, 0x80, 0x1e,
    0x19, 0x43, 0x62, 0x80, 0xf, 0xa4, 0x64, 0x62,
    0x2, 0x1, 0xe1, 0x75, 0x27, 0x19, 0xf4, 0x44,
    0x80, 0x50, 0x16, 0xd, 0xff, 0x22, 0x24, 0x2,
    0xea, 0x10, 0xe, 0xee, 0x0,

    /* U+00BF "¿" */
    0x0, 0xe4, 0xf8, 0x0, 0xfb, 0x1, 0x0, 0x3e,
    0x89, 0xe0, 0xf, 0xcc, 0x40, 0x1f, 0x1f, 0xa8,
    0x7, 0xce, 0x6, 0x1, 0x8a, 0xba, 0xc0, 0x39,
    0x35, 0x1e, 0xad, 0xc0, 0x29, 0xf, 0x95, 0x41,
    0x0, 0x89, 0x4, 0x3, 0xff, 0x82, 0x3d, 0x20,
    0x68, 0x60, 0x13, 0xf, 0x87, 0x86, 0x54, 0x5c,
    0x13, 0x1, 0xe2, 0x21, 0xd9, 0xf4, 0x0,

    /* U+00C0 "À" */
    0x0, 0xc8, 0x20, 0x1f, 0xf6, 0x7b, 0x0, 0x7f,
    0xa2, 0x65, 0xa8, 0x1, 0xfc, 0xfc, 0xbc, 0x1,
    0xfe, 0x18, 0xa0, 0xf, 0xe7, 0xff, 0x0, 0x7f,
    0xa8, 0x0, 0xa0, 0x1f, 0x8c, 0x84, 0x38, 0x3,
    0xf5, 0x85, 0x8a, 0x8, 0x7, 0xcc, 0xa, 0xc0,
    0xe0, 0x1e, 0x41, 0x40, 0xb0, 0xa0, 0xf, 0x70,
    0x70, 0x19, 0x19, 0x0, 0x72, 0x82, 0x80, 0x14,
    0x14, 0x3, 0x28, 0x28, 0x5, 0x61, 0x40, 0x1b,
    0x83, 0x48, 0xa1, 0x11, 0x18, 0x0, 0x50, 0x23,
    0x77, 0x8, 0x58, 0x1, 0x81, 0x2a, 0xbc, 0xc,
    0x0, 0xb0, 0x85, 0x5f, 0x20, 0xa1, 0x19, 0xc0,
    0x1e, 0xf0, 0xe0,

    /* U+00C1 "Á" */
    0x0, 0xfc, 0x80, 0x1f, 0xe5, 0xef, 0x0, 0xfc,
    0x59, 0x4f, 0x40, 0x1f, 0xa9, 0xb6, 0x44, 0x3,
    0xf4, 0x51, 0x0, 0x7f, 0xcf, 0xfe, 0x0, 0xff,
    0x50, 0x1, 0x40, 0x3f, 0x19, 0x8, 0x70, 0x7,
    0xeb, 0xb, 0x14, 0x10, 0xf, 0x98, 0x15, 0x81,
    0xc0, 0x3c, 0x82, 0x81, 0x61, 0x40, 0x1e, 0xe0,
    0xe0, 0x32, 0x32, 0x0, 0xe5, 0x5, 0x0, 0x28,
    0x28, 0x6, 0x50, 0x50, 0xa, 0xc2, 0x80, 0x37,
    0x6, 0x91, 0x42, 0x22, 0x30, 0x0, 0xa0, 0x46,
    0xee, 0x10, 0xb0, 0x3, 0x2, 0x55, 0x78, 0x18,
    0x1, 0x61, 0xa, 0xbe, 0x41, 0x42, 0x33, 0x80,
    0x3d, 0xe1, 0xc0,

    /* U+00C2 "Â" */
    0x0, 0xff, 0xe3, 0x26, 0xc8, 0x80, 0x7e, 0xbb,
    0x2a, 0xbd, 0x0, 0x3f, 0x6c, 0x64, 0x18, 0x7,
    0xd6, 0x40, 0x6, 0x70, 0xf, 0xcf, 0xfe, 0x0,
    0xff, 0x50, 0x1, 0x40, 0x3f, 0x19, 0x8, 0x70,
    0x7, 0xeb, 0xb, 0x14, 0x10, 0xf, 0x98, 0x15,
    0x81, 0xc0, 0x3c, 0x82, 0x81, 0x61, 0x40, 0x1e,
    0xe0, 0xe0, 0x32, 0x32, 0x0, 0xe5, 0x5, 0x0,
    0x28, 0x28, 0x6, 0x50, 0x50, 0xa, 0xc2, 0x80,
    0x37, 0x6, 0x91, 0x42, 0x22, 0x30, 0x0, 0xa0,
    0x46, 0xee, 0x10, 0xb0, 0x3, 0x2, 0x55, 0x78,
    0x18, 0x1, 0x61, 0xa, 0xbe, 0x41, 0x42, 0x33,
    0x80, 0x3d, 0xe1, 0xc0,

    /* U+00C3 "Ã" */
    0x0, 0xcd, 0xd8, 0x69, 0xa0, 0x1f, 0x4d, 0xa6,
    0x5c, 0x0, 0x7d, 0xab, 0x1d, 0xc5, 0x0, 0xf8,
    0x9f, 0xf8, 0x40, 0x3f, 0xa8, 0x0, 0xa0, 0x1f,
    0x8c, 0x84, 0x38, 0x3, 0xf5, 0x85, 0x8a, 0x8,
    0x7, 0xcc, 0xa, 0xc0, 0xe0, 0x1e, 0x41, 0x40,
    0xb0, 0xa0, 0xf, 0x70, 0x70, 0x19, 0x19, 0x0,
    0x72, 0x82, 0x80, 0x14, 0x14, 0x3, 0x28, 0x28,
    0x5, 0x61, 0x40, 0x1b, 0x83, 0x48, 0xa1, 0x11,
    0x18, 0x0, 0x50, 0x23, 0x77, 0x8, 0x58, 0x1,
    0x81, 0x2a, 0xbc, 0xc, 0x0, 0xb0, 0x85, 0x5f,
    0x20, 0xa1, 0x19, 0xc0, 0x1e, 0xf0, 0xe0,

    /* U+00C4 "Ä" */
    0x0, 0xff, 0xe2, 0xdf, 0xb, 0xfa, 0x0, 0x7c,
    0x26, 0x22, 0x7, 0x0, 0xfa, 0xb4, 0x1b, 0xcc,
    0x3, 0xf3, 0xff, 0x80, 0x3f, 0xd4, 0x0, 0x50,
    0xf, 0xc6, 0x42, 0x1c, 0x1, 0xfa, 0xc2, 0xc5,
    0x4, 0x3, 0xe6, 0x5, 0x60, 0x70, 0xf, 0x20,
    0xa0, 0x58, 0x50, 0x7, 0xb8, 0x38, 0xc, 0x8c,
    0x80, 0x39, 0x41, 0x40, 0xa, 0xa, 0x1, 0x94,
    0x14, 0x2, 0xb0, 0xa0, 0xd, 0xc1, 0xa4, 0x50,
    0x88, 0x8c, 0x0, 0x28, 0x11, 0xbb, 0x84, 0x2c,
    0x0, 0xc0, 0x95, 0x5e, 0x6, 0x0, 0x58, 0x42,
    0xaf, 0x90, 0x50, 0x8c, 0xe0, 0xf, 0x78, 0x70,

    /* U+00C5 "Å" */
    0x0, 0xe8, 0xed, 0x30, 0xf, 0xc8, 0xbd, 0x1e,
    0x1, 0xfe, 0x13, 0x0, 0xfe, 0x44, 0x7d, 0xf8,
    0x7, 0xf4, 0xf6, 0x98, 0x7, 0xf3, 0xff, 0x80,
    0x3f, 0xd4, 0x0, 0x50, 0xf, 0xc6, 0x42, 0x1c,
    0x1, 0xfa, 0xc2, 0xc5, 0x4, 0x3, 0xe6, 0x5,
    0x60, 0x70, 0xf, 0x20, 0xa0, 0x58, 0x50, 0x7,
    0xb8, 0x38, 0xc, 0x8c, 0x80, 0x39, 0x41, 0x40,
    0xa, 0xa, 0x1, 0x94, 0x14, 0x2, 0xb0, 0xa0,
    0xd, 0xc1, 0xa4, 0x50, 0x88, 0x8c, 0x0, 0x28,
    0x11, 0xbb, 0x84, 0x2c, 0x0, 0xc0, 0x95, 0x5e,
    0x6, 0x0, 0x58, 0x42, 0xaf, 0x90, 0x50, 0x8c,
    0xe0, 0xf, 0x78, 0x70,

    /* U+00C6 "Æ" */
    0x0, 0xf8, 0xbf, 0xff, 0x60, 0x7, 0xd2, 0x2,
    0x11, 0x33, 0xc0, 0x1e, 0x44, 0x94, 0x15, 0x9b,
    0x28, 0x7, 0xa4, 0x24, 0x3, 0xff, 0x82, 0xc4,
    0xa4, 0x1, 0xff, 0xc1, 0x80, 0xb0, 0x8, 0x47,
    0x80, 0x3a, 0x5, 0x84, 0x2, 0xce, 0xec, 0x40,
    0x11, 0x38, 0x40, 0x6, 0xab, 0xbc, 0x40, 0x14,
    0x3, 0x88, 0x6, 0x74, 0x4c, 0x1, 0x1a, 0x85,
    0x8, 0xc0, 0x1f, 0xef, 0x0, 0x6f, 0x74, 0x80,
    0x1f, 0x94, 0xcd, 0x77, 0xc6, 0x1, 0xfa, 0xc3,
    0xd1, 0x39, 0xc1, 0x59, 0xb2, 0xb8, 0xb9, 0x80,
    0x7d, 0x13, 0x3c,

    /* U+00C7 "Ç" */
    0x0, 0xc5, 0x3b, 0xfe, 0xd8, 0x10, 0xf, 0x3e,
    0xb0, 0xb2, 0x83, 0xf2, 0x0, 0x68, 0x81, 0xee,
    0x4d, 0x6d, 0x5, 0xa0, 0x0, 0xdc, 0xb0, 0x80,
    0x32, 0xd0, 0x48, 0x2, 0x42, 0x40, 0x3e, 0x5d,
    0xf0, 0x2, 0x8a, 0x0, 0x7e, 0x22, 0x0, 0x81,
    0x0, 0x7f, 0xf3, 0xc4, 0x8, 0x3, 0xff, 0x82,
    0x82, 0x60, 0x1f, 0xc2, 0x0, 0xf0, 0xf0, 0xf,
    0x93, 0xfc, 0x0, 0x45, 0x3b, 0x10, 0xc, 0x74,
    0x16, 0x1, 0x52, 0xa7, 0x54, 0x4e, 0x60, 0x65,
    0x40, 0x35, 0x5a, 0x21, 0xd8, 0x5b, 0x58, 0x3,
    0xc9, 0x7c, 0x8f, 0xb2, 0x40, 0x1f, 0xf3, 0xe2,
    0x0, 0x7f, 0xd5, 0xad, 0x60, 0x1f, 0xe1, 0x31,
    0x0, 0xff, 0xe0, 0x5e, 0xe3, 0xd8, 0x6,

    /* U+00C8 "È" */
    0x1, 0x20, 0xf, 0x8b, 0x60, 0x3, 0xc7, 0x2d,
    0xcc, 0x1, 0xcd, 0xd3, 0x0, 0x1f, 0x3f, 0x80,
    0x4f, 0xff, 0xbb, 0xfc, 0x1, 0x2c, 0x47, 0x0,
    0x5e, 0xef, 0xc0, 0x1f, 0xfc, 0x92, 0x2e, 0x0,
    0xd1, 0xbb, 0x9c, 0x2, 0x6a, 0xac, 0xa0, 0x16,
    0x2a, 0xe2, 0x0, 0xff, 0xe9, 0x7b, 0xbf, 0x0,
    0x4b, 0x11, 0xc0,

    /* U+00C9 "É" */
    0x0, 0xe3, 0x0, 0xf0, 0xd6, 0x0, 0x73, 0xf3,
    0xd0, 0x6, 0x39, 0x96, 0xa8, 0x6, 0x3e, 0x60,
    0xe, 0x7f, 0xff, 0x80, 0x25, 0x88, 0xe0, 0xb,
    0xdd, 0xf8, 0x3, 0xff, 0x92, 0x45, 0xc0, 0x1a,
    0x37, 0x73, 0x80, 0x4d, 0x55, 0x94, 0x2, 0xc5,
    0x5c, 0x40, 0x1f, 0xfd, 0x2f, 0x77, 0xe0, 0x9,
    0x62, 0x38, 0x0,

    /* U+00CA "Ê" */
    0x0, 0xc, 0xd9, 0x0, 0x65, 0xf5, 0xd, 0x70,
    0xb, 0x23, 0x2e, 0xd8, 0x1, 0x4b, 0x0, 0x12,
    0xc0, 0xf, 0xff, 0xf0, 0x4, 0xb1, 0x1c, 0x1,
    0x7b, 0xbf, 0x0, 0x7f, 0xf2, 0x48, 0xb8, 0x3,
    0x46, 0xee, 0x70, 0x9, 0xaa, 0xb2, 0x80, 0x58,
    0xab, 0x88, 0x3, 0xff, 0xa5, 0xee, 0xfc, 0x1,
    0x2c, 0x47, 0x0,

    /* U+00CB "Ë" */
    0x0, 0xff, 0x37, 0xa9, 0x7c, 0x80, 0x46, 0x2,
    0x2, 0x20, 0x9, 0x7d, 0xb, 0xa0, 0x0, 0xff,
    0xff, 0x0, 0x4b, 0x11, 0xc0, 0x17, 0xbb, 0xf0,
    0x7, 0xff, 0x24, 0x8b, 0x80, 0x34, 0x6e, 0xe7,
    0x0, 0x9a, 0xab, 0x28, 0x5, 0x8a, 0xb8, 0x80,
    0x3f, 0xfa, 0x5e, 0xef, 0xc0, 0x12, 0xc4, 0x70,
    0x0,

    /* U+00CC "Ì" */
    0x40, 0xd, 0x38, 0x60, 0xe, 0x7c, 0x91, 0x3b,
    0xb2, 0xb8, 0x1, 0x31, 0xc1, 0xfd, 0x44, 0x3,
    0xff, 0xea,

    /* U+00CD "Í" */
    0x0, 0x84, 0x80, 0xf, 0xc8, 0x8d, 0x88, 0x34,
    0xaf, 0x38, 0x64, 0x8, 0x0, 0x5f, 0xd4, 0x3,
    0xff, 0xec,

    /* U+00CE "Î" */
    0x0, 0x36, 0x28, 0x0, 0xb2, 0x16, 0xac, 0x59,
    0x7e, 0x78, 0x49, 0x24, 0x40, 0x68, 0xc0, 0xf,
    0xea, 0x1, 0xff, 0xff, 0x0, 0xff, 0xe3, 0x0,

    /* U+00CF "Ï" */
    0x0, 0xf8, 0x7a, 0x83, 0x38, 0x3, 0x9c, 0xc0,
    0x7a, 0x82, 0xf4, 0x2, 0x7f, 0x50, 0xf, 0xff,
    0xf8, 0x7, 0xff, 0x18,

    /* U+00D0 "Ð" */
    0x1, 0xff, 0xed, 0xb6, 0x0, 0xf8, 0xa2, 0x24,
    0x69, 0xd3, 0x0, 0xe6, 0x77, 0xa7, 0x6c, 0xf0,
    0x80, 0x3f, 0xc9, 0xa1, 0xc0, 0x1f, 0xf1, 0xa9,
    0x98, 0x3, 0xfe, 0xc0, 0x48, 0xa0, 0x5a, 0xa9,
    0x80, 0x22, 0xe, 0x54, 0x1, 0x55, 0xbc, 0x3,
    0xdb, 0xc0, 0x9f, 0xf4, 0x80, 0x42, 0x1c, 0x1,
    0xff, 0x78, 0x20, 0x7, 0xf8, 0x94, 0x8c, 0x3,
    0xf8, 0xf0, 0x38, 0x3, 0x33, 0x67, 0xbc, 0xb,
    0x30, 0xc, 0x53, 0x38, 0x27, 0x90, 0x0,

    /* U+00D1 "Ñ" */
    0x0, 0x8b, 0x79, 0x87, 0x88, 0x3, 0xa5, 0x6e,
    0x39, 0x8, 0x3, 0xa6, 0x17, 0xb6, 0x80, 0x27,
    0xfa, 0x20, 0x8, 0x81, 0x7e, 0x0, 0xa, 0xa0,
    0xf, 0xfa, 0xc4, 0x3, 0xf9, 0x86, 0xc0, 0x3f,
    0xb1, 0x95, 0x40, 0x1f, 0xd2, 0x56, 0x20, 0x1f,
    0xd2, 0x36, 0x1, 0xfc, 0x8c, 0xa8, 0x1, 0xfd,
    0x23, 0x42, 0x1, 0xfd, 0x43, 0x0, 0x1f, 0xc8,
    0xcc, 0xc0, 0xf, 0xe8, 0x16, 0x0, 0xfe, 0x1a,
    0x0, 0xff, 0x91, 0x40, 0x0,

    /* U+00D2 "Ò" */
    0x0, 0xe1, 0x0, 0xff, 0xe1, 0x3e, 0xa0, 0x7,
    0xff, 0x1, 0xdd, 0x76, 0x20, 0xf, 0xf0, 0xd6,
    0x87, 0x80, 0x7f, 0xf0, 0xa, 0xfc, 0x3, 0xf8,
    0xa7, 0x7f, 0xb8, 0xe2, 0x1, 0xe8, 0xd6, 0x16,
    0x41, 0x8f, 0x40, 0xd, 0xe, 0x7b, 0x93, 0x5b,
    0x61, 0x68, 0x0, 0x37, 0x2c, 0x20, 0xc, 0x98,
    0x14, 0x0, 0x90, 0x90, 0xf, 0x89, 0xc5, 0x81,
    0x45, 0x0, 0x3f, 0x58, 0x60, 0x81, 0x0, 0x7f,
    0x18, 0x30, 0x7, 0xff, 0xc, 0x40, 0x80, 0x3f,
    0x8c, 0x18, 0x14, 0x50, 0x3, 0xf5, 0x86, 0x4,
    0x84, 0x80, 0x7c, 0x4e, 0x2c, 0x6, 0xe5, 0x84,
    0x1, 0x93, 0x2, 0x80, 0x28, 0x73, 0xdc, 0x9a,
    0xdb, 0xb, 0x40, 0xd, 0x1a, 0xc2, 0xc8, 0x31,
    0xe8, 0x0,

    /* U+00D3 "Ó" */
    0x0, 0xfe, 0x20, 0xf, 0xfe, 0x0, 0xcf, 0x80,
    0x7f, 0xcf, 0xc9, 0x0, 0x1f, 0xe6, 0x99, 0x6a,
    0x80, 0x7f, 0x93, 0x98, 0x3, 0xfe, 0x2b, 0xdf,
    0xec, 0x71, 0x0, 0xf4, 0x6b, 0xb, 0x20, 0xc7,
    0xa0, 0x6, 0x87, 0x3d, 0xc9, 0xad, 0xb0, 0xb4,
    0x0, 0x1b, 0x96, 0x10, 0x6, 0x4c, 0xa, 0x0,
    0x48, 0x48, 0x7, 0xc4, 0xe2, 0xc0, 0xa2, 0x80,
    0x1f, 0xac, 0x30, 0x40, 0x80, 0x3f, 0x8c, 0x18,
    0x3, 0xff, 0x86, 0x20, 0x40, 0x1f, 0xc6, 0xc,
    0xa, 0x28, 0x1, 0xfa, 0xc3, 0x2, 0x42, 0x40,
    0x3e, 0x27, 0x16, 0x3, 0x72, 0xc2, 0x0, 0xc9,
    0x81, 0x40, 0x14, 0x39, 0xee, 0x4d, 0x6d, 0x85,
    0xa0, 0x6, 0x8d, 0x61, 0x64, 0x18, 0xf4, 0x0,
    0x0,

    /* U+00D4 "Ô" */
    0x0, 0xfa, 0x1c, 0x3, 0xfe, 0x5e, 0x59, 0xd3,
    0x0, 0xfe, 0x99, 0x6f, 0x2c, 0x80, 0x7f, 0x63,
    0x80, 0x22, 0x80, 0x3f, 0x14, 0xef, 0xf6, 0x38,
    0x80, 0x7a, 0x35, 0x85, 0x90, 0x63, 0xd0, 0x3,
    0x43, 0x9e, 0xe4, 0xd6, 0xd8, 0x5a, 0x0, 0xd,
    0xcb, 0x8, 0x3, 0x26, 0x5, 0x0, 0x24, 0x24,
    0x3, 0xe2, 0x71, 0x60, 0x51, 0x40, 0xf, 0xd6,
    0x18, 0x20, 0x40, 0x1f, 0xc6, 0xc, 0x1, 0xff,
    0xc3, 0x10, 0x20, 0xf, 0xe3, 0x6, 0x5, 0x14,
    0x0, 0xfd, 0x61, 0x81, 0x21, 0x20, 0x1f, 0x13,
    0x8b, 0x1, 0xb9, 0x61, 0x0, 0x64, 0xc0, 0xa0,
    0xa, 0x1c, 0xf7, 0x26, 0xb6, 0xc2, 0xd0, 0x3,
    0x46, 0xb0, 0xb2, 0xc, 0x7a, 0x0, 0x0,

    /* U+00D5 "Õ" */
    0x0, 0xe4, 0xed, 0x52, 0xf1, 0x0, 0xfd, 0x32,
    0xba, 0xd7, 0x10, 0xf, 0xde, 0xed, 0xfd, 0x0,
    0x1f, 0x8a, 0xf7, 0xfb, 0x5c, 0x40, 0x3d, 0x1a,
    0xc2, 0xc8, 0x31, 0xe8, 0x1, 0xa1, 0xcf, 0x72,
    0x6b, 0x6c, 0x2d, 0x0, 0x6, 0xe5, 0x84, 0x1,
    0x93, 0x2, 0x80, 0x12, 0x12, 0x1, 0xf1, 0x38,
    0xb0, 0x28, 0xa0, 0x7, 0xeb, 0xc, 0x10, 0x20,
    0xf, 0xe3, 0x6, 0x0, 0xff, 0xe1, 0x88, 0x10,
    0x7, 0xf1, 0x83, 0x2, 0x8a, 0x0, 0x7e, 0xb0,
    0xc0, 0x90, 0x90, 0xf, 0x89, 0xc5, 0x80, 0xdc,
    0xb0, 0x80, 0x32, 0x60, 0x50, 0x5, 0xe, 0x7b,
    0x93, 0x5b, 0x61, 0x68, 0x1, 0xa3, 0x58, 0x59,
    0x6, 0x3d, 0x0, 0x0,

    /* U+00D6 "Ö" */
    0x0, 0xff, 0xe4, 0x4f, 0x92, 0xfb, 0x0, 0x7f,
    0x8, 0x80, 0x40, 0xc0, 0x3f, 0xa3, 0x89, 0x3d,
    0x40, 0x3f, 0x14, 0xef, 0xf6, 0x38, 0x80, 0x7a,
    0x35, 0x85, 0x90, 0x63, 0xd0, 0x3, 0x43, 0x9e,
    0xe4, 0xd6, 0xd8, 0x5a, 0x0, 0xd, 0xcb, 0x8,
    0x3, 0x26, 0x5, 0x0, 0x24, 0x24, 0x3, 0xe2,
    0x71, 0x60, 0x51, 0x40, 0xf, 0xd6, 0x18, 0x20,
    0x40, 0x1f, 0xc6, 0xc, 0x1, 0xff, 0xc3, 0x10,
    0x20, 0xf, 0xe3, 0x6, 0x5, 0x14, 0x0, 0xfd,
    0x61, 0x81, 0x21, 0x20, 0x1f, 0x13, 0x8b, 0x1,
    0xb9, 0x61, 0x0, 0x64, 0xc0, 0xa0, 0xa, 0x1c,
    0xf7, 0x26, 0xb6, 0xc2, 0xd0, 0x3, 0x46, 0xb0,
    0xb2, 0xc, 0x7a, 0x0, 0x0,

    /* U+00D7 "×" */
    0x4, 0x0, 0xe4, 0x9, 0xb5, 0x0, 0x9e, 0xde,
    0xa, 0x94, 0x1e, 0x9, 0x87, 0xa, 0xae, 0xb,
    0x4, 0x7, 0x1, 0xb, 0x4, 0x2, 0x90, 0x1,
    0x38, 0x5, 0xe, 0x7a, 0x52, 0xc1, 0xe, 0x78,
    0x58, 0x52, 0xd8, 0x98, 0x0, 0x1c, 0x35, 0x4b,
    0x0, 0xc3, 0x86,

    /* U+00D8 "Ø" */
    0x0, 0xc5, 0x3b, 0xfe, 0xc7, 0x10, 0xd8, 0x0,
    0xd1, 0xac, 0x2c, 0xc1, 0x8f, 0xc4, 0x80, 0xa,
    0x1c, 0xf7, 0x26, 0x5b, 0x62, 0x7e, 0x1, 0x1b,
    0x96, 0x10, 0x6, 0xd2, 0x9, 0x10, 0x4, 0x84,
    0x80, 0x74, 0x26, 0x38, 0x30, 0x1, 0x45, 0x0,
    0x33, 0xb7, 0x8d, 0x6, 0x0, 0x81, 0x0, 0x66,
    0x9c, 0x20, 0x20, 0x60, 0x9, 0xc0, 0x25, 0x8d,
    0x20, 0xc, 0x20, 0x20, 0xa0, 0x4, 0xad, 0x30,
    0x8, 0xc1, 0x80, 0xa, 0x26, 0x97, 0x63, 0x0,
    0xd6, 0x1e, 0x0, 0x90, 0xeb, 0xa4, 0x0, 0xc4,
    0xe2, 0xa0, 0x3, 0x62, 0x22, 0x0, 0x64, 0xc0,
    0xd0, 0x8, 0x5d, 0xb, 0xae, 0x6b, 0x6c, 0x2c,
    0xc0, 0x2c, 0x7b, 0xc6, 0x69, 0x6, 0x3d, 0x0,
    0x20,

    /* U+00D9 "Ù" */
    0x0, 0x8c, 0x3, 0xfd, 0x5c, 0xa0, 0x1f, 0xa1,
    0xeb, 0xc, 0x3, 0xc3, 0x3a, 0xd0, 0x1, 0xf8,
    0xaa, 0x80, 0x14, 0x7a, 0x80, 0x61, 0xd, 0xf0,
    0xf, 0xff, 0xf8, 0x3, 0xc0, 0x3f, 0xc2, 0x6,
    0x1, 0xe3, 0x12, 0xc, 0x0, 0xe2, 0x15, 0x42,
    0x55, 0x0, 0x43, 0xc1, 0xc1, 0xc1, 0x59, 0x57,
    0xe6, 0xca, 0x7, 0xcc, 0x2a, 0xb5, 0x48, 0x0,

    /* U+00DA "Ú" */
    0x0, 0xf8, 0xc0, 0x3f, 0x26, 0xc0, 0x7, 0x8a,
    0xec, 0xf2, 0x1, 0xea, 0xd, 0xa2, 0x0, 0xf4,
    0xd9, 0x0, 0x74, 0x7a, 0x88, 0x7, 0x6f, 0x80,
    0x7f, 0xff, 0xc0, 0x1e, 0x1, 0xfe, 0x10, 0x30,
    0xf, 0x18, 0x90, 0x60, 0x7, 0x10, 0xaa, 0x12,
    0xa8, 0x2, 0x1e, 0xe, 0xe, 0xa, 0xca, 0xbf,
    0x36, 0x50, 0x3e, 0x61, 0x55, 0xaa, 0x40,

    /* U+00DB "Û" */
    0x0, 0xc7, 0x90, 0x1, 0xf4, 0xe3, 0x2f, 0x18,
    0x7, 0x2e, 0x56, 0xca, 0x0, 0x76, 0x18, 0x1,
    0xdc, 0x0, 0x8f, 0x50, 0xf, 0x6f, 0x80, 0x7f,
    0xff, 0xc0, 0x1e, 0x1, 0xfe, 0x10, 0x30, 0xf,
    0x18, 0x90, 0x60, 0x7, 0x10, 0xaa, 0x12, 0xa8,
    0x2, 0x1e, 0xe, 0xe, 0xa, 0xca, 0xbf, 0x36,
    0x50, 0x3e, 0x61, 0x55, 0xaa, 0x40,

    /* U+00DC "Ü" */
    0x0, 0xff, 0xe1, 0x5f, 0xb, 0xfa, 0x0, 0x70,
    0x98, 0x88, 0x1c, 0x3, 0xab, 0x41, 0xbc, 0xc0,
    0x11, 0xea, 0x1, 0xed, 0xf0, 0xf, 0xff, 0xf8,
    0x3, 0xc0, 0x3f, 0xc2, 0x6, 0x1, 0xe3, 0x12,
    0xc, 0x0, 0xe2, 0x15, 0x42, 0x55, 0x0, 0x43,
    0xc1, 0xc1, 0xc1, 0x59, 0x57, 0xe6, 0xca, 0x7,
    0xcc, 0x2a, 0xb5, 0x48, 0x0,

    /* U+00DD "Ý" */
    0x0, 0xf9, 0x0, 0x3f, 0x8f, 0x20, 0x3, 0xe1,
    0xac, 0x7e, 0x0, 0xf9, 0x99, 0x96, 0x40, 0x1f,
    0x36, 0x18, 0x7, 0x97, 0xe8, 0x40, 0x3b, 0xbc,
    0x54, 0x94, 0x80, 0x33, 0x8b, 0x88, 0x40, 0x58,
    0x6, 0x91, 0x90, 0x2, 0x9b, 0x8, 0x1, 0x86,
    0x44, 0x2, 0x80, 0x80, 0x4, 0xb, 0x80, 0x64,
    0x43, 0xb, 0xc, 0x0, 0x7a, 0x2, 0x2c, 0x58,
    0x3, 0xc6, 0x8c, 0x50, 0x1, 0xfa, 0x0, 0x58,
    0x3, 0xf1, 0x1, 0x0, 0x7f, 0xfa, 0x40,

    /* U+00DE "Þ" */
    0x7f, 0x50, 0xf, 0xfe, 0x8d, 0x7f, 0xdb, 0x0,
    0x19, 0x66, 0x50, 0xcf, 0xa0, 0x17, 0xb3, 0x1e,
    0xdc, 0xa0, 0x3, 0xe9, 0x4, 0x0, 0xf8, 0x40,
    0x40, 0x3e, 0x50, 0x70, 0x1, 0x16, 0x6b, 0x9,
    0x0, 0x46, 0xed, 0x27, 0x66, 0x0, 0x7a, 0xa5,
    0xee, 0x90, 0x2, 0xd5, 0x52, 0x10, 0x7, 0xff,
    0x4,

    /* U+00DF "ß" */
    0x1, 0x8d, 0xff, 0x63, 0x0, 0x76, 0x38, 0xb3,
    0x6, 0x68, 0x2, 0x72, 0x6c, 0x99, 0x69, 0x29,
    0x0, 0x30, 0x2c, 0x3, 0x20, 0x8, 0x1, 0xc0,
    0x80, 0x22, 0x71, 0x30, 0xf, 0x8b, 0x3, 0x0,
    0x3e, 0x1c, 0x3c, 0x20, 0xf, 0x90, 0x54, 0x80,
    0x3f, 0x20, 0x3c, 0x98, 0x7, 0xc3, 0xa8, 0xd9,
    0xa6, 0x1, 0xe2, 0xbe, 0x72, 0xc1, 0x0, 0x89,
    0xcc, 0x6, 0x1c, 0x1c, 0x3, 0x44, 0x0, 0x38,
    0xc0, 0x22, 0x54, 0xc7, 0x97, 0x14, 0x0, 0xd5,
    0x3, 0xe, 0xbe, 0x20,

    /* U+00E0 "à" */
    0x0, 0xc4, 0x1, 0xff, 0x56, 0xa0, 0x7, 0xf5,
    0x3d, 0xd1, 0x0, 0x7c, 0x55, 0x83, 0x20, 0x1f,
    0xc7, 0x72, 0x1, 0xe5, 0xbe, 0xfc, 0x40, 0xdf,
    0x0, 0x4d, 0x22, 0xb0, 0x4c, 0x80, 0x25, 0x62,
    0xdb, 0x9c, 0xc3, 0x90, 0x2, 0x43, 0x88, 0x2,
    0x3b, 0x0, 0x8c, 0x8c, 0x3, 0x94, 0x0, 0x20,
    0xc0, 0x1f, 0x8, 0x8, 0x30, 0x7, 0xc2, 0x0,
    0x32, 0x20, 0x7, 0x20, 0x5, 0x21, 0xc2, 0x1,
    0x14, 0x80, 0x4a, 0xe7, 0xf0, 0xd3, 0xae, 0x40,
    0x14, 0x52, 0xb4, 0xac, 0xd0, 0x0,

    /* U+00E1 "á" */
    0x0, 0xfc, 0x40, 0x1f, 0xc5, 0x72, 0x1, 0xf0,
    0xce, 0xbc, 0x0, 0x7d, 0x29, 0x78, 0x60, 0x1f,
    0x56, 0xa0, 0x7, 0xe5, 0x9e, 0xfc, 0x60, 0xdf,
    0x0, 0x4d, 0x22, 0xb0, 0x4c, 0x80, 0x25, 0x62,
    0xdb, 0x9c, 0xc3, 0x90, 0x2, 0x43, 0x88, 0x2,
    0x3b, 0x0, 0x8c, 0x8c, 0x3, 0x94, 0x0, 0x20,
    0xc0, 0x1f, 0x8, 0x8, 0x30, 0x7, 0xc2, 0x0,
    0x32, 0x20, 0x7, 0x20, 0x5, 0x21, 0xc2, 0x1,
    0x14, 0x80, 0x4a, 0xe7, 0xf0, 0xd3, 0xae, 0x40,
    0x14, 0x52, 0xb4, 0xac, 0xd0, 0x0,

    /* U+00E2 "â" */
    0x0, 0xe2, 0xa6, 0x0, 0xfd, 0x1a, 0x31, 0xa6,
    0x1, 0xe5, 0xbb, 0x72, 0x58, 0x7, 0xb5, 0x0,
    0x13, 0x0, 0x1c, 0xb7, 0xdf, 0x8c, 0x1b, 0xe0,
    0x9, 0xa4, 0x56, 0x9, 0x90, 0x4, 0xac, 0x5b,
    0x73, 0x98, 0x72, 0x0, 0x48, 0x71, 0x0, 0x47,
    0x60, 0x11, 0x91, 0x80, 0x72, 0x80, 0x4, 0x18,
    0x3, 0xe1, 0x1, 0x6, 0x0, 0xf8, 0x40, 0x6,
    0x44, 0x0, 0xe4, 0x0, 0xa4, 0x38, 0x40, 0x22,
    0x90, 0x9, 0x5c, 0xfe, 0x1a, 0x75, 0xc8, 0x2,
    0x8a, 0x56, 0x95, 0x9a, 0x0, 0x0,

    /* U+00E3 "ã" */
    0x0, 0xcb, 0xd8, 0x69, 0xc0, 0x1e, 0xab, 0x4c,
    0xb8, 0x0, 0xf6, 0xac, 0x77, 0x18, 0x3, 0x96,
    0x7b, 0xf5, 0xc3, 0x7c, 0x1, 0x34, 0x8a, 0xc1,
    0x32, 0x0, 0x95, 0x8b, 0x6e, 0x73, 0xe, 0x40,
    0x9, 0xe, 0x20, 0x8, 0xec, 0x2, 0x32, 0x30,
    0xe, 0x50, 0x0, 0x83, 0x0, 0x7c, 0x20, 0x20,
    0xc0, 0x1f, 0x8, 0x0, 0xc8, 0x80, 0x1c, 0x80,
    0x14, 0x87, 0x8, 0x4, 0x52, 0x1, 0x2b, 0x9f,
    0xc3, 0x4e, 0xb9, 0x0, 0x51, 0x4a, 0xd2, 0xb3,
    0x40, 0x0,

    /* U+00E4 "ä" */
    0x0, 0xd5, 0xa2, 0xde, 0x60, 0x1e, 0x13, 0x1,
    0x7, 0x0, 0xf5, 0xf0, 0xbf, 0xa0, 0x7, 0xff,
    0x15, 0x6f, 0xbf, 0x18, 0x37, 0xc0, 0x13, 0x48,
    0xac, 0x13, 0x20, 0x9, 0x58, 0xb6, 0xe7, 0x30,
    0xe4, 0x0, 0x90, 0xe2, 0x0, 0x8e, 0xc0, 0x23,
    0x23, 0x0, 0xe5, 0x0, 0x8, 0x30, 0x7, 0xc2,
    0x2, 0xc, 0x1, 0xf0, 0x80, 0xc, 0x88, 0x1,
    0xc8, 0x1, 0x48, 0x70, 0x80, 0x45, 0x20, 0x12,
    0xb9, 0xfc, 0x34, 0xeb, 0x90, 0x5, 0x14, 0xad,
    0x2b, 0x34, 0x0,

    /* U+00E5 "å" */
    0x0, 0xe8, 0xed, 0x30, 0xf, 0x91, 0x7a, 0x38,
    0x3, 0xf8, 0x4c, 0x3, 0xf2, 0x23, 0xef, 0x80,
    0x3f, 0x4f, 0x69, 0x80, 0x79, 0x6f, 0xbf, 0x18,
    0x37, 0xc0, 0x13, 0x48, 0xac, 0x13, 0x20, 0x9,
    0x58, 0xb6, 0xe7, 0x30, 0xe4, 0x0, 0x90, 0xe2,
    0x0, 0x8e, 0xc0, 0x23, 0x23, 0x0, 0xe5, 0x0,
    0x8, 0x30, 0x7, 0xc2, 0x2, 0xc, 0x1, 0xf0,
    0x80, 0xc, 0x88, 0x1, 0xc8, 0x1, 0x48, 0x70,
    0x80, 0x45, 0x20, 0x12, 0xb9, 0xfc, 0x34, 0xeb,
    0x90, 0x5, 0x14, 0xad, 0x2b, 0x34, 0x0,

    /* U+00E6 "æ" */
    0x0, 0x92, 0xfb, 0xf1, 0x82, 0xf0, 0x1b, 0x3f,
    0xb1, 0x40, 0x3a, 0x2d, 0x10, 0xee, 0x9a, 0x0,
    0x54, 0xbb, 0x21, 0x54, 0x80, 0x4a, 0xe5, 0xd5,
    0x17, 0x88, 0x83, 0x5b, 0xb4, 0xd7, 0xa3, 0x28,
    0x2, 0x43, 0x84, 0x2, 0x3b, 0x0, 0x42, 0x0,
    0x43, 0x41, 0x20, 0x3, 0x23, 0x0, 0xe5, 0x0,
    0x28, 0x8f, 0x1, 0x18, 0x8, 0x30, 0x7, 0xc2,
    0x1b, 0xdd, 0xe2, 0x1, 0x10, 0x30, 0x7, 0xc2,
    0x17, 0x7f, 0xc2, 0x6, 0x46, 0x1, 0xca, 0x0,
    0x14, 0x4e, 0x52, 0x0, 0xa4, 0x38, 0x40, 0x23,
    0xb0, 0x5, 0x98, 0x6, 0xb9, 0x20, 0x2, 0xb9,
    0x75, 0x45, 0xe3, 0x99, 0x93, 0x2e, 0x27, 0x95,
    0x4c, 0x1, 0x45, 0xa2, 0x1d, 0xd5, 0x20, 0xa,
    0xa3, 0xbc, 0x53, 0x40, 0x0,

    /* U+00E7 "ç" */
    0x0, 0x92, 0xfb, 0xf6, 0x4, 0x3, 0x4d, 0xab,
    0xb8, 0x5f, 0xc8, 0x0, 0xac, 0x7d, 0x31, 0x92,
    0x3c, 0x0, 0x90, 0xe0, 0xc, 0xce, 0xc2, 0x6,
    0x44, 0x0, 0xe8, 0xa1, 0x10, 0x8, 0x7, 0xf0,
    0x80, 0x80, 0x7f, 0x88, 0xa0, 0xe, 0x78, 0x10,
    0xb0, 0x90, 0xc, 0x90, 0x82, 0xc, 0xa9, 0xb0,
    0xf5, 0x63, 0xc0, 0x15, 0x48, 0x3c, 0x23, 0x79,
    0x0, 0x66, 0xd8, 0x3e, 0x91, 0x0, 0xfc, 0x7a,
    0xe0, 0x1f, 0x9b, 0x6a, 0xc, 0x3, 0xc2, 0x61,
    0xe0, 0x1f, 0x9f, 0x74, 0xd0, 0x60, 0x0,

    /* U+00E8 "è" */
    0x0, 0xc4, 0x1, 0xfe, 0x1d, 0x80, 0xf, 0xe1,
    0x86, 0xe5, 0x0, 0xfc, 0xfc, 0xd4, 0x40, 0x1f,
    0xd1, 0xc4, 0x1, 0xe4, 0xbe, 0xfc, 0x81, 0x0,
    0xd3, 0x6a, 0x8e, 0x2f, 0xe4, 0x0, 0x56, 0x3f,
    0xa8, 0xca, 0x1f, 0x0, 0x48, 0x70, 0x80, 0x4a,
    0xa2, 0x40, 0x32, 0x2, 0x2e, 0xd0, 0x31, 0x2,
    0xdd, 0xf4, 0x7, 0x88, 0x15, 0x57, 0xf0, 0x19,
    0x22, 0xaf, 0x9, 0x98, 0x24, 0x28, 0x3, 0x25,
    0xd8, 0x41, 0x5d, 0x3a, 0xa2, 0xec, 0x3c, 0x1,
    0x45, 0xaa, 0x3b, 0x3f, 0x98, 0x0,

    /* U+00E9 "é" */
    0x0, 0xf8, 0x40, 0x3f, 0xcf, 0xc4, 0x1, 0xf2,
    0x6c, 0xc1, 0x0, 0x78, 0x6d, 0x7d, 0xc0, 0x3e,
    0x1e, 0x81, 0x0, 0xfc, 0x95, 0xdf, 0xb0, 0x20,
    0x1a, 0x6d, 0x51, 0xc5, 0xfc, 0x80, 0xa, 0xc7,
    0xf5, 0x19, 0x43, 0xe0, 0x9, 0xe, 0x10, 0x9,
    0x54, 0x48, 0x6, 0x40, 0x45, 0xda, 0x6, 0x20,
    0x5b, 0xbe, 0x80, 0xf1, 0x2, 0xaa, 0xfe, 0x3,
    0x24, 0x55, 0xe1, 0x33, 0x4, 0x85, 0x0, 0x64,
    0xbb, 0x8, 0x2b, 0xa7, 0x54, 0x5d, 0x87, 0x80,
    0x28, 0xb5, 0x47, 0x67, 0xf3, 0x0,

    /* U+00EA "ê" */
    0x0, 0xe6, 0xa1, 0x0, 0xf8, 0xf6, 0x7, 0x9c,
    0x3, 0xd6, 0x9d, 0x76, 0xa0, 0xf, 0x44, 0x80,
    0x13, 0x40, 0x3c, 0x97, 0xdf, 0xb0, 0x20, 0x1a,
    0x6d, 0x51, 0xc5, 0xfc, 0x80, 0xa, 0xc7, 0xf5,
    0x19, 0x43, 0xe0, 0x9, 0xe, 0x10, 0x9, 0x54,
    0x48, 0x6, 0x40, 0x45, 0xda, 0x6, 0x20, 0x5b,
    0xbe, 0x80, 0xf1, 0x2, 0xaa, 0xfe, 0x3, 0x24,
    0x55, 0xe1, 0x33, 0x4, 0x85, 0x0, 0x64, 0xbb,
    0x8, 0x2b, 0xa7, 0x54, 0x5d, 0x87, 0x80, 0x28,
    0xb5, 0x47, 0x67, 0xf3, 0x0,

    /* U+00EB "ë" */
    0x0, 0x93, 0xd8, 0x7a, 0x40, 0x3f, 0x8, 0x9,
    0x0, 0x79, 0x3d, 0xc7, 0xec, 0x3, 0xff, 0x8c,
    0x97, 0xdf, 0xb0, 0x20, 0x1a, 0x6d, 0x51, 0xc5,
    0xfc, 0x80, 0xa, 0xc7, 0xf5, 0x19, 0x43, 0xe0,
    0x9, 0xe, 0x10, 0x9, 0x54, 0x48, 0x6, 0x40,
    0x45, 0xda, 0x6, 0x20, 0x5b, 0xbe, 0x80, 0xf1,
    0x2, 0xaa, 0xfe, 0x3, 0x24, 0x55, 0xe1, 0x33,
    0x4, 0x85, 0x0, 0x64, 0xbb, 0x8, 0x2b, 0xa7,
    0x54, 0x5d, 0x87, 0x80, 0x28, 0xb5, 0x47, 0x67,
    0xf3, 0x0,

    /* U+00EC "ì" */
    0x40, 0xd, 0x38, 0x60, 0xf, 0x6c, 0xa1, 0x2a,
    0xc1, 0x70, 0x1, 0xdb, 0x3, 0xfa, 0x80, 0x7f,
    0xf9, 0xc0,

    /* U+00ED "í" */
    0x0, 0x84, 0xc0, 0x11, 0xca, 0xae, 0x69, 0x69,
    0x97, 0x30, 0x63, 0x80, 0x67, 0xf5, 0x0, 0xff,
    0xf3, 0x80,

    /* U+00EE "î" */
    0x0, 0xfe, 0x7d, 0x60, 0x1, 0x6c, 0xac, 0x60,
    0xb2, 0xf4, 0x7a, 0x92, 0x40, 0x0, 0x64, 0xc0,
    0xf, 0xea, 0x1, 0xff, 0xfc,

    /* U+00EF "ï" */
    0x1e, 0x90, 0xbd, 0x0, 0x88, 0x1c, 0xc0, 0x7a,
    0xc3, 0x38, 0x3, 0xfc, 0xfe, 0xa0, 0x1f, 0xff,
    0xc0,

    /* U+00F0 "ð" */
    0x0, 0xff, 0xe2, 0x8e, 0x71, 0xbe, 0x80, 0x78,
    0x68, 0x73, 0x12, 0x1, 0xec, 0xd9, 0x10, 0x40,
    0xf, 0x65, 0xb5, 0x23, 0x80, 0x64, 0xbe, 0xfd,
    0x24, 0x90, 0xa, 0x2d, 0x10, 0xed, 0x2c, 0x2c,
    0xa, 0xe7, 0xd5, 0x17, 0x84, 0x18, 0x12, 0x1c,
    0x20, 0x11, 0xc8, 0x38, 0x19, 0x10, 0x3, 0x9c,
    0xc, 0x41, 0x80, 0x3c, 0x20, 0x62, 0xc, 0x1,
    0xe1, 0x6, 0x3, 0x22, 0x0, 0x73, 0x86, 0x84,
    0x87, 0x88, 0x4, 0x92, 0x2c, 0xa, 0xe5, 0xd5,
    0x17, 0x61, 0xd0, 0xa, 0x2d, 0x10, 0xec, 0xcf,
    0x30,

    /* U+00F1 "ñ" */
    0x0, 0xab, 0xe4, 0x66, 0x40, 0x19, 0x5e, 0xcb,
    0x9e, 0xc0, 0x32, 0x62, 0x5e, 0xf1, 0x0, 0x1f,
    0xd1, 0xf3, 0xf6, 0xd0, 0x3, 0x44, 0xa4, 0xb2,
    0x5a, 0x80, 0x45, 0xb0, 0xd3, 0xa1, 0x60, 0x13,
    0x10, 0x4, 0x4a, 0x26, 0x0, 0xf0, 0xe, 0xd0,
    0x60, 0x1, 0x80, 0x7f, 0xfc, 0xc0,

    /* U+00F2 "ò" */
    0x0, 0xc8, 0x1, 0xff, 0x56, 0x18, 0x7, 0xf6,
    0xbe, 0x48, 0x80, 0x7c, 0x77, 0x65, 0x40, 0xf,
    0xe4, 0xc5, 0x0, 0xf1, 0xd7, 0x7e, 0xc9, 0x0,
    0x67, 0xc5, 0x46, 0x16, 0xd5, 0x0, 0x2c, 0x17,
    0x54, 0xe6, 0x2, 0x88, 0x24, 0x3c, 0x40, 0x23,
    0x90, 0xb0, 0x32, 0x20, 0x7, 0x30, 0x20, 0x83,
    0x0, 0x7e, 0x31, 0x6, 0x0, 0xfc, 0x60, 0x64,
    0x40, 0xe, 0x60, 0x50, 0x90, 0xf1, 0x0, 0x92,
    0x42, 0x81, 0x5c, 0xba, 0xe7, 0x2c, 0x2c, 0x80,
    0x11, 0x68, 0xac, 0x2d, 0xa8, 0x0,

    /* U+00F3 "ó" */
    0x0, 0xf8, 0x48, 0x3, 0xfa, 0x39, 0xc0, 0x3e,
    0x5e, 0x68, 0x50, 0xf, 0xa2, 0x79, 0xc0, 0x3f,
    0x6b, 0x80, 0x7f, 0x1d, 0x77, 0xec, 0x90, 0x6,
    0x7c, 0x54, 0x61, 0x6d, 0x50, 0x2, 0xc1, 0x75,
    0x4e, 0x60, 0x28, 0x82, 0x43, 0xc4, 0x2, 0x39,
    0xb, 0x3, 0x22, 0x0, 0x73, 0x2, 0x8, 0x30,
    0x7, 0xe3, 0x10, 0x60, 0xf, 0xc6, 0x6, 0x44,
    0x0, 0xe6, 0x5, 0x9, 0xf, 0x10, 0x9, 0x24,
    0x28, 0x15, 0xcb, 0xae, 0x72, 0xc2, 0xc8, 0x1,
    0x16, 0x8a, 0xc2, 0xda, 0x80,

    /* U+00F4 "ô" */
    0x0, 0xe7, 0xd5, 0x0, 0xf8, 0xb6, 0x56, 0xac,
    0x40, 0x39, 0xd7, 0xa3, 0x84, 0xc0, 0x39, 0x60,
    0x0, 0x34, 0x40, 0x1c, 0x75, 0xdf, 0xb2, 0x40,
    0x19, 0xf1, 0x51, 0x85, 0xb5, 0x40, 0xb, 0x5,
    0xd5, 0x39, 0x80, 0xa2, 0x9, 0xf, 0x10, 0x8,
    0xe4, 0x2c, 0xc, 0x88, 0x1, 0xcc, 0x8, 0x20,
    0xc0, 0x1f, 0x8c, 0x41, 0x80, 0x3f, 0x18, 0x19,
    0x10, 0x3, 0x98, 0x14, 0x24, 0x3c, 0x40, 0x24,
    0x90, 0xa0, 0x57, 0x2e, 0xb9, 0xcb, 0xb, 0x20,
    0x4, 0x5a, 0x2b, 0xb, 0x6a, 0x0,

    /* U+00F5 "õ" */
    0x0, 0x8b, 0x3f, 0xf3, 0x0, 0x71, 0xfe, 0x65,
    0xcc, 0x1, 0xc2, 0x67, 0x84, 0x3, 0xc7, 0x5d,
    0xfb, 0x24, 0x1, 0x9f, 0x15, 0x18, 0x5b, 0x54,
    0x0, 0xb0, 0x5d, 0x53, 0x98, 0xa, 0x20, 0x90,
    0xf1, 0x0, 0x8e, 0x42, 0xc0, 0xc8, 0x80, 0x1c,
    0xc0, 0x82, 0xc, 0x1, 0xf8, 0xc4, 0x18, 0x3,
    0xf1, 0x81, 0x91, 0x0, 0x39, 0x81, 0x42, 0x43,
    0xc4, 0x2, 0x49, 0xa, 0x5, 0x72, 0xeb, 0x9c,
    0xb0, 0xb2, 0x0, 0x45, 0xa2, 0xb0, 0xb6, 0xa0,
    0x0,

    /* U+00F6 "ö" */
    0x0, 0x87, 0xa4, 0x2f, 0x40, 0x3c, 0x62, 0x60,
    0xc6, 0x1, 0xe2, 0xfa, 0xd, 0xe0, 0xf, 0xfe,
    0x31, 0xd7, 0x7e, 0xc9, 0x0, 0x67, 0xc5, 0x46,
    0x16, 0xd5, 0x0, 0x2c, 0x17, 0x54, 0xe6, 0x2,
    0x88, 0x24, 0x3c, 0x40, 0x23, 0x90, 0xb0, 0x32,
    0x20, 0x7, 0x30, 0x20, 0x83, 0x0, 0x7e, 0x31,
    0x6, 0x0, 0xfc, 0x60, 0x64, 0x40, 0xe, 0x60,
    0x50, 0x90, 0xf1, 0x0, 0x92, 0x42, 0x81, 0x5c,
    0xba, 0xe7, 0x2c, 0x2c, 0x80, 0x11, 0x68, 0xac,
    0x2d, 0xa8, 0x0,

    /* U+00F7 "÷" */
    0x0, 0xc9, 0xd2, 0x1, 0xf8, 0xc5, 0x0, 0x3f,
    0x3c, 0xf8, 0x7, 0xf3, 0x10, 0x7, 0xff, 0xd,
    0xff, 0xff, 0xb1, 0x1d, 0xff, 0xa8, 0xe2, 0x3f,
    0x98, 0x3, 0x98, 0x80, 0x3f, 0x3c, 0xf8, 0x7,
    0xe3, 0x14, 0x0, 0xc0,

    /* U+00F8 "ø" */
    0x0, 0x8e, 0xbb, 0xfa, 0x4a, 0x64, 0x1, 0x46,
    0x2a, 0x31, 0x36, 0xac, 0x80, 0x15, 0xcb, 0xaa,
    0x71, 0x80, 0xcc, 0x0, 0x90, 0xf1, 0x0, 0x2a,
    0x40, 0x48, 0x0, 0xc8, 0x80, 0x4, 0x8c, 0x70,
    0x70, 0x10, 0x60, 0x2, 0x57, 0x88, 0x0, 0xc0,
    0x41, 0x80, 0xeb, 0x8, 0x2, 0x20, 0x1, 0x92,
    0xee, 0x88, 0x0, 0xc0, 0x80, 0x9, 0xa, 0x83,
    0x0, 0x24, 0x8c, 0x80, 0x10, 0x1, 0x37, 0x39,
    0x61, 0x42, 0x0, 0xd8, 0xb4, 0x56, 0x16, 0xe4,
    0x0, 0x0,

    /* U+00F9 "ù" */
    0x0, 0x94, 0x3, 0xfd, 0x78, 0x60, 0x1f, 0xb1,
    0xf2, 0x84, 0x3, 0xc5, 0x78, 0xc8, 0x1, 0xf8,
    0xf1, 0x40, 0x29, 0xf3, 0x0, 0xe9, 0xf4, 0x0,
    0xff, 0xf5, 0x88, 0x38, 0x7, 0xee, 0x3, 0x0,
    0xe5, 0x0, 0x20, 0x48, 0x80, 0x4a, 0x60, 0x2,
    0x71, 0xf8, 0x7a, 0xa1, 0x0, 0x51, 0x44, 0xf0,
    0x36, 0x80, 0x0,

    /* U+00FA "ú" */
    0x0, 0xf1, 0x10, 0x3, 0xf4, 0x6b, 0x80, 0x79,
    0x79, 0xa5, 0x40, 0x3d, 0x13, 0xcc, 0x1, 0xf6,
    0xb8, 0x7, 0xa7, 0xcc, 0x3, 0xa7, 0xd0, 0x3,
    0xff, 0xd6, 0x20, 0xe0, 0x1f, 0xb8, 0xc, 0x3,
    0x94, 0x0, 0x81, 0x22, 0x1, 0x29, 0x80, 0x9,
    0xc7, 0xe1, 0xea, 0x84, 0x1, 0x45, 0x13, 0xc0,
    0xda, 0x0, 0x0,

    /* U+00FB "û" */
    0x0, 0xff, 0xe1, 0xbe, 0xb0, 0x7, 0x8b, 0x65,
    0x63, 0x4, 0x3, 0x3a, 0xf4, 0x7a, 0x98, 0x6,
    0x58, 0x0, 0xc, 0x90, 0x2, 0x7c, 0xc0, 0x3a,
    0x7d, 0x0, 0x3f, 0xfd, 0x62, 0xe, 0x1, 0xfb,
    0x80, 0xc0, 0x39, 0x40, 0x8, 0x12, 0x20, 0x12,
    0x98, 0x0, 0x9c, 0x7e, 0x1e, 0xa8, 0x40, 0x14,
    0x51, 0x3c, 0xd, 0xa0, 0x0,

    /* U+00FC "ü" */
    0x0, 0xf, 0x48, 0x5e, 0x80, 0x71, 0x89, 0x83,
    0x18, 0x7, 0x17, 0xd0, 0x6f, 0x0, 0x7f, 0xf0,
    0xa7, 0xcc, 0x3, 0xa7, 0xd0, 0x3, 0xff, 0xd6,
    0x20, 0xe0, 0x1f, 0xb8, 0xc, 0x3, 0x94, 0x0,
    0x81, 0x22, 0x1, 0x29, 0x80, 0x9, 0xc7, 0xe1,
    0xea, 0x84, 0x1, 0x45, 0x13, 0xc0, 0xda, 0x0,
    0x0,

    /* U+00FD "ý" */
    0x0, 0xf0, 0xa0, 0x7, 0xe6, 0xfd, 0x0, 0xf1,
    0xec, 0xb4, 0x0, 0x7a, 0x53, 0xa0, 0x40, 0x3d,
    0x52, 0x20, 0x1d, 0x3e, 0xe0, 0x1c, 0x3f, 0x96,
    0x14, 0x1, 0xcc, 0x12, 0x48, 0x46, 0x1, 0xa8,
    0x54, 0x38, 0x24, 0x2, 0x42, 0x60, 0x2, 0x8a,
    0x80, 0x5c, 0x14, 0x1, 0x30, 0x30, 0x1, 0x50,
    0x80, 0x29, 0xa, 0x6, 0xf, 0x0, 0xc2, 0xa6,
    0x6a, 0x24, 0x0, 0xee, 0x8, 0x3a, 0x0, 0xf2,
    0x12, 0x3, 0x0, 0x7d, 0x40, 0xa2, 0x1, 0xf6,
    0x84, 0x80, 0x7c, 0x2a, 0x46, 0x1, 0xf3, 0x5,
    0x80, 0x7e, 0xa0, 0x60, 0xf, 0x90, 0x98, 0x3,
    0xc0,

    /* U+00FE "þ" */
    0x7f, 0x50, 0xf, 0xff, 0x20, 0xcf, 0x7e, 0xc0,
    0x80, 0x62, 0xc7, 0x46, 0x7, 0xf2, 0x0, 0xa5,
    0xfa, 0xa7, 0x60, 0x7c, 0x2, 0x3a, 0x0, 0xce,
    0x84, 0xa0, 0xa, 0x0, 0xf7, 0x6, 0x80, 0x4,
    0x3, 0xcc, 0x4, 0x0, 0x10, 0xf, 0x30, 0x10,
    0x2, 0x80, 0x3d, 0xc1, 0x80, 0x3, 0xa0, 0xc,
    0xe8, 0x48, 0x0, 0x87, 0xea, 0xa6, 0xc0, 0xf8,
    0x4, 0x78, 0xc8, 0xa0, 0xfe, 0x40, 0x18, 0x63,
    0xbf, 0x60, 0x40, 0x3f, 0xfc, 0xc0,

    /* U+00FF "ÿ" */
    0x0, 0xb3, 0x1, 0x1c, 0x40, 0x1c, 0x22, 0x1,
    0x10, 0x7, 0xb7, 0x41, 0x3e, 0x40, 0x1f, 0xfc,
    0x19, 0xf7, 0x0, 0xe1, 0xfc, 0xb0, 0xa0, 0xe,
    0x60, 0x92, 0x42, 0x30, 0xd, 0x42, 0xa1, 0xc1,
    0x20, 0x12, 0x13, 0x0, 0x14, 0x54, 0x2, 0xe0,
    0xa0, 0x9, 0x81, 0x80, 0xa, 0x84, 0x1, 0x48,
    0x50, 0x30, 0x78, 0x6, 0x15, 0x33, 0x51, 0x20,
    0x7, 0x70, 0x41, 0xd0, 0x7, 0x90, 0x90, 0x18,
    0x3, 0xea, 0x5, 0x10, 0xf, 0xb4, 0x24, 0x3,
    0xe1, 0x52, 0x30, 0xf, 0x98, 0x2c, 0x3, 0xf5,
    0x3, 0x0, 0x7c, 0x84, 0xc0, 0x1e,

    /* U+0100 "Ā" */
    0x0, 0xc2, 0x3e, 0x0, 0xf6, 0x77, 0x79, 0x0,
    0x3b, 0xee, 0xfc, 0xa0, 0x1c, 0x68, 0x9e, 0x10,
    0xf, 0x9f, 0xfc, 0x1, 0xfe, 0xa0, 0x2, 0x80,
    0x7e, 0x32, 0x10, 0xe0, 0xf, 0xd6, 0x16, 0x28,
    0x20, 0x1f, 0x30, 0x2b, 0x3, 0x80, 0x79, 0x5,
    0x2, 0xc2, 0x80, 0x3d, 0xc1, 0xc0, 0x64, 0x64,
    0x1, 0xca, 0xa, 0x0, 0x50, 0x50, 0xc, 0xa0,
    0xa0, 0x15, 0x85, 0x0, 0x6e, 0xd, 0x22, 0x84,
    0x44, 0x60, 0x1, 0x40, 0x8d, 0xdc, 0x21, 0x60,
    0x6, 0x4, 0xaa, 0xf0, 0x30, 0x2, 0xc2, 0x15,
    0x7c, 0x82, 0x84, 0x67, 0x0, 0x7b, 0xc3, 0x80,

    /* U+0101 "ā" */
    0x0, 0xaf, 0xff, 0xc8, 0x1, 0xbe, 0xab, 0xca,
    0x1, 0x91, 0x57, 0xc2, 0x1, 0x96, 0xfb, 0xf1,
    0x83, 0x7c, 0x1, 0x34, 0x8a, 0xc1, 0x32, 0x0,
    0x95, 0x8b, 0x6e, 0x73, 0xe, 0x40, 0x9, 0xe,
    0x20, 0x8, 0xec, 0x2, 0x32, 0x30, 0xe, 0x50,
    0x0, 0x83, 0x0, 0x7c, 0x20, 0x20, 0xc0, 0x1f,
    0x8, 0x0, 0xc8, 0x80, 0x1c, 0x80, 0x14, 0x87,
    0x8, 0x4, 0x52, 0x1, 0x2b, 0x9f, 0xc3, 0x4e,
    0xb9, 0x0, 0x51, 0x4a, 0xd2, 0xb3, 0x40, 0x0,

    /* U+0102 "Ă" */
    0x0, 0xce, 0x1, 0x22, 0x0, 0x3e, 0x87, 0x23,
    0x93, 0x0, 0xfa, 0x63, 0x70, 0x5c, 0x3, 0xe6,
    0xeb, 0xcc, 0x0, 0x7f, 0x35, 0xe0, 0x7, 0xfa,
    0x80, 0xa, 0x1, 0xf8, 0xc8, 0x43, 0x80, 0x3f,
    0x58, 0x58, 0xa0, 0x80, 0x7c, 0xc0, 0xac, 0xe,
    0x1, 0xe4, 0x14, 0xb, 0xa, 0x0, 0xf7, 0x7,
    0x1, 0x91, 0x90, 0x7, 0x28, 0x28, 0x1, 0x41,
    0x40, 0x32, 0x82, 0x80, 0x56, 0x14, 0x1, 0xb8,
    0x34, 0x8a, 0x11, 0x11, 0x80, 0x5, 0x2, 0x37,
    0x70, 0x85, 0x80, 0x18, 0x12, 0xab, 0xc0, 0xc0,
    0xb, 0x8, 0x55, 0xf2, 0xa, 0x11, 0x9c, 0x1,
    0xef, 0xe,

    /* U+0103 "ă" */
    0x0, 0xde, 0x80, 0x37, 0x20, 0x1e, 0x7b, 0xfe,
    0x5b, 0x0, 0xf4, 0x6d, 0x53, 0x88, 0x3, 0xe2,
    0x55, 0x0, 0x7c, 0xb7, 0xdf, 0x8c, 0x1b, 0xe0,
    0x9, 0xa4, 0x56, 0x9, 0x90, 0x4, 0xac, 0x5b,
    0x73, 0x98, 0x72, 0x0, 0x48, 0x71, 0x0, 0x47,
    0x60, 0x11, 0x91, 0x80, 0x72, 0x80, 0x4, 0x18,
    0x3, 0xe1, 0x1, 0x6, 0x0, 0xf8, 0x40, 0x6,
    0x44, 0x0, 0xe4, 0x0, 0xa4, 0x38, 0x40, 0x22,
    0x90, 0x9, 0x5c, 0xfe, 0x1a, 0x75, 0xc8, 0x2,
    0x8a, 0x56, 0x95, 0x9a, 0x0, 0x0,

    /* U+0104 "Ą" */
    0x0, 0xe7, 0xff, 0x0, 0x7f, 0xa8, 0x0, 0xa0,
    0x1f, 0x8c, 0x84, 0x38, 0x3, 0xf5, 0x85, 0x8a,
    0x8, 0x7, 0xcc, 0xa, 0xc0, 0xe0, 0x1e, 0x41,
    0x40, 0xb0, 0xa0, 0xf, 0x70, 0x70, 0x19, 0x19,
    0x0, 0x72, 0x82, 0x80, 0x14, 0x14, 0x3, 0x28,
    0x28, 0x5, 0x61, 0x40, 0x1b, 0x83, 0x48, 0xa1,
    0x11, 0x18, 0x0, 0x50, 0x23, 0x77, 0x8, 0x58,
    0x1, 0x81, 0x2a, 0xbc, 0xc, 0x0, 0xb0, 0x85,
    0x5f, 0x20, 0xa1, 0x19, 0xc0, 0x1e, 0xe0, 0xe2,
    0xfc, 0x0, 0xf1, 0xda, 0x40, 0x7, 0xf7, 0x2d,
    0x90, 0x7, 0xf1, 0x80, 0x90, 0x7, 0xf4, 0x27,
    0x68, 0x7, 0xf3, 0x7e, 0xf8,

    /* U+0105 "ą" */
    0x0, 0x96, 0xfb, 0xf1, 0x83, 0x7c, 0x2, 0x9a,
    0x45, 0x60, 0x99, 0x0, 0x65, 0x62, 0xdb, 0x9c,
    0xc3, 0x90, 0x5, 0x21, 0xc4, 0x1, 0x1d, 0x80,
    0x63, 0x23, 0x0, 0xe5, 0x0, 0x84, 0x18, 0x3,
    0xe1, 0x0, 0x8, 0x30, 0x7, 0xc2, 0x1, 0x19,
    0x18, 0x7, 0x28, 0x6, 0x90, 0xe2, 0x0, 0x8e,
    0xc0, 0x32, 0xb9, 0x6d, 0xce, 0x61, 0xc8, 0x3,
    0x45, 0x22, 0xb0, 0x55, 0x98, 0x7, 0x2d, 0xf7,
    0xe3, 0xea, 0x70, 0x7, 0xf4, 0x95, 0x8, 0x7,
    0xfc, 0x22, 0x0, 0xfe, 0xf3, 0xee, 0x10, 0x7,
    0xe4, 0xed, 0xe2,

    /* U+0106 "Ć" */
    0x0, 0xfe, 0x30, 0xf, 0xfe, 0x1, 0x57, 0x0,
    0x7f, 0xd1, 0xad, 0x20, 0x1f, 0xe6, 0x5a, 0xc4,
    0x0, 0xff, 0x3e, 0xa8, 0x7, 0xfc, 0x51, 0xbf,
    0xed, 0x81, 0x0, 0xf4, 0x6b, 0xb, 0x28, 0x3f,
    0x20, 0x6, 0x87, 0x3d, 0xc9, 0xad, 0xa0, 0xb4,
    0x0, 0x1b, 0x96, 0x10, 0x6, 0x5a, 0xa, 0x0,
    0x48, 0x48, 0x7, 0xcb, 0xb8, 0x0, 0x51, 0x40,
    0xf, 0xc4, 0x40, 0x10, 0x20, 0xf, 0xfe, 0x78,
    0x81, 0x0, 0x7f, 0xf0, 0x54, 0x4c, 0x3, 0xf0,
    0x90, 0x2, 0x43, 0xc0, 0x3e, 0x4e, 0xc0, 0x1,
    0xb9, 0xe1, 0x0, 0x65, 0xb0, 0xb0, 0xa, 0x1c,
    0xf6, 0xe6, 0xb6, 0x82, 0x94, 0x3, 0x46, 0x33,
    0x4a, 0xf, 0xca, 0x0,

    /* U+0107 "ć" */
    0x0, 0xf8, 0x80, 0x3f, 0xd1, 0xa0, 0x1f, 0x9b,
    0x9a, 0x40, 0x3e, 0x38, 0x9e, 0x60, 0xf, 0x8b,
    0xdc, 0x3, 0xf9, 0x6b, 0xbf, 0x60, 0x40, 0x34,
    0xda, 0xbb, 0x85, 0xfc, 0x80, 0xa, 0xc7, 0xd3,
    0x19, 0x23, 0xc0, 0x9, 0xe, 0x0, 0xcc, 0xea,
    0x20, 0x64, 0x40, 0xe, 0x89, 0x11, 0x0, 0x80,
    0x7f, 0x8, 0x8, 0x7, 0xf8, 0xc8, 0x80, 0x1d,
    0x12, 0x21, 0x21, 0x20, 0x19, 0x5d, 0x44, 0x15,
    0x93, 0xa6, 0x2e, 0x87, 0x40, 0x29, 0xa5, 0x77,
    0x33, 0xf8, 0x80,

    /* U+010A "Ċ" */
    0x0, 0xff, 0xe5, 0x76, 0x0, 0x7f, 0xf0, 0x4d,
    0xc0, 0x3f, 0xf8, 0x3b, 0x60, 0x1f, 0xe2, 0x9d,
    0xff, 0x6c, 0x8, 0x7, 0xa3, 0x58, 0x59, 0x41,
    0xf9, 0x0, 0x34, 0x39, 0xee, 0x4d, 0x6d, 0x5,
    0xa0, 0x0, 0xdc, 0xb0, 0x80, 0x32, 0xd0, 0x50,
    0x2, 0x42, 0x40, 0x3e, 0x5d, 0xc0, 0x2, 0x8a,
    0x0, 0x7e, 0x22, 0x0, 0x81, 0x0, 0x7f, 0xf3,
    0xc4, 0x8, 0x3, 0xff, 0x82, 0xa2, 0x60, 0x1f,
    0x84, 0x80, 0x12, 0x1e, 0x1, 0xf2, 0x76, 0x0,
    0xd, 0xcf, 0x8, 0x3, 0x2d, 0x85, 0x80, 0x50,
    0xe7, 0xb7, 0x35, 0xb4, 0x14, 0xa0, 0x1a, 0x31,
    0x9a, 0x50, 0x7e, 0x50, 0x0,

    /* U+010B "ċ" */
    0x0, 0xeb, 0xd0, 0xf, 0xf3, 0x98, 0x7, 0xfb,
    0x38, 0x3, 0xf2, 0x5f, 0x7e, 0xc0, 0x80, 0x69,
    0xb5, 0x77, 0xb, 0xf9, 0x0, 0x15, 0x8f, 0xa6,
    0x32, 0x47, 0x80, 0x12, 0x1c, 0x1, 0x99, 0xd4,
    0x40, 0xc8, 0x80, 0x1d, 0x12, 0x22, 0x1, 0x0,
    0xfe, 0x10, 0x10, 0xf, 0xf1, 0x91, 0x0, 0x3a,
    0x24, 0x42, 0x42, 0x40, 0x32, 0xba, 0x88, 0x2b,
    0x27, 0x4c, 0x5d, 0xe, 0x80, 0x53, 0x4a, 0xee,
    0x67, 0xf1, 0x0,

    /* U+010C "Č" */
    0x0, 0xe8, 0x10, 0x1, 0x38, 0x7, 0xf1, 0x73,
    0xc6, 0xf8, 0x7, 0xf5, 0x52, 0x56, 0xe0, 0x3,
    0xfc, 0xbd, 0xa8, 0x1, 0xfc, 0x53, 0xbf, 0xed,
    0x81, 0x0, 0xf4, 0x6b, 0xb, 0x28, 0x3f, 0x20,
    0x6, 0x87, 0x3d, 0xc9, 0xad, 0xa0, 0xb4, 0x0,
    0x1b, 0x96, 0x10, 0x6, 0x5a, 0xa, 0x0, 0x48,
    0x48, 0x7, 0xcb, 0xb8, 0x0, 0x51, 0x40, 0xf,
    0xc4, 0x40, 0x10, 0x20, 0xf, 0xfe, 0x78, 0x81,
    0x0, 0x7f, 0xf0, 0x54, 0x4c, 0x3, 0xf0, 0x90,
    0x2, 0x43, 0xc0, 0x3e, 0x4e, 0xc0, 0x1, 0xb9,
    0xe1, 0x0, 0x65, 0xb0, 0xb0, 0xa, 0x1c, 0xf6,
    0xe6, 0xb6, 0x82, 0x94, 0x3, 0x46, 0x33, 0x4a,
    0xf, 0xca, 0x0,

    /* U+010D "č" */
    0x0, 0x98, 0x80, 0x2, 0xe0, 0x1e, 0xed, 0x86,
    0xfc, 0x0, 0xf4, 0x5a, 0xc4, 0x2c, 0x3, 0xe4,
    0xde, 0x60, 0xf, 0x92, 0xfb, 0xf6, 0x4, 0x3,
    0x4d, 0xab, 0xb8, 0x5f, 0xc8, 0x0, 0xac, 0x7d,
    0x31, 0x92, 0x3c, 0x0, 0x90, 0xe0, 0xc, 0xce,
    0xa2, 0x6, 0x44, 0x0, 0xe8, 0x91, 0x10, 0x8,
    0x7, 0xf0, 0x80, 0x80, 0x7f, 0x8c, 0x88, 0x1,
    0xd1, 0x22, 0x12, 0x12, 0x1, 0x95, 0xd4, 0x41,
    0x59, 0x3a, 0x62, 0xe8, 0x74, 0x2, 0x9a, 0x57,
    0x73, 0x3f, 0x88, 0x0,

    /* U+010E "Ď" */
    0x0, 0xa0, 0xc0, 0x5, 0x0, 0x1f, 0xb2, 0x63,
    0x44, 0x3, 0xe8, 0xc5, 0x55, 0xc8, 0x7, 0xe3,
    0xcd, 0x40, 0xe, 0x7f, 0xfd, 0xdb, 0x26, 0x1,
    0xe5, 0x88, 0x33, 0xbb, 0x28, 0x40, 0x37, 0xbb,
    0xa2, 0xb9, 0xd7, 0x40, 0x3f, 0xd0, 0xc6, 0xe0,
    0x1f, 0xe8, 0xa, 0x0, 0xff, 0xa, 0x10, 0x80,
    0x7f, 0x88, 0x8, 0x3, 0xff, 0x96, 0x40, 0x40,
    0x1f, 0xc2, 0x84, 0x20, 0x1f, 0xd2, 0x14, 0x1,
    0xfd, 0xe, 0x6e, 0x1, 0x7b, 0xba, 0x2b, 0x9d,
    0x34, 0x3, 0x2c, 0x41, 0xdc, 0x97, 0x61, 0x0,
    0x0,

    /* U+010F "ď" */
    0x0, 0xff, 0x6f, 0x87, 0xf0, 0x7, 0xff, 0x9,
    0x44, 0x3, 0xff, 0x85, 0x40, 0x1f, 0xfc, 0x34,
    0x20, 0xc, 0xb7, 0xdf, 0x8a, 0x1, 0xbf, 0x80,
    0x29, 0xa4, 0x56, 0xa, 0x90, 0xa, 0xcc, 0x0,
    0xac, 0x5b, 0x73, 0x98, 0x72, 0x0, 0xf4, 0x87,
    0x10, 0x4, 0x76, 0x1, 0xf1, 0x91, 0x80, 0x72,
    0x80, 0x78, 0x41, 0x80, 0x3e, 0x10, 0xe, 0x10,
    0x60, 0xf, 0x84, 0x3, 0xc6, 0x44, 0x0, 0xe4,
    0x0, 0xfa, 0x43, 0x84, 0x2, 0x29, 0x0, 0xf9,
    0x5c, 0xfe, 0x1a, 0x75, 0xc8, 0x3, 0xe8, 0xb5,
    0x69, 0x59, 0xa0, 0xf, 0x0,

    /* U+0110 "Đ" */
    0x1, 0xff, 0xed, 0xb6, 0x0, 0xf8, 0xa2, 0x24,
    0x69, 0xd3, 0x0, 0xe6, 0x77, 0xa7, 0x6c, 0xf0,
    0x80, 0x3f, 0xc9, 0xa1, 0xc0, 0x1f, 0xf1, 0xa9,
    0x98, 0x3, 0xfe, 0xc0, 0x48, 0xa0, 0x5a, 0xa9,
    0x80, 0x22, 0xe, 0x54, 0x1, 0x55, 0xbc, 0x3,
    0xdb, 0xc0, 0x9f, 0xf4, 0x80, 0x42, 0x1c, 0x1,
    0xff, 0x78, 0x20, 0x7, 0xf8, 0x94, 0x8c, 0x3,
    0xf8, 0xf0, 0x38, 0x3, 0x33, 0x67, 0xbc, 0xb,
    0x30, 0xc, 0x53, 0x38, 0x27, 0x90, 0x0,

    /* U+0111 "đ" */
    0x0, 0xff, 0x6f, 0x80, 0x7f, 0xf2, 0xc7, 0xfc,
    0x41, 0xe6, 0x1, 0xf0, 0xee, 0x84, 0x34, 0xc0,
    0x25, 0xbe, 0xfc, 0x72, 0x30, 0x20, 0xa, 0x69,
    0x15, 0x82, 0xa4, 0x3, 0x95, 0x8b, 0x6e, 0x73,
    0xe, 0x40, 0x1a, 0x43, 0x88, 0x2, 0x3b, 0x0,
    0xe3, 0x23, 0x0, 0xe5, 0x0, 0xc2, 0xc, 0x1,
    0xf0, 0x80, 0x42, 0xc, 0x1, 0xf0, 0x80, 0x63,
    0x22, 0x0, 0x72, 0x0, 0x74, 0x87, 0x8, 0x4,
    0x52, 0x1, 0xca, 0xe7, 0xf0, 0xd3, 0xae, 0x40,
    0x1d, 0x16, 0xad, 0x2b, 0x34, 0x1, 0x80,

    /* U+0112 "Ē" */
    0x1, 0x1f, 0x0, 0x1f, 0xbb, 0xd2, 0xd, 0x77,
    0xf0, 0xa, 0x27, 0x88, 0x1f, 0xff, 0xe0, 0x9,
    0x62, 0x38, 0x2, 0xf7, 0x7e, 0x0, 0xff, 0xe4,
    0x91, 0x70, 0x6, 0x8d, 0xdc, 0xe0, 0x13, 0x55,
    0x65, 0x0, 0xb1, 0x57, 0x10, 0x7, 0xff, 0x4b,
    0xdd, 0xf8, 0x2, 0x58, 0x8e, 0x0,

    /* U+0113 "ē" */
    0x0, 0x2f, 0xff, 0xac, 0x3, 0x25, 0x57, 0xa0,
    0x3, 0xa, 0xaf, 0x8c, 0x3, 0x92, 0xfb, 0xf6,
    0x4, 0x3, 0x4d, 0xaa, 0x38, 0xbf, 0x90, 0x1,
    0x58, 0xfe, 0xa3, 0x28, 0x7c, 0x1, 0x21, 0xc2,
    0x1, 0x2a, 0x89, 0x0, 0xc8, 0x8, 0xbb, 0x40,
    0xc4, 0xb, 0x77, 0xd0, 0x1e, 0x20, 0x55, 0x5f,
    0xc0, 0x64, 0x8a, 0xbc, 0x26, 0x60, 0x90, 0xa0,
    0xc, 0x97, 0x61, 0x5, 0x74, 0xea, 0x8b, 0xb0,
    0xf0, 0x5, 0x16, 0xa8, 0xec, 0xfe, 0x60,

    /* U+0114 "Ĕ" */
    0x6, 0x20, 0x0, 0xb8, 0x5, 0x92, 0x44, 0x8b,
    0x0, 0xa1, 0xb7, 0x4f, 0x0, 0x11, 0x6e, 0x63,
    0x90, 0x0, 0xff, 0xec, 0xc7, 0xfc, 0x1, 0x2c,
    0x47, 0x0, 0x5e, 0xef, 0xc0, 0x1f, 0xfc, 0x92,
    0x2e, 0x0, 0xd1, 0xbb, 0x9c, 0x2, 0x6a, 0xac,
    0xa0, 0x16, 0x2a, 0xe2, 0x0, 0xff, 0xe9, 0x7b,
    0xbf, 0x0, 0x4b, 0x11, 0xc0,

    /* U+0115 "ĕ" */
    0x0, 0xa6, 0x84, 0x17, 0xc0, 0x3d, 0x69, 0xdf,
    0x4e, 0x1, 0xe2, 0xfa, 0xa6, 0xc0, 0x7, 0xc2,
    0xaa, 0x20, 0xf, 0x92, 0xfb, 0xf6, 0x4, 0x3,
    0x4d, 0xaa, 0x38, 0xbf, 0x90, 0x1, 0x58, 0xfe,
    0xa3, 0x28, 0x7c, 0x1, 0x21, 0xc2, 0x1, 0x2a,
    0x89, 0x0, 0xc8, 0x8, 0xbb, 0x40, 0xc4, 0xb,
    0x77, 0xd0, 0x1e, 0x20, 0x55, 0x5f, 0xc0, 0x64,
    0x8a, 0xbc, 0x26, 0x60, 0x90, 0xa0, 0xc, 0x97,
    0x61, 0x5, 0x74, 0xea, 0x8b, 0xb0, 0xf0, 0x5,
    0x16, 0xa8, 0xec, 0xfe, 0x60,

    /* U+0116 "Ė" */
    0x0, 0xff, 0xe0, 0x67, 0x0, 0x7c, 0xe6, 0x1,
    0xf5, 0xe8, 0x6, 0x7f, 0xff, 0x80, 0x25, 0x88,
    0xe0, 0xb, 0xdd, 0xf8, 0x3, 0xff, 0x92, 0x45,
    0xc0, 0x1a, 0x37, 0x73, 0x80, 0x4d, 0x55, 0x94,
    0x2, 0xc5, 0x5c, 0x40, 0x1f, 0xfd, 0x2f, 0x77,
    0xe0, 0x9, 0x62, 0x38, 0x0,

    /* U+0117 "ė" */
    0x0, 0xe9, 0xe1, 0x0, 0xfe, 0x31, 0x0, 0xff,
    0x57, 0x88, 0x7, 0xc9, 0x7d, 0xfb, 0x2, 0x1,
    0xa6, 0xd5, 0x1c, 0x5f, 0xc8, 0x0, 0xac, 0x7f,
    0x51, 0x94, 0x3e, 0x0, 0x90, 0xe1, 0x0, 0x95,
    0x44, 0x80, 0x64, 0x4, 0x5d, 0xa0, 0x62, 0x5,
    0xbb, 0xe8, 0xf, 0x10, 0x2a, 0xaf, 0xe0, 0x32,
    0x45, 0x5e, 0x13, 0x30, 0x48, 0x50, 0x6, 0x4b,
    0xb0, 0x82, 0xba, 0x75, 0x45, 0xd8, 0x78, 0x2,
    0x8b, 0x54, 0x76, 0x7f, 0x30,

    /* U+0118 "Ę" */
    0x7f, 0xff, 0x80, 0x25, 0x88, 0xe0, 0xb, 0xdd,
    0xf8, 0x3, 0xff, 0x92, 0x45, 0xc0, 0x1a, 0x37,
    0x73, 0x80, 0x4d, 0x55, 0x94, 0x2, 0xc5, 0x5c,
    0x40, 0x1f, 0xfd, 0x2f, 0x77, 0xe0, 0x9, 0x62,
    0x38, 0x1f, 0xfe, 0xe2, 0x25, 0x80, 0x74, 0x1e,
    0xa0, 0x7, 0x10, 0x8, 0x80, 0x3a, 0x3, 0xb8,
    0x60, 0x18, 0xfb, 0x78, 0xc0,

    /* U+0119 "ę" */
    0x0, 0x92, 0xfb, 0xf6, 0x4, 0x3, 0x45, 0xaa,
    0x38, 0xbf, 0x90, 0x1, 0x5c, 0xfe, 0xa3, 0x28,
    0x7c, 0x1, 0x21, 0xc2, 0x1, 0x2a, 0x89, 0x0,
    0xc8, 0x8, 0xbb, 0x40, 0xc4, 0xb, 0x77, 0xd0,
    0x1e, 0x0, 0x2a, 0xaf, 0xe1, 0x11, 0x2a, 0xf9,
    0xd8, 0x81, 0x82, 0x0, 0x30, 0xee, 0x8, 0x41,
    0x3d, 0x21, 0x2e, 0x4, 0x8, 0x3, 0x11, 0x6f,
    0x68, 0xa1, 0xc0, 0x21, 0xbd, 0x20, 0x8f, 0x70,
    0xf, 0x9, 0x5b, 0x80, 0x7e, 0x60, 0x10, 0x10,
    0xf, 0x94, 0xeb, 0xe0, 0x3, 0xf6, 0x76, 0xc8,
    0x4,

    /* U+011A "Ě" */
    0x7, 0x30, 0x0, 0xc0, 0x6, 0xc9, 0x7e, 0x20,
    0x9, 0xf1, 0x6a, 0xe8, 0x3, 0x1e, 0x6a, 0x0,
    0x4f, 0xff, 0xf0, 0x4, 0xb1, 0x1c, 0x1, 0x7b,
    0xbf, 0x0, 0x7f, 0xf2, 0x48, 0xb8, 0x3, 0x46,
    0xee, 0x70, 0x9, 0xaa, 0xb2, 0x80, 0x58, 0xab,
    0x88, 0x3, 0xff, 0xa5, 0xee, 0xfc, 0x1, 0x2c,
    0x47, 0x0,

    /* U+011B "ě" */
    0x0, 0x94, 0xc0, 0x28, 0x0, 0xf1, 0xe4, 0xaf,
    0x28, 0x7, 0x9b, 0x16, 0xa7, 0x40, 0x3e, 0x3c,
    0xe7, 0x0, 0xf9, 0x2f, 0xb9, 0xb0, 0x20, 0x1a,
    0x6d, 0x51, 0xc5, 0xfc, 0x80, 0xa, 0xc7, 0xf5,
    0x19, 0x43, 0xe0, 0x9, 0xe, 0x10, 0x9, 0x54,
    0x48, 0x6, 0x40, 0x45, 0xda, 0x6, 0x20, 0x5b,
    0xbe, 0x80, 0xf1, 0x2, 0xaa, 0xfe, 0x3, 0x24,
    0x55, 0xe1, 0x33, 0x4, 0x85, 0x0, 0x64, 0xbb,
    0x8, 0x2b, 0xa7, 0x54, 0x5d, 0x87, 0x80, 0x28,
    0xb5, 0x47, 0x67, 0xf3, 0x0,

    /* U+011E "Ğ" */
    0x0, 0xef, 0x20, 0x3, 0xd0, 0x7, 0xf1, 0xc1,
    0x1d, 0x68, 0x7, 0xf7, 0xa6, 0xe0, 0xb8, 0x7,
    0xf1, 0xf6, 0x64, 0x1, 0xfc, 0x53, 0xb9, 0x94,
    0x8, 0x7, 0x9f, 0x58, 0x15, 0x9, 0xfc, 0xc0,
    0x34, 0x40, 0xf7, 0x55, 0x7d, 0x3, 0x86, 0x0,
    0x37, 0x2c, 0x20, 0xc, 0xf2, 0x1e, 0x0, 0x90,
    0x90, 0xf, 0x9a, 0xa4, 0x0, 0xa2, 0x80, 0x1f,
    0x95, 0x40, 0x20, 0x40, 0x18, 0x48, 0xbc, 0x20,
    0x1f, 0x6e, 0xfd, 0x42, 0x4, 0x1, 0xbe, 0xab,
    0x38, 0x8, 0x28, 0xa0, 0x4, 0x6a, 0xb8, 0x1,
    0x81, 0x21, 0x20, 0x1f, 0x13, 0x8b, 0x1, 0xb9,
    0x61, 0x0, 0x64, 0xc0, 0xb0, 0xa, 0x20, 0x7b,
    0xaa, 0xa6, 0xd8, 0x52, 0x80, 0x67, 0xd6, 0x5,
    0x41, 0x8f, 0x50, 0x0,

    /* U+011F "ğ" */
    0x0, 0xde, 0x80, 0x37, 0x20, 0x1e, 0x7b, 0xfe,
    0x5b, 0x0, 0xf4, 0x6d, 0x53, 0x88, 0x3, 0xe2,
    0x55, 0x0, 0x7c, 0xb7, 0xdf, 0x8c, 0x1b, 0xe0,
    0x9, 0xa5, 0x69, 0x59, 0xb0, 0x9, 0x58, 0xfa,
    0x1a, 0x79, 0x88, 0x1, 0x21, 0xc0, 0x18, 0x64,
    0x2, 0x32, 0x20, 0x7, 0x20, 0x0, 0x41, 0x80,
    0x3e, 0x10, 0x10, 0x60, 0xf, 0x84, 0x0, 0x64,
    0x60, 0x1c, 0xc0, 0x14, 0x87, 0x10, 0x4, 0x70,
    0x1, 0x2b, 0x96, 0xdc, 0xe6, 0x18, 0x80, 0x28,
    0xb4, 0x56, 0xa, 0x80, 0xe, 0x4b, 0xef, 0xc5,
    0x2, 0x10, 0x5a, 0x40, 0xe, 0x20, 0x50, 0x75,
    0xa3, 0x0, 0x87, 0x83, 0x80, 0xa0, 0x72, 0xe6,
    0xb8, 0xd9, 0x40, 0xf, 0xaa, 0xcc, 0x44, 0x54,
    0x80,

    /* U+0120 "Ġ" */
    0x0, 0xff, 0xe4, 0x8f, 0x50, 0x7, 0xff, 0x3c,
    0x7a, 0x80, 0x3f, 0xc5, 0x3b, 0xfe, 0xc8, 0x10,
    0xf, 0x3e, 0xb0, 0x2a, 0x13, 0xf9, 0x80, 0x68,
    0x81, 0xee, 0xaa, 0xfa, 0x7, 0xc, 0x0, 0x6e,
    0x58, 0x40, 0x19, 0xe4, 0x3c, 0x1, 0x21, 0x20,
    0x1f, 0x35, 0x48, 0x1, 0x45, 0x0, 0x3f, 0x2a,
    0x80, 0x40, 0x80, 0x30, 0x91, 0x78, 0x40, 0x3e,
    0xdd, 0xfa, 0x84, 0x8, 0x3, 0x7d, 0x56, 0x70,
    0x10, 0x51, 0x40, 0x8, 0xd5, 0x70, 0x3, 0x2,
    0x42, 0x40, 0x3e, 0x27, 0x16, 0x3, 0x72, 0xc2,
    0x0, 0xc9, 0x81, 0x60, 0x14, 0x40, 0xf7, 0x55,
    0x4d, 0xb0, 0xa5, 0x0, 0xcf, 0xac, 0xa, 0x83,
    0x1e, 0xa0, 0x0,

    /* U+0121 "ġ" */
    0x0, 0xe1, 0xe9, 0x0, 0xfe, 0x31, 0x30, 0xf,
    0xe2, 0xfa, 0x0, 0xf9, 0x6f, 0xbf, 0x18, 0x37,
    0xc0, 0x13, 0x4a, 0xd2, 0xb3, 0x60, 0x12, 0xb1,
    0xf4, 0x34, 0xf3, 0x10, 0x2, 0x43, 0x80, 0x30,
    0xc8, 0x4, 0x64, 0x40, 0xe, 0x40, 0x0, 0x83,
    0x0, 0x7c, 0x20, 0x20, 0xc0, 0x1f, 0x8, 0x0,
    0xc8, 0xc0, 0x39, 0x80, 0x29, 0xe, 0x20, 0x8,
    0xe0, 0x2, 0x57, 0x2d, 0xb9, 0xcc, 0x31, 0x0,
    0x51, 0x68, 0xac, 0x15, 0x0, 0x1c, 0x97, 0xdf,
    0x8a, 0x4, 0x20, 0xb4, 0x80, 0x1c, 0x40, 0xa0,
    0xeb, 0x46, 0x1, 0xf, 0x7, 0x1, 0x40, 0xe5,
    0xcd, 0x71, 0xb2, 0x80, 0x1f, 0x55, 0x98, 0x88,
    0xa9, 0x0,

    /* U+0122 "Ģ" */
    0x0, 0xc5, 0x3b, 0xfe, 0xc8, 0x10, 0xf, 0x3e,
    0xb0, 0x2a, 0x13, 0xf9, 0x80, 0x68, 0x81, 0xee,
    0xaa, 0xfa, 0x7, 0xc, 0x0, 0x6e, 0x58, 0x40,
    0x19, 0xe4, 0x3c, 0x1, 0x21, 0x20, 0x1f, 0x35,
    0x48, 0x1, 0x45, 0x0, 0x3f, 0x2a, 0x80, 0x40,
    0x80, 0x30, 0x91, 0x78, 0x40, 0x3e, 0xdd, 0xfa,
    0x84, 0x8, 0x3, 0x7d, 0x56, 0x70, 0x10, 0x51,
    0x40, 0x8, 0xd5, 0x70, 0x3, 0x2, 0x42, 0x40,
    0x3e, 0x27, 0x16, 0x3, 0x72, 0xc2, 0x0, 0xc9,
    0x81, 0x60, 0x14, 0x40, 0xf7, 0x55, 0x4d, 0xb0,
    0xa5, 0x0, 0xcf, 0xac, 0xa, 0x83, 0x1e, 0xa0,
    0x1e, 0x29, 0xdf, 0xec, 0x71, 0x0, 0xfe, 0x2f,
    0xb0, 0xf, 0xfe, 0x1, 0xa3, 0x0, 0x7f, 0xf0,
    0x7, 0xc4, 0x3, 0xff, 0x80, 0x33, 0x0, 0x1e,

    /* U+0123 "ģ" */
    0x0, 0xf4, 0xc0, 0x7, 0xf2, 0xaa, 0x0, 0x3f,
    0xc7, 0x40, 0x1f, 0xce, 0x9a, 0x1, 0xfc, 0x56,
    0xe0, 0x1f, 0x2d, 0xf7, 0xe3, 0x6, 0xf8, 0x2,
    0x69, 0x5a, 0x56, 0x6c, 0x2, 0x56, 0x3e, 0x86,
    0x9e, 0x62, 0x0, 0x48, 0x70, 0x6, 0x19, 0x0,
    0x8c, 0x88, 0x1, 0xc8, 0x0, 0x10, 0x60, 0xf,
    0x84, 0x4, 0x18, 0x3, 0xe1, 0x0, 0x19, 0x18,
    0x7, 0x30, 0x5, 0x21, 0xc4, 0x1, 0x1c, 0x0,
    0x4a, 0xe5, 0xb7, 0x39, 0x86, 0x20, 0xa, 0x2d,
    0x15, 0x82, 0xa0, 0x3, 0x92, 0xfb, 0xf1, 0x40,
    0x84, 0x16, 0x90, 0x3, 0x88, 0x14, 0x1d, 0x68,
    0xc0, 0x21, 0xe0, 0xe0, 0x28, 0x1c, 0xb9, 0xae,
    0x36, 0x50, 0x3, 0xea, 0xb3, 0x11, 0x15, 0x20,

    /* U+0128 "Ĩ" */
    0xa, 0xfa, 0x19, 0x92, 0x3d, 0x8f, 0x3d, 0xae,
    0x25, 0xef, 0x10, 0x89, 0xfd, 0xc0, 0x3f, 0xff,
    0xe0, 0x1f, 0xfc, 0x60,

    /* U+0129 "ĩ" */
    0xa, 0xfa, 0x19, 0x92, 0x3d, 0x8f, 0x3d, 0xae,
    0x25, 0xef, 0x10, 0x89, 0xfd, 0xc0, 0x3f, 0xff,
    0x80,

    /* U+012A "Ī" */
    0x1, 0x1f, 0xdd, 0xdf, 0xd, 0xdf, 0xc0, 0x89,
    0xf0, 0x4, 0xfe, 0xa0, 0x1f, 0xff, 0xf0, 0xf,
    0xfe, 0x98,

    /* U+012B "ī" */
    0x1f, 0xff, 0x86, 0xab, 0xe0, 0x55, 0xf8, 0x2,
    0x7f, 0x50, 0xf, 0xff, 0xf8, 0x7, 0xc0,

    /* U+012C "Ĭ" */
    0x35, 0x0, 0x98, 0x9e, 0x90, 0x96, 0x41, 0x16,
    0xf6, 0x9c, 0x82, 0xb6, 0xfa, 0x0, 0x25, 0xb4,
    0x0, 0xff, 0xff, 0x80, 0x7f, 0xf1, 0x80,

    /* U+012D "ĭ" */
    0x5d, 0x20, 0x2e, 0x35, 0xd, 0xfd, 0x23, 0xd,
    0xb9, 0xbc, 0x0, 0x91, 0x90, 0x3, 0x3f, 0xa8,
    0x7, 0xff, 0xf0,

    /* U+012E "Į" */
    0x0, 0x3f, 0xa8, 0x7, 0xff, 0xcb, 0xc0, 0x28,
    0x77, 0x2a, 0x3d, 0xc0, 0x8, 0x8, 0xa, 0x9d,
    0x7c, 0x86, 0x76, 0xc0,

    /* U+012F "į" */
    0x0, 0x3f, 0xa8, 0x3, 0x43, 0x0, 0x17, 0x30,
    0x0, 0x16, 0x10, 0x3, 0xfa, 0x80, 0x7f, 0xf8,
    0xfc, 0x2, 0x87, 0x72, 0xa3, 0xdc, 0x0, 0x80,
    0x80, 0xa9, 0xd7, 0xc8, 0x67, 0x6c, 0x0,

    /* U+0130 "İ" */
    0x0, 0x9b, 0xd4, 0xc0, 0x57, 0xd1, 0xfd, 0x40,
    0x3f, 0xfb, 0x60,

    /* U+0131 "ı" */
    0x7f, 0x50, 0xf, 0xfe, 0x90,

    /* U+0136 "Ķ" */
    0x7f, 0x50, 0xc, 0xbf, 0xa2, 0x1, 0xe3, 0xa1,
    0xf1, 0x0, 0xe2, 0xd0, 0xd2, 0x0, 0xe1, 0xc1,
    0xb3, 0x0, 0xf6, 0xd, 0x20, 0x7, 0x1d, 0x94,
    0x28, 0x7, 0xa1, 0x1d, 0xc0, 0x1f, 0xfc, 0x68,
    0x37, 0x70, 0x7, 0xc7, 0xa5, 0xa, 0x1, 0xf0,
    0xf8, 0xd2, 0x0, 0x7c, 0x5a, 0x16, 0x60, 0x1f,
    0x1d, 0x86, 0x90, 0x7, 0xc9, 0x43, 0x84, 0xfe,
    0xa0, 0x19, 0x7f, 0x88, 0x3, 0x7f, 0x0, 0x7f,
    0x30, 0x80, 0x7f, 0x58, 0x80, 0x7f, 0x7c, 0x0,
    0x70,

    /* U+0137 "ķ" */
    0x7f, 0x50, 0xf, 0xfe, 0xfe, 0x7d, 0x0, 0x7a,
    0xcd, 0x28, 0x3, 0xa5, 0x11, 0x60, 0x1c, 0xec,
    0x76, 0x1, 0xdf, 0x5, 0xa0, 0x1e, 0x50, 0xe1,
    0x0, 0xf2, 0x87, 0x8, 0x7, 0xbe, 0xb, 0x40,
    0x3e, 0x77, 0x1e, 0x0, 0x7d, 0xa, 0x76, 0x1,
    0xf5, 0x1a, 0x50, 0x3f, 0xa8, 0x5, 0x9f, 0x40,
    0x1b, 0x3c, 0x40, 0x3e, 0xb1, 0x20, 0xf, 0x9c,
    0x8, 0x3, 0xea, 0x61, 0x0, 0xc0,

    /* U+0139 "Ĺ" */
    0x0, 0xc4, 0x40, 0xe, 0x8d, 0x60, 0x9, 0x79,
    0xa5, 0x0, 0x2b, 0x9e, 0x60, 0xd, 0xee, 0x1,
    0xcf, 0xca, 0x1, 0xff, 0xff, 0x0, 0xff, 0xe4,
    0x7b, 0xbe, 0x10, 0x2, 0xc4, 0x62,

    /* U+013A "ĺ" */
    0x0, 0x88, 0xc0, 0x11, 0xaa, 0xae, 0x69, 0x69,
    0x97, 0x30, 0x63, 0x80, 0x67, 0xf5, 0x0, 0xff,
    0xfd, 0x80,

    /* U+013B "Ļ" */
    0x7f, 0x50, 0xf, 0xff, 0xf8, 0x7, 0xff, 0x23,
    0xdd, 0xf0, 0x80, 0x16, 0x23, 0x13, 0xff, 0xf8,
    0xc0, 0x3, 0xf8, 0x1, 0xc2, 0xa4, 0x1, 0xe9,
    0x30, 0xf, 0x74, 0x80, 0x40,

    /* U+013C "ļ" */
    0x7f, 0x50, 0xf, 0xfe, 0xf3, 0xfa, 0xc7, 0xb6,
    0x97, 0x2b, 0xf3, 0xb, 0x0,

    /* U+013D "Ľ" */
    0x7f, 0x50, 0x6f, 0x80, 0xe, 0x22, 0x80, 0x39,
    0x10, 0x40, 0x1c, 0x87, 0x20, 0x1c, 0x94, 0x20,
    0x1f, 0xfe, 0xff, 0x77, 0xc2, 0x0, 0x58, 0x8c,
    0x40,

    /* U+013E "ľ" */
    0x7f, 0x53, 0xfb, 0x0, 0x85, 0x1c, 0x2, 0x28,
    0x10, 0xc, 0x8e, 0x1, 0xe, 0x40, 0x4, 0x36,
    0x40, 0x1f, 0xfe, 0xa0,

    /* U+013F "Ŀ" */
    0x7f, 0x50, 0xf, 0xff, 0x37, 0x60, 0x7, 0x8d,
    0xc0, 0x3d, 0xb6, 0x1, 0xff, 0xcf, 0xf7, 0x7c,
    0x20, 0x5, 0x88, 0xc4,

    /* U+0140 "ŀ" */
    0x7f, 0x50, 0xf, 0xfe, 0xf3, 0xfa, 0x0, 0x42,
    0xe, 0x1, 0x37, 0x98, 0x7, 0xff, 0x48,

    /* U+0141 "Ł" */
    0x3, 0xfa, 0x0, 0xff, 0xf0, 0xc, 0x58, 0x4,
    0x36, 0x8, 0xba, 0x1, 0x6b, 0x82, 0xeb, 0x0,
    0x5f, 0x80, 0x1f, 0x18, 0x7, 0xff, 0x45, 0x9b,
    0x8c, 0x2, 0x39, 0x9d, 0x60,

    /* U+0142 "ł" */
    0x6, 0xf6, 0x0, 0xff, 0xe6, 0xa, 0x80, 0x84,
    0x42, 0xe0, 0x1b, 0x30, 0xc1, 0xe2, 0xfe, 0x1,
    0xff, 0xd0,

    /* U+0143 "Ń" */
    0x0, 0xf8, 0xc0, 0x3f, 0x8a, 0xb0, 0x3, 0xf4,
    0x6b, 0x58, 0x7, 0xc8, 0xb5, 0x88, 0x1, 0xf2,
    0x6a, 0x80, 0x79, 0xfe, 0x80, 0x3c, 0xbf, 0x0,
    0x5, 0x50, 0x7, 0xfd, 0x62, 0x1, 0xfc, 0xc3,
    0x60, 0x1f, 0xd8, 0xca, 0xa0, 0xf, 0xe9, 0x2b,
    0x10, 0xf, 0xe9, 0x1b, 0x0, 0xfe, 0x46, 0x54,
    0x0, 0xfe, 0x91, 0xa1, 0x0, 0xfe, 0xa1, 0x80,
    0xf, 0xe4, 0x66, 0x60, 0x7, 0xf4, 0xb, 0x0,
    0x7f, 0xd, 0x0, 0x7f, 0xc8, 0xa0, 0x0,

    /* U+0144 "ń" */
    0x0, 0xf1, 0x18, 0x7, 0xe8, 0xd6, 0x0, 0xf2,
    0xf3, 0x4a, 0x80, 0x7a, 0x65, 0xcc, 0x1, 0xf6,
    0x38, 0x7, 0x9f, 0xd5, 0xb3, 0xfd, 0x68, 0x1,
    0xa2, 0x52, 0x59, 0x2d, 0x40, 0x22, 0xd8, 0x69,
    0xd0, 0xb0, 0x9, 0x88, 0x2, 0x25, 0x13, 0x0,
    0x78, 0x7, 0x68, 0x30, 0x0, 0xc0, 0x3f, 0xfe,
    0x60,

    /* U+0145 "Ņ" */
    0x7f, 0xa0, 0xf, 0x2f, 0xc0, 0x1, 0x54, 0x1,
    0xff, 0x58, 0x80, 0x7f, 0x30, 0xd8, 0x7, 0xf6,
    0x32, 0xa8, 0x3, 0xfa, 0x4a, 0xc4, 0x3, 0xfa,
    0x46, 0xc0, 0x3f, 0x91, 0x95, 0x0, 0x3f, 0xa4,
    0x68, 0x40, 0x3f, 0xa8, 0x60, 0x3, 0xf9, 0x19,
    0x98, 0x1, 0xfd, 0x2, 0xc0, 0x1f, 0xc3, 0x40,
    0x1f, 0xf2, 0x28, 0x1, 0xfd, 0x40, 0x3d, 0x5f,
    0x0, 0x1d, 0xde, 0x1, 0xfe, 0x70, 0xf, 0xfa,
    0x0, 0x3f, 0xed, 0x90, 0xe,

    /* U+0146 "ņ" */
    0x7f, 0x56, 0xcf, 0xf5, 0xa0, 0x6, 0x89, 0x49,
    0x64, 0xb5, 0x0, 0x8b, 0x61, 0xa7, 0x42, 0xc0,
    0x26, 0x20, 0x8, 0x94, 0x4c, 0x1, 0xe0, 0x1d,
    0xa0, 0xc0, 0x3, 0x0, 0xff, 0xf9, 0xbf, 0xa8,
    0x7, 0x3f, 0xa8, 0x6, 0x8f, 0x50, 0xf, 0xda,
    0x44, 0x0, 0xfc, 0xae, 0x20, 0x1f, 0x98, 0x58,
    0x3, 0x0,

    /* U+0147 "Ň" */
    0x0, 0xa0, 0x80, 0x5, 0x0, 0x1f, 0x6c, 0xc6,
    0x88, 0x7, 0xa3, 0x15, 0x57, 0x20, 0x1f, 0x1e,
    0x6a, 0x0, 0x67, 0xfa, 0x0, 0xf2, 0xfc, 0x0,
    0x15, 0x40, 0x1f, 0xf5, 0x88, 0x7, 0xf3, 0xd,
    0x80, 0x7f, 0x63, 0x2a, 0x80, 0x3f, 0xa4, 0xac,
    0x40, 0x3f, 0xa4, 0x6c, 0x3, 0xf9, 0x19, 0x50,
    0x3, 0xfa, 0x46, 0x84, 0x3, 0xfa, 0x86, 0x0,
    0x3f, 0x91, 0x99, 0x80, 0x1f, 0xd0, 0x2c, 0x1,
    0xfc, 0x34, 0x1, 0xff, 0x22, 0x80, 0x0,

    /* U+0148 "ň" */
    0x0, 0x23, 0x80, 0x52, 0x60, 0x19, 0xa7, 0x5f,
    0x90, 0x80, 0x31, 0x75, 0x4c, 0x68, 0x80, 0x79,
    0xf9, 0x80, 0x33, 0xfa, 0xb6, 0x7f, 0xad, 0x0,
    0x34, 0x4a, 0x4b, 0x25, 0xa8, 0x4, 0x5b, 0xd,
    0x3a, 0x16, 0x1, 0x31, 0x0, 0x44, 0xa2, 0x60,
    0xf, 0x0, 0xed, 0x6, 0x0, 0x18, 0x7, 0xff,
    0xcc,

    /* U+014C "Ō" */
    0x0, 0xe1, 0x1f, 0x0, 0x7e, 0xae, 0xef, 0x30,
    0x7, 0xd1, 0x77, 0xe7, 0x0, 0xf8, 0x91, 0x3c,
    0x20, 0x1f, 0x14, 0xef, 0xf6, 0x38, 0x80, 0x7a,
    0x35, 0x85, 0x90, 0x63, 0xd0, 0x3, 0x43, 0x9e,
    0xe4, 0xd6, 0xd8, 0x5a, 0x0, 0xd, 0xcb, 0x8,
    0x3, 0x26, 0x5, 0x0, 0x24, 0x24, 0x3, 0xe2,
    0x71, 0x60, 0x51, 0x40, 0xf, 0xd6, 0x18, 0x20,
    0x40, 0x1f, 0xc6, 0xc, 0x1, 0xff, 0xc3, 0x10,
    0x20, 0xf, 0xe3, 0x6, 0x5, 0x14, 0x0, 0xfd,
    0x61, 0x81, 0x21, 0x20, 0x1f, 0x13, 0x8b, 0x1,
    0xb9, 0x61, 0x0, 0x64, 0xc0, 0xa0, 0xa, 0x1c,
    0xf7, 0x26, 0xb6, 0xc2, 0xd0, 0x3, 0x46, 0xb0,
    0xb2, 0xc, 0x7a, 0x0, 0x0,

    /* U+014D "ō" */
    0x0, 0x17, 0xff, 0xb8, 0x3, 0x15, 0x57, 0xac,
    0x3, 0x95, 0x7e, 0x0, 0xe3, 0xae, 0xfd, 0x92,
    0x0, 0xcf, 0x8a, 0x8c, 0x2d, 0xaa, 0x0, 0x58,
    0x2e, 0xa9, 0xcc, 0x5, 0x10, 0x48, 0x78, 0x80,
    0x47, 0x21, 0x60, 0x64, 0x40, 0xe, 0x60, 0x41,
    0x6, 0x0, 0xfc, 0x62, 0xc, 0x1, 0xf8, 0xc0,
    0xc8, 0x80, 0x1c, 0xc0, 0xa1, 0x21, 0xe2, 0x1,
    0x24, 0x85, 0x2, 0xb9, 0x75, 0xce, 0x58, 0x59,
    0x0, 0x22, 0xd1, 0x58, 0x5b, 0x50, 0x0,

    /* U+014E "Ŏ" */
    0x0, 0xee, 0x30, 0x3, 0x58, 0x7, 0xf2, 0xc1,
    0x1d, 0x98, 0x7, 0xf4, 0xae, 0xe0, 0xc8, 0x7,
    0xf1, 0x76, 0x64, 0x20, 0x1f, 0x8a, 0x77, 0x37,
    0x1c, 0x40, 0x3d, 0x1a, 0xc2, 0xc8, 0x31, 0xe8,
    0x1, 0xa1, 0xcf, 0x72, 0x6b, 0x6c, 0x2d, 0x0,
    0x6, 0xe5, 0x84, 0x1, 0x93, 0x2, 0x80, 0x12,
    0x12, 0x1, 0xf1, 0x38, 0xb0, 0x28, 0xa0, 0x7,
    0xeb, 0xc, 0x10, 0x20, 0xf, 0xe3, 0x6, 0x0,
    0xff, 0xe1, 0x88, 0x10, 0x7, 0xf1, 0x83, 0x2,
    0x8a, 0x0, 0x7e, 0xb0, 0xc0, 0x90, 0x90, 0xf,
    0x89, 0xc5, 0x80, 0xdc, 0xb0, 0x80, 0x32, 0x60,
    0x50, 0x5, 0xe, 0x7b, 0x93, 0x5b, 0x61, 0x68,
    0x1, 0xa3, 0x58, 0x59, 0x6, 0x3d, 0x0, 0x0,

    /* U+014F "ŏ" */
    0x0, 0x9b, 0x44, 0xb, 0xcc, 0x3, 0x9c, 0x3b,
    0xf5, 0xc, 0x3, 0x87, 0x6e, 0xb2, 0xc0, 0x3f,
    0x22, 0x98, 0x7, 0xc7, 0x5d, 0xfb, 0x24, 0x1,
    0x9f, 0x15, 0x18, 0x5b, 0x54, 0x0, 0xb0, 0x5d,
    0x53, 0x98, 0xa, 0x20, 0x90, 0xf1, 0x0, 0x8e,
    0x42, 0xc0, 0xc8, 0x80, 0x1c, 0xc0, 0x82, 0xc,
    0x1, 0xf8, 0xc4, 0x18, 0x3, 0xf1, 0x81, 0x91,
    0x0, 0x39, 0x81, 0x42, 0x43, 0xc4, 0x2, 0x49,
    0xa, 0x5, 0x72, 0xeb, 0x9c, 0xb0, 0xb2, 0x0,
    0x45, 0xa2, 0xb0, 0xb6, 0xa0, 0x0,

    /* U+0150 "Ő" */
    0x0, 0xf2, 0x7a, 0x1f, 0xa8, 0x7, 0xf7, 0xa2,
    0x25, 0x14, 0x3, 0xf1, 0x24, 0x92, 0xc8, 0x7,
    0xf1, 0x79, 0x13, 0xc8, 0x3, 0xf1, 0x4e, 0xff,
    0x63, 0x88, 0x7, 0xa3, 0x58, 0x59, 0x6, 0x3d,
    0x0, 0x34, 0x39, 0xee, 0x4d, 0x6d, 0x85, 0xa0,
    0x0, 0xdc, 0xb0, 0x80, 0x32, 0x60, 0x50, 0x2,
    0x42, 0x40, 0x3e, 0x27, 0x16, 0x5, 0x14, 0x0,
    0xfd, 0x61, 0x82, 0x4, 0x1, 0xfc, 0x60, 0xc0,
    0x1f, 0xfc, 0x31, 0x2, 0x0, 0xfe, 0x30, 0x60,
    0x51, 0x40, 0xf, 0xd6, 0x18, 0x12, 0x12, 0x1,
    0xf1, 0x38, 0xb0, 0x1b, 0x96, 0x10, 0x6, 0x4c,
    0xa, 0x0, 0xa1, 0xcf, 0x72, 0x6b, 0x6c, 0x2d,
    0x0, 0x34, 0x6b, 0xb, 0x20, 0xc7, 0xa0, 0x0,

    /* U+0151 "ő" */
    0x0, 0xec, 0xc0, 0x5e, 0x80, 0x78, 0xcd, 0xe4,
    0x9c, 0x1, 0xe9, 0x53, 0x86, 0x30, 0xf, 0x55,
    0x2, 0xa4, 0x3, 0xc7, 0x5d, 0xfb, 0x24, 0x1,
    0x9f, 0x15, 0x18, 0x5b, 0x54, 0x0, 0xb0, 0x5d,
    0x53, 0x98, 0xa, 0x20, 0x90, 0xf1, 0x0, 0x8e,
    0x42, 0xc0, 0xc8, 0x80, 0x1c, 0xc0, 0x82, 0xc,
    0x1, 0xf8, 0xc4, 0x18, 0x3, 0xf1, 0x81, 0x91,
    0x0, 0x39, 0x81, 0x42, 0x43, 0xc4, 0x2, 0x49,
    0xa, 0x5, 0x72, 0xeb, 0x9c, 0xb0, 0xb2, 0x0,
    0x45, 0xa2, 0xb0, 0xb6, 0xa0, 0x0,

    /* U+0152 "Œ" */
    0x0, 0xc7, 0x3b, 0xfd, 0x8c, 0x0, 0xff, 0xf9,
    0xc0, 0x28, 0xc6, 0x16, 0x41, 0x9c, 0x10, 0x16,
    0x6e, 0x30, 0x4, 0x39, 0xee, 0x4d, 0x6d, 0x96,
    0x81, 0xcc, 0xf2, 0x1, 0xb9, 0x61, 0x0, 0x64,
    0xc3, 0x0, 0xfe, 0x90, 0x90, 0xf, 0x89, 0xc0,
    0x3f, 0x94, 0x50, 0x3, 0xf5, 0x80, 0x4, 0x78,
    0x4, 0x8, 0x3, 0xf8, 0x80, 0xbb, 0xb7, 0x80,
    0x7f, 0xf0, 0x44, 0xa, 0xef, 0x50, 0x8, 0x10,
    0x7, 0xf1, 0x0, 0x11, 0x38, 0x0, 0xa2, 0x60,
    0x1f, 0x94, 0x3, 0xfa, 0x43, 0xc0, 0x3e, 0x19,
    0x0, 0xfe, 0x37, 0x3a, 0x0, 0xe2, 0xc4, 0x0,
    0xff, 0x43, 0xaf, 0xcb, 0xc5, 0xeb, 0x50, 0x1b,
    0x37, 0x18, 0x5, 0x18, 0xc9, 0xc, 0x15, 0x60,
    0x1, 0x99, 0xe4,

    /* U+0153 "œ" */
    0x0, 0x8e, 0xbb, 0xf6, 0x4, 0x0, 0x53, 0xdf,
    0xd2, 0x40, 0x19, 0xf1, 0x51, 0xd9, 0xfc, 0x8f,
    0x59, 0x1d, 0x5b, 0x50, 0x0, 0xb0, 0x7d, 0x51,
    0x78, 0x1f, 0xa3, 0xb5, 0x17, 0x81, 0x42, 0x12,
    0x1c, 0x20, 0x11, 0xc1, 0xd, 0x90, 0x4, 0x70,
    0x2c, 0x6, 0x44, 0x0, 0xe6, 0x0, 0x20, 0x7,
    0x20, 0x68, 0x83, 0x0, 0x7f, 0x77, 0xff, 0x60,
    0x8, 0x81, 0x80, 0x3c, 0x20, 0xc, 0xcf, 0xd2,
    0x6, 0x44, 0x0, 0xe7, 0x0, 0x39, 0x9f, 0x2,
    0x80, 0x24, 0x38, 0x40, 0x23, 0x92, 0x19, 0x10,
    0x8, 0xb6, 0x4c, 0x15, 0xcf, 0xaa, 0x2f, 0x7,
    0xe8, 0xba, 0xa2, 0xb4, 0x6c, 0x40, 0x11, 0x68,
    0x87, 0x67, 0xf2, 0x4d, 0x54, 0x77, 0x36, 0xa0,
    0x0,

    /* U+0154 "Ŕ" */
    0x0, 0xf1, 0x8, 0x7, 0xc3, 0x3a, 0x60, 0x1e,
    0x6f, 0x4a, 0x20, 0xe, 0x18, 0x86, 0xa8, 0x7,
    0x87, 0x98, 0x3, 0xcf, 0xff, 0xdb, 0x0, 0x1c,
    0xb1, 0x7, 0x17, 0xd0, 0xd, 0xee, 0xe8, 0xc7,
    0x28, 0x0, 0xfd, 0x20, 0x80, 0x1f, 0xe1, 0x0,
    0xfc, 0x80, 0x80, 0x11, 0x14, 0x6f, 0x41, 0x60,
    0x14, 0x6e, 0xb2, 0xb, 0x8, 0x2, 0x7a, 0x80,
    0x3d, 0x30, 0xd, 0xaa, 0xe8, 0x6a, 0x1, 0xfa,
    0x42, 0xc0, 0x3f, 0x13, 0xc, 0x0, 0x7e, 0x81,
    0x72, 0x0, 0xf8, 0x60, 0x38, 0x0,

    /* U+0155 "ŕ" */
    0x0, 0xe2, 0x0, 0x8f, 0x2c, 0x6, 0xb1, 0xec,
    0x29, 0xb2, 0xc8, 0x27, 0xc, 0x0, 0xfa, 0xa9,
    0x9a, 0x0, 0xfb, 0x31, 0x0, 0x2c, 0x7e, 0x0,
    0x15, 0xc0, 0x36, 0x80, 0x71, 0x0, 0x7f, 0xf5,
    0x40,

    /* U+0156 "Ŗ" */
    0x7f, 0xfe, 0xd8, 0x0, 0xe5, 0x88, 0x38, 0xbe,
    0x80, 0x6f, 0x77, 0x46, 0x39, 0x40, 0x7, 0xe9,
    0x4, 0x0, 0xff, 0x8, 0x7, 0xe4, 0x4, 0x0,
    0x88, 0xa3, 0x7a, 0xb, 0x0, 0xa3, 0x75, 0x90,
    0x58, 0x40, 0x13, 0xd4, 0x1, 0xe9, 0x80, 0x6d,
    0x57, 0x43, 0x50, 0xf, 0xd2, 0x16, 0x1, 0xf8,
    0x98, 0x60, 0x3, 0xf4, 0xb, 0x90, 0x7, 0xc3,
    0x1, 0xc0, 0xfe, 0xa0, 0x19, 0xbf, 0x0, 0x3b,
    0xbc, 0x3, 0xf9, 0x80, 0x40, 0x3f, 0x48, 0x8,
    0x7, 0xed, 0x80, 0xe,

    /* U+0157 "ŗ" */
    0x7f, 0x54, 0xcd, 0x0, 0x7d, 0x98, 0x80, 0x16,
    0x3f, 0x0, 0xa, 0xe0, 0x1b, 0x40, 0x38, 0x80,
    0x3f, 0xfa, 0xaf, 0xea, 0x1, 0x47, 0xa8, 0x5,
    0xa4, 0x40, 0x9, 0x5c, 0x40, 0x26, 0x16, 0x0,
    0x80,

    /* U+0158 "Ř" */
    0x0, 0x32, 0x0, 0x6, 0x40, 0x38, 0xee, 0x9f,
    0xd4, 0x3, 0x97, 0x46, 0x6f, 0x0, 0x3c, 0x57,
    0xca, 0x1, 0x9f, 0xff, 0xb6, 0x0, 0x39, 0x62,
    0xe, 0x2f, 0xa0, 0x1b, 0xdd, 0xd1, 0x8e, 0x50,
    0x1, 0xfa, 0x41, 0x0, 0x3f, 0xc2, 0x1, 0xf9,
    0x1, 0x0, 0x22, 0x28, 0xde, 0x82, 0xc0, 0x28,
    0xdd, 0x64, 0x16, 0x10, 0x4, 0xf5, 0x0, 0x7a,
    0x60, 0x1b, 0x55, 0xd0, 0xd4, 0x3, 0xf4, 0x85,
    0x80, 0x7e, 0x26, 0x18, 0x0, 0xfd, 0x2, 0xe4,
    0x1, 0xf0, 0xc0, 0x70, 0x0,

    /* U+0159 "ř" */
    0x16, 0x0, 0x91, 0x1, 0x18, 0x95, 0x60, 0x3e,
    0xb6, 0x3a, 0x80, 0x33, 0xd6, 0x40, 0xfe, 0xaa,
    0xcd, 0x0, 0xbe, 0xcc, 0x40, 0x25, 0x8f, 0xc0,
    0x9, 0x5c, 0x3, 0xb4, 0x3, 0xc4, 0x1, 0xff,
    0xdb,

    /* U+015A "Ś" */
    0x0, 0xf1, 0x80, 0x7c, 0x57, 0xe0, 0x1c, 0x33,
    0xaf, 0xe0, 0x1c, 0xcb, 0x78, 0x60, 0x1c, 0xd8,
    0x80, 0x1f, 0x4e, 0xff, 0x5a, 0x0, 0x7, 0x5c,
    0x59, 0x11, 0x72, 0x12, 0x4f, 0x93, 0x5a, 0x2c,
    0x66, 0xa, 0x0, 0x8a, 0xdc, 0x2, 0x60, 0xc,
    0xb0, 0x7c, 0x14, 0xc0, 0x1e, 0x58, 0x19, 0xfb,
    0x61, 0x0, 0x9f, 0xe9, 0x55, 0x3c, 0xc0, 0x19,
    0x6b, 0xa4, 0x24, 0xc0, 0x3c, 0xd2, 0x17, 0x58,
    0x40, 0x18, 0x80, 0x4, 0x70, 0x1, 0xbc, 0x32,
    0x49, 0x76, 0x65, 0xa8, 0xa8, 0x3b, 0x0, 0xcc,
    0x19, 0xa0,

    /* U+015B "ś" */
    0x0, 0xf1, 0x88, 0x7, 0x86, 0x70, 0xc0, 0x39,
    0xf9, 0x28, 0x80, 0x30, 0xcc, 0xb5, 0x40, 0x38,
    0x79, 0x80, 0x3e, 0x4b, 0xef, 0xd6, 0x0, 0x92,
    0xd5, 0xd8, 0x26, 0x80, 0x10, 0x19, 0x32, 0xd3,
    0x52, 0x0, 0xfb, 0xe8, 0xc2, 0x43, 0x20, 0xc0,
    0xd4, 0x41, 0x6d, 0x5f, 0x3a, 0x4, 0x2, 0x4b,
    0xea, 0x47, 0xc0, 0x2, 0xa0, 0xa, 0xd3, 0x92,
    0x84, 0x59, 0x80, 0x42, 0x1, 0x40, 0x65, 0x45,
    0xb1, 0x28, 0x2e, 0x22, 0x1d, 0x5b, 0x0,

    /* U+015E "Ş" */
    0x1, 0x8d, 0xfe, 0xb4, 0x0, 0xe, 0x38, 0xb2,
    0x22, 0xe4, 0x24, 0x9f, 0x26, 0xb4, 0x58, 0xcc,
    0x14, 0x1, 0x15, 0xb8, 0x8, 0x30, 0x6, 0x58,
    0x3f, 0xb, 0x60, 0xf, 0x2c, 0x84, 0xfd, 0xb8,
    0x80, 0x4d, 0xf4, 0xaa, 0x8e, 0x60, 0xc, 0xb5,
    0xd4, 0x32, 0x60, 0x1e, 0x58, 0xb, 0xad, 0x20,
    0xc, 0x40, 0x3, 0x28, 0x0, 0xde, 0x19, 0x4,
    0xbb, 0x32, 0xe4, 0x64, 0x1d, 0x86, 0x69, 0x6a,
    0x40, 0x27, 0xb5, 0x6b, 0x50, 0xf, 0x9b, 0x54,
    0x3, 0xd7, 0xaf, 0x40, 0x1c, 0x26, 0x20, 0x1f,
    0x46, 0xe3, 0xd0, 0x0,

    /* U+015F "ş" */
    0x0, 0x25, 0xf7, 0xe3, 0x0, 0x49, 0x6a, 0xec,
    0x33, 0x40, 0x8, 0xc, 0x99, 0x69, 0x29, 0x0,
    0x7d, 0xd2, 0x61, 0x21, 0x8e, 0x40, 0x6c, 0x20,
    0xb4, 0x51, 0xba, 0x81, 0x0, 0x97, 0x3a, 0x59,
    0xf0, 0x0, 0x66, 0x1, 0x6b, 0x72, 0x50, 0xec,
    0x20, 0xf, 0xa0, 0x32, 0x1e, 0x9c, 0x94, 0x16,
    0xd5, 0xe1, 0x17, 0x0, 0x24, 0xba, 0x1e, 0xa1,
    0x0, 0xf0, 0xf4, 0x0, 0x79, 0x76, 0xdd, 0x40,
    0x38, 0x80, 0xc0, 0x3c, 0x9b, 0xa8, 0x65, 0x0,

    /* U+0160 "Š" */
    0x0, 0x40, 0x80, 0xd, 0x80, 0x32, 0x7b, 0x4e,
    0x0, 0x76, 0x44, 0x17, 0x18, 0x3, 0x9b, 0xb0,
    0xc0, 0x3a, 0x37, 0xfa, 0xd0, 0x0, 0x3a, 0xe2,
    0xc8, 0x8b, 0x90, 0x92, 0x7c, 0x9a, 0xd1, 0x63,
    0x30, 0x50, 0x4, 0x56, 0xe0, 0x13, 0x0, 0x65,
    0x83, 0xe0, 0xa6, 0x0, 0xf2, 0xc0, 0xcf, 0xdb,
    0x8, 0x4, 0xff, 0x4a, 0xa9, 0xe6, 0x0, 0xcb,
    0x5d, 0x21, 0x26, 0x1, 0xe6, 0x90, 0xba, 0xc2,
    0x0, 0xc4, 0x0, 0x23, 0x80, 0xd, 0xe1, 0x92,
    0x4b, 0xb3, 0x2d, 0x45, 0x41, 0xd8, 0x6, 0x60,
    0xcd, 0x0,

    /* U+0161 "š" */
    0x0, 0x3a, 0x80, 0x6, 0x80, 0x31, 0x55, 0xbf,
    0x8, 0x6, 0x5e, 0x19, 0xab, 0x0, 0xe1, 0xae,
    0x50, 0xe, 0x4b, 0xef, 0xd6, 0x0, 0x92, 0xd5,
    0xd8, 0x26, 0x80, 0x10, 0x19, 0x32, 0xd3, 0x52,
    0x0, 0xfb, 0xe8, 0xc2, 0x43, 0x20, 0xc0, 0xd4,
    0x41, 0x6d, 0x5f, 0x3a, 0x4, 0x2, 0x4b, 0xea,
    0x47, 0xc0, 0x2, 0xa0, 0xa, 0xd3, 0x92, 0x84,
    0x59, 0x80, 0x42, 0x1, 0x40, 0x65, 0x45, 0xb1,
    0x28, 0x2e, 0x22, 0x1d, 0x5b, 0x0,

    /* U+0162 "Ţ" */
    0x5f, 0xff, 0xe2, 0x78, 0x89, 0x1, 0x62, 0x22,
    0x23, 0xbc, 0x61, 0xee, 0xf0, 0x7, 0xff, 0xfc,
    0x3, 0xff, 0xcf, 0x60, 0xa0, 0x1f, 0xee, 0xa0,
    0xf, 0x8f, 0x69, 0x60, 0x3, 0xc4, 0x1, 0xfc,
    0x5b, 0xab, 0x58, 0x0, 0x0,

    /* U+0163 "ţ" */
    0x1, 0xfc, 0x0, 0xff, 0xe4, 0x3f, 0x1, 0xff,
    0xa8, 0x11, 0xc0, 0x62, 0x1c, 0x7, 0x20, 0x4e,
    0xe4, 0x0, 0xff, 0xef, 0x8, 0x8, 0x7, 0x8c,
    0xaa, 0x14, 0x2, 0xe1, 0x57, 0xf0, 0x8, 0x95,
    0xfe, 0x80, 0x39, 0xf1, 0x0, 0x35, 0x6b, 0x58,
    0x4, 0x26, 0x20, 0x1d, 0x7b, 0x8f, 0x40,

    /* U+0164 "Ť" */
    0x0, 0x23, 0x0, 0x50, 0x40, 0x19, 0xe3, 0x1b,
    0x54, 0xc0, 0x31, 0xfa, 0xcd, 0x68, 0x80, 0x70,
    0xcf, 0xb8, 0x6, 0x5f, 0xff, 0xe2, 0x78, 0x89,
    0x1, 0x62, 0x22, 0x23, 0xbc, 0x61, 0xee, 0xf0,
    0x7, 0xff, 0xfc, 0x3, 0xff, 0xc6,

    /* U+0165 "ť" */
    0x0, 0xec, 0xf2, 0x1, 0xfc, 0xc, 0x26, 0x0,
    0xe9, 0x74, 0x0, 0xe9, 0xa0, 0x7e, 0x3, 0xff,
    0x50, 0x23, 0x80, 0xc4, 0x38, 0xe, 0x40, 0x9d,
    0xc8, 0x1, 0xff, 0xde, 0x10, 0x10, 0xf, 0x19,
    0x54, 0x28, 0x5, 0xc8, 0x87, 0xf0,

    /* U+0168 "Ũ" */
    0x0, 0x9b, 0xb0, 0xd3, 0x40, 0x3a, 0x6d, 0x32,
    0xe0, 0x3, 0xb5, 0x63, 0xb8, 0xa0, 0x8, 0xf5,
    0x20, 0x0, 0x88, 0x37, 0xc0, 0x3f, 0xff, 0xe0,
    0xf, 0x0, 0xff, 0x8, 0x18, 0x7, 0x8c, 0x48,
    0x30, 0x3, 0x88, 0x55, 0x9, 0x54, 0x1, 0xf,
    0x7, 0x7, 0x5, 0x65, 0x5f, 0x9b, 0x28, 0x1f,
    0x30, 0xaa, 0xd5, 0x20,

    /* U+0169 "ũ" */
    0x0, 0xab, 0xe4, 0x66, 0x0, 0x32, 0xbd, 0x97,
    0x3d, 0x0, 0x64, 0xc4, 0xbd, 0xe2, 0x0, 0x4f,
    0x90, 0x80, 0x8, 0x27, 0xd0, 0x3, 0xff, 0xd6,
    0x20, 0xe0, 0x1f, 0xb8, 0xc, 0x3, 0x94, 0x0,
    0x81, 0x22, 0x1, 0x29, 0x80, 0x9, 0xc7, 0xe1,
    0xea, 0x84, 0x1, 0x45, 0x13, 0xc0, 0xda, 0x0,
    0x0,

    /* U+016A "Ū" */
    0x0, 0x84, 0x7c, 0x1, 0xb3, 0xbb, 0xc8, 0x1,
    0x7d, 0xdf, 0x94, 0x2, 0x34, 0x4f, 0x8, 0x47,
    0xa8, 0x7, 0xb7, 0xc0, 0x3f, 0xff, 0xe0, 0xf,
    0x0, 0xff, 0x8, 0x18, 0x7, 0x8c, 0x48, 0x30,
    0x3, 0x88, 0x55, 0x9, 0x54, 0x1, 0xf, 0x7,
    0x7, 0x5, 0x65, 0x5f, 0x9b, 0x28, 0x1f, 0x30,
    0xaa, 0xd5, 0x20,

    /* U+016B "ū" */
    0x2, 0xff, 0xf7, 0x0, 0x45, 0x55, 0xeb, 0x0,
    0xca, 0xbf, 0x0, 0x27, 0xcc, 0x3, 0xa7, 0xd0,
    0x3, 0xff, 0xd6, 0x20, 0xe0, 0x1f, 0xb8, 0xc,
    0x3, 0x94, 0x0, 0x81, 0x22, 0x1, 0x29, 0x80,
    0x9, 0xc7, 0xe1, 0xea, 0x84, 0x1, 0x45, 0x13,
    0xc0, 0xda, 0x0, 0x0,

    /* U+016C "Ŭ" */
    0x0, 0xf, 0x80, 0x51, 0x20, 0x18, 0x4a, 0x49,
    0x1b, 0x0, 0x3a, 0x5b, 0x6d, 0x54, 0x1, 0xc9,
    0xd9, 0xb6, 0x1, 0x47, 0xa8, 0x9, 0x90, 0x3,
    0x7c, 0x3, 0xff, 0xfe, 0x0, 0xf0, 0xf, 0xf0,
    0x81, 0x80, 0x78, 0xc4, 0x83, 0x0, 0x38, 0x85,
    0x50, 0x95, 0x40, 0x10, 0xf0, 0x70, 0x70, 0x56,
    0x55, 0xf9, 0xb2, 0x81, 0xf3, 0xa, 0xad, 0x52,
    0x0,

    /* U+016D "ŭ" */
    0x0, 0x36, 0x88, 0x17, 0x98, 0x6, 0x70, 0xef,
    0xd4, 0x30, 0xc, 0x3b, 0x73, 0x96, 0x1, 0xf2,
    0x31, 0x80, 0x69, 0xf3, 0x0, 0xe9, 0xf4, 0x0,
    0xff, 0xf5, 0x88, 0x38, 0x7, 0xee, 0x3, 0x0,
    0xe5, 0x0, 0x20, 0x48, 0x80, 0x4a, 0x60, 0x2,
    0x71, 0xf8, 0x7a, 0xa1, 0x0, 0x51, 0x44, 0xf0,
    0x36, 0x80, 0x0,

    /* U+016E "Ů" */
    0x0, 0xd1, 0xda, 0x60, 0x1e, 0x45, 0xe8, 0xf0,
    0xf, 0xc2, 0x60, 0x1f, 0x22, 0x3e, 0xfc, 0x3,
    0xe9, 0xed, 0x30, 0xa, 0x3d, 0x40, 0x3d, 0xbe,
    0x1, 0xff, 0xff, 0x0, 0x78, 0x7, 0xf8, 0x40,
    0xc0, 0x3c, 0x62, 0x41, 0x80, 0x1c, 0x42, 0xa8,
    0x4a, 0xa0, 0x8, 0x78, 0x38, 0x38, 0x2b, 0x2a,
    0xfc, 0xd9, 0x40, 0xf9, 0x85, 0x56, 0xa9, 0x0,

    /* U+016F "ů" */
    0x0, 0x86, 0xfa, 0x80, 0x3e, 0x83, 0xe1, 0x70,
    0xf, 0x84, 0x3, 0xfa, 0xd7, 0xc1, 0xc0, 0x3c,
    0x59, 0xf6, 0x1, 0xa7, 0xcc, 0x3, 0xa7, 0xd0,
    0x3, 0xff, 0xd6, 0x20, 0xe0, 0x1f, 0xb8, 0xc,
    0x3, 0x94, 0x0, 0x81, 0x22, 0x1, 0x29, 0x80,
    0x9, 0xc7, 0xe1, 0xea, 0x84, 0x1, 0x45, 0x13,
    0xc0, 0xda, 0x0, 0x0,

    /* U+0170 "Ű" */
    0x0, 0xcd, 0xe4, 0xbe, 0x60, 0x1d, 0x6e, 0x50,
    0xe6, 0x1, 0x94, 0xe1, 0x4e, 0x0, 0x39, 0x78,
    0x17, 0x80, 0x28, 0xf5, 0x0, 0xf6, 0xf8, 0x7,
    0xff, 0xfc, 0x1, 0xe0, 0x1f, 0xe1, 0x3, 0x0,
    0xf1, 0x89, 0x6, 0x0, 0x71, 0xa, 0xa1, 0x2a,
    0x80, 0x21, 0xe0, 0xe0, 0xe0, 0xac, 0xab, 0xf3,
    0x65, 0x3, 0xe6, 0x15, 0x5a, 0xa4, 0x0,

    /* U+0171 "ű" */
    0x0, 0xd9, 0x80, 0xbd, 0x0, 0xe3, 0x37, 0x9a,
    0x70, 0x7, 0x4b, 0x1c, 0xb1, 0x80, 0x75, 0x48,
    0x54, 0x80, 0x53, 0xe6, 0x1, 0xd3, 0xe8, 0x1,
    0xff, 0xeb, 0x10, 0x70, 0xf, 0xdc, 0x6, 0x1,
    0xca, 0x0, 0x40, 0x91, 0x0, 0x94, 0xc0, 0x4,
    0xe3, 0xf0, 0xf5, 0x42, 0x0, 0xa2, 0x89, 0xe0,
    0x6d, 0x0, 0x0,

    /* U+0172 "Ų" */
    0x8f, 0x50, 0xf, 0x6f, 0x80, 0x7f, 0xff, 0xc0,
    0x1e, 0x1, 0xff, 0xc0, 0x30, 0xf, 0x18, 0x10,
    0x78, 0x7, 0x8, 0x8d, 0x45, 0x88, 0x3, 0x58,
    0x58, 0x58, 0x6c, 0xbc, 0x62, 0x9b, 0x82, 0xd9,
    0xb4, 0x39, 0x3e, 0x0, 0x49, 0x86, 0x33, 0xd0,
    0x1, 0xce, 0x7e, 0xc0, 0x1f, 0x70, 0x18, 0x8,
    0x7, 0xac, 0x77, 0xd0, 0x3, 0xc5, 0xdb, 0xca,
    0x1, 0x0,

    /* U+0173 "ų" */
    0x9f, 0x30, 0xe, 0x9f, 0x40, 0xf, 0xff, 0x58,
    0x83, 0x80, 0x71, 0x80, 0x38, 0xc, 0x3, 0x9c,
    0x0, 0x81, 0x24, 0x1, 0x39, 0x0, 0x9, 0xc7,
    0x6e, 0x72, 0xc, 0x2, 0x8a, 0x34, 0x67, 0xc7,
    0x7, 0x0, 0x2e, 0x7f, 0xaf, 0xda, 0xcc, 0x3,
    0xcc, 0x78, 0x80, 0x1f, 0x8, 0x10, 0x8, 0x7,
    0x98, 0xb3, 0xdc, 0x3, 0xc3, 0xbb, 0x30,

    /* U+0174 "Ŵ" */
    0x0, 0xff, 0xe8, 0x37, 0x50, 0x80, 0x7f, 0xf0,
    0xf2, 0x25, 0xb9, 0x0, 0x3f, 0xf8, 0x22, 0xbe,
    0xf9, 0x22, 0x1, 0xff, 0xc1, 0x19, 0x10, 0x3,
    0x28, 0x7, 0xcd, 0xf0, 0x1, 0xcb, 0xfe, 0x0,
    0xf7, 0xf0, 0x20, 0x20, 0x7, 0x78, 0x0, 0xc0,
    0x32, 0x2, 0x1, 0x10, 0xc0, 0x39, 0x0, 0x16,
    0x1, 0xb0, 0x3c, 0x0, 0x80, 0x80, 0x11, 0x8b,
    0x2, 0x0, 0x64, 0x4, 0x0, 0x68, 0x60, 0x4,
    0x81, 0x46, 0x61, 0x0, 0x9, 0x98, 0x40, 0x8,
    0x8, 0x1, 0x58, 0x9d, 0x82, 0x0, 0x10, 0x2c,
    0x3, 0x21, 0x88, 0x0, 0xdc, 0x14, 0x30, 0x1,
    0x80, 0xa0, 0x1b, 0x1, 0x1, 0x43, 0x0, 0x85,
    0x0, 0x8, 0x24, 0x1, 0x94, 0x30, 0x30, 0x14,
    0x0, 0xe4, 0x41, 0x27, 0x0, 0xe2, 0x14, 0x7,
    0x40, 0xb, 0x1, 0x10, 0x18, 0x1, 0xe7, 0x24,
    0x1d, 0x0, 0x94, 0x33, 0x0, 0xa0, 0x1e, 0xc0,
    0x80, 0x70, 0xc, 0x8a, 0xe8, 0x1, 0xf2, 0x1,
    0x90, 0x80, 0x6c, 0x1, 0xc0, 0xf, 0x84, 0xc1,
    0x40, 0x39, 0x40, 0xa, 0x1, 0x80,

    /* U+0175 "ŵ" */
    0x0, 0xff, 0xe5, 0x8c, 0xea, 0x0, 0x7f, 0xf0,
    0x13, 0xd5, 0x57, 0x40, 0x1f, 0xf1, 0xc6, 0x46,
    0x88, 0x7, 0xfc, 0xec, 0x0, 0x2b, 0x0, 0xf4,
    0xf9, 0x80, 0x6c, 0xf5, 0x0, 0xd9, 0xe1, 0xa1,
    0x60, 0x10, 0x98, 0x78, 0x4, 0x26, 0xa0, 0x80,
    0x80, 0x13, 0x81, 0x20, 0x4, 0x81, 0xe0, 0x5,
    0x31, 0x0, 0x69, 0x58, 0x98, 0x3, 0x1, 0x0,
    0x1e, 0x8, 0x0, 0x45, 0x70, 0x40, 0x2, 0x20,
    0x40, 0xa, 0x18, 0x8, 0x16, 0x25, 0x60, 0x44,
    0xd0, 0xc, 0x88, 0xd, 0x13, 0x5, 0x31, 0x40,
    0x70, 0xd, 0xa4, 0x44, 0x70, 0x5, 0x82, 0x61,
    0x88, 0x6, 0x70, 0xb2, 0xc0, 0x1, 0x8f, 0xa5,
    0x80, 0x70, 0x9b, 0x2, 0x80, 0x4e, 0xa2, 0xa0,
    0x1e, 0xb0, 0x40, 0xd, 0xa0, 0x44, 0x0, 0x80,

    /* U+0176 "Ŷ" */
    0x0, 0xc5, 0x72, 0x20, 0x1f, 0x46, 0x8a, 0xfa,
    0x0, 0x79, 0x2e, 0xb2, 0x34, 0x3, 0xd8, 0x80,
    0x6, 0x90, 0x9, 0x7e, 0x80, 0x3d, 0xde, 0x2a,
    0x4a, 0x40, 0x19, 0xc5, 0xc4, 0x20, 0x2c, 0x3,
    0x48, 0xc8, 0x1, 0x4d, 0x84, 0x0, 0xc3, 0x22,
    0x1, 0x40, 0x40, 0x2, 0x5, 0xc0, 0x32, 0x21,
    0x85, 0x86, 0x0, 0x3d, 0x1, 0x16, 0x2c, 0x1,
    0xe3, 0x46, 0x28, 0x0, 0xfd, 0x0, 0x2c, 0x1,
    0xf8, 0x80, 0x80, 0x3f, 0xfd, 0x20,

    /* U+0177 "ŷ" */
    0x0, 0xff, 0xe1, 0xae, 0xc0, 0x7, 0xd9, 0x4a,
    0xae, 0x30, 0xc, 0x4d, 0xd1, 0xb2, 0xc0, 0x18,
    0xa8, 0x40, 0xe, 0xa0, 0x9, 0xf7, 0x0, 0xe1,
    0xfc, 0xb0, 0xa0, 0xe, 0x60, 0x92, 0x42, 0x30,
    0xd, 0x42, 0xa1, 0xc1, 0x20, 0x12, 0x13, 0x0,
    0x14, 0x54, 0x2, 0xe0, 0xa0, 0x9, 0x81, 0x80,
    0xa, 0x84, 0x1, 0x48, 0x50, 0x30, 0x78, 0x6,
    0x15, 0x33, 0x51, 0x20, 0x7, 0x70, 0x41, 0xd0,
    0x7, 0x90, 0x90, 0x18, 0x3, 0xea, 0x5, 0x10,
    0xf, 0xb4, 0x24, 0x3, 0xe1, 0x52, 0x30, 0xf,
    0x98, 0x2c, 0x3, 0xf5, 0x3, 0x0, 0x7c, 0x84,
    0xc0, 0x1e,

    /* U+0178 "Ÿ" */
    0x0, 0xff, 0xe1, 0xd7, 0x93, 0x7a, 0x80, 0x78,
    0xc4, 0xcc, 0x1, 0xfa, 0x78, 0x57, 0xd4, 0x2,
    0x5f, 0xa0, 0xf, 0x77, 0x8a, 0x92, 0x90, 0x6,
    0x71, 0x71, 0x8, 0xb, 0x0, 0xd2, 0x32, 0x0,
    0x53, 0x61, 0x0, 0x30, 0xc8, 0x80, 0x50, 0x10,
    0x0, 0x81, 0x70, 0xc, 0x88, 0x61, 0x61, 0x80,
    0xf, 0x40, 0x45, 0x8b, 0x0, 0x78, 0xd1, 0x8a,
    0x0, 0x3f, 0x40, 0xb, 0x0, 0x7e, 0x20, 0x20,
    0xf, 0xff, 0x48,

    /* U+0179 "Ź" */
    0x0, 0xf0, 0x90, 0x7, 0xcf, 0xce, 0x1, 0xc9,
    0xb3, 0xa, 0x1, 0xd2, 0xbe, 0xe0, 0x1e, 0xc8,
    0x10, 0xe, 0xff, 0x77, 0xff, 0x68, 0x33, 0x78,
    0xc1, 0x82, 0x67, 0xc2, 0x10, 0x1, 0xe8, 0x26,
    0x30, 0xe, 0x27, 0x19, 0x0, 0xf4, 0x85, 0x80,
    0x79, 0x51, 0xa, 0x1, 0xeb, 0x9, 0x0, 0xf4,
    0x8c, 0x10, 0x7, 0x1b, 0x13, 0x80, 0x7b, 0xc2,
    0x40, 0x3c, 0xc6, 0xa8, 0x1, 0xe9, 0x0, 0x4c,
    0xf3, 0x88, 0x1, 0x59, 0xba, 0x40,

    /* U+017A "ź" */
    0x0, 0xe1, 0x30, 0xf, 0x37, 0xd8, 0x6, 0x4d,
    0x99, 0x40, 0x6, 0xf5, 0xe7, 0x0, 0xeb, 0x81,
    0x0, 0xc5, 0xff, 0xf1, 0x9a, 0x23, 0x38, 0x0,
    0x44, 0xef, 0x80, 0xe, 0x40, 0x18, 0xdc, 0xa0,
    0x3, 0xb8, 0x38, 0x3, 0xa0, 0x98, 0xc0, 0x31,
    0xb9, 0x48, 0x7, 0x70, 0x70, 0x7, 0x41, 0x31,
    0x80, 0x61, 0x70, 0x17, 0x7c, 0x44, 0x0, 0x3c,
    0x46, 0x60,

    /* U+017B "Ż" */
    0x0, 0xff, 0xe1, 0x3f, 0xa0, 0x7, 0xc2, 0x1,
    0xfc, 0xde, 0x80, 0x1b, 0xff, 0xf6, 0x83, 0x37,
    0x8c, 0x18, 0x26, 0x7c, 0x21, 0x0, 0x1e, 0x82,
    0x63, 0x0, 0xe2, 0x71, 0x90, 0xf, 0x48, 0x58,
    0x7, 0x95, 0x10, 0xa0, 0x1e, 0xb0, 0x90, 0xf,
    0x48, 0xc1, 0x0, 0x71, 0xb1, 0x38, 0x7, 0xbc,
    0x24, 0x3, 0xcc, 0x6a, 0x80, 0x1e, 0x90, 0x4,
    0xcf, 0x38, 0x80, 0x15, 0x9b, 0xa4,

    /* U+017C "ż" */
    0x0, 0x93, 0xd8, 0x3, 0xff, 0x86, 0x9e, 0xc0,
    0x11, 0x7f, 0xfc, 0x66, 0x88, 0xce, 0x0, 0x11,
    0x3b, 0xe0, 0x3, 0x90, 0x6, 0x37, 0x28, 0x0,
    0xee, 0xe, 0x0, 0xe8, 0x26, 0x30, 0xc, 0x6e,
    0x52, 0x1, 0xdc, 0x1c, 0x1, 0xd0, 0x4c, 0x60,
    0x18, 0x5c, 0x5, 0xdf, 0x11, 0x0, 0xf, 0x11,
    0x98,

    /* U+017D "Ž" */
    0x0, 0x23, 0x0, 0x50, 0x40, 0x13, 0xc6, 0x36,
    0xa9, 0x80, 0x47, 0xeb, 0x35, 0xa2, 0x1, 0x86,
    0x7d, 0xc0, 0x37, 0xff, 0xed, 0x6, 0x6f, 0x18,
    0x30, 0x4c, 0xf8, 0x42, 0x0, 0x3d, 0x4, 0xc6,
    0x1, 0xc4, 0xe3, 0x20, 0x1e, 0x90, 0xb0, 0xf,
    0x2a, 0x21, 0x40, 0x3d, 0x61, 0x20, 0x1e, 0x91,
    0x82, 0x0, 0xe3, 0x62, 0x70, 0xf, 0x78, 0x48,
    0x7, 0x98, 0xd5, 0x0, 0x3d, 0x20, 0x9, 0x9e,
    0x71, 0x0, 0x2b, 0x37, 0x48,

    /* U+017E "ž" */
    0x3, 0x90, 0x9, 0xd0, 0x0, 0x49, 0xcf, 0xb2,
    0xc0, 0x1, 0xd8, 0x9a, 0xe2, 0x0, 0xcd, 0xce,
    0x1, 0x17, 0xff, 0xc6, 0x68, 0x8c, 0xe0, 0x1,
    0x13, 0xbe, 0x0, 0x39, 0x0, 0x63, 0x72, 0x80,
    0xe, 0xe0, 0xe0, 0xe, 0x82, 0x63, 0x0, 0xc6,
    0xe5, 0x20, 0x1d, 0xc1, 0xc0, 0x1d, 0x4, 0xc6,
    0x1, 0x85, 0xc0, 0x5d, 0xf1, 0x10, 0x0, 0xf1,
    0x19, 0x80,

    /* U+2013 "–" */
    0x38, 0x8f, 0xf0, 0x23, 0xbf, 0xf8, 0x0,

    /* U+2014 "—" */
    0x38, 0x8f, 0xfe, 0x10, 0xa3, 0xbf, 0xff, 0x8,
    0x80,

    /* U+2018 "‘" */
    0x0, 0x64, 0x81, 0x9b, 0x42, 0x41, 0x5, 0x4c,
    0xa, 0x20, 0x0,

    /* U+2019 "’" */
    0x5, 0xfa, 0xc, 0x9, 0x4, 0x33, 0x9, 0x48,
    0x1c, 0x28, 0x0,

    /* U+201A "‚" */
    0x0, 0x3b, 0x80, 0x3, 0x16, 0x0, 0x70, 0x90,
    0x6, 0xa, 0x80, 0x12, 0x40, 0x0,

    /* U+201C "“" */
    0x0, 0x64, 0x84, 0xe0, 0x19, 0xb4, 0x19, 0x2,
    0x41, 0x18, 0x30, 0x54, 0xc2, 0xc1, 0xa, 0x20,
    0x35, 0x20,

    /* U+201D "”" */
    0x5, 0xfa, 0x1f, 0xd0, 0x6, 0x4, 0xa0, 0x58,
    0x1, 0xc, 0xd8, 0xc, 0x2, 0x52, 0xe, 0xc0,
    0x3, 0x85, 0x9, 0xb0, 0x0,

    /* U+201E "„" */
    0x0, 0x3b, 0x81, 0x1c, 0x80, 0x62, 0xc2, 0x60,
    0xc1, 0xc2, 0x44, 0x98, 0x43, 0x5, 0x50, 0x2c,
    0x0, 0x92, 0x1e, 0x64, 0x0,

    /* U+2022 "•" */
    0x3, 0xbc, 0x50, 0x1c, 0x43, 0xa4, 0x50, 0xd,
    0x8c, 0x1, 0xb4, 0xa8, 0x44, 0xea,

    /* U+2026 "…" */
    0x3, 0x50, 0x2, 0x98, 0x1, 0x84, 0x59, 0x46,
    0x95, 0x81, 0x13, 0x42, 0x62, 0x4c, 0x28, 0x1a,
    0x18,

    /* U+20AC "€" */
    0x0, 0xe1, 0x7c, 0xff, 0x6c, 0x90, 0x7, 0xc9,
    0xf0, 0x48, 0x80, 0x6d, 0x70, 0xe, 0x4b, 0x1a,
    0xeb, 0xb6, 0xd8, 0xc3, 0x80, 0x6a, 0xc, 0x50,
    0xc, 0x98, 0x10, 0x20, 0x6, 0x16, 0x30, 0xf,
    0x16, 0x58, 0x47, 0xc8, 0x37, 0xfe, 0x10, 0x8,
    0xd0, 0x67, 0x4, 0x33, 0x38, 0x40, 0x3c, 0x26,
    0x0, 0x33, 0xe0, 0xf, 0xa3, 0xc4, 0x3f, 0xf8,
    0x40, 0x3d, 0x38, 0xe0, 0xb9, 0x98, 0x40, 0x22,
    0x31, 0x11, 0xc8, 0xa8, 0x99, 0xc0, 0x11, 0x6e,
    0x18, 0x0, 0x6c, 0x31, 0x40, 0x31, 0xe0, 0x39,
    0x0, 0x4b, 0x43, 0x5d, 0x75, 0xb8, 0x31, 0x0,
    0xe, 0x5e, 0x73, 0x45, 0x6, 0xc7, 0x0, 0x0
};


/*---------------------
 *  GLYPH DESCRIPTION
 *--------------------*/

static const lv_font_fmt_txt_glyph_dsc_t glyph_dsc[] = {
    {.bitmap_index = 0, .adv_w = 0, .box_w = 0, .box_h = 0, .ofs_x = 0, .ofs_y = 0} /* id = 0 reserved */,
    {.bitmap_index = 0, .adv_w = 85, .box_w = 0, .box_h = 0, .ofs_x = 0, .ofs_y = 0},
    {.bitmap_index = 0, .adv_w = 95, .box_w = 4, .box_h = 14, .ofs_x = 1, .ofs_y = 0},
    {.bitmap_index = 21, .adv_w = 93, .box_w = 6, .box_h = 4, .ofs_x = 0, .ofs_y = 12},
    {.bitmap_index = 34, .adv_w = 269, .box_w = 16, .box_h = 15, .ofs_x = 0, .ofs_y = 0},
    {.bitmap_index = 135, .adv_w = 199, .box_w = 10, .box_h = 18, .ofs_x = 1, .ofs_y = -2},
    {.bitmap_index = 214, .adv_w = 243, .box_w = 15, .box_h = 14, .ofs_x = 0, .ofs_y = 0},
    {.bitmap_index = 304, .adv_w = 236, .box_w = 15, .box_h = 14, .ofs_x = 0, .ofs_y = 0},
    {.bitmap_index = 395, .adv_w = 51, .box_w = 3, .box_h = 4, .ofs_x = 0, .ofs_y = 12},
    {.bitmap_index = 401, .adv_w = 145, .box_w = 7, .box_h = 22, .ofs_x = 2, .ofs_y = -4},
    {.bitmap_index = 466, .adv_w = 145, .box_w = 7, .box_h = 22, .ofs_x = 0, .ofs_y = -4},
    {.bitmap_index = 531, .adv_w = 156, .box_w = 8, .box_h = 8, .ofs_x = 1, .ofs_y = 7},
    {.bitmap_index = 563, .adv_w = 219, .box_w = 11, .box_h = 11, .ofs_x = 1, .ofs_y = 2},
    {.bitmap_index = 588, .adv_w = 63, .box_w = 5, .box_h = 6, .ofs_x = -1, .ofs_y = -3},
    {.bitmap_index = 604, .adv_w = 176, .box_w = 9, .box_h = 2, .ofs_x = 1, .ofs_y = 6},
    {.bitmap_index = 610, .adv_w = 67, .box_w = 4, .box_h = 3, .ofs_x = 0, .ofs_y = 0},
    {.bitmap_index = 616, .adv_w = 152, .box_w = 8, .box_h = 22, .ofs_x = 1, .ofs_y = -3},
    {.bitmap_index = 683, .adv_w = 201, .box_w = 11, .box_h = 15, .ofs_x = 1, .ofs_y = 0},
    {.bitmap_index = 755, .adv_w = 102, .box_w = 5, .box_h = 15, .ofs_x = 0, .ofs_y = 0},
    {.bitmap_index = 765, .adv_w = 184, .box_w = 10, .box_h = 15, .ofs_x = 1, .ofs_y = 0},
    {.bitmap_index = 829, .adv_w = 188, .box_w = 11, .box_h = 15, .ofs_x = 0, .ofs_y = 0},
    {.bitmap_index = 901, .adv_w = 201, .box_w = 12, .box_h = 14, .ofs_x = 0, .ofs_y = 0},
    {.bitmap_index = 954, .adv_w = 201, .box_w = 11, .box_h = 15, .ofs_x = 1, .ofs_y = 0},
    {.bitmap_index = 1016, .adv_w = 203, .box_w = 11, .box_h = 15, .ofs_x = 1, .ofs_y = 0},
    {.bitmap_index = 1094, .adv_w = 175, .box_w = 11, .box_h = 15, .ofs_x = 0, .ofs_y = 0},
    {.bitmap_index = 1147, .adv_w = 202, .box_w = 11, .box_h = 15, .ofs_x = 1, .ofs_y = 0},
    {.bitmap_index = 1225, .adv_w = 202, .box_w = 11, .box_h = 15, .ofs_x = 1, .ofs_y = 0},
    {.bitmap_index = 1303, .adv_w = 68, .box_w = 4, .box_h = 11, .ofs_x = 0, .ofs_y = 0},
    {.bitmap_index = 1320, .adv_w = 84, .box_w = 4, .box_h = 14, .ofs_x = 0, .ofs_y = -3},
    {.bitmap_index = 1343, .adv_w = 178, .box_w = 8, .box_h = 10, .ofs_x = 1, .ofs_y = 3},
    {.bitmap_index = 1379, .adv_w = 231, .box_w = 11, .box_h = 6, .ofs_x = 2, .ofs_y = 4},
    {.bitmap_index = 1395, .adv_w = 172, .box_w = 9, .box_h = 10, .ofs_x = 1, .ofs_y = 3},
    {.bitmap_index = 1432, .adv_w = 168, .box_w = 10, .box_h = 14, .ofs_x = 0, .ofs_y = 0},
    {.bitmap_index = 1489, .adv_w = 324, .box_w = 18, .box_h = 19, .ofs_x = 1, .ofs_y = -5},
    {.bitmap_index = 1637, .adv_w = 216, .box_w = 13, .box_h = 14, .ofs_x = 0, .ofs_y = 0},
    {.bitmap_index = 1709, .adv_w = 196, .box_w = 11, .box_h = 14, .ofs_x = 1, .ofs_y = 0},
    {.bitmap_index = 1770, .adv_w = 247, .box_w = 15, .box_h = 14, .ofs_x = 0, .ofs_y = 0},
    {.bitmap_index = 1850, .adv_w = 226, .box_w = 13, .box_h = 14, .ofs_x = 1, .ofs_y = 0},
    {.bitmap_index = 1912, .adv_w = 164, .box_w = 9, .box_h = 14, .ofs_x = 1, .ofs_y = 0},
    {.bitmap_index = 1946, .adv_w = 161, .box_w = 9, .box_h = 14, .ofs_x = 1, .ofs_y = 0},
    {.bitmap_index = 1975, .adv_w = 249, .box_w = 15, .box_h = 14, .ofs_x = 0, .ofs_y = 0},
    {.bitmap_index = 2064, .adv_w = 221, .box_w = 12, .box_h = 14, .ofs_x = 1, .ofs_y = 0},
    {.bitmap_index = 2090, .adv_w = 79, .box_w = 3, .box_h = 14, .ofs_x = 1, .ofs_y = 0},
    {.bitmap_index = 2095, .adv_w = 170, .box_w = 9, .box_h = 14, .ofs_x = 0, .ofs_y = 0},
    {.bitmap_index = 2121, .adv_w = 192, .box_w = 11, .box_h = 14, .ofs_x = 1, .ofs_y = 0},
    {.bitmap_index = 2176, .adv_w = 138, .box_w = 8, .box_h = 14, .ofs_x = 1, .ofs_y = 0},
    {.bitmap_index = 2190, .adv_w = 276, .box_w = 15, .box_h = 14, .ofs_x = 1, .ofs_y = 0},
    {.bitmap_index = 2264, .adv_w = 225, .box_w = 12, .box_h = 14, .ofs_x = 1, .ofs_y = 0},
    {.bitmap_index = 2316, .adv_w = 252, .box_w = 15, .box_h = 14, .ofs_x = 0, .ofs_y = 0},
    {.bitmap_index = 2400, .adv_w = 185, .box_w = 10, .box_h = 14, .ofs_x = 1, .ofs_y = 0},
    {.bitmap_index = 2445, .adv_w = 252, .box_w = 16, .box_h = 17, .ofs_x = 0, .ofs_y = -3},
    {.bitmap_index = 2550, .adv_w = 195, .box_w = 11, .box_h = 14, .ofs_x = 1, .ofs_y = 0},
    {.bitmap_index = 2608, .adv_w = 188, .box_w = 10, .box_h = 14, .ofs_x = 1, .ofs_y = 0},
    {.bitmap_index = 2673, .adv_w = 173, .box_w = 11, .box_h = 14, .ofs_x = 0, .ofs_y = 0},
    {.bitmap_index = 2692, .adv_w = 216, .box_w = 11, .box_h = 14, .ofs_x = 1, .ofs_y = 0},
    {.bitmap_index = 2728, .adv_w = 216, .box_w = 14, .box_h = 14, .ofs_x = 0, .ofs_y = 0},
    {.bitmap_index = 2804, .adv_w = 312, .box_w = 20, .box_h = 14, .ofs_x = 0, .ofs_y = 0},
    {.bitmap_index = 2927, .adv_w = 199, .box_w = 12, .box_h = 14, .ofs_x = 0, .ofs_y = 0},
    {.bitmap_index = 2996, .adv_w = 187, .box_w = 12, .box_h = 14, .ofs_x = 0, .ofs_y = 0},
    {.bitmap_index = 3047, .adv_w = 173, .box_w = 10, .box_h = 14, .ofs_x = 0, .ofs_y = 0},
    {.bitmap_index = 3098, .adv_w = 135, .box_w = 5, .box_h = 23, .ofs_x = 2, .ofs_y = -4},
    {.bitmap_index = 3119, .adv_w = 211, .box_w = 9, .box_h = 22, .ofs_x = 2, .ofs_y = -3},
    {.bitmap_index = 3188, .adv_w = 135, .box_w = 4, .box_h = 23, .ofs_x = 2, .ofs_y = -4},
    {.bitmap_index = 3202, .adv_w = 201, .box_w = 12, .box_h = 11, .ofs_x = 0, .ofs_y = 3},
    {.bitmap_index = 3256, .adv_w = 235, .box_w = 11, .box_h = 2, .ofs_x = 2, .ofs_y = -2},
    {.bitmap_index = 3263, .adv_w = 82, .box_w = 5, .box_h = 5, .ofs_x = 0, .ofs_y = 11},
    {.bitmap_index = 3276, .adv_w = 216, .box_w = 12, .box_h = 11, .ofs_x = 0, .ofs_y = 0},
    {.bitmap_index = 3336, .adv_w = 216, .box_w = 12, .box_h = 15, .ofs_x = 1, .ofs_y = 0},
    {.bitmap_index = 3398, .adv_w = 194, .box_w = 12, .box_h = 11, .ofs_x = 0, .ofs_y = 0},
    {.bitmap_index = 3456, .adv_w = 216, .box_w = 12, .box_h = 15, .ofs_x = 0, .ofs_y = 0},
    {.bitmap_index = 3520, .adv_w = 198, .box_w = 12, .box_h = 11, .ofs_x = 0, .ofs_y = 0},
    {.bitmap_index = 3579, .adv_w = 105, .box_w = 6, .box_h = 15, .ofs_x = 0, .ofs_y = 0},
    {.bitmap_index = 3604, .adv_w = 216, .box_w = 12, .box_h = 16, .ofs_x = 0, .ofs_y = -5},
    {.bitmap_index = 3691, .adv_w = 205, .box_w = 11, .box_h = 15, .ofs_x = 1, .ofs_y = 0},
    {.bitmap_index = 3725, .adv_w = 79, .box_w = 3, .box_h = 15, .ofs_x = 1, .ofs_y = 0},
    {.bitmap_index = 3736, .adv_w = 79, .box_w = 5, .box_h = 20, .ofs_x = -1, .ofs_y = -5},
    {.bitmap_index = 3759, .adv_w = 165, .box_w = 10, .box_h = 15, .ofs_x = 1, .ofs_y = 0},
    {.bitmap_index = 3803, .adv_w = 79, .box_w = 3, .box_h = 15, .ofs_x = 1, .ofs_y = 0},
    {.bitmap_index = 3808, .adv_w = 330, .box_w = 19, .box_h = 11, .ofs_x = 1, .ofs_y = 0},
    {.bitmap_index = 3863, .adv_w = 205, .box_w = 11, .box_h = 11, .ofs_x = 1, .ofs_y = 0},
    {.bitmap_index = 3894, .adv_w = 205, .box_w = 12, .box_h = 11, .ofs_x = 0, .ofs_y = 0},
    {.bitmap_index = 3953, .adv_w = 216, .box_w = 12, .box_h = 16, .ofs_x = 1, .ofs_y = -5},
    {.bitmap_index = 4020, .adv_w = 216, .box_w = 12, .box_h = 16, .ofs_x = 0, .ofs_y = -5},
    {.bitmap_index = 4086, .adv_w = 119, .box_w = 6, .box_h = 11, .ofs_x = 1, .ofs_y = 0},
    {.bitmap_index = 4105, .adv_w = 167, .box_w = 10, .box_h = 11, .ofs_x = 0, .ofs_y = 0},
    {.bitmap_index = 4158, .adv_w = 116, .box_w = 7, .box_h = 14, .ofs_x = 0, .ofs_y = 0},
    {.bitmap_index = 4187, .adv_w = 205, .box_w = 11, .box_h = 11, .ofs_x = 1, .ofs_y = 0},
    {.bitmap_index = 4219, .adv_w = 180, .box_w = 11, .box_h = 11, .ofs_x = 0, .ofs_y = 0},
    {.bitmap_index = 4272, .adv_w = 262, .box_w = 17, .box_h = 11, .ofs_x = 0, .ofs_y = 0},
    {.bitmap_index = 4360, .adv_w = 153, .box_w = 10, .box_h = 11, .ofs_x = 0, .ofs_y = 0},
    {.bitmap_index = 4411, .adv_w = 180, .box_w = 11, .box_h = 16, .ofs_x = 0, .ofs_y = -5},
    {.bitmap_index = 4481, .adv_w = 146, .box_w = 9, .box_h = 11, .ofs_x = 0, .ofs_y = 0},
    {.bitmap_index = 4522, .adv_w = 148, .box_w = 6, .box_h = 22, .ofs_x = 2, .ofs_y = -4},
    {.bitmap_index = 4579, .adv_w = 93, .box_w = 2, .box_h = 18, .ofs_x = 2, .ofs_y = -2},
    {.bitmap_index = 4584, .adv_w = 148, .box_w = 7, .box_h = 22, .ofs_x = 1, .ofs_y = -4},
    {.bitmap_index = 4649, .adv_w = 166, .box_w = 10, .box_h = 3, .ofs_x = 0, .ofs_y = 5},
    {.bitmap_index = 4665, .adv_w = 85, .box_w = 0, .box_h = 0, .ofs_x = 0, .ofs_y = 0},
    {.bitmap_index = 4665, .adv_w = 95, .box_w = 4, .box_h = 14, .ofs_x = 1, .ofs_y = -3},
    {.bitmap_index = 4687, .adv_w = 213, .box_w = 11, .box_h = 14, .ofs_x = 1, .ofs_y = -2},
    {.bitmap_index = 4751, .adv_w = 198, .box_w = 11, .box_h = 14, .ofs_x = 0, .ofs_y = 0},
    {.bitmap_index = 4815, .adv_w = 172, .box_w = 9, .box_h = 9, .ofs_x = 1, .ofs_y = 3},
    {.bitmap_index = 4855, .adv_w = 190, .box_w = 12, .box_h = 14, .ofs_x = 0, .ofs_y = 0},
    {.bitmap_index = 4931, .adv_w = 93, .box_w = 2, .box_h = 18, .ofs_x = 2, .ofs_y = -2},
    {.bitmap_index = 4944, .adv_w = 184, .box_w = 11, .box_h = 19, .ofs_x = 0, .ofs_y = -5},
    {.bitmap_index = 5045, .adv_w = 100, .box_w = 6, .box_h = 3, .ofs_x = 0, .ofs_y = 12},
    {.bitmap_index = 5053, .adv_w = 253, .box_w = 15, .box_h = 14, .ofs_x = 0, .ofs_y = 0},
    {.bitmap_index = 5150, .adv_w = 144, .box_w = 9, .box_h = 7, .ofs_x = 0, .ofs_y = 7},
    {.bitmap_index = 5182, .adv_w = 148, .box_w = 9, .box_h = 7, .ofs_x = 0, .ofs_y = 2},
    {.bitmap_index = 5214, .adv_w = 208, .box_w = 13, .box_h = 6, .ofs_x = 0, .ofs_y = 3},
    {.bitmap_index = 5232, .adv_w = 176, .box_w = 9, .box_h = 2, .ofs_x = 1, .ofs_y = 6},
    {.bitmap_index = 5238, .adv_w = 163, .box_w = 9, .box_h = 8, .ofs_x = 1, .ofs_y = 6},
    {.bitmap_index = 5275, .adv_w = 124, .box_w = 8, .box_h = 3, .ofs_x = 0, .ofs_y = 12},
    {.bitmap_index = 5283, .adv_w = 131, .box_w = 8, .box_h = 8, .ofs_x = 0, .ofs_y = 6},
    {.bitmap_index = 5316, .adv_w = 220, .box_w = 11, .box_h = 10, .ofs_x = 1, .ofs_y = 2},
    {.bitmap_index = 5348, .adv_w = 106, .box_w = 6, .box_h = 7, .ofs_x = 0, .ofs_y = 7},
    {.bitmap_index = 5370, .adv_w = 106, .box_w = 6, .box_h = 7, .ofs_x = 0, .ofs_y = 7},
    {.bitmap_index = 5391, .adv_w = 79, .box_w = 5, .box_h = 5, .ofs_x = 0, .ofs_y = 11},
    {.bitmap_index = 5404, .adv_w = 206, .box_w = 11, .box_h = 16, .ofs_x = 1, .ofs_y = -5},
    {.bitmap_index = 5442, .adv_w = 191, .box_w = 11, .box_h = 14, .ofs_x = 0, .ofs_y = 0},
    {.bitmap_index = 5478, .adv_w = 68, .box_w = 4, .box_h = 3, .ofs_x = 0, .ofs_y = 6},
    {.bitmap_index = 5485, .adv_w = 87, .box_w = 6, .box_h = 7, .ofs_x = 0, .ofs_y = -6},
    {.bitmap_index = 5505, .adv_w = 63, .box_w = 4, .box_h = 7, .ofs_x = 0, .ofs_y = 7},
    {.bitmap_index = 5514, .adv_w = 140, .box_w = 9, .box_h = 7, .ofs_x = 0, .ofs_y = 7},
    {.bitmap_index = 5545, .adv_w = 148, .box_w = 8, .box_h = 7, .ofs_x = 1, .ofs_y = 2},
    {.bitmap_index = 5574, .adv_w = 205, .box_w = 13, .box_h = 15, .ofs_x = 0, .ofs_y = -1},
    {.bitmap_index = 5653, .adv_w = 216, .box_w = 13, .box_h = 15, .ofs_x = 0, .ofs_y = -1},
    {.bitmap_index = 5734, .adv_w = 227, .box_w = 14, .box_h = 15, .ofs_x = 0, .ofs_y = -1},
    {.bitmap_index = 5827, .adv_w = 166, .box_w = 10, .box_h = 14, .ofs_x = 0, .ofs_y = -3},
    {.bitmap_index = 5882, .adv_w = 216, .box_w = 13, .box_h = 19, .ofs_x = 0, .ofs_y = 0},
    {.bitmap_index = 5973, .adv_w = 216, .box_w = 13, .box_h = 19, .ofs_x = 0, .ofs_y = 0},
    {.bitmap_index = 6064, .adv_w = 216, .box_w = 13, .box_h = 19, .ofs_x = 0, .ofs_y = 0},
    {.bitmap_index = 6156, .adv_w = 216, .box_w = 13, .box_h = 17, .ofs_x = 0, .ofs_y = 0},
    {.bitmap_index = 6243, .adv_w = 216, .box_w = 13, .box_h = 18, .ofs_x = 0, .ofs_y = 0},
    {.bitmap_index = 6331, .adv_w = 216, .box_w = 13, .box_h = 19, .ofs_x = 0, .ofs_y = 0},
    {.bitmap_index = 6423, .adv_w = 288, .box_w = 17, .box_h = 14, .ofs_x = 0, .ofs_y = 0},
    {.bitmap_index = 6506, .adv_w = 247, .box_w = 15, .box_h = 19, .ofs_x = 0, .ofs_y = -5},
    {.bitmap_index = 6609, .adv_w = 164, .box_w = 9, .box_h = 19, .ofs_x = 1, .ofs_y = 0},
    {.bitmap_index = 6660, .adv_w = 164, .box_w = 9, .box_h = 19, .ofs_x = 1, .ofs_y = 0},
    {.bitmap_index = 6711, .adv_w = 164, .box_w = 9, .box_h = 18, .ofs_x = 1, .ofs_y = 0},
    {.bitmap_index = 6762, .adv_w = 164, .box_w = 9, .box_h = 18, .ofs_x = 1, .ofs_y = 0},
    {.bitmap_index = 6811, .adv_w = 79, .box_w = 5, .box_h = 19, .ofs_x = 0, .ofs_y = 0},
    {.bitmap_index = 6829, .adv_w = 79, .box_w = 5, .box_h = 19, .ofs_x = 0, .ofs_y = 0},
    {.bitmap_index = 6847, .adv_w = 79, .box_w = 7, .box_h = 18, .ofs_x = -1, .ofs_y = 0},
    {.bitmap_index = 6871, .adv_w = 79, .box_w = 7, .box_h = 18, .ofs_x = -1, .ofs_y = 0},
    {.bitmap_index = 6891, .adv_w = 232, .box_w = 14, .box_h = 14, .ofs_x = 0, .ofs_y = 0},
    {.bitmap_index = 6962, .adv_w = 225, .box_w = 12, .box_h = 17, .ofs_x = 1, .ofs_y = 0},
    {.bitmap_index = 7031, .adv_w = 252, .box_w = 15, .box_h = 19, .ofs_x = 0, .ofs_y = 0},
    {.bitmap_index = 7137, .adv_w = 252, .box_w = 15, .box_h = 19, .ofs_x = 0, .ofs_y = 0},
    {.bitmap_index = 7242, .adv_w = 252, .box_w = 15, .box_h = 18, .ofs_x = 0, .ofs_y = 0},
    {.bitmap_index = 7345, .adv_w = 252, .box_w = 15, .box_h = 17, .ofs_x = 0, .ofs_y = 0},
    {.bitmap_index = 7445, .adv_w = 252, .box_w = 15, .box_h = 18, .ofs_x = 0, .ofs_y = 0},
    {.bitmap_index = 7546, .adv_w = 206, .box_w = 9, .box_h = 10, .ofs_x = 2, .ofs_y = 2},
    {.bitmap_index = 7589, .adv_w = 252, .box_w = 16, .box_h = 14, .ofs_x = 0, .ofs_y = 0},
    {.bitmap_index = 7694, .adv_w = 216, .box_w = 11, .box_h = 19, .ofs_x = 1, .ofs_y = 0},
    {.bitmap_index = 7750, .adv_w = 216, .box_w = 11, .box_h = 19, .ofs_x = 1, .ofs_y = 0},
    {.bitmap_index = 7805, .adv_w = 216, .box_w = 11, .box_h = 18, .ofs_x = 1, .ofs_y = 0},
    {.bitmap_index = 7859, .adv_w = 216, .box_w = 11, .box_h = 18, .ofs_x = 1, .ofs_y = 0},
    {.bitmap_index = 7912, .adv_w = 187, .box_w = 12, .box_h = 19, .ofs_x = 0, .ofs_y = 0},
    {.bitmap_index = 7983, .adv_w = 185, .box_w = 10, .box_h = 14, .ofs_x = 1, .ofs_y = 0},
    {.bitmap_index = 8032, .adv_w = 218, .box_w = 12, .box_h = 15, .ofs_x = 1, .ofs_y = 0},
    {.bitmap_index = 8108, .adv_w = 216, .box_w = 12, .box_h = 16, .ofs_x = 0, .ofs_y = 0},
    {.bitmap_index = 8186, .adv_w = 216, .box_w = 12, .box_h = 16, .ofs_x = 0, .ofs_y = 0},
    {.bitmap_index = 8264, .adv_w = 216, .box_w = 12, .box_h = 15, .ofs_x = 0, .ofs_y = 0},
    {.bitmap_index = 8342, .adv_w = 216, .box_w = 12, .box_h = 14, .ofs_x = 0, .ofs_y = 0},
    {.bitmap_index = 8416, .adv_w = 216, .box_w = 12, .box_h = 15, .ofs_x = 0, .ofs_y = 0},
    {.bitmap_index = 8491, .adv_w = 216, .box_w = 12, .box_h = 16, .ofs_x = 0, .ofs_y = 0},
    {.bitmap_index = 8570, .adv_w = 351, .box_w = 22, .box_h = 11, .ofs_x = 0, .ofs_y = 0},
    {.bitmap_index = 8679, .adv_w = 194, .box_w = 12, .box_h = 16, .ofs_x = 0, .ofs_y = -5},
    {.bitmap_index = 8758, .adv_w = 198, .box_w = 12, .box_h = 16, .ofs_x = 0, .ofs_y = 0},
    {.bitmap_index = 8836, .adv_w = 198, .box_w = 12, .box_h = 16, .ofs_x = 0, .ofs_y = 0},
    {.bitmap_index = 8914, .adv_w = 198, .box_w = 12, .box_h = 15, .ofs_x = 0, .ofs_y = 0},
    {.bitmap_index = 8991, .adv_w = 198, .box_w = 12, .box_h = 15, .ofs_x = 0, .ofs_y = 0},
    {.bitmap_index = 9065, .adv_w = 79, .box_w = 5, .box_h = 16, .ofs_x = 0, .ofs_y = 0},
    {.bitmap_index = 9083, .adv_w = 79, .box_w = 5, .box_h = 16, .ofs_x = 0, .ofs_y = 0},
    {.bitmap_index = 9101, .adv_w = 79, .box_w = 7, .box_h = 16, .ofs_x = -1, .ofs_y = 0},
    {.bitmap_index = 9122, .adv_w = 79, .box_w = 7, .box_h = 15, .ofs_x = -1, .ofs_y = 0},
    {.bitmap_index = 9139, .adv_w = 204, .box_w = 12, .box_h = 16, .ofs_x = 0, .ofs_y = 0},
    {.bitmap_index = 9220, .adv_w = 205, .box_w = 11, .box_h = 14, .ofs_x = 1, .ofs_y = 0},
    {.bitmap_index = 9266, .adv_w = 205, .box_w = 12, .box_h = 16, .ofs_x = 0, .ofs_y = 0},
    {.bitmap_index = 9344, .adv_w = 205, .box_w = 12, .box_h = 16, .ofs_x = 0, .ofs_y = 0},
    {.bitmap_index = 9421, .adv_w = 205, .box_w = 12, .box_h = 15, .ofs_x = 0, .ofs_y = 0},
    {.bitmap_index = 9499, .adv_w = 205, .box_w = 12, .box_h = 14, .ofs_x = 0, .ofs_y = 0},
    {.bitmap_index = 9572, .adv_w = 205, .box_w = 12, .box_h = 15, .ofs_x = 0, .ofs_y = 0},
    {.bitmap_index = 9647, .adv_w = 210, .box_w = 11, .box_h = 11, .ofs_x = 1, .ofs_y = 2},
    {.bitmap_index = 9683, .adv_w = 205, .box_w = 13, .box_h = 11, .ofs_x = 0, .ofs_y = 0},
    {.bitmap_index = 9757, .adv_w = 205, .box_w = 11, .box_h = 16, .ofs_x = 1, .ofs_y = 0},
    {.bitmap_index = 9808, .adv_w = 205, .box_w = 11, .box_h = 16, .ofs_x = 1, .ofs_y = 0},
    {.bitmap_index = 9859, .adv_w = 205, .box_w = 11, .box_h = 16, .ofs_x = 1, .ofs_y = 0},
    {.bitmap_index = 9912, .adv_w = 205, .box_w = 11, .box_h = 15, .ofs_x = 1, .ofs_y = 0},
    {.bitmap_index = 9961, .adv_w = 180, .box_w = 11, .box_h = 21, .ofs_x = 0, .ofs_y = -5},
    {.bitmap_index = 10050, .adv_w = 216, .box_w = 12, .box_h = 20, .ofs_x = 1, .ofs_y = -5},
    {.bitmap_index = 10120, .adv_w = 180, .box_w = 11, .box_h = 20, .ofs_x = 0, .ofs_y = -5},
    {.bitmap_index = 10206, .adv_w = 216, .box_w = 13, .box_h = 18, .ofs_x = 0, .ofs_y = 0},
    {.bitmap_index = 10294, .adv_w = 216, .box_w = 12, .box_h = 14, .ofs_x = 0, .ofs_y = 0},
    {.bitmap_index = 10366, .adv_w = 216, .box_w = 13, .box_h = 18, .ofs_x = 0, .ofs_y = 0},
    {.bitmap_index = 10456, .adv_w = 216, .box_w = 12, .box_h = 15, .ofs_x = 0, .ofs_y = 0},
    {.bitmap_index = 10534, .adv_w = 216, .box_w = 13, .box_h = 19, .ofs_x = 0, .ofs_y = -5},
    {.bitmap_index = 10627, .adv_w = 216, .box_w = 13, .box_h = 16, .ofs_x = 0, .ofs_y = -5},
    {.bitmap_index = 10710, .adv_w = 247, .box_w = 15, .box_h = 19, .ofs_x = 0, .ofs_y = 0},
    {.bitmap_index = 10810, .adv_w = 194, .box_w = 12, .box_h = 16, .ofs_x = 0, .ofs_y = 0},
    {.bitmap_index = 10885, .adv_w = 247, .box_w = 15, .box_h = 18, .ofs_x = 0, .ofs_y = 0},
    {.bitmap_index = 10978, .adv_w = 194, .box_w = 12, .box_h = 14, .ofs_x = 0, .ofs_y = 0},
    {.bitmap_index = 11045, .adv_w = 247, .box_w = 15, .box_h = 18, .ofs_x = 0, .ofs_y = 0},
    {.bitmap_index = 11144, .adv_w = 194, .box_w = 12, .box_h = 15, .ofs_x = 0, .ofs_y = 0},
    {.bitmap_index = 11220, .adv_w = 226, .box_w = 13, .box_h = 18, .ofs_x = 1, .ofs_y = 0},
    {.bitmap_index = 11301, .adv_w = 241, .box_w = 16, .box_h = 15, .ofs_x = 0, .ofs_y = 0},
    {.bitmap_index = 11386, .adv_w = 232, .box_w = 14, .box_h = 14, .ofs_x = 0, .ofs_y = 0},
    {.bitmap_index = 11457, .adv_w = 216, .box_w = 14, .box_h = 15, .ofs_x = 0, .ofs_y = 0},
    {.bitmap_index = 11536, .adv_w = 164, .box_w = 9, .box_h = 18, .ofs_x = 1, .ofs_y = 0},
    {.bitmap_index = 11582, .adv_w = 198, .box_w = 12, .box_h = 14, .ofs_x = 0, .ofs_y = 0},
    {.bitmap_index = 11653, .adv_w = 164, .box_w = 9, .box_h = 18, .ofs_x = 1, .ofs_y = 0},
    {.bitmap_index = 11706, .adv_w = 198, .box_w = 12, .box_h = 15, .ofs_x = 0, .ofs_y = 0},
    {.bitmap_index = 11783, .adv_w = 164, .box_w = 9, .box_h = 18, .ofs_x = 1, .ofs_y = 0},
    {.bitmap_index = 11828, .adv_w = 198, .box_w = 12, .box_h = 14, .ofs_x = 0, .ofs_y = 0},
    {.bitmap_index = 11897, .adv_w = 164, .box_w = 9, .box_h = 19, .ofs_x = 1, .ofs_y = -5},
    {.bitmap_index = 11950, .adv_w = 198, .box_w = 12, .box_h = 16, .ofs_x = 0, .ofs_y = -5},
    {.bitmap_index = 12031, .adv_w = 164, .box_w = 9, .box_h = 18, .ofs_x = 1, .ofs_y = 0},
    {.bitmap_index = 12081, .adv_w = 198, .box_w = 12, .box_h = 15, .ofs_x = 0, .ofs_y = 0},
    {.bitmap_index = 12158, .adv_w = 249, .box_w = 15, .box_h = 18, .ofs_x = 0, .ofs_y = 0},
    {.bitmap_index = 12266, .adv_w = 216, .box_w = 12, .box_h = 20, .ofs_x = 0, .ofs_y = -5},
    {.bitmap_index = 12371, .adv_w = 249, .box_w = 15, .box_h = 18, .ofs_x = 0, .ofs_y = 0},
    {.bitmap_index = 12470, .adv_w = 216, .box_w = 12, .box_h = 19, .ofs_x = 0, .ofs_y = -5},
    {.bitmap_index = 12568, .adv_w = 249, .box_w = 15, .box_h = 19, .ofs_x = 0, .ofs_y = -5},
    {.bitmap_index = 12680, .adv_w = 216, .box_w = 12, .box_h = 21, .ofs_x = 0, .ofs_y = -5},
    {.bitmap_index = 12784, .adv_w = 79, .box_w = 7, .box_h = 17, .ofs_x = -1, .ofs_y = 0},
    {.bitmap_index = 12804, .adv_w = 79, .box_w = 7, .box_h = 14, .ofs_x = -1, .ofs_y = 0},
    {.bitmap_index = 12821, .adv_w = 79, .box_w = 8, .box_h = 18, .ofs_x = -2, .ofs_y = 0},
    {.bitmap_index = 12839, .adv_w = 79, .box_w = 8, .box_h = 14, .ofs_x = -2, .ofs_y = 0},
    {.bitmap_index = 12854, .adv_w = 79, .box_w = 7, .box_h = 18, .ofs_x = -1, .ofs_y = 0},
    {.bitmap_index = 12877, .adv_w = 79, .box_w = 7, .box_h = 15, .ofs_x = -1, .ofs_y = 0},
    {.bitmap_index = 12896, .adv_w = 79, .box_w = 5, .box_h = 19, .ofs_x = -1, .ofs_y = -5},
    {.bitmap_index = 12916, .adv_w = 79, .box_w = 5, .box_h = 20, .ofs_x = -1, .ofs_y = -5},
    {.bitmap_index = 12947, .adv_w = 79, .box_w = 3, .box_h = 18, .ofs_x = 1, .ofs_y = 0},
    {.bitmap_index = 12958, .adv_w = 79, .box_w = 3, .box_h = 11, .ofs_x = 1, .ofs_y = 0},
    {.bitmap_index = 12963, .adv_w = 192, .box_w = 11, .box_h = 19, .ofs_x = 1, .ofs_y = -5},
    {.bitmap_index = 13036, .adv_w = 165, .box_w = 10, .box_h = 20, .ofs_x = 1, .ofs_y = -5},
    {.bitmap_index = 13098, .adv_w = 138, .box_w = 8, .box_h = 19, .ofs_x = 1, .ofs_y = 0},
    {.bitmap_index = 13128, .adv_w = 79, .box_w = 5, .box_h = 20, .ofs_x = 0, .ofs_y = 0},
    {.bitmap_index = 13146, .adv_w = 138, .box_w = 8, .box_h = 19, .ofs_x = 1, .ofs_y = -5},
    {.bitmap_index = 13175, .adv_w = 79, .box_w = 3, .box_h = 20, .ofs_x = 1, .ofs_y = -5},
    {.bitmap_index = 13188, .adv_w = 143, .box_w = 8, .box_h = 14, .ofs_x = 1, .ofs_y = 0},
    {.bitmap_index = 13213, .adv_w = 118, .box_w = 6, .box_h = 15, .ofs_x = 1, .ofs_y = 0},
    {.bitmap_index = 13233, .adv_w = 138, .box_w = 8, .box_h = 14, .ofs_x = 1, .ofs_y = 0},
    {.bitmap_index = 13253, .adv_w = 94, .box_w = 6, .box_h = 15, .ofs_x = 1, .ofs_y = 0},
    {.bitmap_index = 13268, .adv_w = 140, .box_w = 9, .box_h = 14, .ofs_x = 0, .ofs_y = 0},
    {.bitmap_index = 13297, .adv_w = 80, .box_w = 5, .box_h = 15, .ofs_x = 0, .ofs_y = 0},
    {.bitmap_index = 13315, .adv_w = 225, .box_w = 12, .box_h = 19, .ofs_x = 1, .ofs_y = 0},
    {.bitmap_index = 13386, .adv_w = 205, .box_w = 11, .box_h = 16, .ofs_x = 1, .ofs_y = 0},
    {.bitmap_index = 13435, .adv_w = 225, .box_w = 12, .box_h = 19, .ofs_x = 1, .ofs_y = -5},
    {.bitmap_index = 13504, .adv_w = 205, .box_w = 11, .box_h = 16, .ofs_x = 1, .ofs_y = -5},
    {.bitmap_index = 13554, .adv_w = 225, .box_w = 12, .box_h = 18, .ofs_x = 1, .ofs_y = 0},
    {.bitmap_index = 13625, .adv_w = 205, .box_w = 11, .box_h = 15, .ofs_x = 1, .ofs_y = 0},
    {.bitmap_index = 13674, .adv_w = 252, .box_w = 15, .box_h = 18, .ofs_x = 0, .ofs_y = 0},
    {.bitmap_index = 13775, .adv_w = 205, .box_w = 12, .box_h = 14, .ofs_x = 0, .ofs_y = 0},
    {.bitmap_index = 13846, .adv_w = 252, .box_w = 15, .box_h = 18, .ofs_x = 0, .ofs_y = 0},
    {.bitmap_index = 13950, .adv_w = 205, .box_w = 12, .box_h = 15, .ofs_x = 0, .ofs_y = 0},
    {.bitmap_index = 14028, .adv_w = 252, .box_w = 15, .box_h = 18, .ofs_x = 0, .ofs_y = 0},
    {.bitmap_index = 14132, .adv_w = 205, .box_w = 12, .box_h = 15, .ofs_x = 0, .ofs_y = 0},
    {.bitmap_index = 14210, .adv_w = 348, .box_w = 21, .box_h = 14, .ofs_x = 0, .ofs_y = 0},
    {.bitmap_index = 14317, .adv_w = 346, .box_w = 21, .box_h = 11, .ofs_x = 0, .ofs_y = 0},
    {.bitmap_index = 14422, .adv_w = 195, .box_w = 11, .box_h = 19, .ofs_x = 1, .ofs_y = 0},
    {.bitmap_index = 14500, .adv_w = 119, .box_w = 6, .box_h = 16, .ofs_x = 1, .ofs_y = 0},
    {.bitmap_index = 14533, .adv_w = 195, .box_w = 11, .box_h = 19, .ofs_x = 1, .ofs_y = -5},
    {.bitmap_index = 14609, .adv_w = 119, .box_w = 6, .box_h = 16, .ofs_x = 1, .ofs_y = -5},
    {.bitmap_index = 14642, .adv_w = 195, .box_w = 11, .box_h = 18, .ofs_x = 1, .ofs_y = 0},
    {.bitmap_index = 14719, .adv_w = 119, .box_w = 7, .box_h = 15, .ofs_x = 1, .ofs_y = 0},
    {.bitmap_index = 14752, .adv_w = 188, .box_w = 10, .box_h = 19, .ofs_x = 1, .ofs_y = 0},
    {.bitmap_index = 14834, .adv_w = 167, .box_w = 10, .box_h = 16, .ofs_x = 0, .ofs_y = 0},
    {.bitmap_index = 14905, .adv_w = 188, .box_w = 10, .box_h = 19, .ofs_x = 1, .ofs_y = -5},
    {.bitmap_index = 14989, .adv_w = 167, .box_w = 10, .box_h = 16, .ofs_x = 0, .ofs_y = -5},
    {.bitmap_index = 15061, .adv_w = 188, .box_w = 10, .box_h = 18, .ofs_x = 1, .ofs_y = 0},
    {.bitmap_index = 15143, .adv_w = 167, .box_w = 10, .box_h = 15, .ofs_x = 0, .ofs_y = 0},
    {.bitmap_index = 15213, .adv_w = 173, .box_w = 11, .box_h = 19, .ofs_x = 0, .ofs_y = -5},
    {.bitmap_index = 15250, .adv_w = 116, .box_w = 8, .box_h = 19, .ofs_x = 0, .ofs_y = -5},
    {.bitmap_index = 15297, .adv_w = 173, .box_w = 11, .box_h = 18, .ofs_x = 0, .ofs_y = 0},
    {.bitmap_index = 15335, .adv_w = 117, .box_w = 8, .box_h = 15, .ofs_x = 0, .ofs_y = 0},
    {.bitmap_index = 15373, .adv_w = 216, .box_w = 11, .box_h = 17, .ofs_x = 1, .ofs_y = 0},
    {.bitmap_index = 15425, .adv_w = 205, .box_w = 11, .box_h = 14, .ofs_x = 1, .ofs_y = 0},
    {.bitmap_index = 15474, .adv_w = 216, .box_w = 11, .box_h = 18, .ofs_x = 1, .ofs_y = 0},
    {.bitmap_index = 15525, .adv_w = 205, .box_w = 11, .box_h = 14, .ofs_x = 1, .ofs_y = 0},
    {.bitmap_index = 15569, .adv_w = 216, .box_w = 11, .box_h = 18, .ofs_x = 1, .ofs_y = 0},
    {.bitmap_index = 15626, .adv_w = 205, .box_w = 11, .box_h = 15, .ofs_x = 1, .ofs_y = 0},
    {.bitmap_index = 15677, .adv_w = 216, .box_w = 11, .box_h = 19, .ofs_x = 1, .ofs_y = 0},
    {.bitmap_index = 15733, .adv_w = 205, .box_w = 11, .box_h = 16, .ofs_x = 1, .ofs_y = 0},
    {.bitmap_index = 15785, .adv_w = 216, .box_w = 11, .box_h = 18, .ofs_x = 1, .ofs_y = 0},
    {.bitmap_index = 15840, .adv_w = 205, .box_w = 11, .box_h = 15, .ofs_x = 1, .ofs_y = 0},
    {.bitmap_index = 15891, .adv_w = 216, .box_w = 11, .box_h = 19, .ofs_x = 1, .ofs_y = -5},
    {.bitmap_index = 15949, .adv_w = 205, .box_w = 11, .box_h = 16, .ofs_x = 1, .ofs_y = -5},
    {.bitmap_index = 16004, .adv_w = 312, .box_w = 20, .box_h = 19, .ofs_x = 0, .ofs_y = 0},
    {.bitmap_index = 16154, .adv_w = 262, .box_w = 17, .box_h = 16, .ofs_x = 0, .ofs_y = 0},
    {.bitmap_index = 16266, .adv_w = 187, .box_w = 12, .box_h = 18, .ofs_x = 0, .ofs_y = 0},
    {.bitmap_index = 16336, .adv_w = 180, .box_w = 11, .box_h = 21, .ofs_x = 0, .ofs_y = -5},
    {.bitmap_index = 16426, .adv_w = 187, .box_w = 12, .box_h = 18, .ofs_x = 0, .ofs_y = 0},
    {.bitmap_index = 16493, .adv_w = 173, .box_w = 10, .box_h = 19, .ofs_x = 0, .ofs_y = 0},
    {.bitmap_index = 16563, .adv_w = 146, .box_w = 9, .box_h = 16, .ofs_x = 0, .ofs_y = 0},
    {.bitmap_index = 16621, .adv_w = 173, .box_w = 10, .box_h = 18, .ofs_x = 0, .ofs_y = 0},
    {.bitmap_index = 16683, .adv_w = 146, .box_w = 9, .box_h = 14, .ofs_x = 0, .ofs_y = 0},
    {.bitmap_index = 16732, .adv_w = 173, .box_w = 10, .box_h = 18, .ofs_x = 0, .ofs_y = 0},
    {.bitmap_index = 16801, .adv_w = 146, .box_w = 9, .box_h = 15, .ofs_x = 0, .ofs_y = 0},
    {.bitmap_index = 16859, .adv_w = 217, .box_w = 12, .box_h = 2, .ofs_x = 1, .ofs_y = 6},
    {.bitmap_index = 16866, .adv_w = 283, .box_w = 16, .box_h = 2, .ofs_x = 1, .ofs_y = 6},
    {.bitmap_index = 16875, .adv_w = 70, .box_w = 4, .box_h = 5, .ofs_x = 0, .ofs_y = 9},
    {.bitmap_index = 16886, .adv_w = 70, .box_w = 4, .box_h = 5, .ofs_x = 0, .ofs_y = 9},
    {.bitmap_index = 16897, .adv_w = 60, .box_w = 5, .box_h = 5, .ofs_x = -1, .ofs_y = -2},
    {.bitmap_index = 16911, .adv_w = 122, .box_w = 7, .box_h = 5, .ofs_x = 0, .ofs_y = 9},
    {.bitmap_index = 16929, .adv_w = 122, .box_w = 8, .box_h = 5, .ofs_x = 0, .ofs_y = 9},
    {.bitmap_index = 16950, .adv_w = 112, .box_w = 8, .box_h = 5, .ofs_x = -1, .ofs_y = -2},
    {.bitmap_index = 16971, .adv_w = 132, .box_w = 6, .box_h = 5, .ofs_x = 1, .ofs_y = 4},
    {.bitmap_index = 16985, .adv_w = 186, .box_w = 11, .box_h = 3, .ofs_x = 0, .ofs_y = 0},
    {.bitmap_index = 17002, .adv_w = 260, .box_w = 16, .box_h = 14, .ofs_x = 0, .ofs_y = 0}
};

/*---------------------
 *  CHARACTER MAPPING
 *--------------------*/

static const uint8_t glyph_id_ofs_list_3[] = {
    0, 1, 2, 3, 4, 5, 0, 0,
    0, 0, 6, 7, 8, 9, 10, 11,
    12, 13, 14, 15, 0, 0, 0, 0,
    16, 17, 0, 18, 19, 20, 21, 22,
    23, 24, 25, 26, 27, 28, 29, 30,
    31, 32, 33, 0, 0, 0, 34, 35,
    36, 37, 38, 39, 40, 41, 42, 43,
    44, 45, 46, 47, 48, 49, 0, 0,
    50, 51, 52, 53, 54, 55, 56, 57
};

static const uint16_t unicode_list_5[] = {
    0x0, 0x1, 0x5, 0x6, 0x7, 0x9, 0xa, 0xb,
    0xf, 0x13, 0x99
};

/*Collect the unicode lists and glyph_id offsets*/
static const lv_font_fmt_txt_cmap_t cmaps[] =
{
    {
        .range_start = 32, .range_length = 95, .glyph_id_start = 1,
        .unicode_list = NULL, .glyph_id_ofs_list = NULL, .list_length = 0, .type = LV_FONT_FMT_TXT_CMAP_FORMAT0_TINY
    },
    {
        .range_start = 160, .range_length = 104, .glyph_id_start = 96,
        .unicode_list = NULL, .glyph_id_ofs_list = NULL, .list_length = 0, .type = LV_FONT_FMT_TXT_CMAP_FORMAT0_TINY
    },
    {
        .range_start = 266, .range_length = 18, .glyph_id_start = 200,
        .unicode_list = NULL, .glyph_id_ofs_list = NULL, .list_length = 0, .type = LV_FONT_FMT_TXT_CMAP_FORMAT0_TINY
    },
    {
        .range_start = 286, .range_length = 72, .glyph_id_start = 218,
        .unicode_list = NULL, .glyph_id_ofs_list = glyph_id_ofs_list_3, .list_length = 72, .type = LV_FONT_FMT_TXT_CMAP_FORMAT0_FULL
    },
    {
        .range_start = 360, .range_length = 23, .glyph_id_start = 276,
        .unicode_list = NULL, .glyph_id_ofs_list = NULL, .list_length = 0, .type = LV_FONT_FMT_TXT_CMAP_FORMAT0_TINY
    },
    {
        .range_start = 8211, .range_length = 154, .glyph_id_start = 299,
        .unicode_list = unicode_list_5, .glyph_id_ofs_list = NULL, .list_length = 11, .type = LV_FONT_FMT_TXT_CMAP_SPARSE_TINY
    }
};



/*--------------------
 *  ALL CUSTOM DATA
 *--------------------*/

#if LVGL_VERSION_MAJOR == 8
/*Store all the custom data of the font*/
static  lv_font_fmt_txt_glyph_cache_t cache;
#endif

#if LVGL_VERSION_MAJOR >= 8
static const lv_font_fmt_txt_dsc_t font_dsc = {
#else
static lv_font_fmt_txt_dsc_t font_dsc = {
#endif
    .glyph_bitmap = glyph_bitmap,
    .glyph_dsc = glyph_dsc,
    .cmaps = cmaps,
    .kern_dsc = NULL,
    .kern_scale = 0,
    .cmap_num = 6,
    .bpp = 4,
    .kern_classes = 0,
    .bitmap_format = 1,
#if LVGL_VERSION_MAJOR == 8
    .cache = &cache
#endif
};

extern const lv_font_t lv_font_montserrat_20;


/*-----------------
 *  PUBLIC FONT
 *----------------*/

/*Initialize a public general font descriptor*/
#if LVGL_VERSION_MAJOR >= 8
const lv_font_t poppins_regular_20 = {
#else
lv_font_t poppins_regular_20 = {
#endif
    .get_glyph_dsc = lv_font_get_glyph_dsc_fmt_txt,    /*Function pointer to get glyph's data*/
    .get_glyph_bitmap = lv_font_get_bitmap_fmt_txt,    /*Function pointer to get glyph's bitmap*/
    .line_height = 26,          /*The maximum line height required by the font*/
    .base_line = 6,             /*Baseline measured from the bottom of the line*/
#if !(LVGL_VERSION_MAJOR == 6 && LVGL_VERSION_MINOR == 0)
    .subpx = LV_FONT_SUBPX_NONE,
#endif
#if LV_VERSION_CHECK(7, 4, 0) || LVGL_VERSION_MAJOR >= 8
    .underline_position = -1,
    .underline_thickness = 1,
#endif
    .dsc = &font_dsc,          /*The custom font data. Will be accessed by `get_glyph_bitmap/dsc` */
#if LV_VERSION_CHECK(8, 2, 0) || LVGL_VERSION_MAJOR >= 9
    .fallback = &lv_font_montserrat_20,
#endif
    .user_data = NULL,
};



#endif /*#if POPPINS_REGULAR_20*/

