/*******************************************************************************
 * Size: 24 px
 * Bpp: 4
 * Opts: --bpp 4 --format lvgl --lv-include lvgl.h --lv-font-name poppins_regular_24 --lv-fallback lv_font_montserrat_22 --size 24 --font C:\Projects\OfflineWorkspace\PROJEKTY\PROJEKTY_W_BUDOWIE\Guiton_BETTA\.tmp_fonts\Poppins-Regular.ttf -r 0x20-0x7F -r 0xA0-0xFF -r 0x100-0x17F -r 0x2013-0x2014 -r 0x2018-0x201E -r 0x2022 -r 0x2026 -r 0x20AC -o C:\Projects\OfflineWorkspace\PROJEKTY\PROJEKTY_W_BUDOWIE\Guiton_BETTA\main\ui\fonts\poppins_regular_24.c
 ******************************************************************************/

#ifdef LV_LVGL_H_INCLUDE_SIMPLE
#include "lvgl.h"
#else
#include "lvgl.h"
#endif

#ifndef POPPINS_REGULAR_24
#define POPPINS_REGULAR_24 1
#endif

#if POPPINS_REGULAR_24

/*-----------------
 *    BITMAPS
 *----------------*/

/*Store the image of the glyphs*/
static LV_ATTRIBUTE_LARGE_CONST const uint8_t glyph_bitmap[] = {
    /* U+0020 " " */

    /* U+0021 "!" */
    0xaf, 0xa0, 0xe, 0x30, 0xe, 0x30, 0xe, 0x10,
    0xe, 0x10, 0xe, 0xf0, 0xe, 0xf0, 0xe, 0x10,
    0x9, 0x59, 0x0, 0xe4, 0xc0, 0x2, 0x0, 0x8e,
    0xa0, 0x50, 0x50, 0xb0, 0x60,

    /* U+0022 "\"" */
    0x2f, 0xe0, 0xef, 0x13, 0x3, 0x3, 0x1, 0x10,
    0x8, 0x8, 0x6, 0x70, 0x70, 0x8, 0x44, 0x2,
    0x20,

    /* U+0023 "#" */
    0x0, 0xfb, 0x3d, 0x0, 0x35, 0x7b, 0x0, 0x7f,
    0x18, 0x28, 0x6, 0x70, 0x50, 0xf, 0xc6, 0x2,
    0x20, 0x8, 0x48, 0xc, 0x3, 0xf2, 0x82, 0x0,
    0x65, 0x3, 0x0, 0xfe, 0xf0, 0xd0, 0xc, 0x60,
    0xa0, 0x1d, 0xbf, 0xf3, 0x4, 0x7f, 0xe8, 0x6,
    0xff, 0x68, 0x7, 0xff, 0x27, 0x7f, 0xd8, 0x3,
    0xff, 0xb8, 0x1, 0xff, 0x68, 0x7, 0x28, 0x28,
    0x6, 0x50, 0x20, 0xf, 0xef, 0x3, 0x0, 0xc6,
    0xe, 0x1, 0xfc, 0xa1, 0xa0, 0x1b, 0x43, 0x40,
    0x3f, 0x8c, 0x1c, 0x3, 0x38, 0x18, 0x6, 0x3f,
    0xfc, 0x0, 0xdf, 0xfc, 0x41, 0x7f, 0xe8, 0x0,
    0xff, 0xe4, 0x1f, 0xfc, 0xe0, 0xff, 0xfa, 0x41,
    0x7f, 0xe8, 0x0, 0xe3, 0xd, 0x0, 0xde, 0x1a,
    0x1, 0xfc, 0x80, 0x80, 0x19, 0x0, 0xc0, 0x3f,
    0x10, 0x8, 0x80, 0x31, 0x2, 0x80, 0x7e, 0x70,
    0x50, 0xc, 0x60, 0x42, 0x1, 0xc0,

    /* U+0024 "$" */
    0x0, 0xe9, 0xb0, 0xf, 0xfe, 0x39, 0xd7, 0x32,
    0x74, 0x88, 0x4, 0x98, 0xa2, 0x0, 0x16, 0xf2,
    0x1, 0xa0, 0x5e, 0x64, 0xc1, 0x17, 0x83, 0x88,
    0xa8, 0x40, 0x7, 0xa0, 0x47, 0xc0, 0xa0, 0x1c,
    0x71, 0x1, 0xf0, 0x70, 0xf, 0x3b, 0x88, 0xc0,
    0xd0, 0x3, 0xf2, 0x18, 0x5d, 0x10, 0x7, 0xda,
    0xa0, 0xa8, 0x8a, 0x40, 0xc, 0x35, 0xae, 0x20,
    0xb7, 0xa4, 0x1, 0x8a, 0x1c, 0xe0, 0xb, 0x0,
    0x3e, 0x77, 0x68, 0xb, 0x0, 0x7e, 0x25, 0xf,
    0x5b, 0x90, 0xf, 0x18, 0x4, 0x8c, 0x40, 0x1c,
    0x81, 0xea, 0x21, 0xe4, 0x0, 0x1a, 0x21, 0x60,
    0xd1, 0x2d, 0x64, 0xe5, 0xa, 0x0, 0x1f, 0xb0,
    0x80, 0x5, 0x75, 0x0, 0x21, 0x9e, 0x64, 0xea,
    0x20, 0xf, 0xfe, 0x10,

    /* U+0025 "%" */
    0x5, 0xdf, 0xd5, 0x0, 0xe6, 0xfc, 0x0, 0x96,
    0x86, 0x6, 0x94, 0x3, 0x40, 0x78, 0x5, 0x21,
    0x8f, 0x83, 0x0, 0x13, 0x8a, 0x98, 0x4, 0x66,
    0x0, 0x88, 0x80, 0x1, 0x80, 0x80, 0xc, 0x44,
    0x0, 0x84, 0x40, 0x8, 0x6, 0x20, 0xc, 0xa3,
    0x4, 0xe4, 0xc0, 0x4c, 0x10, 0x1, 0xd0, 0xaf,
    0xb0, 0xb0, 0x10, 0xe, 0x20, 0x1e, 0xae, 0xbe,
    0xa0, 0x35, 0x18, 0x0, 0xfc, 0x28, 0x20, 0x8,
    0x8, 0x0, 0xff, 0xe0, 0xa2, 0x9, 0x80, 0x3f,
    0xf8, 0x30, 0x10, 0x1, 0x8, 0x7, 0xf2, 0x99,
    0x94, 0x17, 0xb9, 0xf2, 0x1, 0xf4, 0x4, 0x1,
    0xd1, 0x53, 0xb5, 0x0, 0x73, 0x12, 0x20, 0x24,
    0x35, 0x61, 0x14, 0x3, 0xa0, 0x20, 0x0, 0xc0,
    0x20, 0x2, 0x2, 0x0, 0xa0, 0x54, 0xc0, 0xa,
    0x4, 0x0, 0x50, 0x20, 0x0, 0xb8, 0x40, 0x5,
    0x41, 0xf1, 0x66, 0xe0, 0x14, 0x3, 0x10, 0x4,
    0x78, 0x2e, 0xd1, 0x0,

    /* U+0026 "&" */
    0x0, 0xe7, 0xdf, 0xea, 0x20, 0xf, 0xfa, 0xe0,
    0x84, 0x4b, 0xa4, 0x1, 0xfc, 0xa8, 0x17, 0xdc,
    0x20, 0x80, 0xf, 0xed, 0x5, 0x40, 0x18, 0x7,
    0x0, 0xff, 0xe1, 0xae, 0xf8, 0x7, 0xf6, 0x82,
    0x88, 0x4, 0x44, 0x0, 0xfe, 0x52, 0xd, 0x0,
    0xff, 0xe1, 0xd0, 0x1d, 0x0, 0x7f, 0xf0, 0x7,
    0x20, 0x0, 0xb4, 0x1, 0xc2, 0x30, 0x0, 0x70,
    0xca, 0xa4, 0x16, 0x40, 0x21, 0xfe, 0x40, 0x4,
    0x91, 0x31, 0x5a, 0x41, 0xa0, 0x1, 0x2, 0x6a,
    0x0, 0x60, 0x81, 0x0, 0x34, 0x83, 0xb8, 0xd8,
    0x3c, 0x2, 0x10, 0x40, 0xc, 0xd2, 0x11, 0xa0,
    0xc6, 0x1, 0xc6, 0x1, 0xcd, 0x20, 0x21, 0x0,
    0x18, 0x82, 0xc0, 0x3c, 0x20, 0x12, 0x0, 0x68,
    0x6, 0xa2, 0x0, 0x25, 0xc0, 0x28, 0x52, 0x0,
    0x4a, 0xe0, 0xbb, 0xfe, 0xb4, 0x1a, 0xa3, 0x5,
    0x98, 0x5, 0x18, 0xa2, 0x2, 0x71, 0xea, 0x12,
    0x81, 0xa4,

    /* U+0027 "'" */
    0x2f, 0xe3, 0x3, 0x10, 0x10, 0x3, 0x80, 0x88,

    /* U+0028 "(" */
    0x0, 0xea, 0xfc, 0x0, 0xe8, 0x52, 0xd0, 0xc,
    0x6e, 0x1c, 0x20, 0x1b, 0x81, 0xcc, 0x3, 0x29,
    0xc, 0x0, 0x74, 0x83, 0x0, 0x71, 0x18, 0x48,
    0x7, 0x28, 0x18, 0x80, 0x76, 0x5, 0x80, 0x79,
    0x1, 0x0, 0x38, 0x80, 0x6, 0x1, 0xcc, 0x2,
    0x1, 0xe1, 0x2, 0x0, 0xf1, 0x83, 0x80, 0x7f,
    0xf0, 0xcc, 0x1c, 0x3, 0xc2, 0x2, 0x1, 0xe6,
    0x2, 0x0, 0xf1, 0x0, 0x8, 0x3, 0xc4, 0xe,
    0x1, 0xe4, 0xf, 0x0, 0xf6, 0x82, 0x0, 0x79,
    0x4, 0x4a, 0x1, 0xe6, 0x9, 0x0, 0xf4, 0x81,
    0xa8, 0x7, 0xc, 0x5, 0x88, 0x7, 0x39, 0x8d,
    0x80, 0x7b, 0x49, 0x5c, 0x0,

    /* U+0029 ")" */
    0x1d, 0xf8, 0x0, 0xe1, 0xf1, 0x76, 0x0, 0xe2,
    0xa0, 0x92, 0x0, 0xe4, 0x50, 0x90, 0xf, 0x58,
    0x21, 0x80, 0x70, 0xb0, 0x48, 0x7, 0xa8, 0x14,
    0x3, 0xc6, 0x40, 0xa0, 0x1e, 0x40, 0xc0, 0xf,
    0x60, 0x20, 0x7, 0x9c, 0x8, 0x3, 0xc4, 0x0,
    0x20, 0xf, 0x8, 0x8, 0x7, 0x8c, 0x1c, 0x3,
    0xff, 0x8a, 0xe0, 0x1e, 0x20, 0x10, 0xe, 0x10,
    0x1, 0x80, 0x71, 0x0, 0x88, 0x3, 0x90, 0x14,
    0x3, 0xd6, 0x18, 0x1, 0xc2, 0x60, 0xa0, 0x1c,
    0xc0, 0x44, 0x0, 0xe9, 0xb, 0x0, 0xe7, 0x11,
    0x30, 0x6, 0x28, 0xb, 0x0, 0xee, 0x5, 0x50,
    0x6, 0x93, 0x2a, 0x0, 0xc0,

    /* U+002A "*" */
    0x0, 0xdf, 0x60, 0x1c, 0x40, 0x1, 0x20, 0x0,
    0x81, 0x6c, 0x1, 0x70, 0xe6, 0x80, 0x11, 0xf0,
    0x37, 0xc9, 0x0, 0xaf, 0x5c, 0xd6, 0x7a, 0x0,
    0xb, 0xc8, 0x22, 0x89, 0x20, 0x4a, 0x2c, 0x29,
    0x86, 0xc0, 0x47, 0xf3, 0x2f, 0x7c, 0xb0, 0x4,
    0x8, 0x9, 0x1, 0xa8, 0x7, 0x4f, 0x0, 0x60,

    /* U+002B "+" */
    0x0, 0xea, 0xd2, 0x0, 0xff, 0x39, 0x8, 0x7,
    0xff, 0xb7, 0xbf, 0xf1, 0x6, 0x7f, 0xe5, 0x30,
    0xf, 0xf8, 0x77, 0xff, 0x10, 0x67, 0xfe, 0x40,
    0xf, 0xff, 0x40,

    /* U+002C "," */
    0x0, 0x37, 0xf0, 0x5, 0x80, 0xc0, 0x12, 0x5,
    0x0, 0x8, 0x4c, 0x80, 0x8, 0x14, 0x1, 0x60,
    0x30, 0x4, 0x8c, 0x1, 0x0,

    /* U+002D "-" */
    0x9f, 0xff, 0xdc, 0x1, 0xfc, 0x20,

    /* U+002E "." */
    0x1, 0x9, 0xe9, 0x70, 0x69, 0x7,

    /* U+002F "/" */
    0x0, 0xf2, 0x7f, 0x0, 0x7d, 0x80, 0x80, 0x1f,
    0x20, 0x60, 0x7, 0xc6, 0xa, 0x1, 0xe3, 0x0,
    0x18, 0x7, 0x90, 0x10, 0x3, 0xec, 0xc, 0x0,
    0xf9, 0x40, 0xc0, 0x3c, 0x42, 0x8, 0x1, 0xe4,
    0x3, 0x0, 0xfb, 0x1, 0x0, 0x3e, 0x70, 0xd0,
    0xf, 0x9, 0x2, 0x0, 0x79, 0x0, 0x84, 0x3,
    0xd8, 0x8, 0x1, 0xf2, 0x86, 0x0, 0x7c, 0x60,
    0xe0, 0x1e, 0x40, 0x12, 0x0, 0xf6, 0x2, 0x0,
    0x7c, 0x61, 0x80, 0x1f, 0x20, 0x28, 0x7, 0x8c,
    0x0, 0x60, 0x1e, 0x40, 0x40, 0xf, 0xb4, 0x30,
    0x3, 0xe4, 0x3, 0x0, 0xf1, 0x8, 0x20, 0x7,
    0x90, 0xc, 0x3, 0xef, 0x4, 0x0, 0xf8,

    /* U+0030 "0" */
    0x0, 0x8e, 0xbb, 0xfa, 0xd0, 0x3, 0x9b, 0x14,
    0x40, 0x52, 0xdc, 0x2, 0x29, 0x4, 0xbe, 0xc4,
    0x8, 0x30, 0x5, 0x81, 0xda, 0x9, 0xda, 0x4,
    0x80, 0x1c, 0x3c, 0x3, 0xa0, 0x14, 0x8, 0x40,
    0xc0, 0x38, 0xc4, 0xd, 0xc0, 0xc0, 0x3e, 0x20,
    0x63, 0x7, 0x0, 0xf9, 0x80, 0x84, 0x4, 0x3,
    0xfb, 0xfc, 0x1, 0xfc, 0x60, 0xf, 0x0, 0xfe,
    0x30, 0x0, 0x80, 0x80, 0x7f, 0x79, 0x83, 0x0,
    0x7c, 0xc0, 0x4e, 0x4, 0x1, 0xf1, 0x3, 0x10,
    0x82, 0x0, 0x71, 0x88, 0x18, 0x38, 0x40, 0x7,
    0x40, 0x28, 0x2, 0xc0, 0xed, 0x4, 0xed, 0x2,
    0x40, 0x5, 0x20, 0x97, 0xd8, 0x81, 0x6, 0x1,
    0x36, 0x28, 0x80, 0xa5, 0xb8, 0x0,

    /* U+0031 "1" */
    0x1f, 0xfc, 0xc0, 0x1e, 0x1e, 0xe1, 0x80, 0x42,
    0x20, 0xf, 0xff, 0xf8, 0x7, 0xff, 0x18,

    /* U+0032 "2" */
    0x0, 0x9f, 0x7f, 0xd8, 0xc0, 0x18, 0x76, 0x8,
    0x0, 0x73, 0x60, 0x15, 0x11, 0x2f, 0xfd, 0x40,
    0x90, 0x6, 0x81, 0xe8, 0x0, 0x59, 0x6, 0xb,
    0x4, 0x20, 0xc, 0xc0, 0x24, 0x40, 0x30, 0xf,
    0x8, 0xd, 0x74, 0x0, 0x78, 0x40, 0x21, 0x0,
    0xf1, 0x80, 0xc, 0x3, 0xf5, 0x2, 0x0, 0x7e,
    0x36, 0x8, 0x0, 0xfd, 0xc0, 0xa6, 0x1, 0xf5,
    0x10, 0xd8, 0x7, 0xd2, 0xa1, 0xa2, 0x1, 0xe8,
    0x60, 0xa3, 0x0, 0xf4, 0xb8, 0x52, 0x80, 0x7a,
    0x98, 0x2d, 0x40, 0x3d, 0x6a, 0x38, 0x80, 0x1e,
    0xb4, 0x1, 0xde, 0xef, 0x5b, 0x80, 0x42, 0x3f,
    0x38,

    /* U+0033 "3" */
    0x0, 0x9f, 0x3f, 0xdb, 0x2, 0x1, 0x16, 0xc1,
    0x80, 0x9, 0xfc, 0x80, 0x1c, 0x44, 0xbf, 0xf5,
    0x90, 0xf0, 0x21, 0x87, 0xa0, 0x1, 0x3c, 0xc,
    0x8c, 0x10, 0x80, 0x31, 0x10, 0x1d, 0xdf, 0x60,
    0x1e, 0x10, 0x60, 0xf, 0xc4, 0x60, 0x60, 0x1e,
    0x15, 0xc0, 0x90, 0xe, 0xbf, 0xea, 0x3a, 0x60,
    0xe, 0x70, 0xf, 0xfb, 0x3f, 0x64, 0xea, 0x0,
    0x3e, 0x26, 0xf1, 0x72, 0x0, 0xfc, 0x2e, 0xa,
    0xa7, 0x20, 0xf, 0x70, 0x77, 0xc5, 0x0, 0x7b,
    0xc0, 0x18, 0xc, 0x20, 0x1c, 0xc1, 0xec, 0x43,
    0x88, 0x0, 0x2b, 0x11, 0x38, 0x78, 0x95, 0xff,
    0xb5, 0x2, 0x84, 0xb, 0xa0, 0xc0, 0x4, 0xda,
    0x80,

    /* U+0034 "4" */
    0x0, 0xfc, 0x3d, 0xfe, 0x0, 0xff, 0xac, 0x40,
    0x3f, 0xf8, 0xa, 0xa1, 0x0, 0xff, 0x86, 0xc2,
    0x80, 0x3f, 0xea, 0x17, 0x50, 0xf, 0xf3, 0x21,
    0x40, 0x7, 0xf8, 0xa4, 0x38, 0x3, 0xfe, 0xe0,
    0x73, 0x0, 0xff, 0x39, 0x94, 0x0, 0x7f, 0x8a,
    0x3, 0xc0, 0x3f, 0xef, 0x8, 0x20, 0xf, 0xf4,
    0x11, 0xb8, 0x7, 0xfc, 0xe0, 0x7f, 0xfd, 0xc0,
    0xf, 0xf3, 0x0, 0x7f, 0xf1, 0x3f, 0xff, 0x68,
    0x3, 0xfc, 0xc0, 0x1f, 0xfe, 0x10,

    /* U+0035 "5" */
    0xe, 0xff, 0xfe, 0x80, 0xf, 0xfe, 0x2e, 0xff,
    0xfd, 0x0, 0x1f, 0xfe, 0xd5, 0xbe, 0xfd, 0x81,
    0x0, 0xe8, 0xa4, 0x10, 0x27, 0xf2, 0x0, 0xca,
    0xad, 0xff, 0x59, 0xf, 0x0, 0x65, 0xa2, 0x0,
    0x27, 0x81, 0xa0, 0x6d, 0xd0, 0x7, 0x12, 0x86,
    0x1, 0xa0, 0x7, 0xda, 0x2, 0x1, 0xfe, 0xf0,
    0x1, 0x6e, 0x84, 0x3, 0xc6, 0x1c, 0x40, 0x52,
    0x1, 0xc4, 0x80, 0xa1, 0x0, 0xf2, 0x40, 0x4,
    0xc0, 0x52, 0x5, 0x70, 0x6d, 0xff, 0x58, 0x9d,
    0x80, 0x51, 0x8a, 0x20, 0x27, 0x38, 0x20,

    /* U+0036 "6" */
    0x0, 0xd1, 0xbf, 0xec, 0x60, 0xe, 0x1d, 0x72,
    0x0, 0x1c, 0xc8, 0x3, 0x69, 0x1e, 0xff, 0xa8,
    0x19, 0x40, 0x8, 0x65, 0x84, 0x0, 0x59, 0x8,
    0x0, 0x70, 0x40, 0x7, 0x30, 0x10, 0x82, 0x2,
    0x80, 0x7b, 0xfc, 0x20, 0x24, 0x1, 0xfe, 0x20,
    0x60, 0x3a, 0xef, 0xe9, 0x10, 0x0, 0x80, 0xb6,
    0x28, 0x80, 0xb7, 0x98, 0x4, 0xf2, 0xbb, 0xfe,
    0xc2, 0x1d, 0x0, 0x89, 0x68, 0x80, 0x7, 0x80,
    0x2c, 0x20, 0x8, 0x0, 0xe1, 0x60, 0xc3, 0x0,
    0x10, 0x7, 0xbc, 0x4, 0x60, 0xf, 0xfe, 0x2,
    0x81, 0x0, 0x7b, 0xc0, 0x83, 0x82, 0x0, 0x38,
    0x58, 0x30, 0x14, 0x96, 0x88, 0x0, 0x7a, 0x4,
    0xa0, 0xc, 0x15, 0xdf, 0xf6, 0x18, 0xf8, 0x4,
    0x3e, 0xe4, 0x0, 0x27, 0xf2, 0x0,

    /* U+0037 "7" */
    0x3f, 0xff, 0xf8, 0x80, 0x3f, 0xf8, 0x27, 0xff,
    0xfb, 0x40, 0x88, 0x1, 0xfd, 0x41, 0x40, 0x1f,
    0xe6, 0x6, 0x0, 0xfe, 0x51, 0x41, 0x0, 0xfe,
    0xe0, 0xe0, 0xf, 0xe2, 0x41, 0x50, 0xf, 0xea,
    0x6, 0x0, 0xff, 0x30, 0x50, 0x7, 0xf2, 0x89,
    0x90, 0x7, 0xf7, 0x5, 0x0, 0x7f, 0x12, 0x3,
    0x0, 0x7f, 0x50, 0x30, 0x7, 0xf9, 0x82, 0x80,
    0x3f, 0x94, 0x48, 0xc0, 0x3f, 0xb8, 0x28, 0x3,
    0xf8, 0x90, 0x18, 0x3, 0xfa, 0x81, 0x4, 0x3,
    0xc0,

    /* U+0038 "8" */
    0x0, 0x96, 0xfb, 0xfa, 0xd8, 0x3, 0xae, 0x90,
    0x40, 0x52, 0x70, 0x2, 0x84, 0x9, 0xff, 0xa8,
    0x4e, 0x80, 0xc, 0x12, 0xc0, 0x12, 0xd0, 0x28,
    0x8c, 0xe, 0x1, 0xc8, 0x0, 0x21, 0x0, 0x8,
    0x7, 0x84, 0x4, 0xc, 0x14, 0x3, 0x8c, 0x44,
    0x41, 0x1, 0x6a, 0x1, 0x26, 0x85, 0x80, 0x12,
    0xce, 0xbb, 0x3a, 0xc2, 0x94, 0x2, 0x23, 0x1,
    0x31, 0x1, 0xd0, 0xa, 0x24, 0x23, 0x7f, 0x64,
    0x5e, 0x80, 0x9c, 0x31, 0xc8, 0x9, 0xbc, 0x55,
    0x10, 0xa, 0x40, 0x1c, 0x2e, 0x1b, 0xc0, 0x40,
    0x1f, 0x70, 0x17, 0x81, 0x0, 0x7d, 0xc0, 0x48,
    0xa, 0x40, 0x1c, 0x2e, 0x18, 0x68, 0x18, 0xc2,
    0x0, 0x5c, 0x12, 0x50, 0xb3, 0x19, 0xef, 0xf5,
    0x11, 0x3c, 0x2, 0xca, 0x41, 0x1, 0x39, 0xd2,
    0x0,

    /* U+0039 "9" */
    0x0, 0x92, 0xfb, 0xfa, 0xd0, 0x3, 0xa2, 0xd0,
    0x46, 0x4b, 0x70, 0x9, 0x5c, 0x23, 0xfb, 0xe4,
    0x20, 0xc0, 0x10, 0xe, 0xe0, 0x9, 0xa8, 0x24,
    0x4, 0x82, 0x40, 0x39, 0x45, 0x40, 0x80, 0x44,
    0x1, 0xe5, 0x3, 0x0, 0xff, 0x8, 0x31, 0x0,
    0x88, 0x3, 0xce, 0x4, 0x26, 0x10, 0x1, 0xc8,
    0x40, 0x14, 0x83, 0x40, 0x80, 0x1a, 0xc0, 0x1e,
    0xa, 0xe0, 0xfd, 0xfe, 0x92, 0x80, 0xd, 0x16,
    0x82, 0x4, 0xf8, 0x0, 0xf0, 0x9, 0x2f, 0xbf,
    0x60, 0x7c, 0x8, 0x4, 0x80, 0x3e, 0x30, 0x60,
    0x8d, 0x70, 0xf, 0x28, 0x18, 0x60, 0x50, 0x7,
    0x30, 0xa8, 0x1, 0x44, 0xac, 0x80, 0xd, 0x21,
    0x20, 0x16, 0x82, 0x6f, 0xfa, 0x42, 0xc, 0x2,
    0x3d, 0x61, 0x0, 0x25, 0x38, 0x0,

    /* U+003A ":" */
    0x7f, 0x89, 0x7, 0x70, 0x34, 0xf4, 0x80, 0x80,
    0x7f, 0xf1, 0x44, 0x27, 0xa5, 0xc1, 0xa4, 0x1c,

    /* U+003B ";" */
    0x1, 0xce, 0x20, 0x43, 0x1a, 0x4, 0x10, 0xb0,
    0x1e, 0xf3, 0x0, 0xff, 0xea, 0x34, 0x28, 0x2,
    0x5c, 0x40, 0xc0, 0x90, 0x2c, 0x28, 0x0, 0x80,
    0xc0, 0x3, 0x51, 0x4, 0xe, 0x0, 0x27, 0x20,
    0x0,

    /* U+003C "<" */
    0x0, 0xe4, 0x88, 0x10, 0x6, 0x4b, 0x70, 0x20,
    0x9, 0x2c, 0x1e, 0x0, 0x24, 0xb0, 0x78, 0x0,
    0x92, 0xc2, 0x20, 0x1, 0x25, 0x84, 0x38, 0x6,
    0xe0, 0x2, 0x80, 0x75, 0x28, 0x61, 0x0, 0x75,
    0x28, 0xe1, 0x0, 0x75, 0x28, 0xe1, 0x0, 0x75,
    0x28, 0xe1, 0x0, 0x75, 0x28, 0xe1, 0x0,

    /* U+003D "=" */
    0x9f, 0xff, 0xfb, 0x84, 0x3, 0xfe, 0x38, 0xff,
    0xff, 0xb4, 0x3, 0xff, 0x9d, 0x1f, 0xff, 0xf6,
    0x88, 0x7, 0xfc, 0x60,

    /* U+003E ">" */
    0x48, 0x81, 0x0, 0x72, 0x13, 0xe1, 0x0, 0x75,
    0x28, 0xe1, 0x0, 0x75, 0x28, 0xe1, 0x0, 0x75,
    0x28, 0xe1, 0x0, 0x75, 0x28, 0xe1, 0x0, 0x77,
    0x0, 0xa8, 0x6, 0x4b, 0x7, 0x70, 0x4, 0x96,
    0xf, 0x0, 0x12, 0x58, 0x3c, 0x0, 0x49, 0x60,
    0xf0, 0x1, 0x25, 0x83, 0xc0, 0x6,

    /* U+003F "?" */
    0x0, 0x9b, 0x3b, 0xf6, 0x0, 0x3a, 0xa4, 0xc4,
    0x9, 0xf4, 0x40, 0xe, 0xa3, 0x5f, 0xec, 0x22,
    0x50, 0x2, 0x82, 0xd4, 0x0, 0x7e, 0x8, 0x40,
    0x40, 0xa0, 0x18, 0x8c, 0x1c, 0x37, 0x40, 0x1e,
    0x60, 0x30, 0x22, 0x0, 0x79, 0xc0, 0x80, 0x3f,
    0x21, 0x2, 0x80, 0x70, 0x9c, 0x58, 0x38, 0x80,
    0x4d, 0xfd, 0x8e, 0xf, 0x0, 0x1e, 0x27, 0xae,
    0x80, 0xe, 0x30, 0x48, 0x51, 0x0, 0xf0, 0x8c,
    0x1, 0xfc, 0x9d, 0x0, 0x1f, 0xe1, 0x0, 0xff,
    0x47, 0x50, 0x7, 0xf2, 0x82, 0x80, 0x7f, 0x58,
    0x30, 0x7, 0x80,

    /* U+0040 "@" */
    0x0, 0xfc, 0x71, 0x9d, 0xfe, 0xda, 0x50, 0xf,
    0xf8, 0xf3, 0xe, 0x28, 0xaa, 0x15, 0xae, 0x30,
    0xf, 0xd1, 0x87, 0x1d, 0xb5, 0x56, 0x7c, 0xe,
    0x28, 0x7, 0xa9, 0xd3, 0x9c, 0x40, 0x3c, 0xfa,
    0x34, 0x60, 0x1a, 0x15, 0x56, 0x20, 0xb5, 0x72,
    0x65, 0xa, 0x5a, 0x1e, 0x1, 0x1b, 0x9d, 0x0,
    0x32, 0x95, 0x1b, 0x2d, 0xf4, 0xd, 0xc, 0x80,
    0x1c, 0x1c, 0x0, 0xc3, 0x4c, 0xfb, 0x16, 0xd,
    0x0, 0x68, 0x20, 0x21, 0x31, 0x3, 0x19, 0xac,
    0xc1, 0x28, 0x0, 0xc0, 0x2, 0xe, 0xe, 0xa,
    0x0, 0x40, 0x78, 0x6, 0x40, 0x1, 0x80, 0x1c,
    0x2, 0x41, 0x30, 0x31, 0x23, 0x0, 0xf0, 0x80,
    0x4e, 0x1e, 0x22, 0x50, 0x3, 0x3, 0x80, 0x70,
    0x82, 0x80, 0x46, 0x4, 0x40, 0x20, 0x1, 0x81,
    0x80, 0x72, 0x1, 0x80, 0x58, 0x8, 0xe0, 0x20,
    0x19, 0x40, 0x3a, 0x3, 0xc0, 0x2, 0x88, 0x17,
    0x1, 0x0, 0x20, 0x19, 0x80, 0x2a, 0x30, 0xf0,
    0x5, 0x4, 0x1, 0x2, 0x80, 0x9, 0x83, 0x2a,
    0x79, 0xf0, 0x1e, 0x71, 0x20, 0xc0, 0x48, 0xc4,
    0x1, 0x2e, 0x2a, 0x8d, 0xa5, 0x64, 0xc3, 0x4e,
    0x1, 0x50, 0x40, 0x5, 0x1d, 0xfb, 0x0, 0x4,
    0xdf, 0xd5, 0x0, 0xce, 0x4c, 0xc0, 0xf, 0xfe,
    0x3f, 0x84, 0xd1, 0x80, 0x70, 0xa8, 0x7, 0xf8,
    0xb8, 0xd7, 0x3a, 0xea, 0xf7, 0xa8, 0x3, 0xfe,
    0x1c, 0xc3, 0x12, 0xac, 0x2f, 0x80, 0x1f, 0x80,

    /* U+0041 "A" */
    0x0, 0xf2, 0xff, 0xa0, 0x3, 0xff, 0x81, 0xe0,
    0x5, 0x0, 0xff, 0xe0, 0x28, 0x0, 0x8c, 0x3,
    0xfc, 0xa0, 0x28, 0x16, 0x1, 0xfe, 0xf0, 0x7d,
    0x5, 0x0, 0xff, 0x28, 0x53, 0x81, 0x18, 0x7,
    0xe5, 0x1, 0x31, 0x40, 0xb0, 0xf, 0xde, 0xe,
    0x0, 0xd0, 0x50, 0xf, 0xca, 0x1a, 0x0, 0x70,
    0x23, 0x0, 0xf2, 0x80, 0xa0, 0x0, 0x4c, 0x2c,
    0x3, 0xdc, 0xe, 0x1, 0xa8, 0x14, 0x3, 0xc8,
    0x1a, 0x1, 0x9c, 0x8, 0xc0, 0x32, 0x80, 0x27,
    0x77, 0x60, 0x2, 0xc0, 0x37, 0x0, 0x8, 0xbc,
    0x0, 0x60, 0xc, 0x81, 0x7f, 0xfe, 0xe0, 0x13,
    0x0, 0x28, 0xa, 0x0, 0x78, 0x4c, 0x2c, 0x1,
    0xc0, 0xe0, 0x1f, 0xa8, 0x18, 0x0, 0x81, 0xa0,
    0x1f, 0x9c, 0x4, 0xc0,

    /* U+0042 "B" */
    0x2f, 0xff, 0x76, 0x38, 0x7, 0x84, 0x78, 0xe3,
    0x0, 0x3b, 0xbb, 0x7d, 0x1, 0xc8, 0x7, 0xf2,
    0xc8, 0x30, 0x7, 0xf9, 0x0, 0x2, 0x1, 0xff,
    0xc0, 0x10, 0xf, 0xe5, 0x3, 0x0, 0xfc, 0x2f,
    0x1, 0xe0, 0x1b, 0xff, 0x74, 0x1e, 0x18, 0x6,
    0x11, 0xc0, 0x3, 0xb0, 0xe, 0xee, 0xdf, 0x64,
    0xf2, 0x1, 0xfc, 0x9e, 0xc, 0x40, 0x1f, 0xc4,
    0x80, 0xa0, 0x1f, 0xfc, 0xa1, 0x50, 0x20, 0xf,
    0xc7, 0xa2, 0x25, 0x0, 0xbb, 0xb7, 0xe1, 0x86,
    0x80, 0x61, 0x1c, 0x4, 0xdc, 0x60,

    /* U+0043 "C" */
    0x0, 0xc2, 0xf9, 0xdf, 0xd6, 0xe0, 0x1f, 0x97,
    0xa0, 0xc4, 0x5, 0x23, 0x94, 0x3, 0x9e, 0x80,
    0xeb, 0x7f, 0x64, 0x86, 0x98, 0x2, 0x38, 0x8,
    0xc5, 0x20, 0x26, 0xd4, 0x9, 0x30, 0x6, 0x83,
    0x38, 0x7, 0xd4, 0x21, 0xe0, 0xa2, 0x12, 0x1,
    0xf8, 0x76, 0xa4, 0x3c, 0x14, 0x3, 0xfc, 0x6a,
    0xa0, 0x70, 0xc0, 0xf, 0xfe, 0x11, 0x1, 0x80,
    0x7f, 0xf1, 0x4, 0x3, 0xff, 0x84, 0x40, 0x40,
    0x1f, 0xfc, 0x27, 0xc, 0x0, 0xff, 0xe1, 0x78,
    0x28, 0x7, 0xf8, 0x91, 0x0, 0xa2, 0x12, 0x1,
    0xfd, 0x97, 0x0, 0xa, 0x6, 0x70, 0xf, 0xac,
    0x43, 0xc0, 0x9, 0x1, 0x16, 0x82, 0x2, 0xda,
    0x81, 0x26, 0x1, 0x3d, 0x2, 0x5f, 0x7f, 0x49,
    0xd, 0x30, 0x7, 0x2f, 0x41, 0x80, 0x4, 0xe3,
    0xd4, 0x2,

    /* U+0044 "D" */
    0x2f, 0xff, 0x75, 0xb8, 0x80, 0x7c, 0x45, 0x8,
    0x92, 0x39, 0x40, 0x3d, 0xbb, 0x77, 0xe2, 0x85,
    0x40, 0x7, 0xf8, 0xea, 0x80, 0xea, 0x1, 0xff,
    0x2c, 0x5, 0x80, 0x7f, 0xf0, 0x1c, 0x44, 0xa0,
    0x1f, 0xfc, 0x7, 0xf, 0x0, 0xff, 0xe0, 0x78,
    0x38, 0x7, 0xff, 0x0, 0xc0, 0xc0, 0x3f, 0xf9,
    0xe6, 0x6, 0x1, 0xff, 0xc0, 0xf0, 0x70, 0xf,
    0xfe, 0x3, 0x86, 0x0, 0x7f, 0xce, 0x20, 0xc0,
    0x1f, 0xe5, 0x80, 0xa0, 0xf, 0xe3, 0xaa, 0x3,
    0x28, 0x6, 0xee, 0xdf, 0x8a, 0x13, 0x20, 0xe,
    0x11, 0xe4, 0x8e, 0x60, 0x8,

    /* U+0045 "E" */
    0x2f, 0xff, 0xda, 0x1, 0x8, 0xf9, 0x80, 0x2e,
    0xef, 0x58, 0x7, 0xff, 0xa7, 0xbb, 0xc2, 0x1,
    0x8, 0xf8, 0xc0, 0x2f, 0xff, 0x10, 0x7, 0xff,
    0xa7, 0xbb, 0xd8, 0x1, 0x8, 0xfc,

    /* U+0046 "F" */
    0x2f, 0xff, 0xe4, 0x0, 0x88, 0xbe, 0x0, 0xdb,
    0xbf, 0x20, 0x7, 0xff, 0xbb, 0x77, 0xb0, 0x3,
    0x88, 0xb8, 0xc0, 0x3b, 0xff, 0xc0, 0x1f, 0xff,
    0xf0, 0xc,

    /* U+0047 "G" */
    0x0, 0xc2, 0xf9, 0xdf, 0xd8, 0xe2, 0x1, 0xf2,
    0x7c, 0x18, 0x80, 0x9c, 0x7a, 0x80, 0x73, 0xd8,
    0x94, 0xef, 0x6c, 0x10, 0xd3, 0x80, 0x47, 0x0,
    0xfa, 0xc4, 0x24, 0xfa, 0x81, 0x8, 0x0, 0xd0,
    0x58, 0x0, 0xfa, 0xc4, 0x24, 0x14, 0x42, 0xc0,
    0x3f, 0xbf, 0x38, 0x3c, 0x14, 0x40, 0x3f, 0x84,
    0xcc, 0xe, 0x18, 0x1, 0xff, 0xc2, 0x20, 0x30,
    0xc, 0x9b, 0xbf, 0xa0, 0x3, 0xe1, 0x22, 0xff,
    0x1, 0x80, 0x65, 0xff, 0xf1, 0x81, 0x38, 0x60,
    0x7, 0xfc, 0x61, 0xbe, 0xa, 0x20, 0x1f, 0xca,
    0x0, 0x45, 0x10, 0xb0, 0xf, 0xe8, 0x7, 0x10,
    0xd0, 0x58, 0x0, 0xfa, 0xc8, 0x92, 0x0, 0x38,
    0x7, 0xd6, 0x21, 0x26, 0xe4, 0xe, 0x10, 0x9,
    0xec, 0x4a, 0x77, 0xb6, 0x44, 0xb4, 0xc0, 0x39,
    0x3e, 0xc, 0x40, 0x52, 0x74, 0x80, 0x20,

    /* U+0048 "H" */
    0x2f, 0xf0, 0x7, 0xe7, 0xfb, 0x0, 0xff, 0xff,
    0x80, 0x7f, 0xf3, 0xbb, 0xbf, 0x40, 0x7, 0x8,
    0xfe, 0x0, 0xf7, 0xff, 0xe8, 0x0, 0xff, 0xff,
    0x80, 0x7f, 0xf3, 0x40,

    /* U+0049 "I" */
    0x2f, 0xf0, 0x7, 0xff, 0xe4,

    /* U+004A "J" */
    0x0, 0xfd, 0xfe, 0x40, 0xf, 0xff, 0xf8, 0x7,
    0xff, 0xbb, 0xfc, 0x60, 0x1e, 0x70, 0x20, 0x40,
    0x8, 0xc0, 0x4, 0xa, 0x10, 0xa2, 0x7c, 0x6,
    0x21, 0x4, 0x15, 0xd8, 0x41, 0xc0, 0x16, 0xb9,
    0x0, 0xae, 0x90, 0x0,

    /* U+004B "K" */
    0x2f, 0xf0, 0x7, 0x9f, 0xfc, 0x80, 0x1f, 0x92,
    0x2, 0x10, 0x3, 0xe2, 0xb0, 0x67, 0x0, 0xf8,
    0x70, 0x12, 0x40, 0x3f, 0x68, 0x95, 0x0, 0x7e,
    0x93, 0x1f, 0x10, 0xf, 0x9d, 0x82, 0x88, 0x3,
    0xe5, 0x80, 0x94, 0x0, 0xfd, 0x40, 0xec, 0x1,
    0xff, 0xca, 0x90, 0x76, 0x0, 0xfe, 0x67, 0x9,
    0x40, 0xf, 0xe8, 0x50, 0xa2, 0x0, 0xfe, 0xa3,
    0x1f, 0x10, 0xf, 0xed, 0x12, 0xd0, 0xf, 0xe1,
    0xd0, 0x3a, 0x0, 0xfe, 0x3a, 0x5, 0x80, 0xf,
    0xe5, 0x80, 0x75,

    /* U+004C "L" */
    0x2f, 0xf0, 0x7, 0xff, 0xfc, 0x3, 0xff, 0xf3,
    0xbb, 0xd8, 0x1, 0x11, 0x78,

    /* U+004D "M" */
    0x2f, 0xf3, 0x0, 0x7f, 0xd7, 0xfa, 0x1, 0x58,
    0x7, 0xf8, 0x90, 0x3, 0x88, 0xc0, 0x3f, 0xa8,
    0x3, 0xe9, 0x0, 0xfe, 0x60, 0xf, 0x94, 0x40,
    0x3e, 0x61, 0x0, 0xf3, 0x3, 0x0, 0x7d, 0x40,
    0xc0, 0x1d, 0x41, 0x20, 0x1e, 0x33, 0x17, 0x80,
    0x71, 0x98, 0x50, 0x3, 0xa8, 0x2c, 0x3, 0xe9,
    0xf, 0x0, 0xc2, 0xc0, 0xc0, 0x1f, 0x28, 0xa1,
    0x0, 0x4c, 0xc, 0x1, 0xfc, 0xc1, 0x40, 0x15,
    0x5, 0x0, 0x7f, 0x48, 0x30, 0x1, 0x8, 0xcc,
    0x1, 0xfc, 0x28, 0x2a, 0x1c, 0x12, 0x1, 0xff,
    0x78, 0x48, 0xa8, 0xa8, 0x7, 0xfc, 0x84, 0x76,
    0xc, 0x1, 0xff, 0xc1, 0xa0, 0x50, 0xa0, 0xf,
    0xfe, 0xb, 0x0, 0x10, 0x80, 0x3f, 0xf8, 0x22,
    0xa1, 0xc0, 0x1f, 0x0,

    /* U+004E "N" */
    0x2f, 0xf2, 0x80, 0x7c, 0x7f, 0xe0, 0xa, 0xc0,
    0x3f, 0xf8, 0x23, 0x20, 0x1f, 0xfc, 0x16, 0x30,
    0xf, 0xf9, 0xc3, 0xc0, 0x3f, 0xe8, 0x23, 0x60,
    0xf, 0xfb, 0x82, 0x4, 0x3, 0xfc, 0x6a, 0x36,
    0x1, 0xff, 0x58, 0xaa, 0x0, 0x7f, 0x86, 0x2,
    0x40, 0x3f, 0xe6, 0x32, 0x70, 0xf, 0xfb, 0xc2,
    0x8, 0x3, 0xfc, 0x6c, 0x12, 0x1, 0xff, 0x48,
    0xa5, 0x80, 0x7f, 0xd6, 0xe, 0x1, 0xff, 0x2a,
    0x0, 0x7f, 0xf0, 0x64, 0x3, 0xff, 0x82, 0x50,
    0x0,

    /* U+004F "O" */
    0x0, 0xc2, 0xf9, 0xdf, 0xd6, 0xc0, 0x1f, 0x93,
    0xe0, 0xc4, 0x5, 0x27, 0x8c, 0x3, 0x9e, 0xc4,
    0xeb, 0xbf, 0xa8, 0x87, 0x14, 0x2, 0x38, 0x8,
    0xc5, 0x10, 0x15, 0xd6, 0xa, 0x20, 0x6, 0x83,
    0x38, 0x7, 0xd2, 0x81, 0xc0, 0xa2, 0x12, 0x1,
    0xfd, 0x20, 0x66, 0xf0, 0x50, 0xf, 0xf1, 0x18,
    0x5b, 0x86, 0x0, 0x7f, 0xc8, 0x6, 0x40, 0x60,
    0x1f, 0xf7, 0x83, 0x80, 0x7f, 0xf1, 0x48, 0xc,
    0x3, 0xfe, 0xf0, 0x77, 0x6, 0x0, 0x7f, 0xc8,
    0x7, 0xe0, 0xa0, 0x1f, 0xe2, 0x30, 0xb5, 0x10,
    0x90, 0xf, 0xe9, 0x3, 0x30, 0x50, 0x33, 0x80,
    0x7d, 0x28, 0x1c, 0x0, 0x48, 0x8, 0xc5, 0x10,
    0x15, 0xd6, 0xa, 0x20, 0x9, 0xe8, 0xe, 0xbb,
    0xfa, 0x88, 0x71, 0x40, 0x39, 0x7a, 0xc, 0x40,
    0x52, 0x78, 0xc0, 0x20,

    /* U+0050 "P" */
    0x2f, 0xff, 0x75, 0x18, 0x7, 0x84, 0x79, 0x71,
    0xc0, 0x3b, 0xbb, 0x9c, 0x21, 0x0, 0x3f, 0xc,
    0x28, 0x78, 0x7, 0xfb, 0xc1, 0x0, 0x3f, 0xcc,
    0x1, 0xff, 0xc0, 0x60, 0x10, 0xf, 0xf7, 0x2,
    0x0, 0x7e, 0x2a, 0x40, 0x90, 0xd, 0xff, 0xb5,
    0x42, 0x4c, 0x3, 0x8, 0xc4, 0x6f, 0xac, 0x1,
    0xdd, 0xd6, 0xe4, 0x10, 0x7, 0xff, 0xfc, 0x3,
    0xc0,

    /* U+0051 "Q" */
    0x0, 0xc2, 0xf9, 0xdf, 0xd6, 0xc0, 0x1f, 0xc9,
    0xf0, 0x62, 0x2, 0x93, 0xc6, 0x1, 0xe7, 0xb1,
    0x3a, 0xef, 0xea, 0x21, 0xc5, 0x0, 0xc7, 0x1,
    0x18, 0xa2, 0x2, 0xba, 0xc1, 0x44, 0x1, 0x68,
    0x33, 0x80, 0x7d, 0x28, 0x1c, 0x0, 0x51, 0x9,
    0x0, 0xfe, 0x90, 0x33, 0x7, 0x82, 0x80, 0x7f,
    0x88, 0xc2, 0xc1, 0xc3, 0x0, 0x3f, 0xe4, 0x3,
    0x2, 0x3, 0x0, 0xff, 0xbc, 0x1c, 0x3, 0xff,
    0x8e, 0x40, 0x60, 0x1f, 0xf7, 0x83, 0x83, 0x86,
    0x0, 0x7f, 0xc8, 0x6, 0x1e, 0xa, 0x1, 0xfe,
    0x23, 0xb, 0x5, 0x10, 0x90, 0xf, 0xe9, 0x3,
    0x30, 0x2, 0x81, 0x9c, 0x3, 0xe9, 0x40, 0xe0,
    0x9, 0x20, 0x23, 0x14, 0x40, 0x57, 0x58, 0x28,
    0x80, 0x33, 0xd0, 0x1d, 0x77, 0xf5, 0x10, 0x5a,
    0x80, 0x79, 0x7a, 0xc, 0x40, 0x50, 0x1, 0xa0,
    0x1f, 0x85, 0xf3, 0xbf, 0xae, 0xc0, 0xd2, 0x1,
    0xff, 0xc2, 0x4b, 0x6, 0x90, 0xf, 0xfe, 0x12,
    0x58, 0x34, 0x80,

    /* U+0052 "R" */
    0x2f, 0xff, 0x6d, 0x18, 0x7, 0x84, 0x71, 0x2e,
    0x38, 0x7, 0x77, 0x73, 0x84, 0x20, 0x7, 0xe1,
    0x85, 0xf, 0x0, 0xff, 0x78, 0x20, 0x7, 0xf9,
    0x80, 0x3f, 0xf8, 0xa, 0x2, 0x1, 0xfe, 0xa0,
    0x40, 0xf, 0xc7, 0x66, 0x10, 0x1, 0xbf, 0xf6,
    0x20, 0x51, 0x0, 0x62, 0x20, 0x80, 0x1f, 0x94,
    0x3, 0xb7, 0x5c, 0x20, 0x1, 0x0, 0xfe, 0x80,
    0x72, 0x0, 0xfe, 0x62, 0x9, 0x0, 0xff, 0x48,
    0x22, 0x0, 0x3f, 0x91, 0x1, 0x20, 0x1f, 0xe8,
    0x2, 0x60, 0xf, 0xe3, 0x60, 0x80,

    /* U+0053 "S" */
    0x0, 0xc, 0x6f, 0xfb, 0x60, 0x40, 0x23, 0xf7,
    0x20, 0x1, 0x3f, 0x98, 0x3, 0x84, 0xf3, 0xfd,
    0x42, 0x2e, 0x5, 0x20, 0xd3, 0x0, 0x2d, 0x1,
    0x29, 0x1, 0x88, 0x6, 0x48, 0x71, 0x0, 0x8,
    0x7, 0x9e, 0x10, 0xc0, 0x98, 0x3, 0xf2, 0x18,
    0x4d, 0xa8, 0x7, 0xda, 0xa0, 0x95, 0xf6, 0xa0,
    0x18, 0x6b, 0x5c, 0x81, 0x2b, 0x4c, 0x3, 0x14,
    0x6e, 0xa0, 0x4b, 0x44, 0x3, 0xc4, 0xf8, 0x2,
    0xc0, 0x1f, 0x89, 0x83, 0x5f, 0x6c, 0x3, 0xc2,
    0x0, 0x12, 0x42, 0x0, 0xe5, 0xd, 0x61, 0xf,
    0x40, 0x1, 0x59, 0xb, 0x6, 0x9, 0x5f, 0xfb,
    0x50, 0x74, 0x40, 0xba, 0xc, 0x0, 0x4f, 0xe6,
    0x0,

    /* U+0054 "T" */
    0x3f, 0xff, 0xf8, 0x84, 0x8b, 0x0, 0x44, 0x58,
    0xcb, 0x77, 0x30, 0x36, 0xee, 0x10, 0xf, 0xff,
    0xf8, 0x7, 0xff, 0xfc, 0x3, 0xff, 0xc2,

    /* U+0055 "U" */
    0x3f, 0xf0, 0x7, 0xec, 0xf6, 0x0, 0xff, 0xff,
    0x80, 0x7f, 0xfd, 0x44, 0x3, 0xff, 0x82, 0x60,
    0x1, 0x0, 0xf8, 0x80, 0x84, 0x40, 0x80, 0x1e,
    0x11, 0x2, 0x83, 0x4, 0x80, 0x7a, 0xc1, 0x4,
    0x24, 0x4f, 0x10, 0x0, 0x74, 0xa1, 0x0, 0x1,
    0xd1, 0x3b, 0xff, 0x62, 0x85, 0x18, 0x4, 0x7f,
    0x6, 0x0, 0x27, 0xd5, 0x0, 0x0,

    /* U+0056 "V" */
    0x4f, 0xf0, 0x7, 0xfb, 0x3d, 0xd0, 0x41, 0x40,
    0x3f, 0x11, 0x82, 0x83, 0x87, 0x0, 0x7e, 0x50,
    0x32, 0xa, 0x4, 0x10, 0xf, 0xa8, 0x2c, 0x0,
    0x62, 0xe, 0x1, 0xe2, 0x20, 0x30, 0x4, 0xc1,
    0xa0, 0x1e, 0x50, 0x41, 0x0, 0xac, 0x10, 0x40,
    0x3a, 0x83, 0x40, 0x31, 0x90, 0x38, 0x6, 0x22,
    0x3, 0x80, 0x75, 0x6, 0x80, 0x6a, 0x4, 0x10,
    0xe, 0x50, 0x41, 0x0, 0x94, 0x38, 0x3, 0xc4,
    0x60, 0xe0, 0x3, 0x20, 0x50, 0xf, 0xac, 0x34,
    0x1, 0x60, 0xa0, 0x1f, 0x98, 0x10, 0x41, 0x43,
    0x80, 0x3f, 0xa, 0x3, 0x99, 0xa, 0x0, 0x7f,
    0x68, 0x55, 0x83, 0x80, 0x7f, 0x9c, 0xd, 0x82,
    0x80, 0x3f, 0xc2, 0xa0, 0x22, 0x30, 0xf, 0xfb,
    0xc0, 0xc, 0x1, 0xe0,

    /* U+0057 "W" */
    0x5f, 0xf0, 0x7, 0xd3, 0xfe, 0x20, 0xf, 0x4f,
    0xda, 0x0, 0xc, 0x3, 0xc8, 0x0, 0x40, 0xf,
    0x20, 0x60, 0x98, 0x20, 0x7, 0x9, 0x0, 0x30,
    0x3, 0x84, 0x81, 0x1, 0x3, 0x0, 0x39, 0x0,
    0x41, 0x0, 0x39, 0x0, 0x4c, 0x30, 0x10, 0x3,
    0xbc, 0x24, 0x4, 0x80, 0x36, 0x2, 0x0, 0x10,
    0x0, 0x60, 0x19, 0x1, 0x4c, 0x10, 0x3, 0x20,
    0x60, 0x4, 0x60, 0xa0, 0x11, 0x9, 0x11, 0x3,
    0x0, 0x21, 0x20, 0x70, 0x9, 0x3, 0x0, 0x24,
    0x4, 0xb, 0x4, 0x0, 0x94, 0x8, 0x40, 0x2b,
    0x4, 0x0, 0xb0, 0x34, 0xc, 0x4, 0x80, 0x18,
    0x8, 0x1, 0x8c, 0x4, 0x80, 0x8, 0x8, 0x0,
    0x40, 0x40, 0x2, 0x6, 0x0, 0x72, 0x2, 0x1,
    0x8a, 0x0, 0x58, 0x18, 0x0, 0x30, 0x40, 0xe,
    0xc0, 0xc0, 0x40, 0xc0, 0x9, 0x41, 0x1, 0x0,
    0xc4, 0x3, 0x90, 0x1c, 0x30, 0x14, 0x2, 0x21,
    0x11, 0x60, 0x20, 0x7, 0x8c, 0x48, 0x88, 0x24,
    0x1, 0x90, 0x10, 0xc2, 0xc0, 0x3e, 0x40, 0xb0,
    0x40, 0xe, 0xf0, 0xd4, 0x3, 0x0, 0xfb, 0x1,
    0x83, 0xc0, 0x39, 0x1, 0x1, 0x0, 0x3f, 0x20,
    0x4, 0x80, 0x1c, 0x24, 0x0, 0xd0, 0xf, 0xc4,
    0x20, 0x62, 0x1, 0xe5, 0x0, 0x20, 0x6,

    /* U+0058 "X" */
    0xaf, 0xc0, 0xf, 0xb7, 0xe2, 0xc0, 0xd8, 0x3,
    0x98, 0x86, 0x45, 0xc2, 0x0, 0x3a, 0x2, 0x4,
    0x20, 0x45, 0x0, 0x14, 0x9, 0x30, 0x5, 0x60,
    0xe4, 0x2, 0xe1, 0x20, 0x19, 0x4c, 0x20, 0x20,
    0x11, 0x0, 0x1d, 0xe0, 0xac, 0xc0, 0x90, 0xf,
    0x1a, 0x84, 0x83, 0x90, 0x7, 0xd6, 0x0, 0x19,
    0x0, 0xff, 0xe0, 0x8, 0x7, 0xeb, 0x0, 0xc,
    0x0, 0x7c, 0x6a, 0x10, 0xe, 0x40, 0x1e, 0xf0,
    0x77, 0x18, 0x40, 0x7, 0x29, 0x8c, 0x7, 0x82,
    0xa0, 0x6, 0x80, 0x80, 0x1, 0xa8, 0x48, 0x4,
    0xe4, 0x46, 0x0, 0xac, 0x9, 0x80, 0x60, 0x20,
    0x3, 0xb, 0x84, 0x4, 0x1, 0xa8, 0x7, 0x40,
    0x8a, 0x0,

    /* U+0059 "Y" */
    0x4f, 0xf0, 0x80, 0x78, 0x7f, 0xca, 0x84, 0x12,
    0x1, 0xe9, 0x2, 0x50, 0x80, 0x70, 0xf, 0x38,
    0x40, 0x1, 0x48, 0x1c, 0x3, 0x38, 0x12, 0x80,
    0x50, 0x12, 0x1, 0xa4, 0x20, 0x3, 0x29, 0xa,
    0x80, 0x14, 0x49, 0x40, 0x3a, 0xc2, 0x0, 0x12,
    0x16, 0x1, 0xe6, 0x22, 0x22, 0xc, 0x58, 0x3,
    0xeb, 0xf, 0xf0, 0x40, 0x7, 0xe6, 0x14, 0x40,
    0xb0, 0x7, 0xf4, 0x0, 0x24, 0x3, 0xfc, 0xe0,
    0x6, 0x0, 0xff, 0xff, 0x80, 0x7f, 0xf0, 0x80,

    /* U+005A "Z" */
    0xcf, 0xff, 0xed, 0x0, 0xff, 0xe, 0x7f, 0xfb,
    0x80, 0x14, 0x1, 0xf5, 0x81, 0x30, 0x7, 0x8d,
    0x42, 0x40, 0x3e, 0xf0, 0x44, 0x0, 0x79, 0x4c,
    0x24, 0x3, 0xeb, 0x6, 0x20, 0xf, 0x40, 0x8a,
    0x0, 0x3c, 0x2e, 0x10, 0x20, 0x1e, 0xb0, 0x26,
    0x0, 0xf1, 0xa8, 0x48, 0x7, 0xde, 0x8, 0x80,
    0xf, 0x29, 0x84, 0x80, 0x7d, 0x60, 0xc4, 0x1,
    0xe8, 0x11, 0x40, 0x7, 0xcc, 0x3, 0xdf, 0xfe,
    0xd0, 0xf, 0xf8,

    /* U+005B "[" */
    0xdf, 0xfa, 0x0, 0x2, 0x2f, 0x0, 0x6f, 0x38,
    0x7, 0xff, 0xfc, 0x3, 0xff, 0xbd, 0xbc, 0xe0,
    0x1, 0x17, 0x80,

    /* U+005C "\\" */
    0xbf, 0x60, 0xf, 0xb0, 0x34, 0x3, 0xe4, 0x4,
    0x0, 0xf8, 0xc4, 0xc, 0x3, 0xe4, 0xb, 0x0,
    0xfb, 0x1, 0x0, 0x3e, 0x70, 0x30, 0xf, 0x84,
    0x81, 0x0, 0x3e, 0x40, 0xd0, 0xf, 0xb4, 0x10,
    0x3, 0xe4, 0x2, 0x10, 0xf, 0x8c, 0x1c, 0x3,
    0xe4, 0xc, 0x0, 0xfa, 0xc1, 0x0, 0x3e, 0x30,
    0x12, 0x0, 0xf9, 0x1, 0x40, 0x3e, 0xd0, 0xc0,
    0xf, 0x90, 0x10, 0x3, 0xe2, 0x10, 0x40, 0xf,
    0x90, 0x30, 0x3, 0xef, 0x4, 0x0, 0xf9, 0x0,
    0xc4, 0x3, 0xc2, 0x40, 0x80, 0x1f, 0x28, 0x60,
    0x7, 0xd8, 0x8, 0x1, 0xf2, 0x1, 0x10, 0x3,
    0xe4, 0x4, 0x0, 0xfb, 0x3, 0x0,

    /* U+005D "]" */
    0x5f, 0xfc, 0x2, 0x20, 0x2, 0xf7, 0x80, 0x7f,
    0xff, 0xc0, 0x3f, 0xfb, 0xcb, 0xde, 0x1, 0x8,
    0x80, 0x0,

    /* U+005E "^" */
    0x0, 0xf5, 0xfe, 0x0, 0x7f, 0xc4, 0x80, 0x66,
    0x0, 0xff, 0x50, 0x5, 0x20, 0x1f, 0xe7, 0x9,
    0x5, 0x10, 0xf, 0xcc, 0x4, 0xc8, 0x12, 0x1,
    0xfa, 0xc2, 0xc3, 0xc1, 0x80, 0x3e, 0x42, 0x16,
    0x4, 0x21, 0x60, 0xf, 0x78, 0x30, 0x5, 0x61,
    0x60, 0x1c, 0x48, 0x12, 0x1, 0x30, 0x92, 0x0,
    0x6b, 0x5, 0x10, 0xc, 0xc1, 0xe0, 0x10, 0xb0,
    0x48, 0x7, 0x50, 0x21, 0x0, 0x18, 0xc, 0xc0,
    0x1c, 0x48, 0x16, 0x0, 0x90, 0x90, 0xf, 0xbc,
    0x18, 0x40,

    /* U+005F "_" */
    0x1, 0x1f, 0xfe, 0x0, 0x3f, 0x77, 0xff, 0x1,
    0x0, 0x3f, 0xf8, 0x40,

    /* U+0060 "`" */
    0x40, 0xe, 0xde, 0x50, 0xb, 0x42, 0xac, 0x81,
    0x39, 0xd3, 0x54, 0x1, 0x1c, 0xba, 0x1, 0xd,
    0x40,

    /* U+0061 "a" */
    0x0, 0x92, 0xfb, 0xf6, 0x4, 0x37, 0xd8, 0x1,
    0x56, 0x82, 0x4, 0xfe, 0x60, 0x1a, 0x54, 0x17,
    0x7f, 0xa4, 0x34, 0xc0, 0x6, 0xc1, 0x14, 0x40,
    0x2d, 0x80, 0x20, 0xa, 0x2, 0x70, 0xe, 0x28,
    0x0, 0x90, 0x28, 0x3, 0xe6, 0x0, 0x8c, 0x8,
    0x3, 0xf0, 0x80, 0x61, 0x0, 0xfc, 0x60, 0x2,
    0x2, 0x0, 0xfc, 0x40, 0x4, 0xd, 0x0, 0xf9,
    0x40, 0x2a, 0x4, 0x50, 0xf, 0x40, 0x4, 0x4c,
    0x14, 0xc0, 0x11, 0xe1, 0x8, 0x5, 0x2a, 0x13,
    0xfb, 0xd8, 0x76, 0x60, 0x1a, 0xad, 0x4, 0x8d,
    0xb5, 0x0, 0x20,

    /* U+0062 "b" */
    0x2f, 0xf0, 0x7, 0xff, 0xfc, 0x0, 0xd9, 0xfd,
    0x8c, 0x1, 0xf1, 0x64, 0x98, 0x9, 0xce, 0x8,
    0x7, 0x71, 0xbe, 0xfe, 0xc0, 0x1e, 0x80, 0x71,
    0xdc, 0x10, 0x13, 0xd8, 0x1b, 0x0, 0x66, 0x40,
    0xe, 0x46, 0xa, 0x0, 0xd4, 0x1, 0xf5, 0x1,
    0x80, 0x62, 0x0, 0xf8, 0x80, 0x4, 0x1, 0xff,
    0xc6, 0x20, 0xf, 0x88, 0x0, 0x40, 0x15, 0x0,
    0x7d, 0x40, 0x60, 0x19, 0x90, 0x3, 0x91, 0x82,
    0x80, 0x31, 0xdc, 0x10, 0x14, 0x58, 0x1b, 0x0,
    0x6e, 0x27, 0xdf, 0xd7, 0x3, 0xd0, 0xe, 0x2d,
    0x83, 0x1, 0x39, 0xc1, 0x0, 0x0,

    /* U+0063 "c" */
    0x0, 0x92, 0xfb, 0xfa, 0xd4, 0x3, 0xaa, 0xd0,
    0x40, 0x52, 0xac, 0x2, 0x95, 0x9, 0xff, 0x74,
    0x2, 0x48, 0x1b, 0x5, 0xb0, 0x0, 0x5e, 0x41,
    0x8a, 0x81, 0x10, 0x1, 0xcc, 0xd9, 0x3, 0x40,
    0x3e, 0x99, 0x21, 0x81, 0x0, 0x7f, 0xf2, 0xcc,
    0x8, 0x3, 0xfc, 0x81, 0xa0, 0x1f, 0x44, 0x9d,
    0x2, 0x20, 0x3, 0x99, 0xd8, 0x4d, 0x82, 0xd8,
    0x0, 0x2f, 0x20, 0xe4, 0x12, 0xa1, 0x3f, 0xee,
    0x80, 0x58, 0x0, 0xaa, 0xd0, 0x40, 0x52, 0xe8,
    0x0,

    /* U+0064 "d" */
    0x0, 0xff, 0xb7, 0xd8, 0x3, 0xff, 0xde, 0x97,
    0xdf, 0xb0, 0x20, 0x1e, 0xab, 0x41, 0x2, 0x7f,
    0x30, 0xd, 0x2a, 0xb, 0xbf, 0xd2, 0x1a, 0x60,
    0x3, 0x60, 0x8a, 0x20, 0x16, 0xc0, 0x10, 0x5,
    0x1, 0x38, 0x7, 0x14, 0x0, 0x48, 0x14, 0x1,
    0xf3, 0x0, 0x46, 0x4, 0x1, 0xf8, 0x40, 0x30,
    0x80, 0x7e, 0x30, 0x1, 0x1, 0x0, 0x7e, 0x20,
    0x2, 0x6, 0x80, 0x7c, 0xa0, 0x15, 0x2, 0x28,
    0x7, 0xa0, 0x2, 0x26, 0xa, 0x60, 0x8, 0xf0,
    0x84, 0x2, 0x95, 0x9, 0xfd, 0xec, 0x3b, 0x30,
    0xd, 0x56, 0x82, 0x46, 0xda, 0x80, 0x10,

    /* U+0065 "e" */
    0x0, 0x92, 0xbb, 0xfa, 0xd0, 0x3, 0xaa, 0xd4,
    0x40, 0x52, 0xe8, 0x2, 0x95, 0x9, 0xff, 0x74,
    0x2, 0xc8, 0x1b, 0x5, 0xb0, 0x0, 0x5f, 0x1,
    0x8a, 0x81, 0x50, 0x3, 0x8d, 0x42, 0x90, 0x30,
    0x3, 0xed, 0x3, 0x30, 0x4f, 0xff, 0xd0, 0xc,
    0x0, 0x12, 0x2f, 0xe6, 0x20, 0xbd, 0xdf, 0xeb,
    0x50, 0xf0, 0xf, 0x95, 0x8e, 0xc1, 0x4c, 0x3,
    0x92, 0xa4, 0x9, 0xc3, 0x18, 0x2, 0x6b, 0x5,
    0x30, 0x86, 0x9, 0xff, 0xa4, 0x12, 0x80, 0x29,
    0xb5, 0x10, 0x14, 0xab, 0x0, 0x0,

    /* U+0066 "f" */
    0x0, 0xc2, 0xae, 0x1, 0x9f, 0xaa, 0x4, 0x0,
    0x70, 0x9, 0x2, 0x0, 0xa0, 0x3b, 0x70, 0x8,
    0x82, 0xc0, 0x39, 0xc0, 0x39, 0xfc, 0xc2, 0x3f,
    0xc6, 0x22, 0x0, 0x84, 0x66, 0xe3, 0x8, 0xee,
    0x10, 0x7, 0xff, 0xfc, 0x3, 0xff, 0x82,

    /* U+0067 "g" */
    0x0, 0x92, 0xfb, 0xf6, 0x48, 0x37, 0xd8, 0x1,
    0x56, 0x80, 0x60, 0xda, 0xa0, 0x1a, 0x54, 0x27,
    0xb3, 0x74, 0x74, 0x60, 0x3, 0x60, 0xb6, 0x0,
    0x8b, 0x8, 0x40, 0x14, 0x8, 0x80, 0xf, 0x48,
    0x4, 0x81, 0xa0, 0x1f, 0x20, 0x4, 0x60, 0x40,
    0x1f, 0x88, 0x3, 0x8, 0x7, 0xe3, 0x0, 0x10,
    0x10, 0x7, 0xc2, 0x20, 0x2, 0x5, 0x0, 0x7c,
    0xe0, 0x15, 0x1, 0x40, 0x7, 0x14, 0x0, 0x44,
    0xc0, 0xf4, 0x60, 0x2d, 0x80, 0x20, 0x14, 0xa8,
    0x2e, 0x7f, 0x48, 0x69, 0x80, 0x6a, 0xb4, 0x10,
    0x27, 0xf3, 0x0, 0xf2, 0x5f, 0x7e, 0xc0, 0x80,
    0x46, 0x1, 0xff, 0x10, 0x9, 0x7f, 0x88, 0x3,
    0xc6, 0x0, 0x52, 0x20, 0x48, 0x7, 0xbc, 0x10,
    0x42, 0x41, 0x31, 0x4, 0xf, 0xc, 0x24, 0x0,
    0x92, 0x7, 0x7d, 0xf8, 0x61, 0x64, 0x1, 0x36,
    0xb1, 0x0, 0x9, 0xf9, 0x0, 0x0,

    /* U+0068 "h" */
    0x2f, 0xf0, 0x7, 0xff, 0xd8, 0xeb, 0xbf, 0x60,
    0x40, 0x39, 0xb1, 0x44, 0x9, 0xfc, 0x80, 0x34,
    0xa6, 0x7f, 0xa8, 0x45, 0xc0, 0x18, 0xec, 0xc0,
    0xb, 0x40, 0x66, 0x0, 0xa0, 0x3, 0x90, 0xc1,
    0x0, 0x25, 0x0, 0xf3, 0x7, 0x0, 0x42, 0x1,
    0xe2, 0x3, 0x0, 0xff, 0xff, 0x80, 0x7f, 0xf1,
    0x0,

    /* U+0069 "i" */
    0x5, 0x50, 0x2d, 0x51, 0xc, 0x0, 0x2d, 0x10,
    0x50, 0x77, 0x0, 0x71, 0x7f, 0x80, 0x3f, 0xfd,
    0x20,

    /* U+006A "j" */
    0x0, 0x95, 0x40, 0x12, 0x55, 0x14, 0x0, 0x20,
    0x3, 0x0, 0x2c, 0x41, 0x80, 0x27, 0x70, 0x7,
    0xf0, 0xff, 0x84, 0x3, 0xff, 0xfe, 0x1, 0xff,
    0xd1, 0x70, 0x0, 0xcf, 0xc8, 0x28, 0x18, 0xb,
    0xd0, 0x0,

    /* U+006B "k" */
    0x2f, 0xf0, 0x7, 0xff, 0xd1, 0x7f, 0xd4, 0x1,
    0xf1, 0x50, 0x1d, 0x0, 0x78, 0x7c, 0xb, 0x40,
    0x3e, 0xa2, 0x1f, 0x10, 0xf, 0x4a, 0x6, 0x90,
    0x7, 0x99, 0x81, 0x66, 0x1, 0xf4, 0x85, 0x20,
    0x7, 0xf8, 0xc0, 0x3f, 0xa4, 0x25, 0x40, 0x3f,
    0x33, 0x2, 0x8c, 0x3, 0xf4, 0xa0, 0x69, 0x0,
    0x7e, 0xb2, 0x1f, 0x10, 0xf, 0xde, 0x25, 0xa0,
    0x1f, 0x8a, 0x80, 0xec, 0x0,

    /* U+006C "l" */
    0x2f, 0xf0, 0x7, 0xff, 0xf4,

    /* U+006D "m" */
    0x2f, 0xf0, 0x1d, 0xf7, 0xeb, 0x80, 0x67, 0xdf,
    0xea, 0x30, 0xe, 0x6c, 0x41, 0x2, 0x8d, 0x11,
    0x6c, 0x10, 0xa, 0xe3, 0x0, 0x69, 0x4c, 0xfe,
    0x90, 0x2b, 0xb1, 0x4f, 0x7e, 0x18, 0x49, 0x0,
    0x47, 0x66, 0x2, 0xd2, 0xa, 0xab, 0x61, 0x3,
    0xc1, 0xb, 0x0, 0xa0, 0x3, 0x98, 0x40, 0xd0,
    0x3, 0xa4, 0x10, 0x2, 0x50, 0xf, 0x28, 0x28,
    0x7, 0x8c, 0x8, 0x2, 0x10, 0xf, 0x8, 0x8,
    0x7, 0x98, 0x3, 0xff, 0xfe, 0x1, 0xff, 0xff,
    0x0, 0xf0,

    /* U+006E "n" */
    0x2f, 0xf0, 0x1d, 0x77, 0xec, 0x8, 0x7, 0x36,
    0x28, 0x81, 0x3f, 0x90, 0x6, 0x94, 0xcf, 0xf5,
    0x8, 0xbc, 0x3, 0x1d, 0x98, 0x1, 0x68, 0x9,
    0x0, 0x28, 0x0, 0xe4, 0x30, 0xc0, 0x9, 0x40,
    0x3c, 0xc0, 0x20, 0x10, 0x80, 0x78, 0x80, 0xc0,
    0x3f, 0xff, 0xe0, 0x1f, 0xfc, 0x40,

    /* U+006F "o" */
    0x0, 0x8e, 0x77, 0xfa, 0xd4, 0x3, 0xd1, 0x8c,
    0x40, 0x29, 0x58, 0x20, 0x14, 0x38, 0x36, 0xff,
    0x48, 0x9e, 0x0, 0x9, 0xc2, 0x64, 0x40, 0x2d,
    0x80, 0x50, 0x14, 0x6, 0xc0, 0x1c, 0x50, 0xc,
    0x8, 0x16, 0x1, 0xf3, 0x0, 0x91, 0x0, 0xc0,
    0x3e, 0x10, 0x3, 0x0, 0x4, 0x3, 0xfe, 0x20,
    0x20, 0xf, 0x84, 0x0, 0xca, 0x16, 0x1, 0xf3,
    0x0, 0x95, 0x81, 0xb0, 0x7, 0x14, 0x4, 0x81,
    0x38, 0x4c, 0x10, 0xb, 0xe8, 0x1b, 0x80, 0x21,
    0x81, 0xf7, 0xfa, 0x1, 0x34, 0x3, 0x4e, 0x29,
    0x0, 0xa5, 0x58, 0x80, 0x0,

    /* U+0070 "p" */
    0x2f, 0xf0, 0x1, 0xb3, 0xfb, 0x18, 0x3, 0xe2,
    0xc9, 0x30, 0x13, 0x9c, 0x10, 0xe, 0xe3, 0x7d,
    0xfd, 0x80, 0x3d, 0x0, 0xe3, 0xb8, 0x20, 0x27,
    0xb0, 0x36, 0x0, 0xcc, 0x80, 0x1c, 0x8c, 0x14,
    0x1, 0xa8, 0x3, 0xea, 0x3, 0x0, 0xc4, 0x1,
    0xf1, 0x0, 0x8, 0x3, 0xff, 0x8c, 0x40, 0x1f,
    0x10, 0x0, 0x80, 0x2a, 0x0, 0xfa, 0x80, 0xc0,
    0x33, 0x20, 0x7, 0x23, 0x5, 0x0, 0x63, 0xb8,
    0x20, 0x28, 0xb0, 0x36, 0x0, 0xdc, 0x6f, 0xbf,
    0xae, 0x7, 0xa0, 0x1c, 0x59, 0x6, 0x2, 0x73,
    0x82, 0x1, 0xf3, 0xe7, 0xf6, 0x30, 0x7, 0xff,
    0xfc, 0x3, 0xff, 0x8e,

    /* U+0071 "q" */
    0x0, 0x92, 0xfb, 0xf6, 0x4, 0x37, 0xd8, 0x1,
    0x56, 0x82, 0x4, 0xfe, 0x60, 0x1a, 0x54, 0x1b,
    0x7f, 0xa4, 0x34, 0xc0, 0x6, 0xc1, 0x12, 0x40,
    0x2d, 0x80, 0x20, 0xa, 0x3, 0x70, 0xe, 0x28,
    0x0, 0x90, 0x2c, 0x3, 0xe6, 0x0, 0x8c, 0xc,
    0x3, 0xf0, 0x80, 0x61, 0x0, 0xff, 0x88, 0x8,
    0x3, 0xf0, 0x80, 0x10, 0x28, 0x3, 0xe6, 0x0,
    0xa8, 0x9, 0xc0, 0x38, 0xa0, 0x2, 0x26, 0x8,
    0x93, 0x1, 0x6c, 0x1, 0x0, 0xa5, 0x41, 0xb3,
    0xfa, 0x43, 0x4c, 0x3, 0x55, 0xa0, 0x81, 0x3f,
    0x98, 0x7, 0x92, 0xfb, 0xf6, 0x4, 0x3, 0xff,
    0xfe, 0x1, 0xff, 0xc1,

    /* U+0072 "r" */
    0x2f, 0xf0, 0x1d, 0x72, 0x0, 0x4b, 0x8a, 0x20,
    0x1a, 0xc5, 0xe5, 0x40, 0x23, 0xf8, 0x61, 0x0,
    0xa0, 0x40, 0x3c, 0x80, 0x1f, 0x8, 0x7, 0xff,
    0xc0,

    /* U+0073 "s" */
    0x0, 0x2d, 0xf7, 0xec, 0x88, 0x5, 0x54, 0x41,
    0x2, 0x6f, 0x20, 0x45, 0x9, 0xff, 0x61, 0xc,
    0x86, 0x2, 0xb0, 0x0, 0xf8, 0x10, 0x40, 0xc,
    0x1, 0x8e, 0xec, 0x34, 0x7, 0x66, 0x1, 0x22,
    0x0, 0xa8, 0x53, 0x3a, 0x50, 0x3, 0x2f, 0xca,
    0xb, 0x5e, 0x10, 0x4, 0x2d, 0x7d, 0x44, 0x7e,
    0x4, 0x62, 0x0, 0x15, 0xd0, 0x23, 0x9c, 0xb0,
    0xe, 0x10, 0x7, 0x2, 0xb8, 0x80, 0xc8, 0x88,
    0xd5, 0x82, 0x3b, 0xf9, 0x82, 0xc0, 0x13, 0x68,
    0x20, 0x2b, 0x8a, 0x0,

    /* U+0074 "t" */
    0x0, 0x57, 0xc0, 0x7, 0xff, 0x3d, 0xbd, 0x41,
    0xff, 0xe3, 0x10, 0x8, 0x44, 0x4b, 0xca, 0xf,
    0xdc, 0xd0, 0xf, 0xff, 0xb1, 0x2, 0x88, 0x6,
    0xa0, 0x2e, 0xfe, 0x0, 0x15, 0x98, 0x80, 0x80,

    /* U+0075 "u" */
    0x4f, 0xe0, 0xf, 0xab, 0xe0, 0x3, 0xff, 0xfe,
    0x1, 0xff, 0xc4, 0x70, 0x10, 0xf, 0x84, 0x0,
    0x40, 0x1, 0x0, 0xf2, 0x80, 0x4, 0x82, 0x40,
    0x39, 0x44, 0x2, 0xb0, 0x76, 0x0, 0x92, 0xc0,
    0x33, 0x28, 0x4f, 0x67, 0x59, 0x20, 0x6, 0xaa,
    0x18, 0x19, 0xa3, 0x4, 0x0,

    /* U+0076 "v" */
    0x8f, 0xd0, 0xf, 0x97, 0xfc, 0x14, 0x4, 0x40,
    0xf, 0x70, 0x30, 0x11, 0x85, 0x0, 0x70, 0xa0,
    0x50, 0x2, 0x81, 0x40, 0x39, 0xc0, 0x8c, 0x0,
    0xe0, 0x46, 0x1, 0xb4, 0x28, 0x2, 0x14, 0xa,
    0x0, 0x85, 0x1, 0x40, 0x37, 0x3, 0x80, 0x4c,
    0x6, 0x40, 0x19, 0x44, 0x48, 0x0, 0xb0, 0xa0,
    0xf, 0x38, 0x70, 0x11, 0x83, 0x0, 0x7a, 0x81,
    0x41, 0x41, 0x40, 0x3e, 0x32, 0x5, 0xa0, 0xe0,
    0xf, 0xd4, 0x10, 0x42, 0x80, 0x1f, 0x98, 0x8,
    0x18, 0x3, 0xf8, 0x50, 0x1, 0x40, 0x1c,

    /* U+0077 "w" */
    0x9f, 0xa0, 0xe, 0x5f, 0xf1, 0x0, 0x77, 0x79,
    0xe8, 0x20, 0x7, 0x60, 0x1, 0x40, 0x31, 0x8,
    0x8d, 0x0, 0x48, 0x3, 0x38, 0x3, 0x0, 0x32,
    0x2, 0x0, 0x14, 0x10, 0x2, 0x21, 0x40, 0x40,
    0xd, 0x81, 0xe0, 0xc, 0xc, 0x0, 0x94, 0x35,
    0x1, 0x0, 0x24, 0x4, 0x0, 0x38, 0x20, 0x5,
    0x80, 0xfa, 0x18, 0x0, 0x21, 0x31, 0x0, 0x9,
    0x89, 0x80, 0x10, 0xc5, 0x1, 0x0, 0xa, 0x16,
    0x1, 0x90, 0x10, 0x10, 0x10, 0x8, 0x86, 0x21,
    0x80, 0xa0, 0x1a, 0xc3, 0x3, 0x2, 0xc0, 0xa,
    0x8, 0xa, 0x24, 0x1, 0x8c, 0x50, 0x14, 0xc,
    0x1, 0x81, 0x86, 0x2e, 0x1, 0xe7, 0x5, 0x25,
    0x0, 0x90, 0x1d, 0x3, 0x40, 0x3d, 0x81, 0x1,
    0x80, 0x19, 0x6, 0x81, 0x0, 0x3c, 0xa0, 0x40,
    0xe0, 0x1b, 0x40, 0x90, 0x3, 0xf2, 0x1, 0x8,
    0x6, 0x40, 0x6, 0x80, 0x60,

    /* U+0078 "x" */
    0x6f, 0xf0, 0x80, 0x66, 0xfd, 0x6, 0x30, 0xb0,
    0x8, 0x60, 0x38, 0x1, 0xe0, 0xa8, 0x0, 0x91,
    0x53, 0x0, 0x1b, 0x4, 0x81, 0x38, 0xd8, 0x6,
    0x81, 0x27, 0x90, 0x81, 0x0, 0xc3, 0x61, 0x8,
    0x6c, 0x1, 0xe5, 0x30, 0x7, 0x80, 0x7e, 0x70,
    0x3, 0x80, 0x7c, 0xa8, 0x0, 0x90, 0xf, 0xac,
    0x2c, 0x49, 0xc0, 0x3a, 0x5, 0x92, 0x2, 0x4,
    0x2, 0x27, 0x8, 0x6, 0x30, 0xb0, 0xb, 0x82,
    0x4, 0x1, 0xe0, 0xa8, 0xc, 0x64, 0xe0, 0x11,
    0xb0, 0x48, 0x0,

    /* U+0079 "y" */
    0x8f, 0xe0, 0xf, 0x93, 0xfc, 0x14, 0x2, 0x80,
    0x1e, 0xd0, 0x60, 0x23, 0xd, 0x0, 0xf3, 0x85,
    0x0, 0x28, 0x1c, 0x3, 0x94, 0x48, 0xc0, 0xc,
    0x2, 0xa0, 0x1b, 0xc2, 0x80, 0x32, 0x87, 0x80,
    0x65, 0x6, 0x0, 0xdc, 0xa, 0x20, 0x5, 0x4,
    0x10, 0xc, 0x82, 0xe, 0x0, 0xe0, 0xe0, 0xf,
    0x30, 0x68, 0xa, 0xa, 0x80, 0x7a, 0x81, 0x5,
    0xc1, 0xc0, 0x3e, 0x23, 0x6, 0xa0, 0xa0, 0xf,
    0xd4, 0x12, 0x64, 0x60, 0x1f, 0x98, 0x4, 0x28,
    0x3, 0xfc, 0xa0, 0x6, 0x0, 0xff, 0x10, 0x20,
    0x80, 0x7f, 0x98, 0x38, 0x3, 0xfc, 0x82, 0x25,
    0x0, 0xff, 0x70, 0x38, 0x7, 0xf8, 0x54, 0x28,
    0x3, 0xfc, 0xe0, 0x46, 0x1, 0xfe, 0xb0, 0xa0,
    0xf, 0xc0,

    /* U+007A "z" */
    0xf, 0xff, 0xdc, 0x4, 0x5e, 0x0, 0xdb, 0xbd,
    0x82, 0x12, 0x1, 0xeb, 0x12, 0x70, 0xe, 0x45,
    0xe, 0x0, 0xf4, 0x83, 0x18, 0x7, 0x41, 0xc,
    0x0, 0x71, 0x38, 0x58, 0x80, 0x77, 0x2, 0x28,
    0x7, 0x31, 0x84, 0x80, 0x70, 0xc0, 0x41, 0x0,
    0x75, 0x89, 0x38, 0x7, 0x94, 0xb, 0xbb, 0xb4,
    0x3, 0x8, 0xf1, 0x0,

    /* U+007B "{" */
    0x0, 0x86, 0xbb, 0xdc, 0x2, 0xc5, 0x10, 0xc,
    0xa4, 0x19, 0xee, 0x0, 0x20, 0x53, 0x0, 0xff,
    0xe0, 0x8, 0x8, 0x7, 0x18, 0x38, 0x7, 0x30,
    0x10, 0x7, 0x8, 0x8, 0x7, 0x18, 0x7, 0xc2,
    0x1, 0xf2, 0x0, 0x78, 0xe4, 0x18, 0x2, 0x7c,
    0x37, 0x90, 0xe, 0x10, 0xe, 0x7c, 0x27, 0x80,
    0xc, 0x72, 0xe, 0x1, 0xc8, 0x1, 0xf0, 0x80,
    0x7c, 0x60, 0x1f, 0x8, 0x8, 0x7, 0x30, 0x10,
    0x7, 0x18, 0x38, 0x7, 0x8, 0x8, 0x7, 0xff,
    0x4, 0x81, 0x4c, 0x3, 0x29, 0x6, 0x7b, 0x80,
    0x58, 0xa2, 0x0,

    /* U+007C "|" */
    0x48, 0x4d, 0x7d, 0x0, 0xff, 0xf9, 0x80,

    /* U+007D "}" */
    0x6f, 0xeb, 0x20, 0x8, 0xc0, 0x53, 0x0, 0x25,
    0xfd, 0x11, 0x30, 0x6, 0x27, 0xe, 0x0, 0xe1,
    0x1, 0x0, 0xe2, 0x1, 0x0, 0xe1, 0xe, 0x0,
    0xe7, 0x3, 0x0, 0xe2, 0x6, 0x0, 0xe1, 0x1,
    0x0, 0xff, 0xe0, 0x90, 0x38, 0x7, 0x50, 0x5a,
    0x0, 0x67, 0x80, 0xb8, 0x0, 0xff, 0x9e, 0x2,
    0xe0, 0x2, 0xa0, 0xb4, 0x0, 0xc4, 0xe, 0x1,
    0xff, 0xc1, 0x10, 0x10, 0xe, 0x20, 0x60, 0xe,
    0x70, 0x30, 0xe, 0x10, 0xe0, 0xe, 0x20, 0x10,
    0xe, 0x10, 0x10, 0xc, 0x4e, 0x1c, 0x0, 0x5f,
    0xd1, 0x13, 0x0, 0xc, 0x5, 0x30, 0x2,

    /* U+007E "~" */
    0x0, 0x2e, 0xfd, 0x8, 0x0, 0xbd, 0x80, 0xe8,
    0x81, 0x7d, 0x6, 0x41, 0x2, 0x2, 0xf5, 0x46,
    0xf9, 0x10, 0x40, 0x8c, 0x85, 0x54, 0x11, 0x2d,
    0x0,

    /* U+00A0 " " */

    /* U+00A1 "¡" */
    0x6f, 0x90, 0xb0, 0x60, 0x50, 0x50, 0x8e, 0xa0,
    0x0, 0x80, 0x1b, 0xd8, 0x4, 0x4, 0x3, 0xfb,
    0xc3, 0xc0, 0x3f, 0x84, 0x4, 0x3, 0xf8, 0xc0,
    0xc0, 0x3b, 0xdf, 0xc0,

    /* U+00A2 "¢" */
    0x0, 0xf1, 0x0, 0x7f, 0xf0, 0x35, 0x40, 0x3f,
    0xf9, 0x25, 0x18, 0x11, 0x48, 0x1, 0xcd, 0xae,
    0x60, 0x4b, 0x74, 0x1, 0x24, 0x83, 0x6f, 0xf4,
    0x8a, 0xc8, 0x2, 0x41, 0xe4, 0x80, 0x5b, 0x41,
    0x84, 0xc8, 0x60, 0x3, 0x8e, 0x60, 0xd8, 0x14,
    0x3, 0xe6, 0x72, 0x30, 0x10, 0xf, 0xf1, 0x80,
    0x80, 0x7f, 0x9c, 0x10, 0x40, 0x3d, 0x58, 0x64,
    0x61, 0x60, 0x1c, 0xaa, 0x33, 0x7, 0x2, 0xeb,
    0x22, 0xcd, 0x4, 0x80, 0xb, 0x8, 0x93, 0x74,
    0xc1, 0xc, 0x1, 0x1e, 0xd3, 0x82, 0x4f, 0x38,
    0x7, 0x96, 0x3, 0x98, 0x40, 0x3f, 0xf8, 0x80,

    /* U+00A3 "£" */
    0x0, 0xd1, 0xbf, 0xec, 0x50, 0xe, 0x1d, 0x72,
    0x0, 0x1d, 0x48, 0x6, 0xd2, 0x26, 0x7f, 0xa4,
    0x19, 0x0, 0x4, 0x61, 0xe6, 0x0, 0x68, 0xf,
    0x0, 0x38, 0x19, 0x0, 0x66, 0x4, 0x0, 0xce,
    0x1, 0xc3, 0xdc, 0x0, 0x8, 0x30, 0x7, 0x84,
    0x40, 0x4, 0x2, 0x10, 0xf, 0xd3, 0x21, 0xa,
    0x99, 0xc0, 0x19, 0x98, 0x20, 0x8c, 0xd8, 0x3,
    0x7f, 0xb4, 0x7, 0xff, 0x0, 0x78, 0x80, 0x40,
    0x3f, 0xc2, 0x1, 0xff, 0xc0, 0x50, 0x40, 0xf,
    0xf6, 0x87, 0x0, 0x7f, 0x13, 0x1a, 0x80, 0x7f,
    0x78, 0x1f, 0x77, 0xe1, 0x1, 0x0, 0x8, 0xfe,
    0x0,

    /* U+00A4 "¤" */
    0x8, 0x0, 0xf0, 0xc0, 0x1b, 0xdc, 0x6f, 0xeb,
    0xeb, 0x11, 0xd2, 0x3b, 0x38, 0x41, 0xe9, 0x0,
    0x4b, 0x71, 0xa6, 0x1, 0xbc, 0x24, 0x2, 0x90,
    0xb0, 0x3, 0x1, 0x0, 0x4e, 0x4, 0x0, 0x70,
    0x30, 0x9, 0x80, 0xc0, 0x18, 0xa, 0x1, 0x68,
    0x78, 0x1, 0x2, 0x18, 0xe1, 0x81, 0xc0, 0x74,
    0x4a, 0x71, 0xcc, 0x34, 0xc, 0xd9, 0xb9, 0x7b,
    0x98, 0x1, 0x2d, 0x20, 0x34, 0x20, 0x3c, 0x10,

    /* U+00A5 "¥" */
    0x2f, 0xf2, 0x0, 0x7d, 0xde, 0xe4, 0x81, 0xe0,
    0x1e, 0x61, 0x13, 0x84, 0x2, 0x10, 0x7, 0x58,
    0x30, 0x0, 0xd0, 0x2c, 0x3, 0x21, 0x4, 0x80,
    0x5e, 0xc, 0x20, 0x17, 0x83, 0x8, 0x4, 0x86,
    0xc, 0x0, 0x24, 0x8, 0x0, 0xe8, 0x9, 0x0,
    0x58, 0x30, 0x80, 0x72, 0x10, 0xa8, 0xb0, 0x58,
    0x6, 0x8b, 0xb0, 0x2, 0x24, 0x1, 0x37, 0x60,
    0x1, 0xa2, 0x8, 0x9, 0xc0, 0x8, 0x90, 0x85,
    0xff, 0xd4, 0x0, 0x5f, 0xfc, 0x20, 0x1c, 0xa0,
    0xe, 0x0, 0xf4, 0x5d, 0xe0, 0x4, 0x5d, 0xe0,
    0x1, 0xa2, 0x60, 0x1, 0xa2, 0x61, 0xb, 0xff,
    0xc2, 0x17, 0xff, 0x84, 0x3, 0xff, 0xbc,

    /* U+00A6 "¦" */
    0x48, 0x4d, 0x7d, 0x0, 0xff, 0xe6, 0x4f, 0xc8,
    0x7, 0x92, 0x13, 0x5f, 0x40, 0x3f, 0xf9, 0x80,

    /* U+00A7 "§" */
    0x0, 0xc, 0xef, 0xfb, 0x18, 0x3, 0x1f, 0x30,
    0x29, 0x9a, 0x6c, 0x2, 0xe0, 0x7d, 0xac, 0xc0,
    0x23, 0x0, 0x90, 0x48, 0x4, 0x6c, 0x1a, 0x1,
    0x8c, 0x3, 0x46, 0x48, 0x9, 0x87, 0x98, 0x4,
    0x26, 0x40, 0xd, 0x32, 0xcc, 0x28, 0x7, 0x87,
    0xc4, 0xe, 0xbe, 0x44, 0x2, 0x8c, 0x12, 0x54,
    0x16, 0xe4, 0x5, 0x70, 0xad, 0xab, 0xe7, 0xb,
    0x2e, 0x6, 0x50, 0xd, 0x6, 0x16, 0xc1, 0xe0,
    0x1e, 0x50, 0x31, 0xf, 0x0, 0xf2, 0x81, 0x48,
    0x32, 0x80, 0x68, 0x30, 0xa5, 0x80, 0xad, 0xaa,
    0x73, 0x85, 0x10, 0x3e, 0x21, 0x2a, 0x84, 0xf9,
    0x40, 0x23, 0xbe, 0x82, 0x3, 0xb0, 0xf, 0xb,
    0xed, 0x2, 0xc0, 0x0, 0x88, 0x1, 0x96, 0x41,
    0x80, 0x19, 0xaa, 0x1, 0x88, 0x3, 0x38, 0x40,
    0x80, 0x5c, 0xe, 0x0, 0x82, 0x27, 0xdd, 0x6a,
    0x94, 0x0, 0x7, 0x60, 0xd1, 0x41, 0xf4, 0x40,

    /* U+00A8 "¨" */
    0x8, 0x50, 0x19, 0x46, 0x7a, 0x6, 0x65, 0x20,
    0xa0, 0x20, 0xb8,

    /* U+00A9 "©" */
    0x0, 0xc2, 0xf9, 0xdf, 0xd8, 0xe2, 0x1, 0xf2,
    0x7e, 0xc6, 0x7f, 0xa3, 0x7d, 0x40, 0x39, 0xa7,
    0x29, 0x8, 0x5, 0x2b, 0x21, 0xc0, 0x23, 0x8c,
    0x20, 0x5a, 0xb9, 0x50, 0x2c, 0x93, 0x0, 0x75,
    0x8, 0xb2, 0x95, 0x1a, 0xb0, 0x6, 0xb8, 0x10,
    0x10, 0x28, 0xd3, 0x7f, 0x50, 0xec, 0x10, 0x13,
    0x14, 0xd, 0x6, 0xc8, 0xa, 0xc9, 0xc, 0x17,
    0xf, 0x42, 0xc2, 0x40, 0x3b, 0x7c, 0xc3, 0x4d,
    0xc4, 0x8, 0xc, 0x3, 0xf8, 0x5c, 0x2, 0x10,
    0xf, 0xfe, 0xb, 0x88, 0x10, 0x10, 0x7, 0xf0,
    0xb9, 0xe8, 0x68, 0x68, 0x7, 0x56, 0x90, 0x69,
    0xe2, 0x82, 0x1a, 0x38, 0x4, 0xea, 0x24, 0xb,
    0x88, 0xa, 0x1c, 0x51, 0xb7, 0xb0, 0x5a, 0xa,
    0x8, 0x1d, 0x62, 0x59, 0x2, 0xa0, 0xf8, 0x22,
    0xbe, 0x0, 0x1c, 0x61, 0xb, 0xe7, 0x6c, 0x9,
    0x64, 0x18, 0x4, 0xd3, 0x92, 0x82, 0x2, 0x73,
    0x92, 0xc0, 0x1c, 0x9f, 0xdf, 0xfd, 0xde, 0x80,
    0x10,

    /* U+00AA "ª" */
    0x0, 0x1d, 0xff, 0x49, 0x7d, 0x2, 0x62, 0x3c,
    0x97, 0x80, 0x52, 0x19, 0xf, 0x6e, 0x0, 0x12,
    0x43, 0x0, 0xa4, 0x0, 0x60, 0x20, 0x18, 0x80,
    0x6, 0xc, 0x1, 0x88, 0x0, 0x26, 0x70, 0x5,
    0x20, 0x17, 0x86, 0x43, 0x5b, 0x80, 0x47, 0x88,
    0xf0, 0x3e, 0x0,

    /* U+00AB "«" */
    0x0, 0x56, 0x18, 0x36, 0x40, 0x22, 0x81, 0x84,
    0x1d, 0x4, 0x4, 0x3, 0x8b, 0x12, 0x9a, 0x20,
    0x64, 0x20, 0x24, 0x3c, 0x18, 0x54, 0x42, 0xc3,
    0x41, 0x41, 0x0, 0xe, 0x2c, 0x44, 0x61, 0x80,
    0x4, 0x4, 0x84, 0x3, 0x88, 0x31, 0x21, 0x8b,
    0x84, 0x0,

    /* U+00AC "¬" */
    0xd, 0xdf, 0xfe, 0xb, 0x81, 0x17, 0xff, 0x7,
    0xc3, 0xff, 0xfe, 0x50, 0xf, 0xff, 0x7, 0xbe,
    0x0,

    /* U+00AD "­" */
    0x9f, 0xff, 0xdc, 0x1, 0xfc, 0x20,

    /* U+00AE "®" */
    0x0, 0x1d, 0xf7, 0x31, 0x40, 0x26, 0xee, 0xdf,
    0x32, 0x2, 0x8c, 0x8f, 0xf4, 0x62, 0xaa, 0x98,
    0x41, 0xed, 0xe, 0x38, 0xf4, 0x0, 0xf6, 0x66,
    0x45, 0x0, 0xce, 0x34, 0x1, 0x1e, 0x80, 0x3a,
    0x60, 0x51, 0x69, 0x86, 0x51, 0xec, 0xe3, 0x8a,
    0x30, 0x48, 0x1b, 0x95, 0x40, 0xd3, 0xdc, 0xff,
    0x54, 0x80,

    /* U+00AF "¯" */
    0x6b, 0xbf, 0xa7, 0xd1, 0x3f, 0x0,

    /* U+00B0 "°" */
    0x0, 0xff, 0xe0, 0x36, 0xff, 0xb1, 0x0, 0x27,
    0x96, 0xaa, 0xd, 0xa0, 0xc, 0x15, 0xaa, 0xb0,
    0x24, 0x14, 0x14, 0x2, 0x14, 0x21, 0x0, 0x78,
    0x6, 0x10, 0x2, 0x86, 0x0, 0x64, 0x11, 0x95,
    0x24, 0x8e, 0xc6, 0x0, 0x14, 0xad, 0xb8, 0x90,
    0xc0, 0x15, 0x75, 0xe7, 0xb8, 0x0,

    /* U+00B1 "±" */
    0x0, 0xe6, 0x82, 0x0, 0xff, 0x53, 0xb0, 0x7,
    0xff, 0x83, 0xbf, 0xf1, 0x85, 0xff, 0xe5, 0x30,
    0xf, 0xf8, 0x77, 0xff, 0x18, 0x5f, 0xfe, 0x40,
    0xf, 0xfe, 0xde, 0xff, 0xe3, 0xb, 0xff, 0xc8,
    0x60, 0x1f, 0xf0, 0x80,

    /* U+00B2 "²" */
    0x3, 0xbf, 0xe8, 0x0, 0x6a, 0xca, 0x3b, 0x85,
    0xed, 0xa8, 0x2c, 0x65, 0x40, 0x41, 0xc0, 0x35,
    0x87, 0x80, 0x52, 0xb2, 0x80, 0xb, 0x7b, 0x60,
    0x1d, 0x46, 0x26, 0x61, 0x10, 0x1e, 0x66,

    /* U+00B3 "³" */
    0x2, 0xbf, 0xe9, 0x10, 0x1c, 0x59, 0x66, 0x50,
    0x1b, 0x6b, 0x41, 0x20, 0x14, 0x18, 0x11, 0x40,
    0x12, 0x7e, 0x8f, 0x80, 0x49, 0xb4, 0x32, 0x7,
    0x26, 0x4a, 0x68, 0x22, 0x6e, 0x57, 0x32, 0x12,
    0xb1, 0xa9, 0x5f, 0x0,

    /* U+00B4 "´" */
    0x0, 0xc2, 0x60, 0x13, 0x7d, 0x81, 0x64, 0x86,
    0x36, 0x9c, 0x72, 0x7b, 0x73, 0x80, 0x26, 0x42,
    0x1, 0x0,

    /* U+00B5 "µ" */
    0x2f, 0xf0, 0x7, 0xd1, 0xf4, 0x1, 0xff, 0xff,
    0x0, 0xff, 0xe3, 0x88, 0x7, 0x84, 0x3, 0x94,
    0x3, 0xca, 0x1, 0xdc, 0x1, 0xc4, 0x60, 0x1c,
    0xae, 0x1, 0x17, 0x88, 0x7, 0xa3, 0xb3, 0x74,
    0xcc, 0x0, 0xec, 0x41, 0x31, 0x9b, 0x0, 0xf1,
    0xdf, 0xfb, 0x18, 0x23, 0xe8, 0x3, 0xff, 0xfe,
    0x1, 0x0,

    /* U+00B6 "¶" */
    0x0, 0x9b, 0x3b, 0xff, 0xce, 0x0, 0xb9, 0x31,
    0x0, 0x9, 0x88, 0x5, 0x8, 0x1, 0xc9, 0x8c,
    0x1, 0x38, 0x7, 0xfc, 0x40, 0x1f, 0xfc, 0x1,
    0x0, 0xff, 0xe0, 0x10, 0x7, 0xff, 0x0, 0x48,
    0x3, 0xff, 0x81, 0x20, 0x1f, 0xfc, 0x4, 0xa1,
    0x0, 0xff, 0x97, 0xae, 0x14, 0x3, 0xfc, 0x8f,
    0xc0, 0x1f, 0xff, 0xf0, 0xf, 0xe0,

    /* U+00B7 "·" */
    0x0, 0xcf, 0xf6, 0x14, 0x8, 0x16, 0xc, 0x0,

    /* U+00B8 "¸" */
    0x1, 0x20, 0xe, 0x6d, 0x0, 0xfb, 0xf0, 0x80,
    0xb, 0x70, 0x7e, 0x0, 0x24, 0x73, 0x20, 0x12,
    0x22, 0x18, 0x84, 0x6e, 0xac, 0x28, 0x2a, 0xab,
    0xe4, 0x0,

    /* U+00B9 "¹" */
    0x6f, 0xf5, 0x24, 0x80, 0x9, 0xc0, 0x3f, 0xf9,
    0xc0,

    /* U+00BA "º" */
    0x0, 0x15, 0x77, 0xe3, 0x0, 0x47, 0xaa, 0xd0,
    0x13, 0x20, 0x7, 0x86, 0x43, 0xe2, 0x31, 0x89,
    0xa1, 0x80, 0x5e, 0x16, 0x60, 0x20, 0x19, 0x80,
    0x8c, 0x4, 0x3, 0x30, 0x10, 0x9a, 0x18, 0x5,
    0xe1, 0x61, 0xc1, 0x90, 0xf8, 0x8e, 0x60, 0x5a,
    0xad, 0x1, 0x30, 0x0,

    /* U+00BB "»" */
    0x7c, 0x70, 0x3c, 0xb0, 0x2, 0x9c, 0x9, 0x82,
    0x28, 0x13, 0x4, 0x87, 0x84, 0x0, 0x20, 0x1c,
    0x4d, 0x9, 0x80, 0x58, 0x24, 0x20, 0x2c, 0x0,
    0xe1, 0x41, 0x40, 0xa0, 0xe2, 0xa4, 0x46, 0x18,
    0x9, 0x8, 0x8, 0x9, 0x8, 0x16, 0x23, 0x51,
    0x70,

    /* U+00BC "¼" */
    0x1, 0x18, 0x3, 0xe1, 0x0, 0x87, 0xba, 0x0,
    0xf6, 0xf1, 0x80, 0x6, 0xc8, 0x3, 0xca, 0x48,
    0x60, 0x12, 0x8, 0x7, 0xa0, 0x20, 0x3, 0xfe,
    0x52, 0x43, 0x0, 0xff, 0xa0, 0x20, 0x3, 0xfe,
    0x52, 0x43, 0x0, 0xff, 0xa0, 0x20, 0x3, 0xfe,
    0x62, 0x43, 0x0, 0xf9, 0xc8, 0x1, 0x61, 0x0,
    0x1, 0x10, 0x6, 0xbd, 0x6, 0x25, 0x30, 0x5e,
    0xe2, 0x80, 0x7a, 0xc2, 0x0, 0x16, 0x20, 0x1f,
    0x31, 0x29, 0x4, 0x8c, 0x80, 0x7d, 0x61, 0x0,
    0x6d, 0x4, 0x1, 0xe6, 0x25, 0x20, 0xf2, 0x70,
    0xf, 0xa0, 0x20, 0x18, 0xe4, 0x3, 0xe6, 0x15,
    0x20, 0xa0, 0xbf, 0xa0, 0xa8, 0x0, 0x40, 0x40,
    0x3, 0xb3, 0x27, 0x8, 0x90, 0x35, 0x82, 0x0,
    0x11, 0x9d, 0x88, 0x81,

    /* U+00BD "½" */
    0x1, 0x18, 0x3, 0xc2, 0x20, 0xc, 0x5d, 0xcf,
    0x0, 0xe2, 0xef, 0x0, 0xc5, 0x62, 0x1, 0xe8,
    0x8, 0x0, 0xe4, 0x30, 0xe, 0x25, 0x16, 0x0,
    0xff, 0xe0, 0x40, 0x40, 0x7, 0xff, 0x0, 0x94,
    0x58, 0x3, 0xff, 0x81, 0x1, 0x0, 0x1f, 0xfc,
    0x2, 0x52, 0x60, 0xf, 0xfe, 0x4, 0x5, 0x80,
    0x7f, 0x6f, 0x1, 0xa9, 0x31, 0x67, 0xfa, 0x80,
    0x3e, 0x80, 0xb0, 0xf3, 0x97, 0x59, 0x0, 0xe3,
    0x42, 0x61, 0x78, 0x68, 0x17, 0x0, 0xe8, 0xb,
    0x1, 0xa7, 0x0, 0x9, 0x80, 0x63, 0x42, 0x60,
    0xe, 0x70, 0xa0, 0xd, 0x1, 0x0, 0x1c, 0xb0,
    0xae, 0x1, 0x1a, 0x12, 0x80, 0x66, 0xa7, 0xa0,
    0xd, 0x1, 0x0, 0x1a, 0x26, 0x28, 0x88, 0x0,
    0x34, 0x25, 0x0, 0x85, 0xc2, 0x37, 0x60, 0x0,
    0xd7, 0x80, 0x61, 0xaa, 0xf0, 0x0,

    /* U+00BE "¾" */
    0x0, 0xff, 0xe3, 0xd, 0x7f, 0xb4, 0xc0, 0x39,
    0x71, 0xc0, 0x2a, 0x59, 0x91, 0xe0, 0x80, 0x6b,
    0x35, 0x0, 0xb2, 0x99, 0xa0, 0x40, 0x9, 0xc5,
    0x88, 0x2, 0x75, 0x1, 0x40, 0x70, 0x0, 0xc8,
    0x40, 0x7, 0xbf, 0x8e, 0x88, 0x1, 0x22, 0xe2,
    0x1, 0xed, 0xb2, 0xb1, 0x1, 0x71, 0x80, 0xe,
    0x74, 0x24, 0xa1, 0x70, 0x80, 0x90, 0xf, 0x4d,
    0x19, 0x58, 0x29, 0x30, 0xb8, 0x7, 0xb4, 0x33,
    0x4e, 0xe, 0x2, 0x0, 0x3e, 0x3e, 0xdc, 0xf7,
    0x35, 0x26, 0x5, 0xee, 0x18, 0x6, 0x23, 0x0,
    0x40, 0x48, 0xd, 0x88, 0x80, 0x3f, 0x22, 0xd,
    0x2, 0x1, 0xc0, 0x3f, 0xa0, 0x3c, 0xd, 0xa3,
    0xc0, 0x3f, 0x29, 0xa1, 0x87, 0x1b, 0x0, 0x7f,
    0x40, 0x48, 0x39, 0x78, 0x7, 0xf3, 0x12, 0x90,
    0x50, 0x67, 0xc0, 0x63, 0x0, 0x68, 0x8, 0x0,
    0x7e, 0x64, 0xc1, 0x2e, 0x1, 0x22, 0xc1, 0x0,
    0x8, 0xce, 0xc4, 0x40, 0x80,

    /* U+00BF "¿" */
    0x0, 0xe2, 0xed, 0x10, 0xf, 0x94, 0x49, 0x0,
    0x3e, 0x40, 0x14, 0x0, 0xf8, 0xff, 0x84, 0x3,
    0xff, 0x8f, 0xd8, 0x1, 0xf8, 0x44, 0x40, 0x1e,
    0x37, 0x80, 0xf, 0x16, 0xe4, 0x30, 0x8, 0x4,
    0x38, 0x47, 0x3b, 0xfe, 0x0, 0xa4, 0x4f, 0x18,
    0x80, 0x39, 0x2, 0x40, 0x3f, 0x8, 0x30, 0x7,
    0x9, 0x90, 0x1, 0x80, 0x3a, 0x72, 0x90, 0x3c,
    0x3, 0x94, 0x36, 0xc1, 0x64, 0x80, 0xec, 0x85,
    0x4a, 0x41, 0xb7, 0xf1, 0x7, 0x40, 0xd, 0xac,
    0x42, 0x6f, 0xe6, 0x0,

    /* U+00C0 "À" */
    0x0, 0xe7, 0x20, 0xf, 0xfe, 0x16, 0xea, 0x0,
    0x3f, 0xf8, 0x32, 0x6f, 0xc8, 0x1, 0xff, 0x1e,
    0x51, 0xdb, 0x0, 0x7f, 0xf0, 0x17, 0x60, 0xc0,
    0x3f, 0xf8, 0x4e, 0xa0, 0x1f, 0xf2, 0xff, 0xa0,
    0x3, 0xff, 0x81, 0xe0, 0x5, 0x0, 0xff, 0xe0,
    0x28, 0x0, 0x8c, 0x3, 0xfc, 0xa0, 0x28, 0x16,
    0x1, 0xfe, 0xf0, 0x7d, 0x5, 0x0, 0xff, 0x28,
    0x53, 0x81, 0x18, 0x7, 0xe5, 0x1, 0x31, 0x40,
    0xb0, 0xf, 0xde, 0xe, 0x0, 0xd0, 0x50, 0xf,
    0xca, 0x1a, 0x0, 0x70, 0x23, 0x0, 0xf2, 0x80,
    0xa0, 0x0, 0x4c, 0x2c, 0x3, 0xdc, 0xe, 0x1,
    0xa8, 0x14, 0x3, 0xc8, 0x1a, 0x1, 0x9c, 0x8,
    0xc0, 0x32, 0x80, 0x27, 0x77, 0x60, 0x2, 0xc0,
    0x37, 0x0, 0x8, 0xbc, 0x0, 0x60, 0xc, 0x81,
    0x7f, 0xfe, 0xe0, 0x13, 0x0, 0x28, 0xa, 0x0,
    0x78, 0x4c, 0x2c, 0x1, 0xc0, 0xe0, 0x1f, 0xa8,
    0x18, 0x0, 0x81, 0xa0, 0x1f, 0x9c, 0x4, 0xc0,

    /* U+00C1 "Á" */
    0x0, 0xfe, 0x45, 0x0, 0xff, 0xe0, 0xd, 0x59,
    0x0, 0x7f, 0xcf, 0xca, 0xa6, 0x0, 0xff, 0x4c,
    0x1e, 0x50, 0x80, 0x7f, 0x86, 0xb0, 0xc0, 0x3f,
    0xf8, 0x10, 0xa0, 0x1f, 0xfc, 0x35, 0xff, 0x40,
    0x7, 0xff, 0x3, 0xc0, 0xa, 0x1, 0xff, 0xc0,
    0x50, 0x1, 0x18, 0x7, 0xf9, 0x40, 0x50, 0x2c,
    0x3, 0xfd, 0xe0, 0xfa, 0xa, 0x1, 0xfe, 0x50,
    0xa7, 0x2, 0x30, 0xf, 0xca, 0x2, 0x62, 0x81,
    0x60, 0x1f, 0xbc, 0x1c, 0x1, 0xa0, 0xa0, 0x1f,
    0x94, 0x34, 0x0, 0xe0, 0x46, 0x1, 0xe5, 0x1,
    0x40, 0x0, 0x98, 0x58, 0x7, 0xb8, 0x1c, 0x3,
    0x50, 0x28, 0x7, 0x90, 0x34, 0x3, 0x38, 0x11,
    0x80, 0x65, 0x0, 0x4e, 0xee, 0xc0, 0x5, 0x80,
    0x6e, 0x0, 0x11, 0x78, 0x0, 0xc0, 0x19, 0x2,
    0xff, 0xfd, 0xc0, 0x26, 0x0, 0x50, 0x14, 0x0,
    0xf0, 0x98, 0x58, 0x3, 0x81, 0xc0, 0x3f, 0x50,
    0x30, 0x1, 0x3, 0x40, 0x3f, 0x38, 0x9, 0x80,

    /* U+00C2 "Â" */
    0x0, 0xff, 0xe5, 0x15, 0xea, 0x0, 0x7f, 0xcf,
    0xaa, 0x17, 0x22, 0x1, 0xf8, 0xe1, 0x7f, 0x5d,
    0x9c, 0x3, 0xf0, 0xdd, 0x8, 0x46, 0x10, 0x7,
    0xe2, 0x40, 0xc, 0x68, 0x1, 0xfe, 0x5f, 0xf4,
    0x0, 0x7f, 0xf0, 0x3c, 0x0, 0xa0, 0x1f, 0xfc,
    0x5, 0x0, 0x11, 0x80, 0x7f, 0x94, 0x5, 0x2,
    0xc0, 0x3f, 0xde, 0xf, 0xa0, 0xa0, 0x1f, 0xe5,
    0xa, 0x70, 0x23, 0x0, 0xfc, 0xa0, 0x26, 0x28,
    0x16, 0x1, 0xfb, 0xc1, 0xc0, 0x1a, 0xa, 0x1,
    0xf9, 0x43, 0x40, 0xe, 0x4, 0x60, 0x1e, 0x50,
    0x14, 0x0, 0x9, 0x85, 0x80, 0x7b, 0x81, 0xc0,
    0x35, 0x2, 0x80, 0x79, 0x3, 0x40, 0x33, 0x81,
    0x18, 0x6, 0x50, 0x4, 0xee, 0xec, 0x0, 0x58,
    0x6, 0xe0, 0x1, 0x17, 0x80, 0xc, 0x1, 0x90,
    0x2f, 0xff, 0xdc, 0x2, 0x60, 0x5, 0x1, 0x40,
    0xf, 0x9, 0x85, 0x80, 0x38, 0x1c, 0x3, 0xf5,
    0x3, 0x0, 0x10, 0x34, 0x3, 0xf3, 0x80, 0x98,

    /* U+00C3 "Ã" */
    0x0, 0xe1, 0x76, 0x0, 0x1b, 0x80, 0x7f, 0x64,
    0x4f, 0x4e, 0xe0, 0x7, 0xe4, 0x2d, 0xc5, 0x62,
    0xa0, 0xf, 0xc9, 0xe4, 0x77, 0xf8, 0x20, 0x1f,
    0xe5, 0xff, 0x40, 0x7, 0xff, 0x3, 0xc0, 0xa,
    0x1, 0xff, 0xc0, 0x50, 0x1, 0x18, 0x7, 0xf9,
    0x40, 0x50, 0x2c, 0x3, 0xfd, 0xe0, 0xfa, 0xa,
    0x1, 0xfe, 0x50, 0xa7, 0x2, 0x30, 0xf, 0xca,
    0x2, 0x62, 0x81, 0x60, 0x1f, 0xbc, 0x1c, 0x1,
    0xa0, 0xa0, 0x1f, 0x94, 0x34, 0x0, 0xe0, 0x46,
    0x1, 0xe5, 0x1, 0x40, 0x0, 0x98, 0x58, 0x7,
    0xb8, 0x1c, 0x3, 0x50, 0x28, 0x7, 0x90, 0x34,
    0x3, 0x38, 0x11, 0x80, 0x65, 0x0, 0x4e, 0xee,
    0xc0, 0x5, 0x80, 0x6e, 0x0, 0x11, 0x78, 0x0,
    0xc0, 0x19, 0x2, 0xff, 0xfd, 0xc0, 0x26, 0x0,
    0x50, 0x14, 0x0, 0xf0, 0x98, 0x58, 0x3, 0x81,
    0xc0, 0x3f, 0x50, 0x30, 0x1, 0x3, 0x40, 0x3f,
    0x38, 0x9, 0x80,

    /* U+00C4 "Ä" */
    0x0, 0xeb, 0xe2, 0xc, 0xd1, 0x0, 0xfe, 0x41,
    0x72, 0x32, 0x50, 0xf, 0xe9, 0x75, 0x29, 0x74,
    0x0, 0xfe, 0x68, 0x0, 0x34, 0x0, 0x7f, 0xcb,
    0xfe, 0x80, 0xf, 0xfe, 0x7, 0x80, 0x14, 0x3,
    0xff, 0x80, 0xa0, 0x2, 0x30, 0xf, 0xf2, 0x80,
    0xa0, 0x58, 0x7, 0xfb, 0xc1, 0xf4, 0x14, 0x3,
    0xfc, 0xa1, 0x4e, 0x4, 0x60, 0x1f, 0x94, 0x4,
    0xc5, 0x2, 0xc0, 0x3f, 0x78, 0x38, 0x3, 0x41,
    0x40, 0x3f, 0x28, 0x68, 0x1, 0xc0, 0x8c, 0x3,
    0xca, 0x2, 0x80, 0x1, 0x30, 0xb0, 0xf, 0x70,
    0x38, 0x6, 0xa0, 0x50, 0xf, 0x20, 0x68, 0x6,
    0x70, 0x23, 0x0, 0xca, 0x0, 0x9d, 0xdd, 0x80,
    0xb, 0x0, 0xdc, 0x0, 0x22, 0xf0, 0x1, 0x80,
    0x32, 0x5, 0xff, 0xfb, 0x80, 0x4c, 0x0, 0xa0,
    0x28, 0x1, 0xe1, 0x30, 0xb0, 0x7, 0x3, 0x80,
    0x7e, 0xa0, 0x60, 0x2, 0x6, 0x80, 0x7e, 0x70,
    0x13,

    /* U+00C5 "Å" */
    0x0, 0xf3, 0x77, 0x24, 0x3, 0xfe, 0x39, 0x8a,
    0x76, 0x0, 0xff, 0x29, 0x32, 0x23, 0x0, 0x3f,
    0xc4, 0x43, 0x24, 0x20, 0xf, 0xf2, 0x36, 0x69,
    0x40, 0x7, 0xfd, 0x3d, 0xb8, 0x1, 0xff, 0xc0,
    0x5e, 0xd8, 0x0, 0xff, 0xe0, 0x78, 0x1, 0x40,
    0x3f, 0xf8, 0xa, 0x0, 0x23, 0x0, 0xff, 0x28,
    0xa, 0x5, 0x80, 0x7f, 0xbc, 0x1f, 0x41, 0x40,
    0x3f, 0xca, 0x14, 0xe0, 0x46, 0x1, 0xf9, 0x40,
    0x4c, 0x50, 0x2c, 0x3, 0xf7, 0x83, 0x80, 0x34,
    0x14, 0x3, 0xf2, 0x86, 0x80, 0x1c, 0x8, 0xc0,
    0x3c, 0xa0, 0x28, 0x0, 0x13, 0xb, 0x0, 0xf7,
    0x3, 0x80, 0x6a, 0x5, 0x0, 0xf2, 0x6, 0x80,
    0x67, 0x2, 0x30, 0xc, 0xa0, 0x9, 0xdd, 0xd8,
    0x0, 0xb0, 0xd, 0xc0, 0x2, 0x2f, 0x0, 0x18,
    0x3, 0x20, 0x5f, 0xff, 0xb8, 0x4, 0xc0, 0xa,
    0x2, 0x80, 0x1e, 0x13, 0xb, 0x0, 0x70, 0x38,
    0x7, 0xea, 0x6, 0x0, 0x20, 0x68, 0x7, 0xe7,
    0x1, 0x30,

    /* U+00C6 "Æ" */
    0x0, 0xfe, 0x8f, 0xff, 0xf0, 0x80, 0x7e, 0x17,
    0x0, 0x84, 0x8b, 0xc0, 0x1f, 0xd2, 0x6, 0x41,
    0x7b, 0xbe, 0x10, 0xf, 0x85, 0xc3, 0xc0, 0x3f,
    0xf8, 0xb0, 0x8, 0x60, 0x1f, 0xfc, 0x42, 0x60,
    0x80, 0xf, 0xfe, 0x2c, 0x2, 0x98, 0x7, 0xff,
    0x10, 0xd4, 0x20, 0x3, 0xff, 0x8b, 0x0, 0xa4,
    0x1, 0xa3, 0x33, 0x90, 0x3, 0x8d, 0x2, 0x0,
    0x38, 0x8c, 0xf8, 0x80, 0x3b, 0xc1, 0x88, 0x3,
    0xab, 0xff, 0x98, 0x3, 0x21, 0x84, 0x0, 0x7f,
    0xf1, 0x64, 0x1, 0xb9, 0x98, 0x80, 0x3f, 0xe5,
    0x20, 0x1, 0x9f, 0x0, 0x7f, 0xf0, 0x20, 0x23,
    0xff, 0xc4, 0x1, 0xfe, 0x62, 0x17, 0x0, 0xff,
    0xe2, 0xc0, 0x48, 0x7, 0xf5, 0xee, 0xf8, 0x5c,
    0x44, 0xe0, 0x1f, 0xc2, 0x45, 0xe0,

    /* U+00C7 "Ç" */
    0x0, 0xc2, 0xf9, 0xdf, 0xd6, 0xc0, 0x1f, 0x93,
    0xa0, 0xc4, 0x5, 0x27, 0x94, 0x3, 0x9a, 0xc0,
    0xeb, 0x7f, 0x64, 0x45, 0x4c, 0x1, 0x1c, 0x83,
    0xe2, 0x90, 0x13, 0x71, 0x84, 0x98, 0x3, 0x81,
    0xa0, 0x3, 0xed, 0x10, 0xf0, 0x52, 0x9, 0x0,
    0xfc, 0x3b, 0x52, 0x1e, 0xa, 0x1, 0xfe, 0x35,
    0x50, 0x38, 0x60, 0x7, 0xff, 0x8, 0x80, 0xc0,
    0x3f, 0xf8, 0x42, 0x2, 0x1, 0xff, 0xc2, 0x30,
    0x20, 0xf, 0xfe, 0x13, 0x7, 0x80, 0x7f, 0xf0,
    0xb8, 0x1c, 0x3, 0xfc, 0x26, 0x60, 0x50, 0x18,
    0x0, 0xfe, 0xcc, 0x78, 0x2, 0x41, 0xd4, 0x3,
    0xea, 0x20, 0xf0, 0x3, 0x28, 0x55, 0xc, 0x2,
    0x4c, 0x50, 0x83, 0x0, 0xa9, 0xc1, 0x73, 0xfb,
    0xec, 0xc2, 0x1c, 0x3, 0xa3, 0x14, 0x40, 0x40,
    0x5b, 0x5c, 0x3, 0xe3, 0xae, 0xc0, 0xce, 0x92,
    0x0, 0xff, 0xe0, 0xb8, 0x7, 0xff, 0x12, 0xf9,
    0x40, 0x3f, 0xf8, 0x5, 0x74, 0x74, 0x20, 0x1f,
    0xf0, 0xa2, 0xa8, 0x14, 0x3, 0xfc, 0x4e, 0xe8,
    0x60, 0x50, 0xf, 0xf2, 0x44, 0x1c, 0xac, 0x40,
    0x30,

    /* U+00C8 "È" */
    0x0, 0x28, 0x80, 0x7e, 0xfe, 0x60, 0xf, 0xb8,
    0xa7, 0xc, 0x3, 0x93, 0x60, 0xb1, 0x40, 0x3c,
    0xfe, 0xc6, 0x1, 0xf0, 0xcb, 0x0, 0xb, 0xff,
    0xf6, 0x80, 0x42, 0x3e, 0x60, 0xb, 0xbb, 0xd6,
    0x1, 0xff, 0xe9, 0xee, 0xf0, 0x80, 0x42, 0x3e,
    0x30, 0xb, 0xff, 0xc4, 0x1, 0xff, 0xe9, 0xee,
    0xf6, 0x0, 0x42, 0x3f, 0x0,

    /* U+00C9 "É" */
    0x0, 0xf1, 0x20, 0x7, 0xd1, 0xa6, 0x1, 0xcb,
    0xce, 0x6a, 0x1, 0xa2, 0x8e, 0xb0, 0x80, 0x30,
    0xc6, 0xa8, 0x7, 0xa5, 0xc0, 0x3c, 0x5f, 0xff,
    0xb4, 0x2, 0x11, 0xf3, 0x0, 0x5d, 0xde, 0xb0,
    0xf, 0xff, 0x4f, 0x77, 0x84, 0x2, 0x11, 0xf1,
    0x80, 0x5f, 0xfe, 0x20, 0xf, 0xff, 0x4f, 0x77,
    0xb0, 0x2, 0x11, 0xf8,

    /* U+00CA "Ê" */
    0x0, 0x86, 0x70, 0x80, 0x39, 0x7d, 0x8b, 0x60,
    0x2, 0x3a, 0x2d, 0xf5, 0x76, 0x0, 0xc, 0xe1,
    0xd, 0x59, 0x80, 0x9, 0x80, 0x32, 0x28, 0x17,
    0xff, 0xed, 0x0, 0x84, 0x7c, 0xc0, 0x17, 0x77,
    0xac, 0x3, 0xff, 0xd3, 0xdd, 0xe1, 0x0, 0x84,
    0x7c, 0x60, 0x17, 0xff, 0x88, 0x3, 0xff, 0xd3,
    0xdd, 0xec, 0x0, 0x84, 0x7e,

    /* U+00CB "Ë" */
    0x0, 0x5f, 0x10, 0x66, 0x88, 0x4, 0x82, 0xe4,
    0x64, 0xa0, 0x14, 0xba, 0x94, 0xba, 0x0, 0x4d,
    0x0, 0x6, 0x80, 0x1, 0x7f, 0xfe, 0xd0, 0x8,
    0x47, 0xcc, 0x1, 0x77, 0x7a, 0xc0, 0x3f, 0xfd,
    0x3d, 0xde, 0x10, 0x8, 0x47, 0xc6, 0x1, 0x7f,
    0xf8, 0x80, 0x3f, 0xfd, 0x3d, 0xde, 0xc0, 0x8,
    0x47, 0xe0,

    /* U+00CC "Ì" */
    0x60, 0xe, 0xbe, 0x50, 0xa, 0x2, 0xac, 0x81,
    0x79, 0xd3, 0x4c, 0x1, 0x1c, 0xae, 0x1, 0xd,
    0x20, 0x17, 0xf8, 0x3, 0xff, 0xfe, 0x1, 0xff,
    0xd1,

    /* U+00CD "Í" */
    0x0, 0xc8, 0x60, 0x1, 0xab, 0x70, 0x7e, 0x55,
    0xae, 0xf, 0x28, 0x42, 0xb0, 0xc0, 0x16, 0xa0,
    0x1c, 0x5f, 0xe0, 0xf, 0xff, 0xf8, 0x7, 0xff,
    0x44,

    /* U+00CE "Î" */
    0x0, 0xff, 0x15, 0xd0, 0x80, 0x4f, 0xaa, 0xae,
    0x60, 0x68, 0x5f, 0xd4, 0x94, 0x2b, 0xa1, 0x2b,
    0x97, 0x44, 0x0, 0x66, 0x30, 0x1, 0x7f, 0x80,
    0x3f, 0xff, 0xe0, 0x1f, 0xff, 0x40,

    /* U+00CF "Ï" */
    0xd, 0xd0, 0xf, 0x60, 0x19, 0x10, 0xd4, 0x4c,
    0x4e, 0x20, 0x68, 0xf2, 0x20, 0xee, 0x0, 0x43,
    0x0, 0x45, 0xfe, 0x0, 0xff, 0xff, 0x80, 0x7f,
    0xfd, 0x0,

    /* U+00D0 "Ð" */
    0x0, 0x5f, 0xff, 0xb6, 0x4c, 0x3, 0xf8, 0x48,
    0xa0, 0x26, 0xca, 0x0, 0xfd, 0x3b, 0xb7, 0xf4,
    0x8a, 0xe8, 0x80, 0x7f, 0xc2, 0xde, 0x65, 0x40,
    0x1f, 0xfc, 0x11, 0xd1, 0x46, 0x0, 0xff, 0xe0,
    0x8b, 0x5, 0x0, 0x7f, 0xf0, 0xa8, 0xc, 0x40,
    0x3f, 0xf8, 0x24, 0x0, 0x5c, 0xf4, 0x8, 0xff,
    0xc2, 0x1, 0x84, 0x4, 0x3, 0xff, 0x8b, 0xbc,
    0x80, 0xfd, 0xd8, 0x40, 0x30, 0x80, 0x8c, 0x0,
    0xf1, 0x1c, 0x1, 0x88, 0x0, 0xa0, 0x1f, 0xfc,
    0x15, 0x2, 0x10, 0xf, 0xfe, 0x0, 0xc8, 0x58,
    0x7, 0xff, 0x6, 0x84, 0xd8, 0x3, 0xfe, 0x5d,
    0x41, 0xe0, 0xf, 0x4e, 0x65, 0xbf, 0x44, 0x9e,
    0x40, 0x1e, 0x13, 0x38, 0x88, 0xd7, 0x61, 0x0,
    0x80,

    /* U+00D1 "Ñ" */
    0x0, 0xe5, 0x72, 0x0, 0x41, 0x0, 0x7a, 0x2a,
    0x36, 0xec, 0xe6, 0x1, 0xe6, 0x8e, 0x75, 0x55,
    0x8, 0x7, 0xb9, 0xc6, 0x3b, 0x8a, 0x1, 0x17,
    0xf9, 0x40, 0x3e, 0x3f, 0xf0, 0x5, 0x60, 0x1f,
    0xfc, 0x11, 0x90, 0xf, 0xfe, 0xb, 0x18, 0x7,
    0xfc, 0xe1, 0xe0, 0x1f, 0xf4, 0x11, 0xb0, 0x7,
    0xfd, 0xc1, 0x2, 0x1, 0xfe, 0x35, 0x1b, 0x0,
    0xff, 0xac, 0x55, 0x0, 0x3f, 0xc3, 0x1, 0x20,
    0x1f, 0xf3, 0x19, 0x38, 0x7, 0xfd, 0xe1, 0x4,
    0x1, 0xfe, 0x36, 0x9, 0x0, 0xff, 0xa4, 0x52,
    0xc0, 0x3f, 0xeb, 0x7, 0x0, 0xff, 0x95, 0x0,
    0x3f, 0xf8, 0x32, 0x1, 0xff, 0xc1, 0x28, 0x0,
    0x0,

    /* U+00D2 "Ò" */
    0x0, 0xe2, 0x20, 0x7, 0xff, 0xd, 0xb5, 0xc0,
    0x3f, 0xf8, 0x4c, 0x51, 0xa8, 0x1, 0xff, 0xc0,
    0x2d, 0x93, 0xb9, 0x0, 0xff, 0xe0, 0xb7, 0x3a,
    0x80, 0x7f, 0xf0, 0xe3, 0x40, 0x3f, 0xc2, 0xf9,
    0xdf, 0xd4, 0xc0, 0x1f, 0x93, 0xe0, 0xc4, 0x5,
    0x27, 0x8c, 0x3, 0x9e, 0xc4, 0xeb, 0xbf, 0xa8,
    0x87, 0x14, 0x2, 0x38, 0x8, 0xc5, 0x10, 0x15,
    0xd6, 0xa, 0x20, 0x6, 0x83, 0x38, 0x7, 0xd2,
    0x81, 0xc0, 0xa2, 0x12, 0x1, 0xfd, 0x20, 0x66,
    0xf0, 0x50, 0xf, 0xf1, 0x18, 0x5b, 0x86, 0x0,
    0x7f, 0xc8, 0x6, 0x40, 0x60, 0x1f, 0xf7, 0x83,
    0x80, 0x7f, 0xf1, 0x48, 0xc, 0x3, 0xfe, 0xf0,
    0x77, 0x6, 0x0, 0x7f, 0xc8, 0x7, 0xe0, 0xa0,
    0x1f, 0xe2, 0x30, 0xb5, 0x10, 0x90, 0xf, 0xe9,
    0x3, 0x30, 0x50, 0x33, 0x80, 0x7d, 0x28, 0x1c,
    0x0, 0x48, 0x8, 0xc5, 0x10, 0x15, 0xd6, 0xa,
    0x20, 0x9, 0xe8, 0xe, 0xbb, 0xfa, 0x88, 0x71,
    0x40, 0x39, 0x7a, 0xc, 0x40, 0x52, 0x78, 0xc0,
    0x20,

    /* U+00D3 "Ó" */
    0x0, 0xff, 0x20, 0x7, 0xff, 0x8, 0xb2, 0x40,
    0x3f, 0xf8, 0x31, 0xa6, 0xa0, 0x1f, 0xf1, 0x73,
    0xa6, 0xc0, 0x7, 0xfc, 0xc7, 0x76, 0x20, 0xf,
    0xfe, 0x2, 0x6a, 0x0, 0x7f, 0xf0, 0x45, 0xf3,
    0xbf, 0xad, 0x80, 0x3f, 0x27, 0xc1, 0x88, 0xa,
    0x4f, 0x18, 0x7, 0x3d, 0x89, 0xd7, 0x7f, 0x51,
    0xe, 0x28, 0x4, 0x70, 0x11, 0x8a, 0x20, 0x2b,
    0xac, 0x14, 0x40, 0xd, 0x6, 0x70, 0xf, 0xa5,
    0x3, 0x81, 0x44, 0x24, 0x3, 0xfa, 0x40, 0xcd,
    0xe0, 0xa0, 0x1f, 0xe2, 0x30, 0xb7, 0xc, 0x0,
    0xff, 0x90, 0xc, 0x80, 0xc0, 0x3f, 0xef, 0x7,
    0x0, 0xff, 0xe2, 0x90, 0x18, 0x7, 0xfd, 0xe0,
    0xee, 0xc, 0x0, 0xff, 0x90, 0xf, 0xc1, 0x40,
    0x3f, 0xc4, 0x61, 0x6a, 0x21, 0x20, 0x1f, 0xd2,
    0x6, 0x60, 0xa0, 0x67, 0x0, 0xfa, 0x50, 0x38,
    0x0, 0x90, 0x11, 0x8a, 0x20, 0x2b, 0xac, 0x14,
    0x40, 0x13, 0xd0, 0x1d, 0x77, 0xf5, 0x10, 0xe2,
    0x80, 0x72, 0xf4, 0x18, 0x80, 0xa4, 0xf1, 0x80,
    0x40,

    /* U+00D4 "Ô" */
    0x0, 0xf8, 0xe8, 0xc0, 0x3f, 0xf8, 0x33, 0x8b,
    0x92, 0x1, 0xff, 0x63, 0x33, 0x99, 0x98, 0x1,
    0xfe, 0x6c, 0x91, 0x9c, 0x60, 0xf, 0xf5, 0x18,
    0x4, 0x74, 0x1, 0xfc, 0x2f, 0x9d, 0xfd, 0x6c,
    0x1, 0xf9, 0x3e, 0xc, 0x40, 0x52, 0x78, 0xc0,
    0x39, 0xec, 0x4e, 0xbb, 0xfa, 0x88, 0x71, 0x40,
    0x23, 0x80, 0x8c, 0x51, 0x1, 0x5d, 0x60, 0xa2,
    0x0, 0x68, 0x33, 0x80, 0x7d, 0x28, 0x1c, 0xa,
    0x21, 0x20, 0x1f, 0xd2, 0x6, 0x6f, 0x5, 0x0,
    0xff, 0x11, 0x85, 0xb8, 0x60, 0x7, 0xfc, 0x80,
    0x64, 0x6, 0x1, 0xff, 0x78, 0x38, 0x7, 0xff,
    0x14, 0x80, 0xc0, 0x3f, 0xef, 0x7, 0x70, 0x60,
    0x7, 0xfc, 0x80, 0x7e, 0xa, 0x1, 0xfe, 0x23,
    0xb, 0x51, 0x9, 0x0, 0xfe, 0x90, 0x33, 0x5,
    0x3, 0x38, 0x7, 0xd2, 0x81, 0xc0, 0x4, 0x80,
    0x8c, 0x51, 0x1, 0x5d, 0x60, 0xa2, 0x0, 0x9e,
    0x80, 0xeb, 0xbf, 0xa8, 0x87, 0x14, 0x3, 0x97,
    0xa0, 0xc4, 0x5, 0x27, 0x8c, 0x2,

    /* U+00D5 "Õ" */
    0x0, 0xf2, 0x39, 0x80, 0x20, 0x80, 0x3f, 0x9e,
    0xe3, 0x2e, 0xce, 0x1, 0xfe, 0x97, 0xe8, 0x55,
    0x49, 0x0, 0x7f, 0x74, 0xb, 0xf7, 0x18, 0x3,
    0xf8, 0x5f, 0x3b, 0xfa, 0xd8, 0x3, 0xf2, 0x7c,
    0x18, 0x80, 0xa4, 0xf1, 0x80, 0x73, 0xd8, 0x9d,
    0x77, 0xf5, 0x10, 0xe2, 0x80, 0x47, 0x1, 0x18,
    0xa2, 0x2, 0xba, 0xc1, 0x44, 0x0, 0xd0, 0x67,
    0x0, 0xfa, 0x50, 0x38, 0x14, 0x42, 0x40, 0x3f,
    0xa4, 0xc, 0xde, 0xa, 0x1, 0xfe, 0x23, 0xb,
    0x70, 0xc0, 0xf, 0xf9, 0x0, 0xc8, 0xc, 0x3,
    0xfe, 0xf0, 0x70, 0xf, 0xfe, 0x29, 0x1, 0x80,
    0x7f, 0xde, 0xe, 0xe0, 0xc0, 0xf, 0xf9, 0x0,
    0xfc, 0x14, 0x3, 0xfc, 0x46, 0x16, 0xa2, 0x12,
    0x1, 0xfd, 0x20, 0x66, 0xa, 0x6, 0x70, 0xf,
    0xa5, 0x3, 0x80, 0x9, 0x1, 0x18, 0xa2, 0x2,
    0xba, 0xc1, 0x44, 0x1, 0x3d, 0x1, 0xd7, 0x7f,
    0x51, 0xe, 0x28, 0x7, 0x2f, 0x41, 0x88, 0xa,
    0x4f, 0x18, 0x4,

    /* U+00D6 "Ö" */
    0x0, 0xe5, 0xf7, 0x7, 0xf5, 0x0, 0xff, 0x78,
    0x58, 0x60, 0x78, 0x7, 0xfa, 0x1b, 0xc2, 0x1a,
    0x0, 0x3f, 0xc5, 0x26, 0x7, 0x24, 0x1, 0xfc,
    0x2f, 0x9d, 0xfd, 0x6c, 0x1, 0xf9, 0x3e, 0xc,
    0x40, 0x52, 0x78, 0xc0, 0x39, 0xec, 0x4e, 0xbb,
    0xfa, 0x88, 0x71, 0x40, 0x23, 0x80, 0x8c, 0x51,
    0x1, 0x5d, 0x60, 0xa2, 0x0, 0x68, 0x33, 0x80,
    0x7d, 0x28, 0x1c, 0xa, 0x21, 0x20, 0x1f, 0xd2,
    0x6, 0x6f, 0x5, 0x0, 0xff, 0x11, 0x85, 0xb8,
    0x60, 0x7, 0xfc, 0x80, 0x64, 0x6, 0x1, 0xff,
    0x78, 0x38, 0x7, 0xff, 0x14, 0x80, 0xc0, 0x3f,
    0xef, 0x7, 0x70, 0x60, 0x7, 0xfc, 0x80, 0x7e,
    0xa, 0x1, 0xfe, 0x23, 0xb, 0x51, 0x9, 0x0,
    0xfe, 0x90, 0x33, 0x5, 0x3, 0x38, 0x7, 0xd2,
    0x81, 0xc0, 0x4, 0x80, 0x8c, 0x51, 0x1, 0x5d,
    0x60, 0xa2, 0x0, 0x9e, 0x80, 0xeb, 0xbf, 0xa8,
    0x87, 0x14, 0x3, 0x97, 0xa0, 0xc4, 0x5, 0x27,
    0x8c, 0x2,

    /* U+00D7 "×" */
    0x4, 0x20, 0xf, 0x30, 0x15, 0xe1, 0x0, 0x6a,
    0x98, 0x23, 0x1c, 0x20, 0x4, 0xa8, 0x60, 0x61,
    0x8f, 0x8c, 0xb0, 0x52, 0x0, 0x34, 0x89, 0xec,
    0x14, 0xa0, 0x10, 0xe0, 0x88, 0x21, 0x40, 0x39,
    0x84, 0x1, 0x60, 0x1c, 0xd0, 0xe, 0x27, 0x60,
    0x12, 0xc8, 0x3c, 0x60, 0xa5, 0x82, 0x50, 0x34,
    0x1, 0x60, 0xa4, 0xa1, 0xb4, 0x80, 0x45, 0xa3,
    0xa1, 0x92, 0x1, 0xc7, 0xc8,

    /* U+00D8 "Ø" */
    0x0, 0xe1, 0x7c, 0xef, 0xeb, 0x60, 0x1, 0xfc,
    0x80, 0x72, 0x7c, 0x18, 0x80, 0xa4, 0xf2, 0xf2,
    0x48, 0x6, 0x7b, 0x13, 0xae, 0xfe, 0xa3, 0x1a,
    0x3b, 0x0, 0xc7, 0x1, 0x18, 0xa2, 0x2, 0xb8,
    0x40, 0x28, 0x1, 0xb4, 0x19, 0xc0, 0x3d, 0x4,
    0x61, 0x20, 0x12, 0x88, 0x48, 0x7, 0x99, 0xeb,
    0x80, 0x90, 0x1, 0xe0, 0xa0, 0x1e, 0x49, 0x85,
    0x23, 0xc, 0x0, 0x38, 0x60, 0x7, 0x1d, 0xab,
    0x80, 0x10, 0xc, 0x0, 0x40, 0x60, 0x18, 0x75,
    0x28, 0x2, 0xf0, 0x70, 0x0, 0x80, 0x80, 0x6c,
    0x3b, 0x0, 0xfe, 0x30, 0x20, 0xa, 0xcf, 0x0,
    0x3b, 0xc1, 0xc0, 0xe, 0x1e, 0x0, 0xa4, 0xd1,
    0x0, 0xe4, 0x3, 0x0, 0x78, 0x38, 0x42, 0xd9,
    0x80, 0x71, 0x18, 0x58, 0x1, 0x48, 0x71, 0xe5,
    0x0, 0x3d, 0x20, 0x86, 0x1, 0x48, 0x1a, 0x30,
    0x7, 0xa5, 0x2, 0x40, 0x33, 0x0, 0x12, 0xd0,
    0x40, 0x57, 0x58, 0x28, 0x80, 0x21, 0xf3, 0x90,
    0x4b, 0xef, 0xea, 0x21, 0xc5, 0x0, 0xd4, 0x7a,
    0xdd, 0x6, 0x20, 0x29, 0x3c, 0x60, 0x18,

    /* U+00D9 "Ù" */
    0x0, 0xcc, 0x20, 0x1f, 0xfc, 0xc, 0xe6, 0x0,
    0xff, 0xb8, 0xa7, 0xc, 0x3, 0xf9, 0x36, 0x4b,
    0x14, 0x3, 0xfc, 0xde, 0xe6, 0x1, 0xff, 0xc,
    0x30, 0x6, 0x3f, 0xf0, 0x7, 0xec, 0xf6, 0x0,
    0xff, 0xff, 0x80, 0x7f, 0xfd, 0x44, 0x3, 0xff,
    0x82, 0x60, 0x1, 0x0, 0xf8, 0x80, 0x84, 0x40,
    0x80, 0x1e, 0x11, 0x2, 0x83, 0x4, 0x80, 0x7a,
    0xc1, 0x4, 0x24, 0x4f, 0x10, 0x0, 0x74, 0xa1,
    0x0, 0x1, 0xd1, 0x3b, 0xff, 0x62, 0x85, 0x18,
    0x4, 0x7f, 0x6, 0x0, 0x27, 0xd5, 0x0, 0x0,

    /* U+00DA "Ú" */
    0x0, 0xfc, 0x68, 0x1, 0xff, 0x4e, 0x18, 0x7,
    0xf2, 0xf3, 0x22, 0x80, 0x7e, 0x8a, 0x3b, 0xb1,
    0x0, 0x7e, 0x19, 0xd4, 0x0, 0xff, 0x4b, 0x0,
    0x7e, 0x3f, 0xf0, 0x7, 0xec, 0xf6, 0x0, 0xff,
    0xff, 0x80, 0x7f, 0xfd, 0x44, 0x3, 0xff, 0x82,
    0x60, 0x1, 0x0, 0xf8, 0x80, 0x84, 0x40, 0x80,
    0x1e, 0x11, 0x2, 0x83, 0x4, 0x80, 0x7a, 0xc1,
    0x4, 0x24, 0x4f, 0x10, 0x0, 0x74, 0xa1, 0x0,
    0x1, 0xd1, 0x3b, 0xff, 0x62, 0x85, 0x18, 0x4,
    0x7f, 0x6, 0x0, 0x27, 0xd5, 0x0, 0x0,

    /* U+00DB "Û" */
    0x0, 0xff, 0xe3, 0x8d, 0x61, 0x0, 0x7f, 0x37,
    0xa9, 0x6c, 0x0, 0x7c, 0x72, 0x5b, 0xea, 0xec,
    0x1, 0xe1, 0x9c, 0x21, 0xab, 0x20, 0xf, 0x13,
    0x0, 0x64, 0x40, 0x4, 0x7f, 0xe0, 0xf, 0xd9,
    0xec, 0x1, 0xff, 0xff, 0x0, 0xff, 0xfa, 0x88,
    0x7, 0xff, 0x4, 0xc0, 0x2, 0x1, 0xf1, 0x1,
    0x8, 0x81, 0x0, 0x3c, 0x22, 0x5, 0x6, 0x9,
    0x0, 0xf5, 0x82, 0x8, 0x48, 0x9e, 0x20, 0x0,
    0xe9, 0x42, 0x0, 0x3, 0xa2, 0x77, 0xfe, 0xc5,
    0xa, 0x30, 0x8, 0xfe, 0xc, 0x0, 0x4f, 0xaa,
    0x0,

    /* U+00DC "Ü" */
    0x0, 0xd7, 0xc4, 0x19, 0xa2, 0x1, 0xf2, 0xb,
    0x91, 0x92, 0x80, 0x7d, 0x2e, 0xa5, 0x2e, 0x80,
    0x1f, 0x34, 0x0, 0x1a, 0x0, 0x31, 0xff, 0x80,
    0x3f, 0x67, 0xb0, 0x7, 0xff, 0xfc, 0x3, 0xff,
    0xea, 0x20, 0x1f, 0xfc, 0x13, 0x0, 0x8, 0x7,
    0xc4, 0x4, 0x22, 0x4, 0x0, 0xf0, 0x88, 0x14,
    0x18, 0x24, 0x3, 0xd6, 0x8, 0x21, 0x22, 0x78,
    0x80, 0x3, 0xa5, 0x8, 0x0, 0xe, 0x89, 0xdf,
    0xfb, 0x14, 0x28, 0xc0, 0x23, 0xf8, 0x30, 0x1,
    0x3e, 0xa8, 0x0,

    /* U+00DD "Ý" */
    0x0, 0xfc, 0x66, 0x0, 0xff, 0xc, 0xe3, 0x0,
    0x7f, 0x37, 0xb2, 0x20, 0x3, 0xf5, 0x49, 0x5d,
    0x84, 0x3, 0xfa, 0x71, 0x0, 0x3f, 0xd4, 0xc0,
    0x1f, 0x93, 0xfc, 0x20, 0x1e, 0x1f, 0xf2, 0xa1,
    0x4, 0x80, 0x7a, 0x40, 0x94, 0x20, 0x1c, 0x3,
    0xce, 0x10, 0x0, 0x52, 0x7, 0x0, 0xce, 0x4,
    0xa0, 0x14, 0x4, 0x80, 0x69, 0x8, 0x0, 0xca,
    0x42, 0xa0, 0x5, 0x12, 0x50, 0xe, 0xb0, 0x80,
    0x4, 0x85, 0x80, 0x79, 0x88, 0x88, 0x83, 0x16,
    0x0, 0xfa, 0xc3, 0xfc, 0x10, 0x1, 0xf9, 0x85,
    0x10, 0x2c, 0x1, 0xfd, 0x0, 0x9, 0x0, 0xff,
    0x38, 0x1, 0x80, 0x3f, 0xff, 0xe0, 0x1f, 0xfc,
    0x20,

    /* U+00DE "Þ" */
    0x2f, 0xf0, 0x7, 0xff, 0xa3, 0xff, 0x75, 0xa0,
    0x7, 0x88, 0xb0, 0xa5, 0xc8, 0x7, 0x6e, 0xef,
    0x90, 0x66, 0x0, 0x7f, 0x33, 0x85, 0x0, 0x7f,
    0xb0, 0xc, 0x3, 0xff, 0x97, 0x80, 0x60, 0x1f,
    0xcc, 0xe1, 0x40, 0x1b, 0x77, 0x7c, 0x82, 0xb0,
    0x6, 0x22, 0xc2, 0x95, 0x40, 0xe, 0xff, 0xdd,
    0x6a, 0x1, 0xff, 0xde,

    /* U+00DF "ß" */
    0x0, 0x85, 0x5d, 0xca, 0x20, 0x1f, 0x47, 0x54,
    0x42, 0xba, 0x0, 0x3a, 0x1c, 0xd, 0xe1, 0x1,
    0xe4, 0x2, 0x17, 0x8, 0xc8, 0x7b, 0xa0, 0x61,
    0x0, 0x38, 0xb, 0x80, 0x65, 0x10, 0x50, 0x7,
    0x2, 0x80, 0x78, 0x41, 0xc0, 0x2, 0x2, 0x1,
    0xd2, 0x4, 0x60, 0x1f, 0xd0, 0xc3, 0xe0, 0x1f,
    0xce, 0xe1, 0xc2, 0x0, 0xfc, 0x30, 0x18, 0x40,
    0x1f, 0xc4, 0x0, 0x30, 0xf, 0xf1, 0x88, 0x7b,
    0x88, 0x7, 0xf6, 0x88, 0xa3, 0xa4, 0x40, 0x3e,
    0x3e, 0x93, 0x6, 0xf2, 0x0, 0xfc, 0xd9, 0x81,
    0x14, 0x0, 0x63, 0x86, 0x0, 0x8e, 0x1, 0x0,
    0x33, 0x3c, 0x0, 0x63, 0x0, 0xf2, 0x88, 0xa4,
    0x0, 0x32, 0x8, 0x1, 0xd6, 0xd, 0xfb, 0xc6,
    0x30, 0x1, 0xcb, 0x8a, 0x24, 0x2d, 0x84,

    /* U+00E0 "à" */
    0x0, 0xc8, 0x1, 0xff, 0xc1, 0xee, 0x28, 0x7,
    0xfd, 0xe1, 0x56, 0x40, 0x1f, 0xcb, 0xce, 0x9a,
    0x80, 0x1f, 0xe8, 0xd5, 0x30, 0xf, 0xf8, 0xa9,
    0xc0, 0x3e, 0x4b, 0xef, 0xd8, 0x10, 0xdf, 0x60,
    0x5, 0x5a, 0x8, 0x13, 0xf9, 0x80, 0x69, 0x50,
    0x5d, 0xfe, 0x90, 0xd3, 0x0, 0x1b, 0x4, 0x51,
    0x0, 0xb6, 0x0, 0x80, 0x28, 0x9, 0xc0, 0x38,
    0xa0, 0x2, 0x40, 0xa0, 0xf, 0x98, 0x2, 0x30,
    0x20, 0xf, 0xc2, 0x1, 0x84, 0x3, 0xf1, 0x80,
    0x8, 0x8, 0x3, 0xf1, 0x0, 0x10, 0x34, 0x3,
    0xe5, 0x0, 0xa8, 0x11, 0x40, 0x3d, 0x0, 0x11,
    0x30, 0x53, 0x0, 0x47, 0x84, 0x20, 0x14, 0xa8,
    0x4f, 0xef, 0x61, 0xd9, 0x80, 0x6a, 0xb4, 0x12,
    0x36, 0xd4, 0x0, 0x80,

    /* U+00E1 "á" */
    0x0, 0xfc, 0x26, 0x1, 0xff, 0x37, 0x20, 0x7,
    0xf1, 0xe4, 0x92, 0x0, 0x7e, 0x7c, 0x28, 0xd3,
    0x0, 0xfd, 0xcd, 0xee, 0x1, 0xfe, 0x99, 0x8,
    0x7, 0xf9, 0x2f, 0xbf, 0x60, 0x43, 0x7d, 0x80,
    0x15, 0x68, 0x20, 0x4f, 0xe6, 0x1, 0xa5, 0x41,
    0x77, 0xfa, 0x43, 0x4c, 0x0, 0x6c, 0x11, 0x44,
    0x2, 0xd8, 0x2, 0x0, 0xa0, 0x27, 0x0, 0xe2,
    0x80, 0x9, 0x2, 0x80, 0x3e, 0x60, 0x8, 0xc0,
    0x80, 0x3f, 0x8, 0x6, 0x10, 0xf, 0xc6, 0x0,
    0x20, 0x20, 0xf, 0xc4, 0x0, 0x40, 0xd0, 0xf,
    0x94, 0x2, 0xa0, 0x45, 0x0, 0xf4, 0x0, 0x44,
    0xc1, 0x4c, 0x1, 0x1e, 0x10, 0x80, 0x52, 0xa1,
    0x3f, 0xbd, 0x87, 0x66, 0x1, 0xaa, 0xd0, 0x48,
    0xdb, 0x50, 0x2,

    /* U+00E2 "â" */
    0x0, 0xf3, 0xd0, 0x80, 0x7f, 0x26, 0xc2, 0xf3,
    0x0, 0x7c, 0x56, 0x17, 0xa9, 0x2c, 0x1, 0xe1,
    0x7d, 0x42, 0xb9, 0x0, 0xf8, 0xe0, 0x3, 0x33,
    0x0, 0x3c, 0x97, 0xdf, 0xb0, 0x21, 0xbe, 0xc0,
    0xa, 0xb4, 0x10, 0x27, 0xf3, 0x0, 0xd2, 0xa0,
    0xbb, 0xfd, 0x21, 0xa6, 0x0, 0x36, 0x8, 0xa2,
    0x1, 0x6c, 0x1, 0x0, 0x50, 0x13, 0x80, 0x71,
    0x40, 0x4, 0x81, 0x40, 0x1f, 0x30, 0x4, 0x60,
    0x40, 0x1f, 0x84, 0x3, 0x8, 0x7, 0xe3, 0x0,
    0x10, 0x10, 0x7, 0xe2, 0x0, 0x20, 0x68, 0x7,
    0xca, 0x1, 0x50, 0x22, 0x80, 0x7a, 0x0, 0x22,
    0x60, 0xa6, 0x0, 0x8f, 0x8, 0x40, 0x29, 0x50,
    0x9f, 0xde, 0xc3, 0xb3, 0x0, 0xd5, 0x68, 0x24,
    0x6d, 0xa8, 0x1, 0x0,

    /* U+00E3 "ã" */
    0x0, 0xc9, 0xda, 0x80, 0xbc, 0x1, 0xf5, 0x28,
    0xdd, 0x5a, 0x0, 0x79, 0x6, 0xf1, 0xd1, 0x6c,
    0x3, 0xc9, 0xe0, 0x8, 0xeb, 0x10, 0xf, 0x25,
    0xf7, 0xec, 0x8, 0x6f, 0xb0, 0x2, 0xad, 0x4,
    0x9, 0xfc, 0xc0, 0x34, 0xa8, 0x2e, 0xff, 0x48,
    0x69, 0x80, 0xd, 0x82, 0x28, 0x80, 0x5b, 0x0,
    0x40, 0x14, 0x4, 0xe0, 0x1c, 0x50, 0x1, 0x20,
    0x50, 0x7, 0xcc, 0x1, 0x18, 0x10, 0x7, 0xe1,
    0x0, 0xc2, 0x1, 0xf8, 0xc0, 0x4, 0x4, 0x1,
    0xf8, 0x80, 0x8, 0x1a, 0x1, 0xf2, 0x80, 0x54,
    0x8, 0xa0, 0x1e, 0x80, 0x8, 0x98, 0x29, 0x80,
    0x23, 0xc2, 0x10, 0xa, 0x54, 0x27, 0xf7, 0xb0,
    0xec, 0xc0, 0x35, 0x5a, 0x9, 0x1b, 0x6a, 0x0,
    0x40,

    /* U+00E4 "ä" */
    0x0, 0xd7, 0xc4, 0x19, 0xa2, 0x1, 0xf2, 0xa,
    0x9, 0x92, 0x80, 0x7d, 0x4e, 0xc3, 0x2e, 0x80,
    0x1f, 0x2c, 0x0, 0x1a, 0x0, 0x3f, 0xf9, 0x29,
    0x7d, 0xfb, 0x2, 0x1b, 0xec, 0x0, 0xab, 0x41,
    0x2, 0x7f, 0x30, 0xd, 0x2a, 0xb, 0xbf, 0xd2,
    0x1a, 0x60, 0x3, 0x60, 0x8a, 0x20, 0x16, 0xc0,
    0x10, 0x5, 0x1, 0x38, 0x7, 0x14, 0x0, 0x48,
    0x14, 0x1, 0xf3, 0x0, 0x46, 0x4, 0x1, 0xf8,
    0x40, 0x30, 0x80, 0x7e, 0x30, 0x1, 0x1, 0x0,
    0x7e, 0x20, 0x2, 0x6, 0x80, 0x7c, 0xa0, 0x15,
    0x2, 0x28, 0x7, 0xa0, 0x2, 0x26, 0xa, 0x60,
    0x8, 0xf0, 0x84, 0x2, 0x95, 0x9, 0xfd, 0xec,
    0x3b, 0x30, 0xd, 0x56, 0x82, 0x46, 0xda, 0x80,
    0x10,

    /* U+00E5 "å" */
    0x0, 0xff, 0xe3, 0xa6, 0xf4, 0x0, 0x7f, 0xd,
    0xad, 0xba, 0x80, 0x7e, 0x41, 0x85, 0x56, 0x0,
    0x7e, 0x30, 0x8, 0xcc, 0x1, 0xf9, 0x5, 0x49,
    0xf0, 0x3, 0xf1, 0x45, 0x6a, 0xb0, 0x7, 0xf3,
    0xf7, 0x2c, 0x3, 0xf2, 0x5f, 0x73, 0x20, 0x43,
    0x7d, 0x80, 0x15, 0x68, 0x20, 0x4f, 0xe6, 0x1,
    0xa5, 0x41, 0x77, 0xfa, 0x43, 0x4c, 0x0, 0x6c,
    0x11, 0x44, 0x2, 0xd8, 0x2, 0x0, 0xa0, 0x27,
    0x0, 0xe2, 0x80, 0x9, 0x2, 0x80, 0x3e, 0x60,
    0x8, 0xc0, 0x80, 0x3f, 0x8, 0x6, 0x10, 0xf,
    0xc6, 0x0, 0x20, 0x20, 0xf, 0xc4, 0x0, 0x40,
    0xd0, 0xf, 0x94, 0x2, 0xa0, 0x45, 0x0, 0xf4,
    0x0, 0x44, 0xc1, 0x4c, 0x1, 0x1e, 0x10, 0x80,
    0x52, 0xa1, 0x3f, 0xbd, 0x87, 0x66, 0x1, 0xaa,
    0xd0, 0x48, 0xdb, 0x50, 0x2,

    /* U+00E6 "æ" */
    0x0, 0x92, 0xfb, 0xf6, 0x48, 0x2f, 0xc8, 0x1b,
    0x3b, 0xf6, 0x4, 0x3, 0xa6, 0xd0, 0x40, 0x9b,
    0x50, 0x0, 0x39, 0x26, 0x20, 0x4f, 0xe8, 0x1,
    0x4b, 0x3, 0x6f, 0xfa, 0x86, 0xd8, 0x3c, 0xdb,
    0x7f, 0xd6, 0x63, 0x64, 0x6, 0xc1, 0x32, 0x20,
    0x2, 0xf8, 0x90, 0x1c, 0xc8, 0x80, 0x9, 0x86,
    0x10, 0x14, 0x6, 0xc0, 0x1c, 0x30, 0x0, 0x36,
    0x0, 0xf7, 0x82, 0x8a, 0x5, 0x80, 0x7c, 0xc0,
    0xb, 0x0, 0xf8, 0xc0, 0x4, 0x60, 0x40, 0x1f,
    0x84, 0x23, 0xff, 0xf0, 0x1, 0xc0, 0x3f, 0xf8,
    0x26, 0xab, 0xfe, 0x62, 0x2, 0x0, 0xfc, 0x20,
    0x95, 0x5f, 0xe2, 0x40, 0xb0, 0xf, 0x98, 0x0,
    0xc0, 0x1f, 0x1b, 0xb8, 0x28, 0xd, 0x80, 0x38,
    0x60, 0x0, 0x30, 0x1, 0xef, 0x8e, 0x2, 0x60,
    0x98, 0x10, 0x2, 0xf8, 0x10, 0x23, 0xc9, 0x0,
    0xf, 0xc, 0x6c, 0x1, 0x2a, 0xf, 0xdf, 0xea,
    0xd, 0x10, 0x95, 0x6d, 0xff, 0x61, 0x86, 0x90,
    0x5, 0x56, 0x82, 0x4, 0xfe, 0x60, 0x15, 0x51,
    0x4, 0x9, 0xb8, 0xc0, 0x0,

    /* U+00E7 "ç" */
    0x0, 0x92, 0xbb, 0xfa, 0xd0, 0x3, 0xa6, 0xd4,
    0x40, 0x52, 0xe8, 0x2, 0x86, 0x8, 0xef, 0xe7,
    0x5, 0x80, 0x27, 0xa, 0x71, 0x1, 0x88, 0x3,
    0x8d, 0x2, 0x28, 0x7, 0x3a, 0x21, 0x50, 0x30,
    0x3, 0xeb, 0xb2, 0x10, 0x18, 0x7, 0xf8, 0x40,
    0x3f, 0xf8, 0x4, 0x2, 0x1, 0xfe, 0x60, 0xc0,
    0xf, 0x88, 0xc7, 0x41, 0xc0, 0x3c, 0x5b, 0x84,
    0xc2, 0x2a, 0x0, 0xee, 0x2, 0x30, 0xa0, 0x5d,
    0x76, 0x8e, 0x30, 0xf0, 0x2, 0x59, 0x12, 0x25,
    0xc4, 0xb0, 0x80, 0x24, 0xdb, 0x50, 0x6a, 0xd3,
    0x0, 0xf2, 0x78, 0x5a, 0x80, 0x7f, 0xdb, 0xa4,
    0x0, 0xfc, 0x97, 0x27, 0x60, 0x1f, 0x85, 0x19,
    0x0, 0x80, 0x3c, 0x6e, 0xe9, 0x51, 0x20, 0xf,
    0x24, 0x41, 0x8f, 0x40, 0x20,

    /* U+00E8 "è" */
    0x0, 0x88, 0x80, 0x1f, 0xf3, 0xec, 0x0, 0x7f,
    0x9c, 0xdf, 0x50, 0x3, 0xf1, 0x65, 0x1d, 0xc8,
    0x7, 0xf2, 0xf4, 0x10, 0x7, 0xfc, 0xf6, 0x1,
    0xf2, 0x57, 0x7f, 0x5a, 0x0, 0x75, 0x5a, 0x88,
    0xa, 0x5d, 0x0, 0x52, 0xa1, 0x3f, 0xee, 0x80,
    0x59, 0x3, 0x60, 0xb6, 0x0, 0xb, 0xe0, 0x31,
    0x50, 0x2a, 0x0, 0x71, 0xa8, 0x52, 0x6, 0x0,
    0x7d, 0xa0, 0x66, 0x9, 0xff, 0xfa, 0x1, 0x80,
    0x2, 0x45, 0xfc, 0xc4, 0x17, 0xbb, 0xfd, 0x6a,
    0x1e, 0x1, 0xf2, 0xb1, 0xd8, 0x29, 0x80, 0x72,
    0x54, 0x81, 0x38, 0x63, 0x0, 0x4d, 0x60, 0xa6,
    0x10, 0xc1, 0x3f, 0xf4, 0x82, 0x50, 0x5, 0x36,
    0xa2, 0x2, 0x95, 0x60, 0x0,

    /* U+00E9 "é" */
    0x0, 0xfc, 0xa0, 0x1f, 0xe3, 0xd9, 0x0, 0xfc,
    0x33, 0x85, 0x60, 0x1f, 0x17, 0xb2, 0xf3, 0x80,
    0x7c, 0xeb, 0x94, 0x20, 0x1f, 0x96, 0xcc, 0x3,
    0xfc, 0x95, 0xdf, 0xd6, 0x80, 0x1d, 0x56, 0xa2,
    0x2, 0x97, 0x40, 0x14, 0xa8, 0x4f, 0xfb, 0xa0,
    0x16, 0x40, 0xd8, 0x2d, 0x80, 0x2, 0xf8, 0xc,
    0x54, 0xa, 0x80, 0x1c, 0x6a, 0x14, 0x81, 0x80,
    0x1f, 0x68, 0x19, 0x82, 0x7f, 0xfe, 0x80, 0x60,
    0x0, 0x91, 0x7f, 0x31, 0x5, 0xee, 0xff, 0x5a,
    0x87, 0x80, 0x7c, 0xac, 0x76, 0xa, 0x60, 0x1c,
    0x95, 0x20, 0x4e, 0x18, 0xc0, 0x13, 0x58, 0x29,
    0x84, 0x30, 0x4f, 0xfd, 0x20, 0x94, 0x1, 0x4d,
    0xa8, 0x80, 0xa5, 0x58, 0x0,

    /* U+00EA "ê" */
    0x0, 0xe4, 0xb3, 0x0, 0xfc, 0x35, 0x69, 0x92,
    0x20, 0x1e, 0xc5, 0x8f, 0x76, 0xd0, 0xf, 0x3e,
    0xb8, 0x46, 0x28, 0x7, 0xa8, 0x80, 0x23, 0x90,
    0xf, 0x25, 0x77, 0xf5, 0xa0, 0x7, 0x55, 0xa8,
    0x80, 0xa5, 0xd0, 0x5, 0x2a, 0x13, 0xfe, 0xe8,
    0x5, 0x90, 0x36, 0xb, 0x60, 0x0, 0xbe, 0x3,
    0x15, 0x2, 0xa0, 0x7, 0x1a, 0x85, 0x20, 0x60,
    0x7, 0xda, 0x6, 0x60, 0x9f, 0xff, 0xa0, 0x18,
    0x0, 0x24, 0x5f, 0xcc, 0x41, 0x7b, 0xbf, 0xd6,
    0xa1, 0xe0, 0x1f, 0x2b, 0x1d, 0x82, 0x98, 0x7,
    0x25, 0x48, 0x13, 0x86, 0x30, 0x4, 0xd6, 0xa,
    0x61, 0xc, 0x13, 0xff, 0x48, 0x25, 0x0, 0x53,
    0x6a, 0x20, 0x29, 0x56, 0x0,

    /* U+00EB "ë" */
    0x0, 0x9b, 0xd8, 0x23, 0xd4, 0x3, 0xda, 0x1a,
    0x8, 0x18, 0x1, 0xe8, 0x69, 0xf, 0x6b, 0x0,
    0xf1, 0xc9, 0x1, 0xc9, 0x0, 0x7f, 0xf1, 0xd2,
    0xbb, 0xfa, 0xd0, 0x3, 0xaa, 0xd4, 0x40, 0x52,
    0xe8, 0x2, 0x95, 0x9, 0xff, 0x74, 0x2, 0xc8,
    0x1b, 0x5, 0xb0, 0x0, 0x5f, 0x1, 0x8a, 0x81,
    0x50, 0x3, 0x8d, 0x42, 0x90, 0x30, 0x3, 0xed,
    0x3, 0x30, 0x4f, 0xff, 0xd0, 0xc, 0x0, 0x12,
    0x2f, 0xe6, 0x20, 0xbd, 0xdf, 0xeb, 0x50, 0xf0,
    0xf, 0x95, 0x8e, 0xc1, 0x4c, 0x3, 0x92, 0xa4,
    0x9, 0xc3, 0x18, 0x2, 0x6b, 0x5, 0x30, 0x86,
    0x9, 0xff, 0xa4, 0x12, 0x80, 0x29, 0xb5, 0x10,
    0x14, 0xab, 0x0, 0x0,

    /* U+00EC "ì" */
    0x81, 0x0, 0xcb, 0xce, 0x1, 0x49, 0x46, 0x18,
    0x26, 0xc9, 0x61, 0x80, 0x1b, 0x9d, 0xc0, 0x1a,
    0x10, 0xb, 0xfc, 0x1, 0xff, 0xff, 0x0, 0xe0,

    /* U+00ED "í" */
    0x0, 0xcc, 0x60, 0x2, 0xc9, 0x70, 0x8d, 0x37,
    0x4c, 0x75, 0xd8, 0x5, 0xca, 0x20, 0x4, 0x98,
    0x7, 0x17, 0xf8, 0x3, 0xff, 0xfe, 0x1, 0xc0,

    /* U+00EE "î" */
    0x0, 0xff, 0x1e, 0xe1, 0x0, 0x6, 0x70, 0xb,
    0x60, 0x1d, 0x9f, 0x7d, 0x5d, 0xb, 0x20, 0x6,
    0xad, 0x90, 0xc0, 0x32, 0x10, 0x0, 0xbf, 0xc0,
    0x1f, 0xff, 0xf0, 0xf, 0xfe, 0xa0,

    /* U+00EF "ï" */
    0xd, 0xd0, 0xf, 0x60, 0x19, 0x10, 0xd4, 0x4c,
    0x4e, 0x20, 0x68, 0xf2, 0x20, 0xee, 0x0, 0x43,
    0x0, 0x7f, 0xc5, 0xfe, 0x0, 0xff, 0xff, 0x80,
    0x7f, 0xf5, 0x0,

    /* U+00F0 "ð" */
    0x0, 0xff, 0xe4, 0x5f, 0xb8, 0x36, 0x18, 0x7,
    0xd6, 0x51, 0xf2, 0xa4, 0x1, 0xe5, 0xd2, 0x0,
    0x5c, 0x88, 0x7, 0xbd, 0x77, 0x41, 0x20, 0x1f,
    0xaa, 0x8, 0x90, 0x52, 0x1, 0xc9, 0x5d, 0xfd,
    0x2a, 0x2c, 0x20, 0x14, 0xda, 0x88, 0xb, 0x62,
    0x84, 0x80, 0x21, 0x81, 0xfb, 0xfd, 0x20, 0x80,
    0x80, 0x6e, 0x15, 0x2, 0x0, 0x6c, 0x0, 0x18,
    0xd0, 0x22, 0x80, 0x71, 0x40, 0x0, 0xd0, 0x34,
    0x3, 0xe5, 0x0, 0x31, 0x81, 0x0, 0x7c, 0x40,
    0x7, 0x0, 0x8, 0x7, 0xf8, 0x48, 0x8, 0x3,
    0xe2, 0x0, 0x12, 0x5, 0x80, 0x7c, 0xa0, 0x81,
    0x40, 0x6c, 0x1, 0xc5, 0x1, 0xe0, 0x4e, 0x13,
    0x2, 0x0, 0x6c, 0x5, 0x40, 0x4, 0x30, 0x3f,
    0x7f, 0xa4, 0x56, 0x80, 0x34, 0xe2, 0x90, 0xa,
    0x55, 0x0, 0x20,

    /* U+00F1 "ñ" */
    0x0, 0xd3, 0xd4, 0x21, 0x70, 0x1, 0xcc, 0xc7,
    0x4c, 0xa4, 0xb0, 0xe, 0xd6, 0x9c, 0x14, 0x83,
    0x0, 0xeb, 0x90, 0x2c, 0xe7, 0x0, 0x8b, 0xfc,
    0x7, 0x5d, 0xfb, 0x2, 0x1, 0xcd, 0x8a, 0x20,
    0x4f, 0xe4, 0x1, 0xa5, 0x33, 0xfd, 0x42, 0x2f,
    0x0, 0xc7, 0x66, 0x0, 0x5a, 0x2, 0x40, 0xa,
    0x0, 0x39, 0xc, 0x30, 0x2, 0x50, 0xf, 0x30,
    0x8, 0x4, 0x20, 0x1e, 0x20, 0x30, 0xf, 0xff,
    0xf8, 0x7, 0xff, 0x10,

    /* U+00F2 "ò" */
    0x0, 0x85, 0xc0, 0x3f, 0xf8, 0x31, 0xa6, 0x1,
    0xfe, 0x18, 0x2c, 0xa1, 0x0, 0xfe, 0x7e, 0x65,
    0xf0, 0xf, 0xf0, 0xce, 0xa8, 0x7, 0xff, 0x0,
    0xac, 0x3, 0xf1, 0xce, 0xff, 0x5a, 0x80, 0x7a,
    0x31, 0x88, 0x5, 0x2b, 0x4, 0x2, 0x87, 0x6,
    0xdf, 0xe9, 0x13, 0xc0, 0x1, 0x38, 0x4c, 0x88,
    0x5, 0xb0, 0xa, 0x2, 0x80, 0xd8, 0x3, 0x8a,
    0x1, 0x81, 0x2, 0xc0, 0x3e, 0x60, 0x12, 0x20,
    0x18, 0x7, 0xc2, 0x0, 0x60, 0x0, 0x80, 0x7f,
    0xc4, 0x4, 0x1, 0xf0, 0x80, 0x19, 0x42, 0xc0,
    0x3e, 0x60, 0x12, 0xb0, 0x36, 0x0, 0xe2, 0x80,
    0x90, 0x27, 0x9, 0x82, 0x1, 0x7d, 0x3, 0x70,
    0x4, 0x30, 0x3e, 0xff, 0x40, 0x26, 0x80, 0x69,
    0xc5, 0x20, 0x14, 0xab, 0x10, 0x0,

    /* U+00F3 "ó" */
    0x0, 0xfd, 0x0, 0x1f, 0xf2, 0x6b, 0x80, 0x7f,
    0xd, 0x59, 0x40, 0x7, 0xf7, 0x2b, 0x73, 0x80,
    0x7e, 0x14, 0xd9, 0x10, 0xf, 0xe1, 0xb2, 0x0,
    0xff, 0x8e, 0x77, 0xfa, 0xd4, 0x3, 0xd1, 0x8c,
    0x40, 0x29, 0x58, 0x20, 0x14, 0x38, 0x36, 0xff,
    0x48, 0x9e, 0x0, 0x9, 0xc2, 0x64, 0x40, 0x2d,
    0x80, 0x50, 0x14, 0x6, 0xc0, 0x1c, 0x50, 0xc,
    0x8, 0x16, 0x1, 0xf3, 0x0, 0x91, 0x0, 0xc0,
    0x3e, 0x10, 0x3, 0x0, 0x4, 0x3, 0xfe, 0x20,
    0x20, 0xf, 0x84, 0x0, 0xca, 0x16, 0x1, 0xf3,
    0x0, 0x95, 0x81, 0xb0, 0x7, 0x14, 0x4, 0x81,
    0x38, 0x4c, 0x10, 0xb, 0xe8, 0x1b, 0x80, 0x21,
    0x81, 0xf7, 0xfa, 0x1, 0x34, 0x3, 0x4e, 0x29,
    0x0, 0xa5, 0x58, 0x80, 0x0,

    /* U+00F4 "ô" */
    0x0, 0xff, 0xe3, 0xa6, 0xc0, 0x7, 0xf0, 0xd5,
    0x83, 0xf2, 0x0, 0x7d, 0xb, 0x1b, 0x87, 0x60,
    0x1f, 0x7e, 0xb8, 0x1e, 0xc0, 0x7, 0xcc, 0x40,
    0x19, 0xc0, 0x3e, 0x39, 0xdf, 0xeb, 0x50, 0xf,
    0x46, 0x31, 0x0, 0xa5, 0x60, 0x80, 0x50, 0xe0,
    0xdb, 0xfd, 0x22, 0x78, 0x0, 0x27, 0x9, 0x91,
    0x0, 0xb6, 0x1, 0x40, 0x50, 0x1b, 0x0, 0x71,
    0x40, 0x30, 0x20, 0x58, 0x7, 0xcc, 0x2, 0x44,
    0x3, 0x0, 0xf8, 0x40, 0xc, 0x0, 0x10, 0xf,
    0xf8, 0x80, 0x80, 0x3e, 0x10, 0x3, 0x28, 0x58,
    0x7, 0xcc, 0x2, 0x56, 0x6, 0xc0, 0x1c, 0x50,
    0x12, 0x4, 0xe1, 0x30, 0x40, 0x2f, 0xa0, 0x6e,
    0x0, 0x86, 0x7, 0xdf, 0xe8, 0x4, 0xd0, 0xd,
    0x38, 0xa4, 0x2, 0x95, 0x62, 0x0,

    /* U+00F5 "õ" */
    0x0, 0xd5, 0xf8, 0x83, 0xae, 0x1, 0xe8, 0x46,
    0x1b, 0xe2, 0x60, 0xf, 0x75, 0x4e, 0xcc, 0x68,
    0x80, 0x79, 0x90, 0x0, 0xce, 0x40, 0x1f, 0x1c,
    0xef, 0xf5, 0xa8, 0x7, 0xa3, 0x18, 0x80, 0x52,
    0xb0, 0x40, 0x28, 0x70, 0x6d, 0xfe, 0x91, 0x3c,
    0x0, 0x13, 0x84, 0xc8, 0x80, 0x5b, 0x0, 0xa0,
    0x28, 0xd, 0x80, 0x38, 0xa0, 0x18, 0x10, 0x2c,
    0x3, 0xe6, 0x1, 0x22, 0x1, 0x80, 0x7c, 0x20,
    0x6, 0x0, 0x8, 0x7, 0xfc, 0x40, 0x40, 0x1f,
    0x8, 0x1, 0x94, 0x2c, 0x3, 0xe6, 0x1, 0x2b,
    0x3, 0x60, 0xe, 0x28, 0x9, 0x2, 0x70, 0x98,
    0x20, 0x17, 0xd0, 0x37, 0x0, 0x43, 0x3, 0xef,
    0xf4, 0x2, 0x68, 0x6, 0x9c, 0x52, 0x1, 0x4a,
    0xb1, 0x0, 0x0,

    /* U+00F6 "ö" */
    0x0, 0x8f, 0xa8, 0x13, 0xa0, 0x3, 0xe4, 0x15,
    0xc, 0x15, 0x0, 0xf9, 0x9e, 0x82, 0x5a, 0x40,
    0x3e, 0x18, 0x50, 0x19, 0x40, 0xf, 0xfe, 0x49,
    0xce, 0xff, 0x5a, 0x80, 0x7a, 0x31, 0x88, 0x5,
    0x2b, 0x4, 0x2, 0x87, 0x6, 0xdf, 0xe9, 0x13,
    0xc0, 0x1, 0x38, 0x4c, 0x88, 0x5, 0xb0, 0xa,
    0x2, 0x80, 0xd8, 0x3, 0x8a, 0x1, 0x81, 0x2,
    0xc0, 0x3e, 0x60, 0x12, 0x20, 0x18, 0x7, 0xc2,
    0x0, 0x60, 0x0, 0x80, 0x7f, 0xc4, 0x4, 0x1,
    0xf0, 0x80, 0x19, 0x42, 0xc0, 0x3e, 0x60, 0x12,
    0xb0, 0x36, 0x0, 0xe2, 0x80, 0x90, 0x27, 0x9,
    0x82, 0x1, 0x7d, 0x3, 0x70, 0x4, 0x30, 0x3e,
    0xff, 0x40, 0x26, 0x80, 0x69, 0xc5, 0x20, 0x14,
    0xab, 0x10, 0x0,

    /* U+00F7 "÷" */
    0x0, 0xe1, 0xdd, 0x10, 0x7, 0xf9, 0xc8, 0x8a,
    0x1, 0xfe, 0x41, 0x5, 0x0, 0xff, 0x17, 0x79,
    0x0, 0x7f, 0xf5, 0x47, 0xff, 0xff, 0x80, 0x26,
    0x1, 0xff, 0xc1, 0x2f, 0xff, 0xfe, 0x0, 0x80,
    0x7f, 0xf5, 0x4b, 0xbc, 0x80, 0x3f, 0xc8, 0x20,
    0xa0, 0x1f, 0xe7, 0x22, 0x28, 0x7, 0x0,

    /* U+00F8 "ø" */
    0x0, 0xc7, 0x3b, 0xfd, 0x6c, 0xf, 0xc4, 0x1,
    0x46, 0x31, 0x0, 0xa4, 0xec, 0xe9, 0x0, 0x21,
    0xc1, 0xb7, 0xfa, 0x44, 0x80, 0x80, 0x4, 0xe1,
    0x32, 0x20, 0x17, 0x30, 0x18, 0x0, 0x50, 0x1b,
    0x0, 0x6d, 0x78, 0x6, 0x0, 0x20, 0x58, 0x6,
    0xb0, 0xa6, 0x0, 0x18, 0x10, 0x18, 0x5, 0x2d,
    0xa0, 0x20, 0x7, 0x0, 0x84, 0x1, 0xf, 0xe2,
    0x1, 0xe3, 0x2, 0x6, 0x7d, 0x20, 0x0, 0x80,
    0x18, 0x10, 0x2d, 0x26, 0xcc, 0x2, 0x60, 0x22,
    0x5, 0x81, 0xdc, 0xa0, 0x4, 0x50, 0x14, 0x0,
    0x26, 0x0, 0x79, 0x0, 0xbe, 0x81, 0xb8, 0x4,
    0x84, 0xd, 0xbf, 0xd0, 0x9, 0xa0, 0x15, 0x8e,
    0xda, 0x88, 0xa, 0x55, 0x88, 0x0,

    /* U+00F9 "ù" */
    0x0, 0x86, 0x0, 0x3f, 0xf8, 0xf, 0xa8, 0x1,
    0xfc, 0x32, 0x77, 0x42, 0x1, 0xf9, 0xbd, 0xd7,
    0x80, 0x3f, 0x86, 0x35, 0x40, 0x3f, 0xe2, 0xa0,
    0xc, 0x9f, 0xc0, 0x1f, 0x57, 0xc0, 0x7, 0xff,
    0xfc, 0x3, 0xff, 0x88, 0xe0, 0x20, 0x1f, 0x8,
    0x0, 0x80, 0x2, 0x1, 0xe5, 0x0, 0x9, 0x4,
    0x80, 0x72, 0x88, 0x5, 0x60, 0xec, 0x1, 0x25,
    0x80, 0x66, 0x50, 0x9e, 0xce, 0xb2, 0x40, 0xd,
    0x54, 0x30, 0x33, 0x46, 0x8, 0x0,

    /* U+00FA "ú" */
    0x0, 0xfd, 0x0, 0x1f, 0xe5, 0xe7, 0x0, 0xfc,
    0x57, 0x41, 0x20, 0x1f, 0xb5, 0x1f, 0x98, 0x3,
    0xe1, 0x5e, 0x80, 0xf, 0xe1, 0xa1, 0x0, 0xf9,
    0x3f, 0x80, 0x3e, 0xaf, 0x80, 0xf, 0xff, 0xf8,
    0x7, 0xff, 0x11, 0xc0, 0x40, 0x3e, 0x10, 0x1,
    0x0, 0x4, 0x3, 0xca, 0x0, 0x12, 0x9, 0x0,
    0xe5, 0x10, 0xa, 0xc1, 0xd8, 0x2, 0x4b, 0x0,
    0xcc, 0xa1, 0x3d, 0x9d, 0x64, 0x80, 0x1a, 0xa8,
    0x60, 0x66, 0x8c, 0x10, 0x0,

    /* U+00FB "û" */
    0x0, 0xff, 0xe3, 0x2f, 0x48, 0x80, 0x7c, 0x57,
    0x44, 0xde, 0xa0, 0x1e, 0x84, 0x9c, 0xd2, 0xa0,
    0xf, 0x7f, 0x30, 0x16, 0x48, 0x7, 0x94, 0x40,
    0x33, 0x0, 0x49, 0xfc, 0x1, 0xf5, 0x7c, 0x0,
    0x7f, 0xff, 0xc0, 0x3f, 0xf8, 0x8e, 0x2, 0x1,
    0xf0, 0x80, 0x8, 0x0, 0x20, 0x1e, 0x50, 0x0,
    0x90, 0x48, 0x7, 0x28, 0x80, 0x56, 0xe, 0xc0,
    0x12, 0x58, 0x6, 0x65, 0x9, 0xec, 0xeb, 0x24,
    0x0, 0xd5, 0x43, 0x3, 0x34, 0x60, 0x80, 0x0,

    /* U+00FC "ü" */
    0x0, 0x8f, 0xa8, 0x13, 0xa0, 0x3, 0xc8, 0x2a,
    0x18, 0x2a, 0x1, 0xe6, 0x7a, 0x9, 0x69, 0x0,
    0xf0, 0xc2, 0x80, 0xca, 0x0, 0x7f, 0xf1, 0x13,
    0xf8, 0x3, 0xea, 0xf8, 0x0, 0xff, 0xff, 0x80,
    0x7f, 0xf1, 0x1c, 0x4, 0x3, 0xe1, 0x0, 0x10,
    0x0, 0x40, 0x3c, 0xa0, 0x1, 0x20, 0x90, 0xe,
    0x51, 0x0, 0xac, 0x1d, 0x80, 0x24, 0xb0, 0xc,
    0xca, 0x13, 0xd9, 0xd6, 0x48, 0x1, 0xaa, 0x86,
    0x6, 0x68, 0xc1, 0x0, 0x0,

    /* U+00FD "ý" */
    0x0, 0xfd, 0x2, 0x1, 0xfe, 0x4d, 0x70, 0xf,
    0xe1, 0xab, 0x38, 0x10, 0xf, 0xdc, 0xad, 0xee,
    0x1, 0xfc, 0xbb, 0x22, 0x1, 0xfe, 0xa2, 0x0,
    0xfd, 0x1f, 0xc0, 0x1f, 0x27, 0xf8, 0x28, 0x5,
    0x0, 0x3d, 0xa0, 0xc0, 0x46, 0x1a, 0x1, 0xe7,
    0xa, 0x0, 0x50, 0x38, 0x7, 0x28, 0x91, 0x80,
    0x18, 0x5, 0x40, 0x37, 0x85, 0x0, 0x65, 0xf,
    0x0, 0xca, 0xc, 0x1, 0xb8, 0x14, 0x40, 0xa,
    0x8, 0x20, 0x19, 0x4, 0x1c, 0x1, 0xc1, 0xc0,
    0x1e, 0x60, 0xd0, 0x14, 0x15, 0x0, 0xf5, 0x2,
    0xb, 0x83, 0x80, 0x7c, 0x46, 0xd, 0x41, 0x40,
    0x1f, 0xa8, 0x24, 0xc8, 0xc0, 0x3f, 0x30, 0x8,
    0x50, 0x7, 0xf9, 0x40, 0xc, 0x1, 0xfe, 0x20,
    0x41, 0x0, 0xff, 0x30, 0x70, 0x7, 0xf9, 0x4,
    0x4a, 0x1, 0xfe, 0xe0, 0x70, 0xf, 0xf0, 0xa8,
    0x50, 0x7, 0xf9, 0xc0, 0x8c, 0x3, 0xfd, 0x61,
    0x40, 0x1f, 0x80,

    /* U+00FE "þ" */
    0x2f, 0xf0, 0x7, 0xff, 0xfc, 0x0, 0xd9, 0xfd,
    0x8c, 0x1, 0xf0, 0xdc, 0x98, 0x9, 0xce, 0x8,
    0x7, 0x42, 0x3e, 0xfe, 0xc0, 0x1e, 0x80, 0x73,
    0x5c, 0x10, 0x13, 0xd8, 0x1b, 0x0, 0x66, 0x40,
    0xe, 0x46, 0xa, 0x0, 0xd4, 0x1, 0xf5, 0x1,
    0x80, 0x62, 0x0, 0xf8, 0x80, 0x4, 0x1, 0xff,
    0xc6, 0x20, 0xf, 0x88, 0x0, 0x40, 0x15, 0x0,
    0x7d, 0x40, 0x60, 0x19, 0x90, 0x3, 0x91, 0x82,
    0x80, 0x33, 0x5c, 0x10, 0x14, 0x58, 0x1b, 0x0,
    0x69, 0x47, 0xdf, 0xd7, 0x3, 0xd0, 0xf, 0x5c,
    0x98, 0x9, 0xce, 0x8, 0x7, 0xcd, 0x9f, 0xd8,
    0xc0, 0x1f, 0xff, 0xf0, 0xf, 0xfe, 0x38,

    /* U+00FF "ÿ" */
    0x0, 0x8b, 0xac, 0xf, 0xa4, 0x3, 0xe4, 0x14,
    0x4, 0x17, 0x0, 0xf9, 0x9e, 0x81, 0x99, 0x40,
    0x1f, 0xa1, 0x40, 0x65, 0x0, 0x3f, 0xf8, 0xd1,
    0xfc, 0x1, 0xf2, 0x7f, 0x82, 0x80, 0x50, 0x3,
    0xda, 0xc, 0x4, 0x61, 0xa0, 0x1e, 0x70, 0xa0,
    0x5, 0x3, 0x80, 0x72, 0x89, 0x18, 0x1, 0x80,
    0x54, 0x3, 0x78, 0x50, 0x6, 0x50, 0xf0, 0xc,
    0xa0, 0xc0, 0x1b, 0x81, 0x44, 0x0, 0xa0, 0x82,
    0x1, 0x90, 0x41, 0xc0, 0x1c, 0x1c, 0x1, 0xe6,
    0xd, 0x1, 0x41, 0x50, 0xf, 0x50, 0x20, 0xb8,
    0x38, 0x7, 0xc4, 0x60, 0xd4, 0x14, 0x1, 0xfa,
    0x82, 0x4c, 0x8c, 0x3, 0xf3, 0x0, 0x85, 0x0,
    0x7f, 0x94, 0x0, 0xc0, 0x1f, 0xe2, 0x4, 0x10,
    0xf, 0xf3, 0x7, 0x0, 0x7f, 0x90, 0x44, 0xa0,
    0x1f, 0xee, 0x7, 0x0, 0xff, 0xa, 0x85, 0x0,
    0x7f, 0x9c, 0x8, 0xc0, 0x3f, 0xd6, 0x14, 0x1,
    0xf8,

    /* U+0100 "Ā" */
    0x0, 0x86, 0xef, 0xf1, 0x80, 0x78, 0xd1, 0x3f,
    0x30, 0x7, 0x8b, 0xff, 0xf2, 0x80, 0x7f, 0xf3,
    0x57, 0xfd, 0x0, 0x1f, 0xfc, 0xf, 0x0, 0x28,
    0x7, 0xff, 0x1, 0x40, 0x4, 0x60, 0x1f, 0xe5,
    0x1, 0x40, 0xb0, 0xf, 0xf7, 0x83, 0xe8, 0x28,
    0x7, 0xf9, 0x42, 0x9c, 0x8, 0xc0, 0x3f, 0x28,
    0x9, 0x8a, 0x5, 0x80, 0x7e, 0xf0, 0x70, 0x6,
    0x82, 0x80, 0x7e, 0x50, 0xd0, 0x3, 0x81, 0x18,
    0x7, 0x94, 0x5, 0x0, 0x2, 0x61, 0x60, 0x1e,
    0xe0, 0x70, 0xd, 0x40, 0xa0, 0x1e, 0x40, 0xd0,
    0xc, 0xe0, 0x46, 0x1, 0x94, 0x1, 0x3b, 0xbb,
    0x0, 0x16, 0x1, 0xb8, 0x0, 0x45, 0xe0, 0x3,
    0x0, 0x64, 0xb, 0xff, 0xf7, 0x0, 0x98, 0x1,
    0x40, 0x50, 0x3, 0xc2, 0x61, 0x60, 0xe, 0x7,
    0x0, 0xfd, 0x40, 0xc0, 0x4, 0xd, 0x0, 0xfc,
    0xe0, 0x26,

    /* U+0101 "ā" */
    0x0, 0xf, 0xff, 0xe5, 0x0, 0xe4, 0x4f, 0xc2,
    0x1, 0x86, 0xef, 0xf2, 0x0, 0x7f, 0xf1, 0xd2,
    0xfb, 0xf6, 0x4, 0x37, 0xd8, 0x1, 0x56, 0x82,
    0x4, 0xfe, 0x60, 0x1a, 0x54, 0x17, 0x7f, 0xa4,
    0x34, 0xc0, 0x6, 0xc1, 0x14, 0x40, 0x2d, 0x80,
    0x20, 0xa, 0x2, 0x70, 0xe, 0x28, 0x0, 0x90,
    0x28, 0x3, 0xe6, 0x0, 0x8c, 0x8, 0x3, 0xf0,
    0x80, 0x61, 0x0, 0xfc, 0x60, 0x2, 0x2, 0x0,
    0xfc, 0x40, 0x4, 0xd, 0x0, 0xf9, 0x40, 0x2a,
    0x4, 0x50, 0xf, 0x40, 0x4, 0x4c, 0x14, 0xc0,
    0x11, 0xe1, 0x8, 0x5, 0x2a, 0x13, 0xfb, 0xd8,
    0x76, 0x60, 0x1a, 0xad, 0x4, 0x8d, 0xb5, 0x0,
    0x20,

    /* U+0102 "Ă" */
    0x0, 0xc4, 0xe0, 0x19, 0x90, 0x3, 0xf0, 0xc2,
    0x80, 0xa, 0x48, 0x3, 0xf1, 0x95, 0x6e, 0xc2,
    0xe0, 0x1f, 0xd8, 0xa6, 0x49, 0xa2, 0x1, 0xfc,
    0x35, 0xdf, 0x66, 0x1, 0xff, 0x2f, 0xfa, 0x0,
    0x3f, 0xf8, 0x1e, 0x0, 0x50, 0xf, 0xfe, 0x2,
    0x80, 0x8, 0xc0, 0x3f, 0xca, 0x2, 0x81, 0x60,
    0x1f, 0xef, 0x7, 0xd0, 0x50, 0xf, 0xf2, 0x85,
    0x38, 0x11, 0x80, 0x7e, 0x50, 0x13, 0x14, 0xb,
    0x0, 0xfd, 0xe0, 0xe0, 0xd, 0x5, 0x0, 0xfc,
    0xa1, 0xa0, 0x7, 0x2, 0x30, 0xf, 0x28, 0xa,
    0x0, 0x4, 0xc2, 0xc0, 0x3d, 0xc0, 0xe0, 0x1a,
    0x81, 0x40, 0x3c, 0x81, 0xa0, 0x19, 0xc0, 0x8c,
    0x3, 0x28, 0x2, 0x77, 0x76, 0x0, 0x2c, 0x3,
    0x70, 0x0, 0x8b, 0xc0, 0x6, 0x0, 0xc8, 0x17,
    0xff, 0xee, 0x1, 0x30, 0x2, 0x80, 0xa0, 0x7,
    0x84, 0xc2, 0xc0, 0x1c, 0xe, 0x1, 0xfa, 0x81,
    0x80, 0x8, 0x1a, 0x1, 0xf9, 0xc0, 0x4c,

    /* U+0103 "ă" */
    0x0, 0x93, 0xc4, 0x2, 0xd8, 0x0, 0xf2, 0x84,
    0x8, 0x31, 0x68, 0x7, 0x85, 0x99, 0xdf, 0x24,
    0xa0, 0x1f, 0x4c, 0x95, 0x1f, 0x40, 0x3f, 0x9a,
    0xae, 0x0, 0x3f, 0x25, 0xf7, 0xec, 0x8, 0x6f,
    0xb0, 0x2, 0xad, 0x4, 0x9, 0xfc, 0xc0, 0x34,
    0xa8, 0x2e, 0xff, 0x48, 0x69, 0x80, 0xd, 0x82,
    0x28, 0x80, 0x5b, 0x0, 0x40, 0x14, 0x4, 0xe0,
    0x1c, 0x50, 0x1, 0x20, 0x50, 0x7, 0xcc, 0x1,
    0x18, 0x10, 0x7, 0xe1, 0x0, 0xc2, 0x1, 0xf8,
    0xc0, 0x4, 0x4, 0x1, 0xf8, 0x80, 0x8, 0x1a,
    0x1, 0xf2, 0x80, 0x54, 0x8, 0xa0, 0x1e, 0x80,
    0x8, 0x98, 0x29, 0x80, 0x23, 0xc2, 0x10, 0xa,
    0x54, 0x27, 0xf7, 0xb0, 0xec, 0xc0, 0x35, 0x5a,
    0x9, 0x1b, 0x6a, 0x0, 0x40,

    /* U+0104 "Ą" */
    0x0, 0xf2, 0xff, 0xa0, 0x3, 0xff, 0x81, 0xe0,
    0x5, 0x0, 0xff, 0xe0, 0x28, 0x0, 0x8c, 0x3,
    0xfc, 0xa0, 0x28, 0x16, 0x1, 0xfe, 0xf0, 0x7d,
    0x5, 0x0, 0xff, 0x28, 0x53, 0x81, 0x18, 0x7,
    0xe5, 0x1, 0x31, 0x40, 0xb0, 0xf, 0xde, 0xe,
    0x0, 0xd0, 0x50, 0xf, 0xca, 0x1a, 0x0, 0x70,
    0x23, 0x0, 0xf2, 0x80, 0xa0, 0x0, 0x4c, 0x2c,
    0x3, 0xdc, 0xe, 0x1, 0xa8, 0x14, 0x3, 0xc8,
    0x1a, 0x1, 0x9c, 0x8, 0xc0, 0x32, 0x80, 0x27,
    0x77, 0x60, 0x2, 0xc0, 0x37, 0x0, 0x8, 0xbc,
    0x0, 0x60, 0xc, 0x81, 0x7f, 0xfe, 0xe0, 0x13,
    0x0, 0x28, 0xa, 0x0, 0x78, 0x4c, 0x2c, 0x1,
    0xc0, 0xe0, 0x1f, 0xa8, 0x18, 0x0, 0x81, 0xa0,
    0x1f, 0x90, 0x4, 0xc3, 0xfc, 0x80, 0x1f, 0x1e,
    0xc, 0x18, 0x7, 0xfd, 0xa1, 0xee, 0x1, 0xff,
    0x10, 0xa8, 0x80, 0x7f, 0xf0, 0x8, 0x52, 0xa5,
    0xc0, 0x3f, 0xed, 0x35, 0x70,

    /* U+0105 "ą" */
    0x0, 0x92, 0xfb, 0xf6, 0x4, 0x37, 0xd8, 0x1,
    0x56, 0x82, 0x4, 0xfe, 0x60, 0x1a, 0x54, 0x1b,
    0x7f, 0xa4, 0x34, 0xc0, 0x6, 0xc1, 0x12, 0x40,
    0x2d, 0x80, 0x20, 0xa, 0x3, 0x70, 0xe, 0x28,
    0x0, 0x90, 0x2c, 0x3, 0xe6, 0x0, 0x8c, 0xc,
    0x3, 0xf0, 0x80, 0x61, 0x0, 0xff, 0x88, 0x8,
    0x3, 0xf0, 0x80, 0x10, 0x28, 0x3, 0xe6, 0x0,
    0xa8, 0x9, 0xc0, 0x38, 0xa0, 0x2, 0x26, 0x8,
    0x93, 0x1, 0x6c, 0x1, 0x0, 0xa5, 0x41, 0xb3,
    0xfa, 0x43, 0x4c, 0x3, 0x55, 0xa0, 0x81, 0x3f,
    0x81, 0x81, 0x80, 0x49, 0x7d, 0xfb, 0x9, 0x85,
    0x8a, 0x1, 0xfd, 0x65, 0x86, 0x1, 0xfc, 0x42,
    0xe0, 0x1f, 0xf1, 0xa, 0xd4, 0xb8, 0x7, 0xf6,
    0x9a, 0xb8, 0x0,

    /* U+0106 "Ć" */
    0x0, 0xff, 0x30, 0x7, 0xff, 0x9, 0x36, 0xc0,
    0x3f, 0xf8, 0x3, 0x56, 0x54, 0x1, 0xff, 0x17,
    0xab, 0x73, 0x80, 0x7f, 0xcc, 0xbb, 0x22, 0x1,
    0xff, 0xc0, 0x4b, 0x20, 0xf, 0xfe, 0x8, 0xbe,
    0x77, 0xf5, 0xb8, 0x7, 0xe5, 0xe8, 0x31, 0x1,
    0x48, 0xe5, 0x0, 0xe7, 0xa0, 0x3a, 0xdf, 0xd9,
    0x21, 0xa6, 0x0, 0x8e, 0x2, 0x31, 0x48, 0x9,
    0xb5, 0x2, 0x4c, 0x1, 0xa0, 0xce, 0x1, 0xf5,
    0x8, 0x78, 0x28, 0x84, 0x80, 0x7e, 0x1d, 0xa9,
    0xf, 0x5, 0x0, 0xff, 0x1a, 0xa8, 0x1c, 0x30,
    0x3, 0xff, 0x84, 0x40, 0x60, 0x1f, 0xfc, 0x41,
    0x0, 0xff, 0xe1, 0x10, 0x10, 0x7, 0xff, 0x9,
    0xc3, 0x0, 0x3f, 0xf8, 0x5e, 0xa, 0x1, 0xfe,
    0x24, 0x40, 0x28, 0x84, 0x80, 0x7f, 0x65, 0xc0,
    0x2, 0x81, 0x9c, 0x3, 0xeb, 0x10, 0xf0, 0x2,
    0x40, 0x45, 0xa0, 0x80, 0xb6, 0xa0, 0x49, 0x80,
    0x4f, 0x40, 0x97, 0xdf, 0xd2, 0x43, 0x4c, 0x1,
    0xcb, 0xd0, 0x60, 0x1, 0x38, 0xf5, 0x0, 0x80,

    /* U+0107 "ć" */
    0x0, 0xfc, 0x80, 0x1f, 0xe5, 0xee, 0x0, 0x7e,
    0x2b, 0xa0, 0xf0, 0xf, 0x93, 0x51, 0xf9, 0x40,
    0x3e, 0x35, 0xd8, 0x0, 0xfe, 0x7a, 0x20, 0xf,
    0xf2, 0x5f, 0x7f, 0x5a, 0x80, 0x75, 0x5a, 0x8,
    0xa, 0x55, 0x80, 0x52, 0xa1, 0x3f, 0xee, 0x80,
    0x49, 0x3, 0x60, 0xb6, 0x0, 0xb, 0xc8, 0x31,
    0x50, 0x22, 0x0, 0x39, 0x9b, 0x20, 0x68, 0x7,
    0xd3, 0x24, 0x30, 0x20, 0xf, 0xfe, 0x59, 0x81,
    0x0, 0x7f, 0x90, 0x34, 0x3, 0xe8, 0x93, 0xa0,
    0x44, 0x0, 0x73, 0x3b, 0x9, 0xb0, 0x5b, 0x0,
    0x5, 0xe4, 0x1c, 0x82, 0x54, 0x27, 0xfd, 0xd0,
    0xb, 0x0, 0x15, 0x5a, 0x8, 0xa, 0x5d, 0x0,
    0x0,

    /* U+010A "Ċ" */
    0x0, 0xf9, 0xbd, 0x80, 0x3f, 0xf8, 0x5a, 0x1a,
    0x1, 0xff, 0xc2, 0x96, 0x80, 0xf, 0xfe, 0x11,
    0x49, 0x80, 0x7f, 0xc2, 0xf9, 0xdf, 0xd6, 0xe0,
    0x1f, 0x97, 0xa0, 0xc4, 0x5, 0x23, 0x94, 0x3,
    0x9e, 0x80, 0xeb, 0x7f, 0x64, 0x86, 0x98, 0x2,
    0x38, 0x8, 0xc5, 0x20, 0x26, 0xd4, 0x9, 0x30,
    0x6, 0x83, 0x38, 0x7, 0xd4, 0x21, 0xe0, 0xa2,
    0x12, 0x1, 0xf8, 0x76, 0xa4, 0x3c, 0x14, 0x3,
    0xfc, 0x6a, 0xa0, 0x70, 0xc0, 0xf, 0xfe, 0x11,
    0x1, 0x80, 0x7f, 0xf1, 0x4, 0x3, 0xff, 0x84,
    0x40, 0x40, 0x1f, 0xfc, 0x27, 0xc, 0x0, 0xff,
    0xe1, 0x78, 0x28, 0x7, 0xf8, 0x91, 0x0, 0xa2,
    0x12, 0x1, 0xfd, 0x97, 0x0, 0xa, 0x6, 0x70,
    0xf, 0xac, 0x43, 0xc0, 0x9, 0x1, 0x16, 0x82,
    0x2, 0xda, 0x81, 0x26, 0x1, 0x3d, 0x2, 0x5f,
    0x7f, 0x49, 0xd, 0x30, 0x7, 0x2f, 0x41, 0x80,
    0x4, 0xe3, 0xd4, 0x2,

    /* U+010B "ċ" */
    0x0, 0xe9, 0xe3, 0x0, 0xff, 0x38, 0xa0, 0x7,
    0xfa, 0x99, 0x80, 0x1f, 0xe4, 0x91, 0x0, 0xfc,
    0x97, 0xdf, 0xd6, 0xa0, 0x1d, 0x56, 0x82, 0x2,
    0x95, 0x60, 0x14, 0xa8, 0x4f, 0xfb, 0xa0, 0x12,
    0x40, 0xd8, 0x2d, 0x80, 0x2, 0xf2, 0xc, 0x54,
    0x8, 0x80, 0xe, 0x66, 0xc8, 0x1a, 0x1, 0xf4,
    0xc9, 0xc, 0x8, 0x3, 0xff, 0x96, 0x60, 0x40,
    0x1f, 0xe4, 0xd, 0x0, 0xfa, 0x24, 0xe8, 0x11,
    0x0, 0x1c, 0xce, 0xc2, 0x6c, 0x16, 0xc0, 0x1,
    0x79, 0x7, 0x20, 0x95, 0x9, 0xff, 0x74, 0x2,
    0xc0, 0x5, 0x56, 0x82, 0x2, 0x97, 0x40, 0x0,

    /* U+010C "Č" */
    0x0, 0xe8, 0x20, 0x8, 0x60, 0x3, 0xfc, 0x9a,
    0xe0, 0xdc, 0xa0, 0x1f, 0xed, 0x48, 0xe9, 0x4f,
    0x0, 0xff, 0xd, 0xd8, 0xaa, 0xc8, 0x3, 0xff,
    0x80, 0x98, 0xa0, 0x1f, 0xf0, 0xbe, 0x77, 0xf5,
    0xb8, 0x7, 0xe5, 0xe8, 0x31, 0x1, 0x48, 0xe5,
    0x0, 0xe7, 0xa0, 0x3a, 0xdf, 0xd9, 0x21, 0xa6,
    0x0, 0x8e, 0x2, 0x31, 0x48, 0x9, 0xb5, 0x2,
    0x4c, 0x1, 0xa0, 0xce, 0x1, 0xf5, 0x8, 0x78,
    0x28, 0x84, 0x80, 0x7e, 0x1d, 0xa9, 0xf, 0x5,
    0x0, 0xff, 0x1a, 0xa8, 0x1c, 0x30, 0x3, 0xff,
    0x84, 0x40, 0x60, 0x1f, 0xfc, 0x41, 0x0, 0xff,
    0xe1, 0x10, 0x10, 0x7, 0xff, 0x9, 0xc3, 0x0,
    0x3f, 0xf8, 0x5e, 0xa, 0x1, 0xfe, 0x24, 0x40,
    0x28, 0x84, 0x80, 0x7f, 0x65, 0xc0, 0x2, 0x81,
    0x9c, 0x3, 0xeb, 0x10, 0xf0, 0x2, 0x40, 0x45,
    0xa0, 0x80, 0xb6, 0xa0, 0x49, 0x80, 0x4f, 0x40,
    0x97, 0xdf, 0xd2, 0x43, 0x4c, 0x1, 0xcb, 0xd0,
    0x60, 0x1, 0x38, 0xf5, 0x0, 0x80,

    /* U+010D "č" */
    0x0, 0xa0, 0x3, 0x13, 0x0, 0x79, 0xf4, 0xc2,
    0x37, 0xc0, 0x3d, 0x61, 0x9c, 0xeb, 0x0, 0x1e,
    0x4d, 0x73, 0xba, 0x10, 0xf, 0xd1, 0xa8, 0x1,
    0xf9, 0x2f, 0xbf, 0xad, 0x40, 0x3a, 0xad, 0x4,
    0x5, 0x2a, 0xc0, 0x29, 0x50, 0x9f, 0xf7, 0x40,
    0x24, 0x81, 0xb0, 0x5b, 0x0, 0x5, 0xe4, 0x18,
    0xa8, 0x11, 0x0, 0x1c, 0xcd, 0x90, 0x34, 0x3,
    0xe9, 0x92, 0x18, 0x10, 0x7, 0xff, 0x2c, 0xc0,
    0x80, 0x3f, 0xc8, 0x1a, 0x1, 0xf4, 0x49, 0xd0,
    0x22, 0x0, 0x39, 0x9d, 0x84, 0xd8, 0x2d, 0x80,
    0x2, 0xf2, 0xe, 0x41, 0x2a, 0x13, 0xfe, 0xe8,
    0x5, 0x80, 0xa, 0xad, 0x4, 0x5, 0x2e, 0x80,
    0x0,

    /* U+010E "Ď" */
    0x0, 0xd4, 0x40, 0x11, 0xc8, 0x7, 0xe7, 0xd7,
    0x8, 0xc2, 0x0, 0xfd, 0x8b, 0x1e, 0xed, 0x40,
    0x1f, 0x86, 0xad, 0x32, 0x44, 0x3, 0xfc, 0x96,
    0x60, 0x1e, 0x2f, 0xff, 0x75, 0xb8, 0x80, 0x7c,
    0x45, 0x8, 0x92, 0x39, 0x40, 0x3d, 0xbb, 0x77,
    0xe2, 0x85, 0x40, 0x7, 0xf8, 0xea, 0x80, 0xea,
    0x1, 0xff, 0x2c, 0x5, 0x80, 0x7f, 0xf0, 0x1c,
    0x44, 0xa0, 0x1f, 0xfc, 0x7, 0xf, 0x0, 0xff,
    0xe0, 0x78, 0x38, 0x7, 0xff, 0x0, 0xc0, 0xc0,
    0x3f, 0xf9, 0xe6, 0x6, 0x1, 0xff, 0xc0, 0xf0,
    0x70, 0xf, 0xfe, 0x3, 0x86, 0x0, 0x7f, 0xce,
    0x20, 0xc0, 0x1f, 0xe5, 0x80, 0xa0, 0xf, 0xe3,
    0xaa, 0x3, 0x28, 0x6, 0xee, 0xdf, 0x8a, 0x13,
    0x20, 0xe, 0x11, 0xe4, 0x8e, 0x60, 0x8,

    /* U+010F "ď" */
    0x0, 0xff, 0xb7, 0xd9, 0x9f, 0xc0, 0x1f, 0xfc,
    0x51, 0x0, 0xff, 0xe1, 0xbd, 0x0, 0x7f, 0xf1,
    0x4, 0xc4, 0x3, 0xff, 0x86, 0xb3, 0x60, 0x19,
    0x2f, 0xbf, 0x60, 0x40, 0x32, 0xfa, 0x80, 0x55,
    0x68, 0x20, 0x4f, 0xe6, 0x1, 0xfa, 0x54, 0x17,
    0x7f, 0xa4, 0x34, 0xc0, 0x3c, 0x6c, 0x11, 0x44,
    0x2, 0xd8, 0x2, 0x1, 0xea, 0x2, 0x70, 0xe,
    0x28, 0x0, 0xf9, 0x2, 0x80, 0x3e, 0x60, 0xf,
    0x8c, 0x8, 0x3, 0xf0, 0x80, 0x7e, 0x10, 0xf,
    0xc6, 0x1, 0xe2, 0x2, 0x0, 0xfc, 0x40, 0x1e,
    0x40, 0xd0, 0xf, 0x94, 0x3, 0xea, 0x4, 0x50,
    0xf, 0x40, 0x7, 0xc4, 0xc1, 0x4c, 0x1, 0x1e,
    0x10, 0x80, 0x7d, 0x2a, 0x13, 0xfb, 0xd8, 0x76,
    0x60, 0x1f, 0xaa, 0xd0, 0x48, 0xdb, 0x50, 0x3,
    0xe0,

    /* U+0110 "Đ" */
    0x0, 0x5f, 0xff, 0xb6, 0x4c, 0x3, 0xf8, 0x48,
    0xa0, 0x26, 0xca, 0x0, 0xfd, 0x3b, 0xb7, 0xf4,
    0x8a, 0xe8, 0x80, 0x7f, 0xc2, 0xde, 0x65, 0x40,
    0x1f, 0xfc, 0x11, 0xd1, 0x46, 0x0, 0xff, 0xe0,
    0x8b, 0x5, 0x0, 0x7f, 0xf0, 0xa8, 0xc, 0x40,
    0x3f, 0xf8, 0x24, 0x0, 0x5c, 0xf4, 0x8, 0xff,
    0xc2, 0x1, 0x84, 0x4, 0x3, 0xff, 0x8b, 0xbc,
    0x80, 0xfd, 0xd8, 0x40, 0x30, 0x80, 0x8c, 0x0,
    0xf1, 0x1c, 0x1, 0x88, 0x0, 0xa0, 0x1f, 0xfc,
    0x15, 0x2, 0x10, 0xf, 0xfe, 0x0, 0xc8, 0x58,
    0x7, 0xff, 0x6, 0x84, 0xd8, 0x3, 0xfe, 0x5d,
    0x41, 0xe0, 0xf, 0x4e, 0x65, 0xbf, 0x44, 0x9e,
    0x40, 0x1e, 0x13, 0x38, 0x88, 0xd7, 0x61, 0x0,
    0x80,

    /* U+0111 "đ" */
    0x0, 0xff, 0xb7, 0xd8, 0x3, 0xff, 0x9a, 0x22,
    0x0, 0x84, 0x3, 0xf4, 0x77, 0x8, 0x27, 0x0,
    0x3f, 0x55, 0xd8, 0x81, 0xf8, 0x2, 0x4b, 0xef,
    0xda, 0x54, 0x0, 0x71, 0x80, 0x2a, 0xd0, 0x40,
    0x9f, 0xcc, 0x3, 0xa5, 0x41, 0x77, 0xfa, 0x43,
    0x4c, 0x2, 0x36, 0x8, 0xa2, 0x1, 0x6c, 0x1,
    0x0, 0xa8, 0x9, 0xc0, 0x38, 0xa0, 0x3, 0x20,
    0x50, 0x7, 0xcc, 0x1, 0x8c, 0x8, 0x3, 0xf0,
    0x80, 0x70, 0x80, 0x7e, 0x30, 0x8, 0x80, 0x80,
    0x3f, 0x10, 0x4, 0x81, 0xa0, 0x1f, 0x28, 0x6,
    0xa0, 0x45, 0x0, 0xf4, 0x0, 0x62, 0x60, 0xa6,
    0x0, 0x8f, 0x8, 0x40, 0x34, 0xa8, 0x4f, 0xef,
    0x61, 0xd9, 0x80, 0x75, 0x5a, 0x9, 0x1b, 0x6a,
    0x0, 0x60,

    /* U+0112 "Ē" */
    0x1b, 0xbf, 0xc6, 0x64, 0x4f, 0xcc, 0x5f, 0xff,
    0x94, 0x3, 0xfc, 0x5f, 0xff, 0xb4, 0x2, 0x11,
    0xf3, 0x0, 0x5d, 0xde, 0xb0, 0xf, 0xff, 0x4f,
    0x77, 0x84, 0x2, 0x11, 0xf1, 0x80, 0x5f, 0xfe,
    0x20, 0xf, 0xff, 0x4f, 0x77, 0xb0, 0x2, 0x11,
    0xf8,

    /* U+0113 "ē" */
    0x0, 0x67, 0xff, 0xd4, 0x1, 0x91, 0x3f, 0x68,
    0x6, 0x8b, 0xbf, 0x9c, 0x3, 0xff, 0x8c, 0x95,
    0xdf, 0xd6, 0x80, 0x1d, 0x56, 0xa2, 0x2, 0x97,
    0x40, 0x14, 0xa8, 0x4f, 0xfb, 0xa0, 0x16, 0x40,
    0xd8, 0x2d, 0x80, 0x2, 0xf8, 0xc, 0x54, 0xa,
    0x80, 0x1c, 0x6a, 0x14, 0x81, 0x80, 0x1f, 0x68,
    0x19, 0x82, 0x7f, 0xfe, 0x80, 0x60, 0x0, 0x91,
    0x7f, 0x31, 0x5, 0xee, 0xff, 0x5a, 0x87, 0x80,
    0x7c, 0xac, 0x76, 0xa, 0x60, 0x1c, 0x95, 0x20,
    0x4e, 0x18, 0xc0, 0x13, 0x58, 0x29, 0x84, 0x30,
    0x4f, 0xfd, 0x20, 0x94, 0x1, 0x4d, 0xa8, 0x80,
    0xa5, 0x58, 0x0,

    /* U+0114 "Ĕ" */
    0x2, 0x70, 0xc, 0xc8, 0x0, 0x18, 0x50, 0x1,
    0x49, 0x0, 0xc, 0xab, 0x76, 0x7, 0x0, 0xb1,
    0x4c, 0x93, 0x4, 0x2, 0x1a, 0xef, 0xb3, 0x0,
    0x17, 0xff, 0xed, 0x0, 0x84, 0x7c, 0xc0, 0x17,
    0x77, 0xac, 0x3, 0xff, 0xd3, 0xdd, 0xe1, 0x0,
    0x84, 0x7c, 0x60, 0x17, 0xff, 0x88, 0x3, 0xff,
    0xd3, 0xdd, 0xec, 0x0, 0x84, 0x7e,

    /* U+0115 "ĕ" */
    0x0, 0xbd, 0x80, 0x28, 0xd0, 0xf, 0x1d, 0x90,
    0x1b, 0x38, 0x7, 0xa0, 0xb7, 0xf0, 0x64, 0x3,
    0xc9, 0x8a, 0x8d, 0xa6, 0x1, 0xf1, 0xd5, 0xc9,
    0x0, 0x7c, 0x95, 0xdf, 0xd6, 0x80, 0x1d, 0x56,
    0xa2, 0x2, 0x97, 0x40, 0x14, 0xa8, 0x4f, 0xfb,
    0xa0, 0x16, 0x40, 0xd8, 0x2d, 0x80, 0x2, 0xf8,
    0xc, 0x54, 0xa, 0x80, 0x1c, 0x6a, 0x14, 0x81,
    0x80, 0x1f, 0x68, 0x19, 0x82, 0x7f, 0xfe, 0x80,
    0x60, 0x0, 0x91, 0x7f, 0x31, 0x5, 0xee, 0xff,
    0x5a, 0x87, 0x80, 0x7c, 0xac, 0x76, 0xa, 0x60,
    0x1c, 0x95, 0x20, 0x4e, 0x18, 0xc0, 0x13, 0x58,
    0x29, 0x84, 0x30, 0x4f, 0xfd, 0x20, 0x94, 0x1,
    0x4d, 0xa8, 0x80, 0xa5, 0x58, 0x0,

    /* U+0116 "Ė" */
    0x0, 0xcd, 0x0, 0x1f, 0xc, 0xba, 0x0, 0x78,
    0x4c, 0x54, 0x3, 0xec, 0xe1, 0x0, 0x8b, 0xff,
    0xf6, 0x80, 0x42, 0x3e, 0x60, 0xb, 0xbb, 0xd6,
    0x1, 0xff, 0xe9, 0xee, 0xf0, 0x80, 0x42, 0x3e,
    0x30, 0xb, 0xff, 0xc4, 0x1, 0xff, 0xe9, 0xee,
    0xf6, 0x0, 0x42, 0x3f, 0x0,

    /* U+0117 "ė" */
    0x0, 0xe7, 0xf5, 0x0, 0xff, 0x58, 0x78, 0x7,
    0xfb, 0xda, 0x0, 0x3f, 0xc7, 0x24, 0x1, 0xf9,
    0x2b, 0xbf, 0xad, 0x0, 0x3a, 0xad, 0x44, 0x5,
    0x2e, 0x80, 0x29, 0x50, 0x9f, 0xf7, 0x40, 0x2c,
    0x81, 0xb0, 0x5b, 0x0, 0x5, 0xf0, 0x18, 0xa8,
    0x15, 0x0, 0x38, 0xd4, 0x29, 0x3, 0x0, 0x3e,
    0xd0, 0x33, 0x4, 0xff, 0xfd, 0x0, 0xc0, 0x1,
    0x22, 0xfe, 0x62, 0xb, 0xdd, 0xfe, 0xb5, 0xf,
    0x0, 0xf9, 0x58, 0xec, 0x14, 0xc0, 0x39, 0x2a,
    0x40, 0x9c, 0x31, 0x80, 0x26, 0xb0, 0x53, 0x8,
    0x60, 0x9f, 0xfa, 0x41, 0x28, 0x2, 0x9b, 0x51,
    0x1, 0x4a, 0xb0, 0x0,

    /* U+0118 "Ę" */
    0x2f, 0xff, 0xda, 0x1, 0x84, 0x7c, 0xc0, 0x1b,
    0xbb, 0xd6, 0x1, 0xff, 0xef, 0xee, 0xf0, 0x80,
    0x61, 0x1f, 0x18, 0x6, 0xff, 0xf1, 0x0, 0x7f,
    0xfb, 0xfb, 0xbd, 0x80, 0x18, 0x47, 0xe0, 0x2f,
    0xfe, 0x50, 0x5f, 0x0, 0xf3, 0x2c, 0x51, 0x0,
    0x7b, 0x1, 0x40, 0x3f, 0x68, 0x7c, 0x58, 0x7,
    0x9d, 0x8d, 0xdc, 0x0,

    /* U+0119 "ę" */
    0x0, 0x92, 0xb7, 0xfa, 0x90, 0x3, 0xa6, 0xd4,
    0x80, 0x56, 0xe4, 0x2, 0x96, 0x9, 0xef, 0xe8,
    0x6, 0x80, 0x26, 0xb, 0x61, 0x1, 0x7b, 0x7,
    0x2a, 0x4, 0x40, 0x7, 0x22, 0x2, 0x90, 0x34,
    0x3, 0xec, 0x3, 0x20, 0x8d, 0xdf, 0xa4, 0x18,
    0x0, 0x24, 0x5f, 0x8, 0x9, 0x85, 0x7f, 0xff,
    0x63, 0x86, 0x80, 0x7c, 0x46, 0x3e, 0xe, 0x20,
    0x1c, 0x5b, 0x8a, 0xa3, 0xc, 0x20, 0x8, 0xbc,
    0xd, 0x3, 0x48, 0x9b, 0x75, 0x7a, 0x43, 0xc0,
    0x1, 0xc6, 0x4, 0x54, 0x5, 0xf2, 0x0, 0x86,
    0x7c, 0xc1, 0xba, 0x84, 0x3, 0xc8, 0x6d, 0x22,
    0x1, 0xf8, 0xc3, 0xc0, 0x3f, 0xc8, 0x11, 0x34,
    0x60, 0x1f, 0x1c, 0x9b, 0x38, 0x6,

    /* U+011A "Ě" */
    0x3, 0x80, 0xc, 0xca, 0x1, 0x3e, 0x99, 0x5c,
    0x98, 0x0, 0xec, 0x33, 0x52, 0x58, 0x2, 0x4d,
    0x75, 0xe6, 0x0, 0xf4, 0x50, 0x80, 0x45, 0xff,
    0xfb, 0x40, 0x21, 0x1f, 0x30, 0x5, 0xdd, 0xeb,
    0x0, 0xff, 0xf4, 0xf7, 0x78, 0x40, 0x21, 0x1f,
    0x18, 0x5, 0xff, 0xe2, 0x0, 0xff, 0xf4, 0xf7,
    0x7b, 0x0, 0x21, 0x1f, 0x80,

    /* U+011B "ě" */
    0x0, 0xa0, 0x40, 0x21, 0x70, 0xf, 0x2f, 0xa8,
    0x37, 0xd8, 0x7, 0xbc, 0xab, 0xa5, 0x78, 0x3,
    0xc5, 0x92, 0x75, 0x64, 0x1, 0xf9, 0xb5, 0x40,
    0x3f, 0x25, 0x77, 0xf5, 0xa0, 0x7, 0x55, 0xa8,
    0x80, 0xa5, 0xd0, 0x5, 0x2a, 0x13, 0xfe, 0xe8,
    0x5, 0x90, 0x36, 0xb, 0x60, 0x0, 0xbe, 0x3,
    0x15, 0x2, 0xa0, 0x7, 0x1a, 0x85, 0x20, 0x60,
    0x7, 0xda, 0x6, 0x60, 0x9f, 0xff, 0xa0, 0x18,
    0x0, 0x24, 0x5f, 0xcc, 0x41, 0x7b, 0xbf, 0xd6,
    0xa1, 0xe0, 0x1f, 0x2b, 0x1d, 0x82, 0x98, 0x7,
    0x25, 0x48, 0x13, 0x86, 0x30, 0x4, 0xd6, 0xa,
    0x61, 0xc, 0x13, 0xff, 0x48, 0x25, 0x0, 0x53,
    0x6a, 0x20, 0x29, 0x56, 0x0,

    /* U+011E "Ğ" */
    0x0, 0xe7, 0x20, 0x8, 0xd8, 0x3, 0xfd, 0x30,
    0x1, 0x7e, 0x80, 0x7f, 0x99, 0x7b, 0x38, 0xf8,
    0x3, 0xfd, 0x10, 0x33, 0xa5, 0x40, 0x3f, 0xe7,
    0xdf, 0xd6, 0x0, 0xff, 0xb, 0xe7, 0x7f, 0x63,
    0x88, 0x7, 0xc9, 0xf0, 0x62, 0x2, 0x71, 0xea,
    0x1, 0xcf, 0x62, 0x53, 0xbd, 0xb0, 0x43, 0x4e,
    0x1, 0x1c, 0x3, 0xeb, 0x10, 0x93, 0xea, 0x4,
    0x20, 0x3, 0x41, 0x60, 0x3, 0xeb, 0x10, 0x90,
    0x51, 0xb, 0x0, 0xfe, 0xfc, 0xe0, 0xf0, 0x51,
    0x0, 0xfe, 0x13, 0x30, 0x38, 0x60, 0x7, 0xff,
    0x8, 0x80, 0xc0, 0x32, 0x6e, 0xfe, 0x80, 0xf,
    0x84, 0x8b, 0xfc, 0x6, 0x1, 0x97, 0xff, 0xc6,
    0x4, 0xe1, 0x80, 0x1f, 0xf1, 0x86, 0xf8, 0x28,
    0x80, 0x7f, 0x28, 0x1, 0x14, 0x42, 0xc0, 0x3f,
    0xa0, 0x1c, 0x43, 0x41, 0x60, 0x3, 0xeb, 0x22,
    0x48, 0x0, 0xe0, 0x1f, 0x58, 0x84, 0x9b, 0x90,
    0x38, 0x40, 0x27, 0xb1, 0x29, 0xde, 0xd9, 0x12,
    0xd3, 0x0, 0xe4, 0xf8, 0x31, 0x1, 0x49, 0xd2,
    0x0, 0x80,

    /* U+011F "ğ" */
    0x0, 0x93, 0xc4, 0x2, 0xd8, 0x0, 0xf3, 0x3,
    0x0, 0xc, 0xb8, 0x3, 0xc4, 0x91, 0xdb, 0x82,
    0xc0, 0x1f, 0x5b, 0x1, 0xa6, 0x0, 0x7f, 0x4f,
    0x72, 0xc8, 0x3, 0xe4, 0xbe, 0xfd, 0x92, 0xd,
    0xf6, 0x0, 0x55, 0xa0, 0x18, 0x36, 0xa8, 0x6,
    0x95, 0x9, 0xec, 0xdd, 0x1d, 0x18, 0x0, 0xd8,
    0x2d, 0x80, 0x22, 0xc2, 0x10, 0x5, 0x2, 0x20,
    0x3, 0xd2, 0x1, 0x20, 0x68, 0x7, 0xc8, 0x1,
    0x18, 0x10, 0x7, 0xe2, 0x0, 0xc2, 0x1, 0xf8,
    0xc0, 0x4, 0x4, 0x1, 0xf0, 0x88, 0x0, 0x81,
    0x40, 0x1f, 0x38, 0x5, 0x40, 0x50, 0x1, 0xc5,
    0x0, 0x11, 0x30, 0x3d, 0x18, 0xb, 0x60, 0x8,
    0x5, 0x2a, 0xb, 0x9f, 0xd2, 0x1a, 0x60, 0x1a,
    0xad, 0x4, 0x9, 0xfc, 0xc0, 0x3c, 0x97, 0xdf,
    0xb0, 0x20, 0x11, 0x80, 0x7f, 0xc4, 0x2, 0x5f,
    0xe2, 0x0, 0xf1, 0x80, 0x14, 0x88, 0x12, 0x1,
    0xef, 0x4, 0x10, 0x90, 0x4c, 0x41, 0x3, 0xc3,
    0x9, 0x0, 0x24, 0x81, 0xdf, 0x7e, 0x18, 0x59,
    0x0, 0x4d, 0xac, 0x40, 0x2, 0x7e, 0x40, 0x0,

    /* U+0120 "Ġ" */
    0x0, 0xfa, 0x3d, 0x40, 0x3f, 0xf8, 0x48, 0x18,
    0x1, 0xff, 0xc2, 0xf6, 0xb0, 0xf, 0xfe, 0x11,
    0xc9, 0x0, 0x7f, 0xc2, 0xf9, 0xdf, 0xd8, 0xe2,
    0x1, 0xf2, 0x7c, 0x18, 0x80, 0x9c, 0x7a, 0x80,
    0x73, 0xd8, 0x94, 0xef, 0x6c, 0x10, 0xd3, 0x80,
    0x47, 0x0, 0xfa, 0xc4, 0x24, 0xfa, 0x81, 0x8,
    0x0, 0xd0, 0x58, 0x0, 0xfa, 0xc4, 0x24, 0x14,
    0x42, 0xc0, 0x3f, 0xbf, 0x38, 0x3c, 0x14, 0x40,
    0x3f, 0x84, 0xcc, 0xe, 0x18, 0x1, 0xff, 0xc2,
    0x20, 0x30, 0xc, 0x9b, 0xbf, 0xa0, 0x3, 0xe1,
    0x22, 0xff, 0x1, 0x80, 0x65, 0xff, 0xf1, 0x81,
    0x38, 0x60, 0x7, 0xfc, 0x61, 0xbe, 0xa, 0x20,
    0x1f, 0xca, 0x0, 0x45, 0x10, 0xb0, 0xf, 0xe8,
    0x7, 0x10, 0xd0, 0x58, 0x0, 0xfa, 0xc8, 0x92,
    0x0, 0x38, 0x7, 0xd6, 0x21, 0x26, 0xe4, 0xe,
    0x10, 0x9, 0xec, 0x4a, 0x77, 0xb6, 0x44, 0xb4,
    0xc0, 0x39, 0x3e, 0xc, 0x40, 0x52, 0x74, 0x80,
    0x20,

    /* U+0121 "ġ" */
    0x0, 0xf5, 0xf0, 0x80, 0x7f, 0x85, 0x5, 0x0,
    0x3f, 0xc3, 0x2e, 0xa0, 0x1f, 0xf3, 0x40, 0x7,
    0xf2, 0x5f, 0x7e, 0xc9, 0x6, 0xfb, 0x0, 0x2a,
    0xd0, 0xc, 0x1b, 0x54, 0x3, 0x4a, 0x84, 0xf6,
    0x6e, 0x8e, 0x8c, 0x0, 0x6c, 0x16, 0xc0, 0x11,
    0x61, 0x8, 0x2, 0x81, 0x10, 0x1, 0xe9, 0x0,
    0x90, 0x34, 0x3, 0xe4, 0x0, 0x8c, 0x8, 0x3,
    0xf1, 0x0, 0x61, 0x0, 0xfc, 0x60, 0x2, 0x2,
    0x0, 0xf8, 0x44, 0x0, 0x40, 0xa0, 0xf, 0x9c,
    0x2, 0xa0, 0x28, 0x0, 0xe2, 0x80, 0x8, 0x98,
    0x1e, 0x8c, 0x5, 0xb0, 0x4, 0x2, 0x95, 0x5,
    0xcf, 0xe9, 0xd, 0x30, 0xd, 0x56, 0x82, 0x4,
    0xfe, 0x60, 0x1e, 0x4b, 0xef, 0xd8, 0x10, 0x8,
    0xc0, 0x3f, 0xe2, 0x1, 0x2f, 0xf1, 0x0, 0x78,
    0xc0, 0xa, 0x44, 0x9, 0x0, 0xf7, 0x82, 0x8,
    0x48, 0x26, 0x20, 0x81, 0xe1, 0x84, 0x80, 0x12,
    0x40, 0xef, 0xbf, 0xc, 0x2c, 0x80, 0x26, 0xd6,
    0x20, 0x1, 0x3f, 0x20, 0x0,

    /* U+0122 "Ģ" */
    0x0, 0xc2, 0xf9, 0xdf, 0xd6, 0xc0, 0x1f, 0x93,
    0xe0, 0xc4, 0x5, 0x27, 0x4c, 0x3, 0x9e, 0xc4,
    0xa7, 0x7b, 0x1c, 0xb, 0x10, 0x2, 0x38, 0x7,
    0xd6, 0x21, 0x38, 0xd1, 0xa, 0x10, 0x6, 0x82,
    0xc0, 0x7, 0x8b, 0x0, 0x60, 0x14, 0x42, 0xc0,
    0x3f, 0x13, 0xa1, 0x7, 0x82, 0x88, 0x7, 0xf4,
    0x5d, 0x81, 0xc3, 0x0, 0x3f, 0xf8, 0x44, 0x6,
    0x1, 0xff, 0xc9, 0x4d, 0xdf, 0xd0, 0x40, 0x60,
    0x18, 0x48, 0xbf, 0x9c, 0x30, 0x3, 0x2f, 0xff,
    0x8c, 0xb, 0xc1, 0x44, 0x3, 0xf8, 0x4c, 0x31,
    0x44, 0x2c, 0x3, 0xfa, 0x0, 0x90, 0x34, 0x16,
    0x0, 0x3e, 0x76, 0x9, 0x0, 0x1c, 0x3, 0xeb,
    0x10, 0x92, 0xe4, 0x4, 0x20, 0x4, 0xf6, 0x25,
    0x3b, 0xdb, 0x46, 0x34, 0xe0, 0x1c, 0x9f, 0x6,
    0x20, 0x29, 0x3e, 0xa0, 0x1f, 0xb, 0xe7, 0x7f,
    0x5b, 0x8, 0x7, 0xff, 0x43, 0x3d, 0xc0, 0x3f,
    0xf8, 0x9c, 0x1, 0xff, 0xc2, 0xc5, 0x0, 0xff,
    0xe1, 0x8b, 0xf8, 0x7, 0xff, 0xa, 0x9d, 0x80,
    0x3e,

    /* U+0123 "ģ" */
    0x0, 0xf3, 0x69, 0x0, 0x7f, 0x8a, 0x64, 0x40,
    0x1f, 0xe6, 0xb, 0x20, 0xf, 0xf3, 0x0, 0x7f,
    0xf0, 0x4b, 0x74, 0x40, 0x1f, 0xf1, 0x10, 0x3,
    0xf9, 0x2f, 0xbf, 0x64, 0x83, 0x7d, 0x80, 0x15,
    0x68, 0x6, 0xd, 0xaa, 0x1, 0xa5, 0x42, 0x7b,
    0x37, 0x47, 0x46, 0x0, 0x36, 0xb, 0x60, 0x8,
    0xb0, 0x84, 0x1, 0x40, 0x88, 0x0, 0xf4, 0x80,
    0x48, 0x1a, 0x1, 0xf2, 0x0, 0x46, 0x4, 0x1,
    0xf8, 0x80, 0x30, 0x80, 0x7e, 0x30, 0x1, 0x1,
    0x0, 0x7c, 0x22, 0x0, 0x20, 0x50, 0x7, 0xce,
    0x1, 0x50, 0x14, 0x0, 0x71, 0x40, 0x4, 0x4c,
    0xf, 0x46, 0x2, 0xd8, 0x2, 0x1, 0x4a, 0x82,
    0xe7, 0xf4, 0x86, 0x98, 0x6, 0xab, 0x41, 0x2,
    0x7f, 0x30, 0xf, 0x25, 0xf7, 0xec, 0x8, 0x4,
    0x60, 0x1f, 0xf1, 0x0, 0x97, 0xf8, 0x80, 0x3c,
    0x60, 0x5, 0x22, 0x4, 0x80, 0x7b, 0xc1, 0x4,
    0x24, 0x13, 0x10, 0x40, 0xf0, 0xc2, 0x40, 0x9,
    0x20, 0x77, 0xdf, 0x86, 0x16, 0x40, 0x13, 0x6b,
    0x10, 0x0, 0x9f, 0x90, 0x0,

    /* U+0128 "Ĩ" */
    0x1, 0x76, 0x0, 0x23, 0xf, 0xc4, 0xf4, 0xd7,
    0x30, 0x76, 0x13, 0x2c, 0x3f, 0x9, 0xe7, 0xd8,
    0x4, 0x5f, 0xe0, 0xf, 0xff, 0xf8, 0x7, 0xff,
    0xd0,

    /* U+0129 "ĩ" */
    0x6, 0xec, 0x20, 0x8c, 0x29, 0x41, 0xd9, 0x7b,
    0x53, 0xad, 0x56, 0x57, 0x76, 0x0, 0x2b, 0xe8,
    0x2, 0x2f, 0xf0, 0x7, 0xff, 0xfc, 0x3, 0xff,
    0xa8,

    /* U+012A "Ī" */
    0x3b, 0xbf, 0xc2, 0xe8, 0x9f, 0x8d, 0x3f, 0xff,
    0x10, 0x7, 0xff, 0x4, 0xbf, 0xc0, 0x1f, 0xff,
    0xf0, 0xf, 0xff, 0xf8, 0x7, 0xff, 0x30,

    /* U+012B "ī" */
    0x4f, 0xff, 0xc4, 0xe8, 0x9f, 0x8c, 0xd7, 0x7f,
    0x84, 0x3, 0xff, 0x82, 0x5f, 0xe0, 0xf, 0xff,
    0xf8, 0x7, 0xff, 0xbc,

    /* U+012C "Ĭ" */
    0x36, 0x0, 0xce, 0x4b, 0x24, 0x0, 0x48, 0x67,
    0x1d, 0xda, 0xc9, 0x7, 0x50, 0xcc, 0xbe, 0x0,
    0x3b, 0xee, 0x51, 0x0, 0x45, 0xfe, 0x0, 0xff,
    0xff, 0x80, 0x7f, 0xfd, 0x0,

    /* U+012D "ĭ" */
    0x7e, 0x0, 0xde, 0xa6, 0x2e, 0x3, 0x0, 0xe8,
    0x71, 0xfc, 0xea, 0x41, 0x90, 0x88, 0x8a, 0x0,
    0x9e, 0xec, 0xe0, 0x18, 0xbf, 0xc0, 0x1f, 0xff,
    0xf0, 0xf, 0xfe, 0xa0,

    /* U+012E "Į" */
    0x0, 0x17, 0xf8, 0x3, 0xff, 0xfe, 0x1, 0xff,
    0xcb, 0x2e, 0x5, 0x1, 0xc1, 0xca, 0x7, 0x18,
    0x30, 0x0, 0x86, 0x0, 0x89, 0x85, 0xbf, 0x94,
    0x7e, 0x5e, 0x50,

    /* U+012F "į" */
    0x0, 0x95, 0x40, 0x12, 0xd5, 0x10, 0x0, 0x60,
    0x1, 0x0, 0x34, 0x41, 0x40, 0x27, 0x70, 0x7,
    0xf1, 0x7f, 0x80, 0x3f, 0xff, 0xea, 0x1, 0xaa,
    0x1b, 0x81, 0x15, 0xe4, 0x40, 0xc3, 0x40, 0x23,
    0xb, 0x9a, 0x34, 0x83, 0x67, 0x10,

    /* U+0130 "İ" */
    0x7, 0x60, 0x48, 0x92, 0x52, 0x32, 0x1d, 0xc0,
    0x2f, 0xf0, 0x7, 0xff, 0xe4,

    /* U+0131 "ı" */
    0x2f, 0xf0, 0x7, 0xff, 0xa4,

    /* U+0136 "Ķ" */
    0x2f, 0xf0, 0x7, 0x9f, 0xfc, 0x80, 0x1f, 0x92,
    0x2, 0x10, 0x3, 0xe2, 0xb0, 0x67, 0x0, 0xf8,
    0x70, 0x12, 0x40, 0x3f, 0x68, 0x95, 0x0, 0x7e,
    0x93, 0x1f, 0x10, 0xf, 0x9d, 0x82, 0x88, 0x3,
    0xe5, 0x80, 0x94, 0x0, 0xfd, 0x40, 0xec, 0x1,
    0xff, 0xca, 0x90, 0x76, 0x0, 0xfe, 0x67, 0x9,
    0x40, 0xf, 0xe8, 0x50, 0xa2, 0x0, 0xfe, 0xa3,
    0x1f, 0x10, 0xf, 0xed, 0x12, 0xd0, 0xf, 0xe1,
    0xd0, 0x3a, 0x0, 0xfe, 0x3a, 0x5, 0x80, 0xf,
    0xe5, 0x80, 0x75, 0x2f, 0xf0, 0x7, 0x9f, 0xfc,
    0xa0, 0x1f, 0xfc, 0x6f, 0xf2, 0x0, 0x7f, 0xf0,
    0x8, 0x3, 0xfd, 0xe4, 0x1, 0xff, 0x19, 0x28,
    0x7, 0xfb, 0x5c, 0xc0, 0x38,

    /* U+0137 "ķ" */
    0x2f, 0xf0, 0x7, 0xff, 0xd1, 0x7f, 0xd4, 0x1,
    0xf1, 0x50, 0x1d, 0x0, 0x78, 0x7c, 0xb, 0x40,
    0x3e, 0xa2, 0x1f, 0x10, 0xf, 0x4a, 0x6, 0x90,
    0x7, 0x99, 0x81, 0x66, 0x1, 0xf4, 0x85, 0x20,
    0x7, 0xf8, 0xc0, 0x3f, 0xa4, 0x25, 0x40, 0x3f,
    0x33, 0x2, 0x8c, 0x3, 0xf4, 0xa0, 0x69, 0x0,
    0x7e, 0xb2, 0x1f, 0x10, 0xf, 0xde, 0x25, 0xa0,
    0x1f, 0x8a, 0x80, 0xec, 0xb, 0xfc, 0x1, 0x93,
    0xfd, 0x60, 0x1f, 0xfc, 0x5e, 0xf4, 0x0, 0xff,
    0x88, 0x3, 0xfb, 0x8c, 0x3, 0xfc, 0x46, 0xa0,
    0x1f, 0xde, 0xe6, 0x1, 0xc0,

    /* U+0139 "Ĺ" */
    0x0, 0xe2, 0x50, 0xf, 0x46, 0xe8, 0x3, 0x26,
    0xb9, 0xd8, 0x4, 0xf6, 0x75, 0x86, 0x1, 0x7c,
    0x72, 0x80, 0x74, 0x38, 0x7, 0x8b, 0xfc, 0x1,
    0xff, 0xff, 0x0, 0xff, 0xfc, 0xee, 0xf6, 0x0,
    0x44, 0x5e,

    /* U+013A "ĺ" */
    0x0, 0xcc, 0x60, 0x2, 0xc9, 0x70, 0x8d, 0x37,
    0x4c, 0x75, 0xd8, 0x5, 0xca, 0x20, 0x4, 0x98,
    0x7, 0x17, 0xf8, 0x3, 0xff, 0xfe, 0x1, 0xff,
    0xd7,

    /* U+013B "Ļ" */
    0x2f, 0xf0, 0x7, 0xff, 0xfc, 0x3, 0xff, 0xf3,
    0xbb, 0xd8, 0x1, 0x11, 0x7d, 0xff, 0xf7, 0x0,
    0x7f, 0xf0, 0x13, 0xfc, 0x1, 0xfc, 0x20, 0x1c,
    0x98, 0x1, 0xf9, 0x4, 0x40, 0x1c, 0x95, 0x40,
    0x8,

    /* U+013C "ļ" */
    0x2f, 0xf0, 0x7, 0xff, 0xf4, 0xbf, 0xc0, 0x1c,
    0x7f, 0xe1, 0x0, 0x88, 0xf8, 0x2, 0x70, 0x33,
    0x45, 0x0,

    /* U+013D "Ľ" */
    0x2f, 0xf0, 0x1, 0x3f, 0xc0, 0x1f, 0xc4, 0x1,
    0xc9, 0x80, 0x1f, 0x98, 0x8, 0x3, 0x8e, 0xa4,
    0x3, 0xc7, 0xec, 0x1, 0xff, 0xff, 0x0, 0xff,
    0xe3, 0xee, 0xf6, 0x0, 0x44, 0x5e,

    /* U+013E "ľ" */
    0x2f, 0xf0, 0x1f, 0xf8, 0x40, 0x3e, 0x20, 0xc,
    0x78, 0x1, 0xfc, 0x40, 0x18, 0xb2, 0x4, 0x3,
    0x17, 0xb8, 0x7, 0xff, 0xfc, 0x3, 0xff, 0xa4,

    /* U+013F "Ŀ" */
    0x2f, 0xf0, 0x7, 0xff, 0xd9, 0x24, 0x40, 0x3d,
    0x4c, 0xc0, 0xf, 0x38, 0xa0, 0x7, 0xa7, 0x8c,
    0x3, 0xff, 0xc9, 0xbb, 0xd8, 0x1, 0x11, 0x78,

    /* U+0140 "ŀ" */
    0x2f, 0xf0, 0x7, 0xff, 0xb4, 0xa4, 0x80, 0x34,
    0xb4, 0x80, 0x6d, 0xd, 0x0, 0xcd, 0xec, 0x1,
    0xff, 0xe5,

    /* U+0141 "Ł" */
    0x0, 0x6f, 0xb0, 0x7, 0xff, 0xd8, 0x58, 0x3,
    0xf5, 0xf4, 0x80, 0x61, 0x72, 0x2, 0x39, 0x0,
    0xdb, 0x0, 0x9, 0xc6, 0x0, 0xc9, 0x44, 0x1,
    0xfa, 0x14, 0x3, 0xff, 0xdb, 0x79, 0x9c, 0x40,
    0x18, 0x8c, 0xf8, 0x40,

    /* U+0142 "ł" */
    0x1, 0xff, 0x8, 0x7, 0xff, 0x76, 0xec, 0x8,
    0x0, 0x50, 0xba, 0x0, 0x55, 0x83, 0x0, 0x10,
    0x2e, 0x0, 0x3f, 0xfc, 0x40,

    /* U+0143 "Ń" */
    0x0, 0xfe, 0x60, 0xf, 0xf9, 0x7a, 0x80, 0x3f,
    0x8a, 0xe8, 0x24, 0x3, 0xf1, 0xea, 0x3f, 0x28,
    0x7, 0xe6, 0x5e, 0x80, 0xf, 0xf2, 0xd0, 0x80,
    0x7c, 0x5f, 0xe5, 0x0, 0xf8, 0xff, 0xc0, 0x15,
    0x80, 0x7f, 0xf0, 0x46, 0x40, 0x3f, 0xf8, 0x2c,
    0x60, 0x1f, 0xf3, 0x87, 0x80, 0x7f, 0xd0, 0x46,
    0xc0, 0x1f, 0xf7, 0x4, 0x8, 0x7, 0xf8, 0xd4,
    0x6c, 0x3, 0xfe, 0xb1, 0x54, 0x0, 0xff, 0xc,
    0x4, 0x80, 0x7f, 0xcc, 0x64, 0xe0, 0x1f, 0xf7,
    0x84, 0x10, 0x7, 0xf8, 0xd8, 0x24, 0x3, 0xfe,
    0x91, 0x4b, 0x0, 0xff, 0xac, 0x1c, 0x3, 0xfe,
    0x54, 0x0, 0xff, 0xe0, 0xc8, 0x7, 0xff, 0x4,
    0xa0, 0x0,

    /* U+0144 "ń" */
    0x0, 0xfc, 0x80, 0x1f, 0xe1, 0xab, 0x10, 0xf,
    0xcf, 0xca, 0xa1, 0x0, 0xfb, 0x60, 0xf2, 0x80,
    0x3e, 0x13, 0xac, 0x30, 0xf, 0xc3, 0xca, 0x1,
    0xf1, 0x7f, 0x80, 0xeb, 0xbf, 0x60, 0x40, 0x39,
    0xb1, 0x44, 0x9, 0xfc, 0x80, 0x34, 0xa6, 0x7f,
    0xa8, 0x45, 0xe0, 0x18, 0xec, 0xc0, 0xb, 0x40,
    0x48, 0x1, 0x40, 0x7, 0x21, 0x86, 0x0, 0x4a,
    0x1, 0xe6, 0x1, 0x0, 0x84, 0x3, 0xc4, 0x6,
    0x1, 0xff, 0xff, 0x0, 0xff, 0xe2, 0x0,

    /* U+0145 "Ņ" */
    0x2f, 0xf2, 0x80, 0x7c, 0x7f, 0xe0, 0xa, 0xc0,
    0x3f, 0xf8, 0x23, 0x20, 0x1f, 0xfc, 0x16, 0x30,
    0xf, 0xf9, 0xc3, 0xc0, 0x3f, 0xe8, 0x23, 0x60,
    0xf, 0xfb, 0x82, 0x4, 0x3, 0xfc, 0x6a, 0x36,
    0x1, 0xff, 0x58, 0xaa, 0x0, 0x7f, 0x86, 0x2,
    0x40, 0x3f, 0xe6, 0x32, 0x70, 0xf, 0xfb, 0xc2,
    0x8, 0x3, 0xfc, 0x6c, 0x12, 0x1, 0xff, 0x48,
    0xa5, 0x80, 0x7f, 0xd6, 0xe, 0x1, 0xff, 0x2a,
    0x0, 0x7f, 0xf0, 0x64, 0x3, 0xff, 0x82, 0x50,
    0x0, 0x2f, 0xf0, 0x7, 0xe7, 0xff, 0x0, 0x7f,
    0xf2, 0x2f, 0xe0, 0x3, 0xff, 0x82, 0x40, 0x1f,
    0xf5, 0xb0, 0x7, 0xff, 0x0, 0x53, 0x40, 0x3f,
    0xeb, 0x77, 0x0, 0x70,

    /* U+0146 "ņ" */
    0x2f, 0xf0, 0x1d, 0x77, 0xec, 0x8, 0x7, 0x36,
    0x28, 0x81, 0x3f, 0x90, 0x6, 0x94, 0xcf, 0xf5,
    0x8, 0xbc, 0x3, 0x1d, 0x98, 0x1, 0x68, 0x9,
    0x0, 0x28, 0x0, 0xe4, 0x30, 0xc0, 0x9, 0x40,
    0x3c, 0xc0, 0x20, 0x10, 0x80, 0x78, 0x80, 0xc0,
    0x3f, 0xff, 0xe0, 0x1f, 0xfc, 0x42, 0xff, 0x0,
    0x7d, 0x1f, 0x40, 0x1f, 0xfc, 0x66, 0xfd, 0x0,
    0xff, 0xe0, 0x10, 0x7, 0xf9, 0xa8, 0x3, 0xff,
    0x81, 0x86, 0x1, 0xfe, 0x64, 0xf0, 0xe,

    /* U+0147 "Ň" */
    0x0, 0xd2, 0x40, 0x11, 0x48, 0x7, 0xc9, 0xae,
    0x11, 0xa4, 0x1, 0xf6, 0x24, 0x7b, 0xb5, 0x0,
    0x7c, 0x37, 0x64, 0xc9, 0x10, 0xf, 0xe4, 0xb3,
    0x0, 0xe2, 0xff, 0x28, 0x7, 0xc7, 0xfe, 0x0,
    0xac, 0x3, 0xff, 0x82, 0x32, 0x1, 0xff, 0xc1,
    0x63, 0x0, 0xff, 0x9c, 0x3c, 0x3, 0xfe, 0x82,
    0x36, 0x0, 0xff, 0xb8, 0x20, 0x40, 0x3f, 0xc6,
    0xa3, 0x60, 0x1f, 0xf5, 0x8a, 0xa0, 0x7, 0xf8,
    0x60, 0x24, 0x3, 0xfe, 0x63, 0x27, 0x0, 0xff,
    0xbc, 0x20, 0x80, 0x3f, 0xc6, 0xc1, 0x20, 0x1f,
    0xf4, 0x8a, 0x58, 0x7, 0xfd, 0x60, 0xe0, 0x1f,
    0xf2, 0xa0, 0x7, 0xff, 0x6, 0x40, 0x3f, 0xf8,
    0x25, 0x0, 0x0,

    /* U+0148 "ň" */
    0x0, 0x98, 0x80, 0x33, 0x80, 0x7b, 0xf6, 0x0,
    0xf6, 0x0, 0x3d, 0xa, 0xfd, 0x81, 0x60, 0x1e,
    0x1a, 0xb3, 0x7d, 0x40, 0xf, 0xc9, 0xb0, 0x1,
    0xc5, 0xfe, 0x3, 0xae, 0xfd, 0x81, 0x0, 0xe6,
    0xc5, 0x10, 0x27, 0xf2, 0x0, 0xd2, 0x99, 0xfe,
    0xa1, 0x17, 0x80, 0x63, 0xb3, 0x0, 0x2d, 0x1,
    0x20, 0x5, 0x0, 0x1c, 0x86, 0x18, 0x1, 0x28,
    0x7, 0x98, 0x4, 0x2, 0x10, 0xf, 0x10, 0x18,
    0x7, 0xff, 0xfc, 0x3, 0xff, 0x88,

    /* U+014C "Ō" */
    0x0, 0xd1, 0x77, 0xf3, 0x80, 0x7e, 0x44, 0xfd,
    0x80, 0x1f, 0xb3, 0xff, 0xeb, 0x0, 0xff, 0xe6,
    0x8b, 0xe7, 0x7f, 0x5b, 0x0, 0x7e, 0x4f, 0x83,
    0x10, 0x14, 0x9e, 0x30, 0xe, 0x7b, 0x13, 0xae,
    0xfe, 0xa2, 0x1c, 0x50, 0x8, 0xe0, 0x23, 0x14,
    0x40, 0x57, 0x58, 0x28, 0x80, 0x1a, 0xc, 0xe0,
    0x1f, 0x4a, 0x7, 0x2, 0x88, 0x48, 0x7, 0xf4,
    0x81, 0x9b, 0xc1, 0x40, 0x3f, 0xc4, 0x61, 0x6e,
    0x18, 0x1, 0xff, 0x20, 0x19, 0x1, 0x80, 0x7f,
    0xde, 0xe, 0x1, 0xff, 0xc5, 0x20, 0x30, 0xf,
    0xfb, 0xc1, 0xdc, 0x18, 0x1, 0xff, 0x20, 0x1f,
    0x82, 0x80, 0x7f, 0x88, 0xc2, 0xd4, 0x42, 0x40,
    0x3f, 0xa4, 0xc, 0xc1, 0x40, 0xce, 0x1, 0xf4,
    0xa0, 0x70, 0x1, 0x20, 0x23, 0x14, 0x40, 0x57,
    0x58, 0x28, 0x80, 0x27, 0xa0, 0x3a, 0xef, 0xea,
    0x21, 0xc5, 0x0, 0xe5, 0xe8, 0x31, 0x1, 0x49,
    0xe3, 0x0, 0x80,

    /* U+014D "ō" */
    0x0, 0x47, 0xff, 0xdc, 0x1, 0xdc, 0x89, 0xf8,
    0x3, 0x9a, 0xef, 0xea, 0x0, 0xff, 0xe4, 0x1c,
    0xef, 0xf5, 0xa8, 0x7, 0xa3, 0x18, 0x80, 0x52,
    0xb0, 0x40, 0x28, 0x70, 0x6d, 0xfe, 0x91, 0x3c,
    0x0, 0x13, 0x84, 0xc8, 0x80, 0x5b, 0x0, 0xa0,
    0x28, 0xd, 0x80, 0x38, 0xa0, 0x18, 0x10, 0x2c,
    0x3, 0xe6, 0x1, 0x22, 0x1, 0x80, 0x7c, 0x20,
    0x6, 0x0, 0x8, 0x7, 0xfc, 0x40, 0x40, 0x1f,
    0x8, 0x1, 0x94, 0x2c, 0x3, 0xe6, 0x1, 0x2b,
    0x3, 0x60, 0xe, 0x28, 0x9, 0x2, 0x70, 0x98,
    0x20, 0x17, 0xd0, 0x37, 0x0, 0x43, 0x3, 0xef,
    0xf4, 0x2, 0x68, 0x6, 0x9c, 0x52, 0x1, 0x4a,
    0xb1, 0x0, 0x0,

    /* U+014E "Ŏ" */
    0x0, 0xe7, 0x30, 0x8, 0xdc, 0x3, 0xfd, 0x50,
    0x1, 0x45, 0x80, 0x7f, 0xa9, 0x3b, 0x39, 0x28,
    0x3, 0xfc, 0xf0, 0x67, 0x43, 0x0, 0x7f, 0xcf,
    0xbf, 0xae, 0x1, 0xfe, 0x17, 0xce, 0xfe, 0xb6,
    0x0, 0xfc, 0x9f, 0x6, 0x20, 0x29, 0x3c, 0x60,
    0x1c, 0xf6, 0x27, 0x5d, 0xfd, 0x44, 0x38, 0xa0,
    0x11, 0xc0, 0x46, 0x28, 0x80, 0xae, 0xb0, 0x51,
    0x0, 0x34, 0x19, 0xc0, 0x3e, 0x94, 0xe, 0x5,
    0x10, 0x90, 0xf, 0xe9, 0x3, 0x37, 0x82, 0x80,
    0x7f, 0x88, 0xc2, 0xdc, 0x30, 0x3, 0xfe, 0x40,
    0x32, 0x3, 0x0, 0xff, 0xbc, 0x1c, 0x3, 0xff,
    0x8a, 0x40, 0x60, 0x1f, 0xf7, 0x83, 0xb8, 0x30,
    0x3, 0xfe, 0x40, 0x3f, 0x5, 0x0, 0xff, 0x11,
    0x85, 0xa8, 0x84, 0x80, 0x7f, 0x48, 0x19, 0x82,
    0x81, 0x9c, 0x3, 0xe9, 0x40, 0xe0, 0x2, 0x40,
    0x46, 0x28, 0x80, 0xae, 0xb0, 0x51, 0x0, 0x4f,
    0x40, 0x75, 0xdf, 0xd4, 0x43, 0x8a, 0x1, 0xcb,
    0xd0, 0x62, 0x2, 0x93, 0xc6, 0x1, 0x0,

    /* U+014F "ŏ" */
    0x0, 0xab, 0x8, 0x6, 0x3c, 0x40, 0x3d, 0xe7,
    0xbf, 0xce, 0xa2, 0x1, 0xe5, 0xc5, 0x44, 0x4d,
    0x0, 0x7e, 0x3a, 0xbb, 0x30, 0x7, 0xff, 0x28,
    0xe7, 0x7f, 0xad, 0x40, 0x3d, 0x18, 0xc4, 0x2,
    0x95, 0x82, 0x1, 0x43, 0x83, 0x6f, 0xf4, 0x89,
    0xe0, 0x0, 0x9c, 0x26, 0x44, 0x2, 0xd8, 0x5,
    0x1, 0x40, 0x6c, 0x1, 0xc5, 0x0, 0xc0, 0x81,
    0x60, 0x1f, 0x30, 0x9, 0x10, 0xc, 0x3, 0xe1,
    0x0, 0x30, 0x0, 0x40, 0x3f, 0xe2, 0x2, 0x0,
    0xf8, 0x40, 0xc, 0xa1, 0x60, 0x1f, 0x30, 0x9,
    0x58, 0x1b, 0x0, 0x71, 0x40, 0x48, 0x13, 0x84,
    0xc1, 0x0, 0xbe, 0x81, 0xb8, 0x2, 0x18, 0x1f,
    0x7f, 0xa0, 0x13, 0x40, 0x34, 0xe2, 0x90, 0xa,
    0x55, 0x88, 0x0,

    /* U+0150 "Ő" */
    0x0, 0xfb, 0x7c, 0x4b, 0xec, 0x3, 0xfc, 0x64,
    0xe3, 0x61, 0x20, 0x1f, 0xe9, 0x18, 0x16, 0x61,
    0x0, 0x7f, 0xa, 0xc8, 0x30, 0x40, 0x7, 0xf8,
    0x7d, 0xc1, 0xfc, 0x40, 0x3f, 0x85, 0xf3, 0xbf,
    0xad, 0x80, 0x3f, 0x27, 0xc1, 0x88, 0xa, 0x4f,
    0x18, 0x7, 0x3d, 0x89, 0xd7, 0x7f, 0x51, 0xe,
    0x28, 0x4, 0x70, 0x11, 0x8a, 0x20, 0x2b, 0xac,
    0x14, 0x40, 0xd, 0x6, 0x70, 0xf, 0xa5, 0x3,
    0x81, 0x44, 0x24, 0x3, 0xfa, 0x40, 0xcd, 0xe0,
    0xa0, 0x1f, 0xe2, 0x30, 0xb7, 0xc, 0x0, 0xff,
    0x90, 0xc, 0x80, 0xc0, 0x3f, 0xef, 0x7, 0x0,
    0xff, 0xe2, 0x90, 0x18, 0x7, 0xfd, 0xe0, 0xee,
    0xc, 0x0, 0xff, 0x90, 0xf, 0xc1, 0x40, 0x3f,
    0xc4, 0x61, 0x6a, 0x21, 0x20, 0x1f, 0xd2, 0x6,
    0x60, 0xa0, 0x67, 0x0, 0xfa, 0x50, 0x38, 0x0,
    0x90, 0x11, 0x8a, 0x20, 0x2b, 0xac, 0x14, 0x40,
    0x13, 0xd0, 0x1d, 0x77, 0xf5, 0x10, 0xe2, 0x80,
    0x72, 0xf4, 0x18, 0x80, 0xa4, 0xf1, 0x80, 0x40,

    /* U+0151 "ő" */
    0x0, 0xe4, 0x82, 0x6, 0x70, 0xf, 0xd2, 0xc4,
    0x49, 0xe0, 0xf, 0x90, 0xa4, 0x2c, 0x20, 0x3,
    0xee, 0x17, 0x16, 0x71, 0x0, 0xfb, 0x68, 0xa,
    0x20, 0x1, 0xf9, 0xd0, 0xd, 0xc0, 0x3f, 0x1c,
    0xef, 0xf5, 0xa8, 0x7, 0xa3, 0x18, 0x80, 0x52,
    0xb0, 0x40, 0x28, 0x70, 0x6d, 0xfe, 0x91, 0x3c,
    0x0, 0x13, 0x84, 0xc8, 0x80, 0x5b, 0x0, 0xa0,
    0x28, 0xd, 0x80, 0x38, 0xa0, 0x18, 0x10, 0x2c,
    0x3, 0xe6, 0x1, 0x22, 0x1, 0x80, 0x7c, 0x20,
    0x6, 0x0, 0x8, 0x7, 0xfc, 0x40, 0x40, 0x1f,
    0x8, 0x1, 0x94, 0x2c, 0x3, 0xe6, 0x1, 0x2b,
    0x3, 0x60, 0xe, 0x28, 0x9, 0x2, 0x70, 0x98,
    0x20, 0x17, 0xd0, 0x37, 0x0, 0x43, 0x3, 0xef,
    0xf4, 0x2, 0x68, 0x6, 0x9c, 0x52, 0x1, 0x4a,
    0xb1, 0x0, 0x0,

    /* U+0152 "Œ" */
    0x0, 0xc2, 0xf9, 0xfe, 0xda, 0x30, 0x3, 0x7f,
    0xfe, 0x90, 0x9, 0x7a, 0xc, 0x0, 0x4b, 0x92,
    0x1, 0xff, 0xc1, 0x7a, 0x3, 0xae, 0xfd, 0x92,
    0x6b, 0x0, 0x1f, 0xff, 0xa4, 0x12, 0x1, 0xf1,
    0x44, 0x9, 0xb5, 0x52, 0x80, 0x3f, 0xd4, 0xb,
    0x0, 0x1f, 0x51, 0x98, 0x3, 0xf9, 0x44, 0x2c,
    0x3, 0xfb, 0x80, 0x3f, 0xde, 0xa, 0x20, 0x1f,
    0xc4, 0x40, 0xf, 0xe7, 0xc, 0x0, 0xff, 0x90,
    0x3, 0xf8, 0x80, 0xc0, 0x3f, 0xee, 0x3, 0xcc,
    0xea, 0x0, 0x84, 0x3, 0xff, 0x84, 0x67, 0xce,
    0x4, 0x4, 0x1, 0xff, 0x78, 0x1f, 0xff, 0x68,
    0x38, 0x78, 0x7, 0xfc, 0x80, 0x1f, 0xde, 0xe,
    0x1, 0xfe, 0x13, 0x0, 0xfe, 0x51, 0x14, 0x0,
    0x7f, 0x58, 0x7, 0xfd, 0x40, 0xea, 0x1, 0xf3,
    0xa9, 0x0, 0x7f, 0x92, 0x2, 0xa4, 0x80, 0x23,
    0xa8, 0x3b, 0x0, 0xff, 0x9e, 0x81, 0xb7, 0xb7,
    0xf1, 0x55, 0x80, 0x3, 0xdd, 0xf3, 0x80, 0x4b,
    0xce, 0x62, 0x44, 0x5b, 0xa0, 0xc, 0x45, 0xee,

    /* U+0153 "œ" */
    0x0, 0x8e, 0x77, 0xfa, 0xd0, 0x3, 0x1d, 0x6f,
    0xf5, 0xa8, 0x7, 0x46, 0x31, 0x0, 0xa5, 0xd0,
    0x1, 0xf1, 0x48, 0x5, 0x2a, 0x80, 0x14, 0x38,
    0x3f, 0x7f, 0xa4, 0x56, 0x96, 0x2, 0x7b, 0xfa,
    0x41, 0x68, 0x9, 0xc2, 0xa0, 0x40, 0xd, 0x82,
    0xb4, 0x18, 0xc2, 0x2, 0xd8, 0xa, 0x94, 0x6,
    0xa0, 0x1c, 0x52, 0x0, 0x53, 0x0, 0xe3, 0x50,
    0xe4, 0xb, 0x0, 0xf9, 0x80, 0x18, 0x1, 0xf6,
    0x3, 0x10, 0x18, 0x7, 0xc2, 0x0, 0x9f, 0xff,
    0xa4, 0x4, 0x0, 0x20, 0x1f, 0xe4, 0x66, 0xfe,
    0xa2, 0x3, 0x0, 0xf8, 0x40, 0x19, 0x33, 0xfc,
    0xea, 0x14, 0x1, 0xf3, 0x0, 0x30, 0x3, 0xe7,
    0x83, 0xb0, 0x35, 0x0, 0xe2, 0x80, 0x14, 0x40,
    0x7, 0x2c, 0x38, 0x93, 0x85, 0x40, 0x80, 0x1b,
    0x1, 0xe8, 0x2d, 0x80, 0x2, 0xf4, 0xc, 0x41,
    0xc, 0xf, 0xdf, 0xe9, 0x16, 0x84, 0x90, 0x9f,
    0xf7, 0x40, 0x2c, 0x80, 0x53, 0x8a, 0x40, 0x2b,
    0x72, 0x0, 0x6c, 0x52, 0x1, 0x4a, 0xa0, 0x0,

    /* U+0154 "Ŕ" */
    0x0, 0xfc, 0xc0, 0x1f, 0xe5, 0xea, 0x0, 0xfc,
    0x57, 0x41, 0x20, 0x1f, 0x1e, 0xa3, 0xf2, 0x80,
    0x7c, 0xeb, 0xd0, 0x1, 0xfc, 0x94, 0x20, 0x1f,
    0x17, 0xff, 0xb6, 0x8c, 0x3, 0xc2, 0x38, 0x97,
    0x1c, 0x3, 0xbb, 0xb9, 0xc2, 0x10, 0x3, 0xf0,
    0xc2, 0x87, 0x80, 0x7f, 0xbc, 0x10, 0x3, 0xfc,
    0xc0, 0x1f, 0xfc, 0x5, 0x1, 0x0, 0xff, 0x50,
    0x20, 0x7, 0xe3, 0xb3, 0x8, 0x0, 0xdf, 0xfb,
    0x10, 0x28, 0x80, 0x31, 0x10, 0x40, 0xf, 0xca,
    0x1, 0xdb, 0xae, 0x10, 0x0, 0x80, 0x7f, 0x40,
    0x39, 0x0, 0x7f, 0x31, 0x4, 0x80, 0x7f, 0xa4,
    0x11, 0x0, 0x1f, 0xc8, 0x80, 0x90, 0xf, 0xf4,
    0x1, 0x30, 0x7, 0xf1, 0xb0, 0x40, 0x0,

    /* U+0155 "ŕ" */
    0x0, 0xf2, 0x0, 0x71, 0x65, 0x0, 0x68, 0xd3,
    0x60, 0x1, 0x73, 0xa6, 0xc0, 0x0, 0x4a, 0xec,
    0x40, 0x11, 0xe2, 0x0, 0x62, 0xff, 0x1, 0xd7,
    0x20, 0x4, 0xb8, 0xa2, 0x1, 0xac, 0x5e, 0x54,
    0x2, 0x3f, 0x86, 0x10, 0xa, 0x4, 0x3, 0xc8,
    0x1, 0xf0, 0x80, 0x7f, 0xfc, 0x0,

    /* U+0156 "Ŗ" */
    0x2f, 0xff, 0x6c, 0x90, 0x7, 0x84, 0x71, 0x36,
    0xa8, 0x7, 0x77, 0x73, 0x5, 0x10, 0x7, 0xe1,
    0x93, 0xb, 0x0, 0xff, 0x50, 0x38, 0x7, 0xf8,
    0x80, 0x40, 0x3f, 0xf9, 0x66, 0x4, 0x1, 0xfe,
    0xa0, 0x50, 0xf, 0xc7, 0x64, 0x12, 0x1, 0xbf,
    0xf6, 0x20, 0x58, 0x80, 0x62, 0x20, 0x80, 0x1b,
    0x90, 0x3, 0xb7, 0x5c, 0x40, 0x1, 0x0, 0xfe,
    0x90, 0x64, 0x0, 0xfe, 0x46, 0xa, 0x0, 0xff,
    0x40, 0x8a, 0x40, 0x3f, 0x86, 0xc1, 0x90, 0x3,
    0xf9, 0x54, 0x14, 0x5, 0xfe, 0x0, 0xf5, 0x7f,
    0x0, 0x7f, 0xf1, 0xf7, 0xd4, 0x3, 0xff, 0x80,
    0x40, 0x1f, 0xed, 0x30, 0xf, 0xf8, 0x88, 0x60,
    0x1f, 0xee, 0x74, 0x0, 0xe0,

    /* U+0157 "ŗ" */
    0x2f, 0xf0, 0x1d, 0x72, 0x0, 0x4b, 0x8a, 0x20,
    0x1a, 0xc5, 0xe5, 0x40, 0x23, 0xf8, 0x61, 0x0,
    0xa0, 0x40, 0x3c, 0x80, 0x1f, 0x8, 0x7, 0xff,
    0xc0, 0xbf, 0xc0, 0x1f, 0xfc, 0x13, 0xff, 0x0,
    0x7e, 0x20, 0xc, 0x7a, 0x1, 0xf2, 0x9, 0x0,
    0x63, 0x8b, 0x0, 0xe0,

    /* U+0158 "Ř" */
    0x0, 0xa8, 0x80, 0x23, 0x90, 0xf, 0x3e, 0xb8,
    0x46, 0x28, 0x7, 0xb1, 0x63, 0xdd, 0xb4, 0x3,
    0xc3, 0x56, 0x99, 0x22, 0x1, 0xf9, 0x2c, 0xc0,
    0x38, 0xbf, 0xfd, 0xb4, 0x60, 0x1e, 0x11, 0xc4,
    0xb8, 0xe0, 0x1d, 0xdd, 0xce, 0x10, 0x80, 0x1f,
    0x86, 0x14, 0x3c, 0x3, 0xfd, 0xe0, 0x80, 0x1f,
    0xe6, 0x0, 0xff, 0xe0, 0x28, 0x8, 0x7, 0xfa,
    0x81, 0x0, 0x3f, 0x1d, 0x98, 0x40, 0x6, 0xff,
    0xd8, 0x81, 0x44, 0x1, 0x88, 0x82, 0x0, 0x7e,
    0x50, 0xe, 0xdd, 0x70, 0x80, 0x4, 0x3, 0xfa,
    0x1, 0xc8, 0x3, 0xf9, 0x88, 0x24, 0x3, 0xfd,
    0x20, 0x88, 0x0, 0xfe, 0x44, 0x4, 0x80, 0x7f,
    0xa0, 0x9, 0x80, 0x3f, 0x8d, 0x82, 0x0,

    /* U+0159 "ř" */
    0x7, 0x10, 0x8, 0x5c, 0x2f, 0xd8, 0x17, 0xe8,
    0x38, 0xa7, 0xa8, 0xb8, 0xb, 0x28, 0xe7, 0xc,
    0x2, 0x5d, 0x60, 0x1, 0x7f, 0x80, 0xeb, 0x90,
    0x2, 0x5c, 0x51, 0x0, 0xd6, 0x2f, 0x2a, 0x1,
    0x1f, 0xc3, 0x8, 0x5, 0x2, 0x1, 0xe4, 0x0,
    0xf8, 0x40, 0x3f, 0xfe, 0x0,

    /* U+015A "Ś" */
    0x0, 0xf8, 0xcc, 0x1, 0xfd, 0x38, 0xc0, 0x1f,
    0x2f, 0x31, 0xb8, 0x7, 0xaa, 0x87, 0x78, 0x40,
    0x1e, 0x19, 0xd4, 0x0, 0xfd, 0x6c, 0x1, 0xfc,
    0x31, 0xbf, 0xed, 0x81, 0x0, 0x8f, 0xdc, 0x80,
    0x4, 0xfe, 0x60, 0xe, 0x13, 0xcf, 0xf5, 0x8,
    0xb8, 0x14, 0x83, 0x4c, 0x0, 0xb4, 0x4, 0xa4,
    0x6, 0x20, 0x19, 0x21, 0xc4, 0x0, 0x20, 0x1e,
    0x78, 0x43, 0x2, 0x60, 0xf, 0xc8, 0x61, 0x36,
    0xa0, 0x1f, 0x6a, 0x82, 0x57, 0xda, 0x80, 0x61,
    0xad, 0x72, 0x4, 0xad, 0x30, 0xc, 0x51, 0xba,
    0x81, 0x2d, 0x10, 0xf, 0x13, 0xe0, 0xb, 0x0,
    0x7e, 0x26, 0xd, 0x7d, 0xb0, 0xf, 0x8, 0x0,
    0x49, 0x8, 0x3, 0x94, 0x35, 0x84, 0x3d, 0x0,
    0x5, 0x64, 0x2c, 0x18, 0x25, 0x7f, 0xed, 0x41,
    0xd1, 0x2, 0xe8, 0x30, 0x1, 0x3f, 0x98, 0x0,

    /* U+015B "ś" */
    0x0, 0xf1, 0x30, 0x7, 0xe8, 0xdf, 0x0, 0xf2,
    0x73, 0x9d, 0x0, 0x73, 0x59, 0xd6, 0x18, 0x7,
    0xc, 0x6a, 0x80, 0x7c, 0xee, 0x0, 0xfe, 0x5b,
    0xef, 0xd9, 0x10, 0xa, 0xa8, 0x82, 0x4, 0xde,
    0x40, 0x8a, 0x13, 0xfe, 0xc2, 0x19, 0xc, 0x5,
    0x60, 0x1, 0xf0, 0x20, 0x80, 0x18, 0x3, 0x1d,
    0xd8, 0x68, 0xe, 0xcc, 0x2, 0x44, 0x1, 0x50,
    0xa6, 0x74, 0xa0, 0x6, 0x5f, 0x94, 0x16, 0xbc,
    0x20, 0x8, 0x5a, 0xfa, 0x88, 0xfc, 0x8, 0xc4,
    0x0, 0x2b, 0xa0, 0x47, 0x39, 0x60, 0x1c, 0x20,
    0xe, 0x5, 0x71, 0x1, 0x91, 0x11, 0xab, 0x4,
    0x77, 0xf3, 0x5, 0x80, 0x26, 0xd0, 0x40, 0x57,
    0x14, 0x0,

    /* U+015E "Ş" */
    0x0, 0xc, 0x6f, 0xfb, 0x60, 0x40, 0x22, 0xf7,
    0x20, 0x1, 0x3f, 0x90, 0x3, 0xc4, 0xf3, 0xfd,
    0x22, 0x2f, 0x4, 0x20, 0xd3, 0x0, 0x35, 0x1,
    0x29, 0x81, 0x88, 0x6, 0x47, 0x61, 0x0, 0xfe,
    0x89, 0x42, 0x3, 0x40, 0xf, 0xca, 0x41, 0x72,
    0x60, 0x1f, 0x79, 0x3, 0x67, 0x41, 0x80, 0x62,
    0xda, 0x40, 0x17, 0xcb, 0x10, 0xc, 0xb7, 0xf4,
    0x80, 0x98, 0x1, 0xf2, 0xdd, 0x1, 0x30, 0x7,
    0xe5, 0x50, 0x7a, 0xcb, 0x0, 0x78, 0x80, 0xc9,
    0xa4, 0x3, 0xc6, 0x4, 0xa0, 0xa, 0x0, 0xcc,
    0x81, 0x64, 0xe0, 0xbd, 0x53, 0x92, 0xe, 0x61,
    0x12, 0x22, 0x56, 0x30, 0x88, 0x0, 0x4d, 0xd8,
    0x83, 0x7e, 0xe0, 0x1e, 0x32, 0x4, 0x0, 0xff,
    0xf, 0xe1, 0x0, 0x7d, 0x76, 0x83, 0xe0, 0xf,
    0x89, 0x1c, 0x48, 0x3, 0xca, 0xee, 0xa1, 0x50,
    0xf, 0x74, 0x41, 0x16, 0x80, 0x0,

    /* U+015F "ş" */
    0x0, 0x2d, 0xf7, 0xec, 0x8, 0x5, 0x34, 0x82,
    0x4, 0xfe, 0x40, 0x8c, 0x13, 0xfe, 0xb1, 0x14,
    0x86, 0x2, 0xb0, 0x1, 0x28, 0x10, 0x2, 0x10,
    0xc, 0x93, 0x21, 0xc0, 0x49, 0x10, 0x9, 0x98,
    0x28, 0xc0, 0xdd, 0x6a, 0x1, 0xd3, 0x46, 0x9,
    0x5f, 0x0, 0x19, 0x73, 0xa4, 0xc1, 0xe8, 0x3,
    0x85, 0xb2, 0xc1, 0x4a, 0xb1, 0x80, 0x32, 0x8,
    0x31, 0x9a, 0xc4, 0x2, 0x21, 0x6, 0xb0, 0x2f,
    0x86, 0x8c, 0x4, 0x22, 0x61, 0xb, 0xcb, 0x8a,
    0x50, 0x0, 0xf6, 0xd4, 0x1e, 0xec, 0x20, 0x19,
    0x30, 0x25, 0x0, 0x3f, 0xbb, 0x50, 0x3, 0xcf,
    0x72, 0x76, 0x1, 0xe1, 0x46, 0x50, 0x10, 0xc,
    0x6e, 0xe9, 0x41, 0x10, 0x6, 0xb8, 0x83, 0x26,
    0x0, 0x0,

    /* U+0160 "Š" */
    0x0, 0x22, 0x80, 0x66, 0x30, 0xc, 0x35, 0x64,
    0x4c, 0x97, 0x0, 0xcb, 0x29, 0xba, 0x29, 0x40,
    0xe, 0x6e, 0x56, 0xf6, 0x0, 0xf8, 0x6a, 0x44,
    0x3, 0xc3, 0x1b, 0xfe, 0xd8, 0x10, 0x8, 0xfd,
    0xc8, 0x0, 0x4f, 0xe6, 0x0, 0xe1, 0x3c, 0xff,
    0x50, 0x8b, 0x81, 0x48, 0x34, 0xc0, 0xb, 0x40,
    0x4a, 0x40, 0x62, 0x1, 0x92, 0x1c, 0x40, 0x2,
    0x1, 0xe7, 0x84, 0x30, 0x26, 0x0, 0xfc, 0x86,
    0x13, 0x6a, 0x1, 0xf6, 0xa8, 0x25, 0x7d, 0xa8,
    0x6, 0x1a, 0xd7, 0x20, 0x4a, 0xd3, 0x0, 0xc5,
    0x1b, 0xa8, 0x12, 0xd1, 0x0, 0xf1, 0x3e, 0x0,
    0xb0, 0x7, 0xe2, 0x60, 0xd7, 0xdb, 0x0, 0xf0,
    0x80, 0x4, 0x90, 0x80, 0x39, 0x43, 0x58, 0x43,
    0xd0, 0x0, 0x56, 0x42, 0xc1, 0x82, 0x57, 0xfe,
    0xd4, 0x1d, 0x10, 0x2e, 0x83, 0x0, 0x13, 0xf9,
    0x80,

    /* U+0161 "š" */
    0x0, 0xff, 0xe0, 0xd, 0x8, 0x4, 0xae, 0x1,
    0xa, 0xfb, 0xd, 0xd7, 0x80, 0x6d, 0x59, 0xe4,
    0x88, 0x0, 0x62, 0xba, 0x5e, 0x70, 0xf, 0x96,
    0x84, 0x3, 0xcb, 0x7d, 0xfb, 0x22, 0x1, 0x55,
    0x10, 0x40, 0x9b, 0xc8, 0x11, 0x42, 0x7f, 0xd8,
    0x43, 0x21, 0x80, 0xac, 0x0, 0x3e, 0x4, 0x10,
    0x3, 0x0, 0x63, 0xbb, 0xd, 0x1, 0xd9, 0x80,
    0x48, 0x80, 0x2a, 0x14, 0xce, 0x94, 0x0, 0xcb,
    0xf2, 0x82, 0xd7, 0x84, 0x1, 0xb, 0x5f, 0x51,
    0x1f, 0x81, 0x18, 0x80, 0x5, 0x74, 0x8, 0xe7,
    0x2c, 0x3, 0x84, 0x1, 0xc0, 0xae, 0x20, 0x32,
    0x22, 0x35, 0x60, 0x8e, 0xfe, 0x60, 0xb0, 0x4,
    0xda, 0x8, 0xa, 0xe2, 0x80,

    /* U+0162 "Ţ" */
    0x3f, 0xff, 0xf8, 0x84, 0x8b, 0x0, 0x44, 0x58,
    0xcb, 0x77, 0x30, 0x36, 0xee, 0x10, 0xf, 0xff,
    0xf8, 0x7, 0xff, 0xfc, 0x3, 0xff, 0xcd, 0x41,
    0xa0, 0x1f, 0xfc, 0xdb, 0xe5, 0x0, 0xfc, 0x57,
    0x47, 0x44, 0x1, 0xf0, 0xa2, 0xa8, 0x18, 0x3,
    0xc4, 0xee, 0x86, 0x5, 0x0, 0xf3, 0xc4, 0x1c,
    0xac, 0x40, 0x0,

    /* U+0163 "ţ" */
    0x0, 0x57, 0xc0, 0x7, 0xff, 0x4d, 0xbd, 0x41,
    0xff, 0xe0, 0x31, 0x0, 0x84, 0x44, 0xb, 0xca,
    0xf, 0xdc, 0xd0, 0xf, 0xff, 0xf9, 0x2, 0x88,
    0x7, 0x50, 0x17, 0x7f, 0x0, 0x45, 0x40, 0x10,
    0x80, 0x65, 0x8, 0xff, 0x0, 0x7f, 0xf0, 0xe3,
    0xe0, 0x3, 0xae, 0x91, 0xd4, 0x3, 0x22, 0xf0,
    0x10, 0x0, 0x5d, 0xd1, 0x0, 0x30, 0x1, 0xc4,
    0x1c, 0x25, 0x0,

    /* U+0164 "Ť" */
    0x0, 0xa4, 0x80, 0x22, 0x90, 0xf, 0x2e, 0xc0,
    0x46, 0xa8, 0x7, 0xb5, 0x5f, 0xdd, 0x74, 0x3,
    0xc3, 0x56, 0x97, 0x42, 0x1, 0xf9, 0x2d, 0x0,
    0x38, 0xff, 0xff, 0xe2, 0x12, 0x2c, 0x1, 0x11,
    0x63, 0x2d, 0xdc, 0xc0, 0xdb, 0xb8, 0x40, 0x3f,
    0xff, 0xe0, 0x1f, 0xff, 0xf0, 0xf, 0xff, 0x8,

    /* U+0165 "ť" */
    0x0, 0xf0, 0x90, 0x80, 0x7a, 0xb6, 0x0, 0x15,
    0xf0, 0x16, 0xe4, 0x1, 0xf1, 0x88, 0x7, 0xa9,
    0x64, 0x3, 0xd5, 0xc6, 0xde, 0xa0, 0xff, 0xf0,
    0x18, 0x80, 0x42, 0x22, 0x5, 0xe5, 0x7, 0xee,
    0x68, 0x7, 0xff, 0xfc, 0x81, 0x44, 0x3, 0xa8,
    0xb, 0xbf, 0x80, 0x22, 0xb3, 0x10, 0x10,

    /* U+0168 "Ũ" */
    0x0, 0xc2, 0xec, 0x0, 0x37, 0x0, 0xfb, 0x22,
    0x7a, 0x77, 0x0, 0x3c, 0x85, 0xb8, 0xac, 0x54,
    0x1, 0xe4, 0xf2, 0x3b, 0xfc, 0x10, 0x8, 0xff,
    0xc0, 0x1f, 0xb3, 0xd8, 0x3, 0xff, 0xfe, 0x1,
    0xff, 0xf5, 0x10, 0xf, 0xfe, 0x9, 0x80, 0x4,
    0x3, 0xe2, 0x2, 0x11, 0x2, 0x0, 0x78, 0x44,
    0xa, 0xc, 0x12, 0x1, 0xeb, 0x4, 0x10, 0x91,
    0x3c, 0x40, 0x1, 0xd2, 0x84, 0x0, 0x7, 0x44,
    0xef, 0xfd, 0x8a, 0x14, 0x60, 0x11, 0xfc, 0x18,
    0x0, 0x9f, 0x54, 0x0,

    /* U+0169 "ũ" */
    0x0, 0xd3, 0xd4, 0x0, 0xc8, 0x0, 0xe6, 0x63,
    0xa6, 0xd1, 0xd8, 0x7, 0x6b, 0x4e, 0xa, 0x41,
    0x80, 0x75, 0xc8, 0x16, 0x73, 0x80, 0x49, 0xfc,
    0x1, 0xf5, 0x7c, 0x0, 0x7f, 0xff, 0xc0, 0x3f,
    0xf8, 0x8e, 0x2, 0x1, 0xf0, 0x80, 0x8, 0x0,
    0x20, 0x1e, 0x50, 0x0, 0x90, 0x48, 0x7, 0x28,
    0x80, 0x56, 0xe, 0xc0, 0x12, 0x58, 0x6, 0x65,
    0x9, 0xec, 0xeb, 0x24, 0x0, 0xd5, 0x43, 0x3,
    0x34, 0x60, 0x80, 0x0,

    /* U+016A "Ū" */
    0x0, 0xd, 0xdf, 0xe3, 0x0, 0xc6, 0x89, 0xf9,
    0x80, 0x31, 0x7f, 0xfe, 0x50, 0xf, 0xfe, 0x21,
    0xff, 0x80, 0x3f, 0x67, 0xb0, 0x7, 0xff, 0xfc,
    0x3, 0xff, 0xea, 0x20, 0x1f, 0xfc, 0x13, 0x0,
    0x8, 0x7, 0xc4, 0x4, 0x22, 0x4, 0x0, 0xf0,
    0x88, 0x14, 0x18, 0x24, 0x3, 0xd6, 0x8, 0x21,
    0x22, 0x78, 0x80, 0x3, 0xa5, 0x8, 0x0, 0xe,
    0x89, 0xdf, 0xfb, 0x14, 0x28, 0xc0, 0x23, 0xf8,
    0x30, 0x1, 0x3e, 0xa8, 0x0,

    /* U+016B "ū" */
    0x0, 0x47, 0xff, 0xdc, 0x1, 0xb9, 0x13, 0xf0,
    0x6, 0x6b, 0xbf, 0xa8, 0x3, 0xff, 0x86, 0x9f,
    0xc0, 0x1f, 0x57, 0xc0, 0x7, 0xff, 0xfc, 0x3,
    0xff, 0x88, 0xe0, 0x20, 0x1f, 0x8, 0x0, 0x80,
    0x2, 0x1, 0xe5, 0x0, 0x9, 0x4, 0x80, 0x72,
    0x88, 0x5, 0x60, 0xec, 0x1, 0x25, 0x80, 0x66,
    0x50, 0x9e, 0xce, 0xb2, 0x40, 0xd, 0x54, 0x30,
    0x33, 0x46, 0x8, 0x0,

    /* U+016C "Ŭ" */
    0x0, 0x89, 0xc0, 0x33, 0x20, 0x7, 0x86, 0x14,
    0x0, 0x52, 0x40, 0x1e, 0x32, 0xad, 0xd8, 0x5c,
    0x3, 0xec, 0x53, 0x24, 0xd1, 0x0, 0xf8, 0x6b,
    0xbe, 0xcc, 0x3, 0x1f, 0xf8, 0x3, 0xf6, 0x7b,
    0x0, 0x7f, 0xff, 0xc0, 0x3f, 0xfe, 0xa2, 0x1,
    0xff, 0xc1, 0x30, 0x0, 0x80, 0x7c, 0x40, 0x42,
    0x20, 0x40, 0xf, 0x8, 0x81, 0x41, 0x82, 0x40,
    0x3d, 0x60, 0x82, 0x12, 0x27, 0x88, 0x0, 0x3a,
    0x50, 0x80, 0x0, 0xe8, 0x9d, 0xff, 0xb1, 0x42,
    0x8c, 0x2, 0x3f, 0x83, 0x0, 0x13, 0xea, 0x80,
    0x0,

    /* U+016D "ŭ" */
    0x0, 0xae, 0x80, 0x24, 0xf1, 0x0, 0xe3, 0x54,
    0x2, 0xf1, 0x10, 0x7, 0x48, 0xdf, 0xea, 0x40,
    0x7, 0x87, 0xd9, 0x16, 0xd8, 0x3, 0xe1, 0x9b,
    0xa4, 0x0, 0xc9, 0xfc, 0x1, 0xf5, 0x7c, 0x0,
    0x7f, 0xff, 0xc0, 0x3f, 0xf8, 0x8e, 0x2, 0x1,
    0xf0, 0x80, 0x8, 0x0, 0x20, 0x1e, 0x50, 0x0,
    0x90, 0x48, 0x7, 0x28, 0x80, 0x56, 0xe, 0xc0,
    0x12, 0x58, 0x6, 0x65, 0x9, 0xec, 0xeb, 0x24,
    0x0, 0xd5, 0x43, 0x3, 0x34, 0x60, 0x80, 0x0,

    /* U+016E "Ů" */
    0x0, 0xe6, 0xee, 0x48, 0x7, 0xf1, 0xcc, 0x53,
    0xb0, 0x7, 0xe5, 0x26, 0x44, 0x60, 0x7, 0xe2,
    0x21, 0x92, 0x10, 0x7, 0xe4, 0x6c, 0xd2, 0x80,
    0xf, 0xe9, 0xed, 0xc0, 0xe, 0x3f, 0xf0, 0x4,
    0x24, 0x1, 0x67, 0xb0, 0x7, 0xff, 0xfc, 0x3,
    0xff, 0xea, 0x20, 0x1f, 0xfc, 0x13, 0x0, 0x8,
    0x7, 0xc4, 0x4, 0x22, 0x4, 0x0, 0xf0, 0x88,
    0x14, 0x18, 0x24, 0x3, 0xd6, 0x8, 0x21, 0x22,
    0x78, 0x80, 0x3, 0xa5, 0x8, 0x0, 0xe, 0x89,
    0xdf, 0xfb, 0x14, 0x28, 0xc0, 0x23, 0xf8, 0x30,
    0x1, 0x3e, 0xa8, 0x0,

    /* U+016F "ů" */
    0x0, 0xff, 0xe3, 0x4f, 0xe9, 0x80, 0x7e, 0x77,
    0x5b, 0xf0, 0x7, 0xeb, 0x94, 0xb2, 0x20, 0x7,
    0xf8, 0x40, 0x40, 0x3e, 0x5a, 0x17, 0x13, 0x0,
    0xfa, 0x7, 0xa2, 0xc0, 0x3f, 0xe, 0x6f, 0xa8,
    0x6, 0x4f, 0xe0, 0x8, 0x80, 0x2a, 0xf8, 0x0,
    0xff, 0xff, 0x80, 0x7f, 0xf1, 0x1c, 0x4, 0x3,
    0xe1, 0x0, 0x10, 0x0, 0x40, 0x3c, 0xa0, 0x1,
    0x20, 0x90, 0xe, 0x51, 0x0, 0xac, 0x1d, 0x80,
    0x24, 0xb0, 0xc, 0xca, 0x13, 0xd9, 0xd6, 0x48,
    0x1, 0xaa, 0x86, 0x6, 0x68, 0xc1, 0x0, 0x0,

    /* U+0170 "Ű" */
    0x0, 0xe4, 0xfa, 0x9, 0xf4, 0x0, 0xfb, 0x82,
    0x1, 0x91, 0x0, 0x1e, 0x15, 0x62, 0x60, 0x80,
    0xf, 0x98, 0x20, 0x2d, 0x4c, 0x3, 0xe7, 0xf1,
    0xd, 0xa0, 0xc, 0x7f, 0xe0, 0xf, 0xd9, 0xec,
    0x1, 0xff, 0xff, 0x0, 0xff, 0xfa, 0x88, 0x7,
    0xff, 0x4, 0xc0, 0x2, 0x1, 0xf1, 0x1, 0x8,
    0x81, 0x0, 0x3c, 0x22, 0x5, 0x6, 0x9, 0x0,
    0xf5, 0x82, 0x8, 0x48, 0x9e, 0x20, 0x0, 0xe9,
    0x42, 0x0, 0x3, 0xa2, 0x77, 0xfe, 0xc5, 0xa,
    0x30, 0x8, 0xfe, 0xc, 0x0, 0x4f, 0xaa, 0x0,

    /* U+0171 "ű" */
    0x0, 0xea, 0xf3, 0xe, 0xd0, 0xf, 0xa, 0xa8,
    0xdc, 0x64, 0x3, 0xd2, 0x16, 0x12, 0xa8, 0x1,
    0xe2, 0x91, 0x35, 0xb0, 0xf, 0xa9, 0x80, 0xec,
    0x40, 0x24, 0xfe, 0x0, 0xfa, 0xbe, 0x0, 0x3f,
    0xff, 0xe0, 0x1f, 0xfc, 0x47, 0x1, 0x0, 0xf8,
    0x40, 0x4, 0x0, 0x10, 0xf, 0x28, 0x0, 0x48,
    0x24, 0x3, 0x94, 0x40, 0x2b, 0x7, 0x60, 0x9,
    0x2c, 0x3, 0x32, 0x84, 0xf6, 0x75, 0x92, 0x0,
    0x6a, 0xa1, 0x81, 0x9a, 0x30, 0x40, 0x0,

    /* U+0172 "Ų" */
    0x3f, 0xf0, 0x7, 0xec, 0xf6, 0x0, 0xff, 0xff,
    0x80, 0x7f, 0xfd, 0x44, 0x3, 0xfc, 0x20, 0x66,
    0x0, 0x10, 0x7, 0xc6, 0x2, 0x22, 0x5, 0x0,
    0xf2, 0x8, 0x20, 0x50, 0x41, 0x80, 0x61, 0x90,
    0x60, 0x3, 0xa0, 0x65, 0xbb, 0xa7, 0x88, 0x90,
    0x1, 0x5b, 0x2, 0x44, 0x18, 0x13, 0x4, 0x3,
    0x4f, 0x28, 0x1, 0xf6, 0xc4, 0x3, 0xc4, 0xa9,
    0xd0, 0x40, 0x1f, 0xa4, 0x28, 0x40, 0x3f, 0xf8,
    0x8, 0x4, 0x1, 0xfd, 0xc1, 0x5f, 0xa0, 0x1f,
    0xc9, 0xb1, 0xa, 0x0, 0xe0,

    /* U+0173 "ų" */
    0x4f, 0xe0, 0xf, 0xab, 0xe0, 0x3, 0xff, 0xfe,
    0x1, 0xff, 0xc4, 0x70, 0x10, 0xf, 0x84, 0x0,
    0x40, 0x2, 0x0, 0xf2, 0x80, 0x4, 0x82, 0x0,
    0x39, 0x84, 0x2, 0xb0, 0x59, 0x20, 0x17, 0x90,
    0xc, 0xca, 0xd, 0xbf, 0xd0, 0x8a, 0x1, 0xaa,
    0x86, 0x20, 0x73, 0x27, 0xf, 0x0, 0x97, 0x3b,
    0xf1, 0x70, 0xe9, 0xc0, 0x3f, 0x78, 0x7a, 0x80,
    0x7f, 0x19, 0x84, 0x3, 0xfc, 0x65, 0x73, 0x0,
    0x1f, 0xb9, 0x10, 0xe0,

    /* U+0174 "Ŵ" */
    0x0, 0xff, 0x84, 0x3, 0xff, 0x93, 0x1d, 0x42,
    0x1, 0xff, 0xc5, 0x4d, 0x74, 0x5e, 0x60, 0xf,
    0xfe, 0x27, 0x85, 0xdb, 0x52, 0x40, 0x3f, 0xf8,
    0x9d, 0xa8, 0x5, 0x74, 0x1, 0xff, 0xc4, 0x50,
    0xe, 0x50, 0xf, 0xcb, 0xfe, 0x0, 0xfa, 0x7f,
    0xc4, 0x1, 0xe9, 0xfb, 0x40, 0x1, 0x80, 0x79,
    0x0, 0x8, 0x1, 0xe4, 0xc, 0x13, 0x4, 0x0,
    0xe1, 0x20, 0x6, 0x0, 0x70, 0x90, 0x20, 0x20,
    0x60, 0x7, 0x20, 0x8, 0x20, 0x7, 0x20, 0x9,
    0x86, 0x2, 0x0, 0x77, 0x84, 0x80, 0x90, 0x6,
    0xc0, 0x40, 0x2, 0x0, 0xc, 0x3, 0x20, 0x29,
    0x82, 0x0, 0x64, 0xc, 0x0, 0x8c, 0x14, 0x2,
    0x21, 0x22, 0x20, 0x60, 0x4, 0x24, 0xe, 0x1,
    0x20, 0x60, 0x4, 0x80, 0x81, 0x60, 0x80, 0x12,
    0x81, 0x8, 0x5, 0x60, 0x80, 0x16, 0x6, 0x81,
    0x80, 0x90, 0x3, 0x1, 0x0, 0x31, 0x80, 0x90,
    0x1, 0x1, 0x0, 0x8, 0x8, 0x0, 0x40, 0xc0,
    0xe, 0x40, 0x40, 0x31, 0x40, 0xb, 0x3, 0x0,
    0x6, 0x8, 0x1, 0xd8, 0x18, 0x8, 0x18, 0x1,
    0x28, 0x20, 0x20, 0x18, 0x80, 0x72, 0x3, 0x86,
    0x2, 0x80, 0x44, 0x22, 0x2c, 0x4, 0x0, 0xf1,
    0x89, 0x11, 0x4, 0x80, 0x32, 0x2, 0x18, 0x58,
    0x7, 0xc8, 0x16, 0x8, 0x1, 0xde, 0x1a, 0x80,
    0x60, 0x1f, 0x60, 0x30, 0x78, 0x7, 0x20, 0x20,
    0x20, 0x7, 0xe4, 0x0, 0x90, 0x3, 0x84, 0x80,
    0x1a, 0x1, 0xf8, 0x84, 0xc, 0x40, 0x3c, 0xa0,
    0x4, 0x0, 0xc0,

    /* U+0175 "ŵ" */
    0x0, 0xff, 0xe8, 0x26, 0xd9, 0x0, 0x7f, 0xf0,
    0x86, 0xac, 0x13, 0x5c, 0x3, 0xff, 0x82, 0xca,
    0xfb, 0xcb, 0x4, 0x1, 0xff, 0xc0, 0x3d, 0x80,
    0x1a, 0xa1, 0x80, 0x7f, 0xf0, 0x10, 0x80, 0x32,
    0x88, 0x7, 0xa7, 0xe8, 0x3, 0x97, 0xfc, 0x40,
    0x1d, 0xde, 0x7a, 0x8, 0x1, 0xd8, 0x0, 0x50,
    0xc, 0x42, 0x23, 0x40, 0x12, 0x0, 0xce, 0x0,
    0xc0, 0xc, 0x80, 0x80, 0x5, 0x4, 0x0, 0x88,
    0x50, 0x10, 0x3, 0x60, 0x78, 0x3, 0x3, 0x0,
    0x25, 0xd, 0x40, 0x40, 0x9, 0x1, 0x0, 0xe,
    0x8, 0x1, 0x60, 0x3e, 0x86, 0x0, 0x8, 0x4c,
    0x40, 0x2, 0x62, 0x60, 0x4, 0x31, 0x40, 0x40,
    0x2, 0x85, 0x80, 0x64, 0x4, 0x4, 0x4, 0x2,
    0x21, 0x88, 0x60, 0x28, 0x6, 0xb0, 0xc0, 0xc0,
    0xb0, 0x2, 0x82, 0x2, 0x89, 0x0, 0x63, 0x14,
    0x5, 0x3, 0x0, 0x60, 0x61, 0x8b, 0x80, 0x79,
    0xc1, 0x49, 0x40, 0x24, 0x7, 0x40, 0xd0, 0xf,
    0x60, 0x40, 0x60, 0x6, 0x41, 0xa0, 0x40, 0xf,
    0x28, 0x10, 0x38, 0x6, 0xd0, 0x24, 0x0, 0xfc,
    0x80, 0x42, 0x1, 0x90, 0x1, 0xa0, 0x18,

    /* U+0176 "Ŷ" */
    0x0, 0xff, 0xe3, 0x8d, 0x59, 0x0, 0x7f, 0x37,
    0x2a, 0x6b, 0x80, 0x7c, 0x92, 0x9d, 0xc5, 0x85,
    0x0, 0xf3, 0xd5, 0x88, 0xaa, 0x82, 0x1, 0xe3,
    0x50, 0xc, 0xa8, 0x1, 0x27, 0xf8, 0x40, 0x3c,
    0x3f, 0xe5, 0x42, 0x9, 0x0, 0xf4, 0x81, 0x28,
    0x40, 0x38, 0x7, 0x9c, 0x20, 0x0, 0xa4, 0xe,
    0x1, 0x9c, 0x9, 0x40, 0x28, 0x9, 0x0, 0xd2,
    0x10, 0x1, 0x94, 0x85, 0x40, 0xa, 0x24, 0xa0,
    0x1d, 0x61, 0x0, 0x9, 0xb, 0x0, 0xf3, 0x11,
    0x11, 0x6, 0x2c, 0x1, 0xf5, 0x87, 0xf8, 0x20,
    0x3, 0xf3, 0xa, 0x20, 0x58, 0x3, 0xfa, 0x0,
    0x12, 0x1, 0xfe, 0x70, 0x3, 0x0, 0x7f, 0xff,
    0xc0, 0x3f, 0xf8, 0x40,

    /* U+0177 "ŷ" */
    0x0, 0xff, 0xe3, 0xaf, 0x50, 0x80, 0x7e, 0x1b,
    0xa3, 0x5e, 0x60, 0xf, 0xa1, 0x23, 0x74, 0x92,
    0x20, 0x1e, 0xcd, 0x70, 0x2b, 0x91, 0x0, 0xf2,
    0x90, 0x6, 0x60, 0xd, 0x1f, 0xc0, 0x1f, 0x27,
    0xf8, 0x28, 0x5, 0x0, 0x3d, 0xa0, 0xc0, 0x46,
    0x1a, 0x1, 0xe7, 0xa, 0x0, 0x50, 0x38, 0x7,
    0x28, 0x91, 0x80, 0x18, 0x5, 0x40, 0x37, 0x85,
    0x0, 0x65, 0xf, 0x0, 0xca, 0xc, 0x1, 0xb8,
    0x14, 0x40, 0xa, 0x8, 0x20, 0x19, 0x4, 0x1c,
    0x1, 0xc1, 0xc0, 0x1e, 0x60, 0xd0, 0x14, 0x15,
    0x0, 0xf5, 0x2, 0xb, 0x83, 0x80, 0x7c, 0x46,
    0xd, 0x41, 0x40, 0x1f, 0xa8, 0x24, 0xc8, 0xc0,
    0x3f, 0x30, 0x8, 0x50, 0x7, 0xf9, 0x40, 0xc,
    0x1, 0xfe, 0x20, 0x41, 0x0, 0xff, 0x30, 0x70,
    0x7, 0xf9, 0x4, 0x4a, 0x1, 0xfe, 0xe0, 0x70,
    0xf, 0xf0, 0xa8, 0x50, 0x7, 0xf9, 0xc0, 0x8c,
    0x3, 0xfd, 0x61, 0x40, 0x1f, 0x80,

    /* U+0178 "Ÿ" */
    0x0, 0xd9, 0xa2, 0x1b, 0xa0, 0xf, 0x88, 0xc9,
    0x4c, 0x88, 0x60, 0x1e, 0x29, 0x74, 0x38, 0x81,
    0x80, 0x7c, 0xd0, 0x0, 0x77, 0x0, 0x64, 0xff,
    0x8, 0x7, 0x87, 0xfc, 0xa8, 0x41, 0x20, 0x1e,
    0x90, 0x25, 0x8, 0x7, 0x0, 0xf3, 0x84, 0x0,
    0x14, 0x81, 0xc0, 0x33, 0x81, 0x28, 0x5, 0x1,
    0x20, 0x1a, 0x42, 0x0, 0x32, 0x90, 0xa8, 0x1,
    0x44, 0x94, 0x3, 0xac, 0x20, 0x1, 0x21, 0x60,
    0x1e, 0x62, 0x22, 0x20, 0xc5, 0x80, 0x3e, 0xb0,
    0xff, 0x4, 0x0, 0x7e, 0x61, 0x44, 0xb, 0x0,
    0x7f, 0x40, 0x2, 0x40, 0x3f, 0xce, 0x0, 0x60,
    0xf, 0xff, 0xf8, 0x7, 0xff, 0x8,

    /* U+0179 "Ź" */
    0x0, 0xf9, 0x80, 0x3f, 0x2f, 0x58, 0x7, 0x8a,
    0xe8, 0x20, 0x3, 0x8f, 0x51, 0xf9, 0x40, 0x39,
    0xd7, 0xa0, 0x3, 0xe4, 0xa1, 0x0, 0xf6, 0x7f,
    0xff, 0x68, 0x7, 0xf8, 0x73, 0xff, 0xdc, 0x0,
    0xa0, 0xf, 0xac, 0x9, 0x80, 0x3c, 0x6a, 0x12,
    0x1, 0xf7, 0x82, 0x20, 0x3, 0xca, 0x61, 0x20,
    0x1f, 0x58, 0x31, 0x0, 0x7a, 0x4, 0x50, 0x1,
    0xe1, 0x70, 0x81, 0x0, 0xf5, 0x81, 0x30, 0x7,
    0x8d, 0x42, 0x40, 0x3e, 0xf0, 0x44, 0x0, 0x79,
    0x4c, 0x24, 0x3, 0xeb, 0x6, 0x20, 0xf, 0x40,
    0x8a, 0x0, 0x3e, 0x60, 0x1e, 0xff, 0xf6, 0x80,
    0x7f, 0xc0,

    /* U+017A "ź" */
    0x0, 0xf0, 0xc0, 0x7, 0xcf, 0xca, 0x1, 0xc7,
    0xb0, 0x52, 0x1, 0x8f, 0xe, 0x75, 0x0, 0x33,
    0xbb, 0x98, 0x3, 0xc9, 0x0, 0x1f, 0x7f, 0xfe,
    0xe0, 0x22, 0xf0, 0x6, 0xdd, 0xec, 0x10, 0x90,
    0xf, 0x58, 0x93, 0x80, 0x72, 0x28, 0x70, 0x7,
    0xa4, 0x18, 0xc0, 0x3a, 0x8, 0x60, 0x3, 0x89,
    0xc2, 0xc4, 0x3, 0xb8, 0x11, 0x40, 0x39, 0x8c,
    0x24, 0x3, 0x86, 0x2, 0x8, 0x3, 0xac, 0x49,
    0xc0, 0x3c, 0xa0, 0x5d, 0xdd, 0xa0, 0x18, 0x47,
    0x88,

    /* U+017B "Ż" */
    0x0, 0xc5, 0x24, 0x1, 0xfa, 0x5a, 0x40, 0x3f,
    0x68, 0x68, 0x7, 0xe6, 0xf6, 0x0, 0xd9, 0xff,
    0xfd, 0xa0, 0x1f, 0xe1, 0xcf, 0xff, 0x70, 0x2,
    0x80, 0x3e, 0xb0, 0x26, 0x0, 0xf1, 0xa8, 0x48,
    0x7, 0xde, 0x8, 0x80, 0xf, 0x29, 0x84, 0x80,
    0x7d, 0x60, 0xc4, 0x1, 0xe8, 0x11, 0x40, 0x7,
    0x85, 0xc2, 0x4, 0x3, 0xd6, 0x4, 0xc0, 0x1e,
    0x35, 0x9, 0x0, 0xfb, 0xc1, 0x10, 0x1, 0xe5,
    0x30, 0x90, 0xf, 0xac, 0x18, 0x80, 0x3d, 0x2,
    0x28, 0x0, 0xf9, 0x80, 0x7b, 0xff, 0xda, 0x1,
    0xff, 0x0,

    /* U+017C "ż" */
    0x0, 0xcd, 0xec, 0x1, 0xf6, 0x86, 0x80, 0x7d,
    0xd, 0x20, 0x1f, 0x1c, 0x90, 0x6, 0xff, 0xfd,
    0xc0, 0x45, 0xe0, 0xd, 0xbb, 0xd8, 0x21, 0x20,
    0x1e, 0xb1, 0x27, 0x0, 0xe4, 0x50, 0xe0, 0xf,
    0x48, 0x31, 0x80, 0x74, 0x10, 0xc0, 0x7, 0x13,
    0x85, 0x88, 0x7, 0x70, 0x22, 0x80, 0x73, 0x18,
    0x48, 0x7, 0xc, 0x4, 0x10, 0x7, 0x58, 0x93,
    0x80, 0x79, 0x40, 0xbb, 0xbb, 0x40, 0x30, 0x8f,
    0x10,

    /* U+017D "Ž" */
    0x0, 0x49, 0x0, 0x45, 0x20, 0x19, 0x76, 0x2,
    0x35, 0x40, 0x36, 0xab, 0xfb, 0xae, 0x80, 0x61,
    0xab, 0x4b, 0xa1, 0x0, 0xf2, 0x5a, 0x0, 0x6c,
    0xff, 0xfe, 0xd0, 0xf, 0xf0, 0xe7, 0xff, 0xb8,
    0x1, 0x40, 0x1f, 0x58, 0x13, 0x0, 0x78, 0xd4,
    0x24, 0x3, 0xef, 0x4, 0x40, 0x7, 0x94, 0xc2,
    0x40, 0x3e, 0xb0, 0x62, 0x0, 0xf4, 0x8, 0xa0,
    0x3, 0xc2, 0xe1, 0x2, 0x1, 0xeb, 0x2, 0x60,
    0xf, 0x1a, 0x84, 0x80, 0x7d, 0xe0, 0x88, 0x0,
    0xf2, 0x98, 0x48, 0x7, 0xd6, 0xc, 0x40, 0x1e,
    0x81, 0x14, 0x0, 0x7c, 0xc0, 0x3d, 0xff, 0xed,
    0x0, 0xff, 0x80,

    /* U+017E "ž" */
    0x0, 0xff, 0xe0, 0x59, 0x80, 0x49, 0x40, 0x13,
    0xe4, 0x94, 0xd8, 0x80, 0x58, 0xed, 0xac, 0xf6,
    0x1, 0xa3, 0x5b, 0x60, 0x3, 0xc5, 0x24, 0x1,
    0xbf, 0xff, 0x70, 0x11, 0x78, 0x3, 0x6e, 0xf6,
    0x8, 0x48, 0x7, 0xac, 0x49, 0xc0, 0x39, 0x14,
    0x38, 0x3, 0xd2, 0xc, 0x60, 0x1d, 0x4, 0x30,
    0x1, 0xc4, 0xe1, 0x62, 0x1, 0xdc, 0x8, 0xa0,
    0x1c, 0xc6, 0x12, 0x1, 0xc3, 0x1, 0x4, 0x1,
    0xd6, 0x24, 0xe0, 0x1e, 0x50, 0x2e, 0xee, 0xd0,
    0xc, 0x23, 0xc4,

    /* U+2013 "–" */
    0x2f, 0xff, 0xfe, 0x3, 0x0, 0x7f, 0xf0, 0x44,

    /* U+2014 "—" */
    0x2f, 0xff, 0xfe, 0x2b, 0x0, 0x7f, 0xf1, 0xc0,

    /* U+2018 "‘" */
    0x0, 0x2f, 0xa0, 0x3, 0x81, 0x40, 0x90, 0x84,
    0x28, 0x10, 0x0, 0xc1, 0x80, 0x6a, 0x88, 0x0,

    /* U+2019 "’" */
    0x0, 0x77, 0xb0, 0x18, 0x83, 0x2, 0x3, 0x0,
    0x30, 0x28, 0x0, 0xa6, 0x60, 0x15, 0x80, 0x0,

    /* U+201A "‚" */
    0x0, 0x3d, 0xb8, 0x2, 0x50, 0x80, 0x84, 0x4a,
    0x8, 0xc, 0x0, 0xc0, 0xa0, 0x2, 0x20, 0x80,

    /* U+201C "“" */
    0x0, 0x2f, 0xa0, 0x3f, 0x98, 0x3, 0x81, 0x42,
    0x80, 0xc0, 0x90, 0x84, 0xc9, 0x0, 0x14, 0x8,
    0x12, 0x18, 0x0, 0x60, 0xc1, 0x50, 0x40, 0x35,
    0x44, 0x2a, 0x29, 0x80,

    /* U+201D "”" */
    0x0, 0x77, 0xb0, 0x7f, 0x90, 0xc, 0x41, 0x90,
    0x5, 0x1, 0x1, 0x83, 0x2, 0x40, 0x18, 0x14,
    0xa, 0xc, 0x0, 0x53, 0x30, 0x92, 0x88, 0xa,
    0xc0, 0x12, 0x48, 0x0,

    /* U+201E "„" */
    0x0, 0x45, 0xb8, 0x45, 0xb0, 0x1, 0x90, 0x81,
    0xd0, 0x80, 0x84, 0x4a, 0x60, 0x48, 0x8, 0xc,
    0x8, 0x14, 0x0, 0xc0, 0xa0, 0xc0, 0x60, 0x2,
    0x20, 0x81, 0x14, 0x40,

    /* U+2022 "•" */
    0x0, 0x84, 0x3, 0xd, 0xf7, 0xd0, 0x2, 0xd0,
    0x0, 0xb0, 0x8, 0x1, 0x90, 0x3, 0xf3, 0x0,
    0x6a, 0x8, 0x71, 0x14, 0x30,

    /* U+2026 "…" */
    0x1, 0x0, 0xfc, 0x21, 0x3d, 0x20, 0x5d, 0xe4,
    0x13, 0xd2, 0xe0, 0xc0, 0x82, 0x8, 0xe, 0xd,
    0x20, 0xe0, 0xe4, 0x47, 0x9, 0x7,

    /* U+20AC "€" */
    0x0, 0xf8, 0xe7, 0x7f, 0xdb, 0x26, 0x1, 0xfc,
    0x35, 0x8c, 0x40, 0x2, 0x6c, 0xa0, 0xf, 0x87,
    0x54, 0x1a, 0xfb, 0x69, 0x1, 0x70, 0x3, 0xd4,
    0x61, 0x92, 0x82, 0x4b, 0x72, 0x7, 0x20, 0x19,
    0x50, 0x30, 0xc0, 0x3c, 0xcc, 0x6, 0x20, 0xb,
    0x81, 0x4c, 0x3, 0xf4, 0x41, 0xc4, 0xe6, 0x48,
    0x3, 0x33, 0xa0, 0x3, 0xb, 0xc1, 0xab, 0x30,
    0x0, 0x8c, 0xdc, 0x1, 0xf9, 0xbe, 0x0, 0xbf,
    0xfb, 0x80, 0x3f, 0xf8, 0x2, 0x1, 0xff, 0xc2,
    0x39, 0xb0, 0x39, 0x9e, 0x80, 0xf, 0xca, 0xc6,
    0x0, 0x66, 0xf0, 0x7, 0xe6, 0xff, 0x8, 0x3f,
    0xfe, 0xe0, 0xe, 0x33, 0x10, 0x5, 0x20, 0xe4,
    0x1, 0xf9, 0xf3, 0xc, 0x1, 0x39, 0x6, 0x10,
    0x7, 0x96, 0x1, 0x10, 0x1, 0xbc, 0x45, 0xb0,
    0x62, 0x49, 0x54, 0x2, 0xa0, 0xe, 0x2f, 0x30,
    0x7c, 0xed, 0xb5, 0x4, 0xc1, 0x0, 0xf0, 0xe5,
    0xa8, 0x80, 0x9, 0xae, 0xc2, 0x0
};


/*---------------------
 *  GLYPH DESCRIPTION
 *--------------------*/

static const lv_font_fmt_txt_glyph_dsc_t glyph_dsc[] = {
    {.bitmap_index = 0, .adv_w = 0, .box_w = 0, .box_h = 0, .ofs_x = 0, .ofs_y = 0} /* id = 0 reserved */,
    {.bitmap_index = 0, .adv_w = 103, .box_w = 0, .box_h = 0, .ofs_x = 0, .ofs_y = 0},
    {.bitmap_index = 0, .adv_w = 114, .box_w = 4, .box_h = 18, .ofs_x = 2, .ofs_y = 0},
    {.bitmap_index = 29, .adv_w = 112, .box_w = 7, .box_h = 5, .ofs_x = 0, .ofs_y = 15},
    {.bitmap_index = 46, .adv_w = 323, .box_w = 19, .box_h = 19, .ofs_x = 0, .ofs_y = 0},
    {.bitmap_index = 172, .adv_w = 239, .box_w = 12, .box_h = 22, .ofs_x = 1, .ofs_y = -2},
    {.bitmap_index = 280, .adv_w = 291, .box_w = 17, .box_h = 18, .ofs_x = 1, .ofs_y = 0},
    {.bitmap_index = 412, .adv_w = 284, .box_w = 18, .box_h = 18, .ofs_x = 0, .ofs_y = 0},
    {.bitmap_index = 542, .adv_w = 61, .box_w = 3, .box_h = 5, .ofs_x = 0, .ofs_y = 15},
    {.bitmap_index = 550, .adv_w = 174, .box_w = 9, .box_h = 28, .ofs_x = 2, .ofs_y = -5},
    {.bitmap_index = 643, .adv_w = 174, .box_w = 9, .box_h = 28, .ofs_x = 0, .ofs_y = -5},
    {.bitmap_index = 736, .adv_w = 187, .box_w = 10, .box_h = 10, .ofs_x = 1, .ofs_y = 9},
    {.bitmap_index = 784, .adv_w = 262, .box_w = 13, .box_h = 13, .ofs_x = 2, .ofs_y = 3},
    {.bitmap_index = 811, .adv_w = 76, .box_w = 6, .box_h = 7, .ofs_x = -1, .ofs_y = -4},
    {.bitmap_index = 832, .adv_w = 212, .box_w = 10, .box_h = 2, .ofs_x = 1, .ofs_y = 8},
    {.bitmap_index = 838, .adv_w = 81, .box_w = 3, .box_h = 4, .ofs_x = 1, .ofs_y = 0},
    {.bitmap_index = 844, .adv_w = 183, .box_w = 10, .box_h = 28, .ofs_x = 1, .ofs_y = -4},
    {.bitmap_index = 939, .adv_w = 241, .box_w = 13, .box_h = 19, .ofs_x = 1, .ofs_y = 0},
    {.bitmap_index = 1041, .adv_w = 123, .box_w = 6, .box_h = 19, .ofs_x = 0, .ofs_y = 0},
    {.bitmap_index = 1056, .adv_w = 221, .box_w = 12, .box_h = 19, .ofs_x = 1, .ofs_y = 0},
    {.bitmap_index = 1145, .adv_w = 226, .box_w = 12, .box_h = 19, .ofs_x = 1, .ofs_y = 0},
    {.bitmap_index = 1242, .adv_w = 242, .box_w = 15, .box_h = 18, .ofs_x = 0, .ofs_y = 0},
    {.bitmap_index = 1312, .adv_w = 241, .box_w = 13, .box_h = 19, .ofs_x = 1, .ofs_y = 0},
    {.bitmap_index = 1391, .adv_w = 244, .box_w = 13, .box_h = 19, .ofs_x = 1, .ofs_y = 0},
    {.bitmap_index = 1501, .adv_w = 210, .box_w = 13, .box_h = 19, .ofs_x = 0, .ofs_y = 0},
    {.bitmap_index = 1574, .adv_w = 242, .box_w = 13, .box_h = 19, .ofs_x = 1, .ofs_y = 0},
    {.bitmap_index = 1687, .adv_w = 242, .box_w = 13, .box_h = 19, .ofs_x = 1, .ofs_y = 0},
    {.bitmap_index = 1797, .adv_w = 82, .box_w = 3, .box_h = 14, .ofs_x = 1, .ofs_y = 0},
    {.bitmap_index = 1813, .adv_w = 101, .box_w = 5, .box_h = 18, .ofs_x = 0, .ofs_y = -4},
    {.bitmap_index = 1846, .adv_w = 213, .box_w = 9, .box_h = 12, .ofs_x = 2, .ofs_y = 3},
    {.bitmap_index = 1893, .adv_w = 278, .box_w = 13, .box_h = 7, .ofs_x = 2, .ofs_y = 6},
    {.bitmap_index = 1913, .adv_w = 207, .box_w = 9, .box_h = 12, .ofs_x = 2, .ofs_y = 3},
    {.bitmap_index = 1959, .adv_w = 201, .box_w = 12, .box_h = 18, .ofs_x = 0, .ofs_y = 0},
    {.bitmap_index = 2042, .adv_w = 389, .box_w = 22, .box_h = 21, .ofs_x = 1, .ofs_y = -5},
    {.bitmap_index = 2242, .adv_w = 259, .box_w = 16, .box_h = 18, .ofs_x = 0, .ofs_y = 0},
    {.bitmap_index = 2350, .adv_w = 235, .box_w = 13, .box_h = 18, .ofs_x = 1, .ofs_y = 0},
    {.bitmap_index = 2428, .adv_w = 296, .box_w = 17, .box_h = 18, .ofs_x = 1, .ofs_y = 0},
    {.bitmap_index = 2542, .adv_w = 271, .box_w = 15, .box_h = 18, .ofs_x = 1, .ofs_y = 0},
    {.bitmap_index = 2627, .adv_w = 197, .box_w = 10, .box_h = 18, .ofs_x = 1, .ofs_y = 0},
    {.bitmap_index = 2657, .adv_w = 194, .box_w = 11, .box_h = 18, .ofs_x = 1, .ofs_y = 0},
    {.bitmap_index = 2683, .adv_w = 299, .box_w = 17, .box_h = 18, .ofs_x = 1, .ofs_y = 0},
    {.bitmap_index = 2802, .adv_w = 266, .box_w = 14, .box_h = 18, .ofs_x = 1, .ofs_y = 0},
    {.bitmap_index = 2830, .adv_w = 94, .box_w = 4, .box_h = 18, .ofs_x = 1, .ofs_y = 0},
    {.bitmap_index = 2835, .adv_w = 204, .box_w = 11, .box_h = 18, .ofs_x = 0, .ofs_y = 0},
    {.bitmap_index = 2871, .adv_w = 230, .box_w = 13, .box_h = 18, .ofs_x = 1, .ofs_y = 0},
    {.bitmap_index = 2946, .adv_w = 166, .box_w = 9, .box_h = 18, .ofs_x = 1, .ofs_y = 0},
    {.bitmap_index = 2959, .adv_w = 331, .box_w = 18, .box_h = 18, .ofs_x = 1, .ofs_y = 0},
    {.bitmap_index = 3067, .adv_w = 270, .box_w = 14, .box_h = 18, .ofs_x = 1, .ofs_y = 0},
    {.bitmap_index = 3140, .adv_w = 302, .box_w = 17, .box_h = 18, .ofs_x = 1, .ofs_y = 0},
    {.bitmap_index = 3256, .adv_w = 222, .box_w = 13, .box_h = 18, .ofs_x = 1, .ofs_y = 0},
    {.bitmap_index = 3313, .adv_w = 303, .box_w = 18, .box_h = 21, .ofs_x = 1, .ofs_y = -3},
    {.bitmap_index = 3452, .adv_w = 233, .box_w = 13, .box_h = 18, .ofs_x = 1, .ofs_y = 0},
    {.bitmap_index = 3530, .adv_w = 225, .box_w = 12, .box_h = 18, .ofs_x = 1, .ofs_y = 0},
    {.bitmap_index = 3627, .adv_w = 208, .box_w = 13, .box_h = 18, .ofs_x = 0, .ofs_y = 0},
    {.bitmap_index = 3650, .adv_w = 259, .box_w = 14, .box_h = 18, .ofs_x = 1, .ofs_y = 0},
    {.bitmap_index = 3704, .adv_w = 260, .box_w = 16, .box_h = 18, .ofs_x = 0, .ofs_y = 0},
    {.bitmap_index = 3812, .adv_w = 375, .box_w = 23, .box_h = 18, .ofs_x = 0, .ofs_y = 0},
    {.bitmap_index = 3987, .adv_w = 238, .box_w = 13, .box_h = 18, .ofs_x = 1, .ofs_y = 0},
    {.bitmap_index = 4085, .adv_w = 224, .box_w = 14, .box_h = 18, .ofs_x = 0, .ofs_y = 0},
    {.bitmap_index = 4157, .adv_w = 208, .box_w = 11, .box_h = 18, .ofs_x = 1, .ofs_y = 0},
    {.bitmap_index = 4224, .adv_w = 162, .box_w = 5, .box_h = 28, .ofs_x = 3, .ofs_y = -5},
    {.bitmap_index = 4243, .adv_w = 253, .box_w = 10, .box_h = 28, .ofs_x = 3, .ofs_y = -4},
    {.bitmap_index = 4337, .adv_w = 162, .box_w = 5, .box_h = 28, .ofs_x = 2, .ofs_y = -5},
    {.bitmap_index = 4355, .adv_w = 242, .box_w = 15, .box_h = 13, .ofs_x = 0, .ofs_y = 4},
    {.bitmap_index = 4429, .adv_w = 281, .box_w = 14, .box_h = 3, .ofs_x = 2, .ofs_y = -3},
    {.bitmap_index = 4441, .adv_w = 99, .box_w = 6, .box_h = 6, .ofs_x = 0, .ofs_y = 14},
    {.bitmap_index = 4458, .adv_w = 260, .box_w = 14, .box_h = 14, .ofs_x = 1, .ofs_y = 0},
    {.bitmap_index = 4541, .adv_w = 260, .box_w = 15, .box_h = 19, .ofs_x = 1, .ofs_y = 0},
    {.bitmap_index = 4627, .adv_w = 233, .box_w = 13, .box_h = 14, .ofs_x = 1, .ofs_y = 0},
    {.bitmap_index = 4700, .adv_w = 260, .box_w = 14, .box_h = 19, .ofs_x = 1, .ofs_y = 0},
    {.bitmap_index = 4787, .adv_w = 238, .box_w = 13, .box_h = 14, .ofs_x = 1, .ofs_y = 0},
    {.bitmap_index = 4865, .adv_w = 126, .box_w = 8, .box_h = 20, .ofs_x = 0, .ofs_y = 0},
    {.bitmap_index = 4904, .adv_w = 260, .box_w = 14, .box_h = 21, .ofs_x = 1, .ofs_y = -7},
    {.bitmap_index = 5030, .adv_w = 246, .box_w = 13, .box_h = 19, .ofs_x = 1, .ofs_y = 0},
    {.bitmap_index = 5079, .adv_w = 94, .box_w = 4, .box_h = 20, .ofs_x = 1, .ofs_y = 0},
    {.bitmap_index = 5096, .adv_w = 95, .box_w = 6, .box_h = 27, .ofs_x = -1, .ofs_y = -7},
    {.bitmap_index = 5130, .adv_w = 198, .box_w = 12, .box_h = 19, .ofs_x = 1, .ofs_y = 0},
    {.bitmap_index = 5191, .adv_w = 94, .box_w = 4, .box_h = 19, .ofs_x = 1, .ofs_y = 0},
    {.bitmap_index = 5196, .adv_w = 396, .box_w = 22, .box_h = 14, .ofs_x = 1, .ofs_y = 0},
    {.bitmap_index = 5270, .adv_w = 246, .box_w = 13, .box_h = 14, .ofs_x = 1, .ofs_y = 0},
    {.bitmap_index = 5316, .adv_w = 246, .box_w = 14, .box_h = 14, .ofs_x = 1, .ofs_y = 0},
    {.bitmap_index = 5401, .adv_w = 260, .box_w = 15, .box_h = 21, .ofs_x = 1, .ofs_y = -7},
    {.bitmap_index = 5493, .adv_w = 260, .box_w = 14, .box_h = 21, .ofs_x = 1, .ofs_y = -7},
    {.bitmap_index = 5585, .adv_w = 143, .box_w = 8, .box_h = 14, .ofs_x = 1, .ofs_y = 0},
    {.bitmap_index = 5610, .adv_w = 200, .box_w = 11, .box_h = 14, .ofs_x = 1, .ofs_y = 0},
    {.bitmap_index = 5686, .adv_w = 140, .box_w = 8, .box_h = 18, .ofs_x = 0, .ofs_y = 0},
    {.bitmap_index = 5718, .adv_w = 246, .box_w = 13, .box_h = 14, .ofs_x = 1, .ofs_y = 0},
    {.bitmap_index = 5763, .adv_w = 215, .box_w = 14, .box_h = 14, .ofs_x = 0, .ofs_y = 0},
    {.bitmap_index = 5842, .adv_w = 315, .box_w = 20, .box_h = 14, .ofs_x = 0, .ofs_y = 0},
    {.bitmap_index = 5967, .adv_w = 184, .box_w = 12, .box_h = 14, .ofs_x = 0, .ofs_y = 0},
    {.bitmap_index = 6042, .adv_w = 216, .box_w = 14, .box_h = 21, .ofs_x = 0, .ofs_y = -7},
    {.bitmap_index = 6148, .adv_w = 175, .box_w = 10, .box_h = 14, .ofs_x = 0, .ofs_y = 0},
    {.bitmap_index = 6200, .adv_w = 177, .box_w = 8, .box_h = 28, .ofs_x = 2, .ofs_y = -5},
    {.bitmap_index = 6283, .adv_w = 112, .box_w = 3, .box_h = 23, .ofs_x = 2, .ofs_y = -3},
    {.bitmap_index = 6290, .adv_w = 177, .box_w = 8, .box_h = 28, .ofs_x = 1, .ofs_y = -5},
    {.bitmap_index = 6377, .adv_w = 199, .box_w = 12, .box_h = 4, .ofs_x = 0, .ofs_y = 6},
    {.bitmap_index = 6402, .adv_w = 103, .box_w = 0, .box_h = 0, .ofs_x = 0, .ofs_y = 0},
    {.bitmap_index = 6402, .adv_w = 114, .box_w = 4, .box_h = 18, .ofs_x = 2, .ofs_y = -4},
    {.bitmap_index = 6430, .adv_w = 255, .box_w = 13, .box_h = 18, .ofs_x = 1, .ofs_y = -2},
    {.bitmap_index = 6518, .adv_w = 238, .box_w = 13, .box_h = 18, .ofs_x = 1, .ofs_y = 0},
    {.bitmap_index = 6607, .adv_w = 206, .box_w = 11, .box_h = 12, .ofs_x = 1, .ofs_y = 3},
    {.bitmap_index = 6671, .adv_w = 228, .box_w = 14, .box_h = 18, .ofs_x = 0, .ofs_y = 0},
    {.bitmap_index = 6766, .adv_w = 112, .box_w = 3, .box_h = 23, .ofs_x = 2, .ofs_y = -3},
    {.bitmap_index = 6782, .adv_w = 221, .box_w = 12, .box_h = 23, .ofs_x = 1, .ofs_y = -5},
    {.bitmap_index = 6910, .adv_w = 121, .box_w = 7, .box_h = 3, .ofs_x = 0, .ofs_y = 16},
    {.bitmap_index = 6921, .adv_w = 304, .box_w = 17, .box_h = 18, .ofs_x = 1, .ofs_y = 0},
    {.bitmap_index = 7058, .adv_w = 173, .box_w = 10, .box_h = 9, .ofs_x = 0, .ofs_y = 8},
    {.bitmap_index = 7101, .adv_w = 177, .box_w = 9, .box_h = 9, .ofs_x = 1, .ofs_y = 3},
    {.bitmap_index = 7143, .adv_w = 250, .box_w = 15, .box_h = 6, .ofs_x = 0, .ofs_y = 5},
    {.bitmap_index = 7160, .adv_w = 212, .box_w = 10, .box_h = 2, .ofs_x = 1, .ofs_y = 8},
    {.bitmap_index = 7166, .adv_w = 195, .box_w = 10, .box_h = 10, .ofs_x = 1, .ofs_y = 7},
    {.bitmap_index = 7216, .adv_w = 149, .box_w = 9, .box_h = 2, .ofs_x = 0, .ofs_y = 16},
    {.bitmap_index = 7222, .adv_w = 157, .box_w = 10, .box_h = 10, .ofs_x = 0, .ofs_y = 8},
    {.bitmap_index = 7268, .adv_w = 263, .box_w = 13, .box_h = 13, .ofs_x = 2, .ofs_y = 3},
    {.bitmap_index = 7304, .adv_w = 127, .box_w = 7, .box_h = 9, .ofs_x = 0, .ofs_y = 8},
    {.bitmap_index = 7335, .adv_w = 127, .box_w = 8, .box_h = 9, .ofs_x = 0, .ofs_y = 8},
    {.bitmap_index = 7371, .adv_w = 95, .box_w = 6, .box_h = 6, .ofs_x = 0, .ofs_y = 14},
    {.bitmap_index = 7389, .adv_w = 248, .box_w = 13, .box_h = 21, .ofs_x = 1, .ofs_y = -7},
    {.bitmap_index = 7439, .adv_w = 229, .box_w = 13, .box_h = 18, .ofs_x = 0, .ofs_y = 0},
    {.bitmap_index = 7493, .adv_w = 81, .box_w = 4, .box_h = 4, .ofs_x = 1, .ofs_y = 7},
    {.bitmap_index = 7501, .adv_w = 104, .box_w = 7, .box_h = 8, .ofs_x = 0, .ofs_y = -7},
    {.bitmap_index = 7527, .adv_w = 75, .box_w = 4, .box_h = 9, .ofs_x = 0, .ofs_y = 8},
    {.bitmap_index = 7536, .adv_w = 167, .box_w = 10, .box_h = 9, .ofs_x = 0, .ofs_y = 8},
    {.bitmap_index = 7580, .adv_w = 177, .box_w = 9, .box_h = 9, .ofs_x = 1, .ofs_y = 3},
    {.bitmap_index = 7621, .adv_w = 246, .box_w = 15, .box_h = 19, .ofs_x = 0, .ofs_y = 0},
    {.bitmap_index = 7729, .adv_w = 259, .box_w = 16, .box_h = 19, .ofs_x = 0, .ofs_y = -1},
    {.bitmap_index = 7847, .adv_w = 272, .box_w = 17, .box_h = 19, .ofs_x = 0, .ofs_y = 0},
    {.bitmap_index = 7980, .adv_w = 199, .box_w = 11, .box_h = 18, .ofs_x = 1, .ofs_y = -4},
    {.bitmap_index = 8056, .adv_w = 259, .box_w = 16, .box_h = 24, .ofs_x = 0, .ofs_y = 0},
    {.bitmap_index = 8192, .adv_w = 259, .box_w = 16, .box_h = 24, .ofs_x = 0, .ofs_y = 0},
    {.bitmap_index = 8328, .adv_w = 259, .box_w = 16, .box_h = 24, .ofs_x = 0, .ofs_y = 0},
    {.bitmap_index = 8464, .adv_w = 259, .box_w = 16, .box_h = 22, .ofs_x = 0, .ofs_y = 0},
    {.bitmap_index = 8595, .adv_w = 259, .box_w = 16, .box_h = 22, .ofs_x = 0, .ofs_y = 0},
    {.bitmap_index = 8724, .adv_w = 259, .box_w = 16, .box_h = 24, .ofs_x = 0, .ofs_y = 0},
    {.bitmap_index = 8862, .adv_w = 346, .box_w = 21, .box_h = 18, .ofs_x = 0, .ofs_y = 0},
    {.bitmap_index = 8972, .adv_w = 296, .box_w = 17, .box_h = 25, .ofs_x = 1, .ofs_y = -7},
    {.bitmap_index = 9125, .adv_w = 197, .box_w = 10, .box_h = 24, .ofs_x = 1, .ofs_y = 0},
    {.bitmap_index = 9178, .adv_w = 197, .box_w = 10, .box_h = 24, .ofs_x = 1, .ofs_y = 0},
    {.bitmap_index = 9230, .adv_w = 197, .box_w = 10, .box_h = 23, .ofs_x = 1, .ofs_y = 0},
    {.bitmap_index = 9283, .adv_w = 197, .box_w = 10, .box_h = 22, .ofs_x = 1, .ofs_y = 0},
    {.bitmap_index = 9333, .adv_w = 94, .box_w = 6, .box_h = 24, .ofs_x = 0, .ofs_y = 0},
    {.bitmap_index = 9358, .adv_w = 94, .box_w = 6, .box_h = 24, .ofs_x = 0, .ofs_y = 0},
    {.bitmap_index = 9383, .adv_w = 94, .box_w = 8, .box_h = 24, .ofs_x = -1, .ofs_y = 0},
    {.bitmap_index = 9413, .adv_w = 94, .box_w = 8, .box_h = 22, .ofs_x = -1, .ofs_y = 0},
    {.bitmap_index = 9439, .adv_w = 278, .box_w = 17, .box_h = 18, .ofs_x = 0, .ofs_y = 0},
    {.bitmap_index = 9544, .adv_w = 270, .box_w = 14, .box_h = 22, .ofs_x = 1, .ofs_y = 0},
    {.bitmap_index = 9641, .adv_w = 302, .box_w = 17, .box_h = 24, .ofs_x = 1, .ofs_y = 0},
    {.bitmap_index = 9786, .adv_w = 302, .box_w = 17, .box_h = 24, .ofs_x = 1, .ofs_y = 0},
    {.bitmap_index = 9931, .adv_w = 302, .box_w = 17, .box_h = 23, .ofs_x = 1, .ofs_y = 0},
    {.bitmap_index = 10073, .adv_w = 302, .box_w = 17, .box_h = 22, .ofs_x = 1, .ofs_y = 0},
    {.bitmap_index = 10212, .adv_w = 302, .box_w = 17, .box_h = 22, .ofs_x = 1, .ofs_y = 0},
    {.bitmap_index = 10350, .adv_w = 247, .box_w = 11, .box_h = 12, .ofs_x = 2, .ofs_y = 3},
    {.bitmap_index = 10411, .adv_w = 302, .box_w = 19, .box_h = 18, .ofs_x = 0, .ofs_y = 0},
    {.bitmap_index = 10562, .adv_w = 259, .box_w = 14, .box_h = 24, .ofs_x = 1, .ofs_y = 0},
    {.bitmap_index = 10642, .adv_w = 259, .box_w = 14, .box_h = 24, .ofs_x = 1, .ofs_y = 0},
    {.bitmap_index = 10721, .adv_w = 259, .box_w = 14, .box_h = 24, .ofs_x = 1, .ofs_y = 0},
    {.bitmap_index = 10802, .adv_w = 259, .box_w = 14, .box_h = 22, .ofs_x = 1, .ofs_y = 0},
    {.bitmap_index = 10877, .adv_w = 224, .box_w = 14, .box_h = 24, .ofs_x = 0, .ofs_y = 0},
    {.bitmap_index = 10974, .adv_w = 222, .box_w = 13, .box_h = 18, .ofs_x = 1, .ofs_y = 0},
    {.bitmap_index = 11026, .adv_w = 262, .box_w = 14, .box_h = 20, .ofs_x = 1, .ofs_y = 0},
    {.bitmap_index = 11137, .adv_w = 260, .box_w = 14, .box_h = 20, .ofs_x = 1, .ofs_y = 0},
    {.bitmap_index = 11245, .adv_w = 260, .box_w = 14, .box_h = 20, .ofs_x = 1, .ofs_y = 0},
    {.bitmap_index = 11352, .adv_w = 260, .box_w = 14, .box_h = 19, .ofs_x = 1, .ofs_y = 0},
    {.bitmap_index = 11460, .adv_w = 260, .box_w = 14, .box_h = 18, .ofs_x = 1, .ofs_y = 0},
    {.bitmap_index = 11565, .adv_w = 260, .box_w = 14, .box_h = 19, .ofs_x = 1, .ofs_y = 0},
    {.bitmap_index = 11670, .adv_w = 260, .box_w = 14, .box_h = 22, .ofs_x = 1, .ofs_y = 0},
    {.bitmap_index = 11787, .adv_w = 421, .box_w = 25, .box_h = 14, .ofs_x = 1, .ofs_y = 0},
    {.bitmap_index = 11936, .adv_w = 233, .box_w = 13, .box_h = 21, .ofs_x = 1, .ofs_y = -7},
    {.bitmap_index = 12045, .adv_w = 238, .box_w = 13, .box_h = 20, .ofs_x = 1, .ofs_y = 0},
    {.bitmap_index = 12146, .adv_w = 238, .box_w = 13, .box_h = 20, .ofs_x = 1, .ofs_y = 0},
    {.bitmap_index = 12247, .adv_w = 238, .box_w = 13, .box_h = 19, .ofs_x = 1, .ofs_y = 0},
    {.bitmap_index = 12348, .adv_w = 238, .box_w = 13, .box_h = 19, .ofs_x = 1, .ofs_y = 0},
    {.bitmap_index = 12448, .adv_w = 94, .box_w = 6, .box_h = 20, .ofs_x = 0, .ofs_y = 0},
    {.bitmap_index = 12472, .adv_w = 94, .box_w = 6, .box_h = 20, .ofs_x = 0, .ofs_y = 0},
    {.bitmap_index = 12496, .adv_w = 94, .box_w = 8, .box_h = 20, .ofs_x = -1, .ofs_y = 0},
    {.bitmap_index = 12526, .adv_w = 94, .box_w = 8, .box_h = 19, .ofs_x = -1, .ofs_y = 0},
    {.bitmap_index = 12553, .adv_w = 245, .box_w = 14, .box_h = 20, .ofs_x = 1, .ofs_y = 0},
    {.bitmap_index = 12668, .adv_w = 246, .box_w = 13, .box_h = 18, .ofs_x = 1, .ofs_y = 0},
    {.bitmap_index = 12736, .adv_w = 246, .box_w = 14, .box_h = 20, .ofs_x = 1, .ofs_y = 0},
    {.bitmap_index = 12846, .adv_w = 246, .box_w = 14, .box_h = 20, .ofs_x = 1, .ofs_y = 0},
    {.bitmap_index = 12955, .adv_w = 246, .box_w = 14, .box_h = 20, .ofs_x = 1, .ofs_y = 0},
    {.bitmap_index = 13065, .adv_w = 246, .box_w = 14, .box_h = 18, .ofs_x = 1, .ofs_y = 0},
    {.bitmap_index = 13172, .adv_w = 246, .box_w = 14, .box_h = 19, .ofs_x = 1, .ofs_y = 0},
    {.bitmap_index = 13279, .adv_w = 252, .box_w = 14, .box_h = 14, .ofs_x = 1, .ofs_y = 2},
    {.bitmap_index = 13326, .adv_w = 246, .box_w = 15, .box_h = 14, .ofs_x = 0, .ofs_y = 0},
    {.bitmap_index = 13428, .adv_w = 246, .box_w = 13, .box_h = 20, .ofs_x = 1, .ofs_y = 0},
    {.bitmap_index = 13498, .adv_w = 246, .box_w = 13, .box_h = 20, .ofs_x = 1, .ofs_y = 0},
    {.bitmap_index = 13567, .adv_w = 246, .box_w = 13, .box_h = 20, .ofs_x = 1, .ofs_y = 0},
    {.bitmap_index = 13639, .adv_w = 246, .box_w = 13, .box_h = 19, .ofs_x = 1, .ofs_y = 0},
    {.bitmap_index = 13708, .adv_w = 216, .box_w = 14, .box_h = 27, .ofs_x = 0, .ofs_y = -7},
    {.bitmap_index = 13839, .adv_w = 260, .box_w = 15, .box_h = 26, .ofs_x = 1, .ofs_y = -7},
    {.bitmap_index = 13934, .adv_w = 216, .box_w = 14, .box_h = 26, .ofs_x = 0, .ofs_y = -7},
    {.bitmap_index = 14063, .adv_w = 259, .box_w = 16, .box_h = 22, .ofs_x = 0, .ofs_y = 0},
    {.bitmap_index = 14185, .adv_w = 260, .box_w = 14, .box_h = 18, .ofs_x = 1, .ofs_y = 0},
    {.bitmap_index = 14282, .adv_w = 259, .box_w = 16, .box_h = 23, .ofs_x = 0, .ofs_y = 0},
    {.bitmap_index = 14417, .adv_w = 260, .box_w = 14, .box_h = 19, .ofs_x = 1, .ofs_y = 0},
    {.bitmap_index = 14526, .adv_w = 259, .box_w = 16, .box_h = 23, .ofs_x = 0, .ofs_y = -5},
    {.bitmap_index = 14659, .adv_w = 260, .box_w = 14, .box_h = 19, .ofs_x = 1, .ofs_y = -5},
    {.bitmap_index = 14766, .adv_w = 296, .box_w = 17, .box_h = 24, .ofs_x = 1, .ofs_y = 0},
    {.bitmap_index = 14910, .adv_w = 233, .box_w = 13, .box_h = 20, .ofs_x = 1, .ofs_y = 0},
    {.bitmap_index = 15007, .adv_w = 296, .box_w = 17, .box_h = 22, .ofs_x = 1, .ofs_y = 0},
    {.bitmap_index = 15139, .adv_w = 233, .box_w = 13, .box_h = 18, .ofs_x = 1, .ofs_y = 0},
    {.bitmap_index = 15227, .adv_w = 296, .box_w = 17, .box_h = 23, .ofs_x = 1, .ofs_y = 0},
    {.bitmap_index = 15369, .adv_w = 233, .box_w = 13, .box_h = 19, .ofs_x = 1, .ofs_y = 0},
    {.bitmap_index = 15466, .adv_w = 271, .box_w = 15, .box_h = 23, .ofs_x = 1, .ofs_y = 0},
    {.bitmap_index = 15577, .adv_w = 290, .box_w = 18, .box_h = 19, .ofs_x = 1, .ofs_y = 0},
    {.bitmap_index = 15690, .adv_w = 278, .box_w = 17, .box_h = 18, .ofs_x = 0, .ofs_y = 0},
    {.bitmap_index = 15795, .adv_w = 259, .box_w = 15, .box_h = 19, .ofs_x = 1, .ofs_y = 0},
    {.bitmap_index = 15901, .adv_w = 197, .box_w = 10, .box_h = 22, .ofs_x = 1, .ofs_y = 0},
    {.bitmap_index = 15942, .adv_w = 238, .box_w = 13, .box_h = 18, .ofs_x = 1, .ofs_y = 0},
    {.bitmap_index = 16033, .adv_w = 197, .box_w = 10, .box_h = 23, .ofs_x = 1, .ofs_y = 0},
    {.bitmap_index = 16087, .adv_w = 238, .box_w = 13, .box_h = 19, .ofs_x = 1, .ofs_y = 0},
    {.bitmap_index = 16189, .adv_w = 197, .box_w = 10, .box_h = 22, .ofs_x = 1, .ofs_y = 0},
    {.bitmap_index = 16234, .adv_w = 238, .box_w = 13, .box_h = 18, .ofs_x = 1, .ofs_y = 0},
    {.bitmap_index = 16326, .adv_w = 197, .box_w = 11, .box_h = 23, .ofs_x = 1, .ofs_y = -5},
    {.bitmap_index = 16378, .adv_w = 238, .box_w = 13, .box_h = 19, .ofs_x = 1, .ofs_y = -5},
    {.bitmap_index = 16480, .adv_w = 197, .box_w = 10, .box_h = 23, .ofs_x = 1, .ofs_y = 0},
    {.bitmap_index = 16533, .adv_w = 238, .box_w = 13, .box_h = 19, .ofs_x = 1, .ofs_y = 0},
    {.bitmap_index = 16634, .adv_w = 299, .box_w = 17, .box_h = 23, .ofs_x = 1, .ofs_y = 0},
    {.bitmap_index = 16780, .adv_w = 260, .box_w = 14, .box_h = 26, .ofs_x = 1, .ofs_y = -7},
    {.bitmap_index = 16932, .adv_w = 299, .box_w = 17, .box_h = 22, .ofs_x = 1, .ofs_y = 0},
    {.bitmap_index = 17069, .adv_w = 260, .box_w = 14, .box_h = 25, .ofs_x = 1, .ofs_y = -7},
    {.bitmap_index = 17210, .adv_w = 299, .box_w = 17, .box_h = 25, .ofs_x = 1, .ofs_y = -7},
    {.bitmap_index = 17355, .adv_w = 260, .box_w = 14, .box_h = 27, .ofs_x = 1, .ofs_y = -7},
    {.bitmap_index = 17504, .adv_w = 94, .box_w = 8, .box_h = 22, .ofs_x = -1, .ofs_y = 0},
    {.bitmap_index = 17529, .adv_w = 94, .box_w = 8, .box_h = 18, .ofs_x = -1, .ofs_y = 0},
    {.bitmap_index = 17554, .adv_w = 94, .box_w = 10, .box_h = 22, .ofs_x = -2, .ofs_y = 0},
    {.bitmap_index = 17577, .adv_w = 94, .box_w = 10, .box_h = 18, .ofs_x = -2, .ofs_y = 0},
    {.bitmap_index = 17597, .adv_w = 94, .box_w = 8, .box_h = 23, .ofs_x = -1, .ofs_y = 0},
    {.bitmap_index = 17626, .adv_w = 94, .box_w = 8, .box_h = 19, .ofs_x = -1, .ofs_y = 0},
    {.bitmap_index = 17654, .adv_w = 94, .box_w = 6, .box_h = 23, .ofs_x = -1, .ofs_y = -5},
    {.bitmap_index = 17681, .adv_w = 94, .box_w = 6, .box_h = 25, .ofs_x = -1, .ofs_y = -5},
    {.bitmap_index = 17719, .adv_w = 94, .box_w = 4, .box_h = 22, .ofs_x = 1, .ofs_y = 0},
    {.bitmap_index = 17732, .adv_w = 94, .box_w = 4, .box_h = 14, .ofs_x = 1, .ofs_y = 0},
    {.bitmap_index = 17737, .adv_w = 230, .box_w = 13, .box_h = 25, .ofs_x = 1, .ofs_y = -7},
    {.bitmap_index = 17838, .adv_w = 198, .box_w = 12, .box_h = 26, .ofs_x = 1, .ofs_y = -7},
    {.bitmap_index = 17923, .adv_w = 166, .box_w = 9, .box_h = 24, .ofs_x = 1, .ofs_y = 0},
    {.bitmap_index = 17957, .adv_w = 94, .box_w = 6, .box_h = 25, .ofs_x = 0, .ofs_y = 0},
    {.bitmap_index = 17982, .adv_w = 166, .box_w = 9, .box_h = 25, .ofs_x = 1, .ofs_y = -7},
    {.bitmap_index = 18015, .adv_w = 94, .box_w = 4, .box_h = 26, .ofs_x = 1, .ofs_y = -7},
    {.bitmap_index = 18033, .adv_w = 171, .box_w = 9, .box_h = 18, .ofs_x = 1, .ofs_y = 0},
    {.bitmap_index = 18063, .adv_w = 142, .box_w = 8, .box_h = 19, .ofs_x = 1, .ofs_y = 0},
    {.bitmap_index = 18087, .adv_w = 166, .box_w = 9, .box_h = 18, .ofs_x = 1, .ofs_y = 0},
    {.bitmap_index = 18111, .adv_w = 113, .box_w = 7, .box_h = 19, .ofs_x = 1, .ofs_y = 0},
    {.bitmap_index = 18129, .adv_w = 168, .box_w = 11, .box_h = 18, .ofs_x = 0, .ofs_y = 0},
    {.bitmap_index = 18165, .adv_w = 96, .box_w = 6, .box_h = 19, .ofs_x = 0, .ofs_y = 0},
    {.bitmap_index = 18186, .adv_w = 270, .box_w = 14, .box_h = 24, .ofs_x = 1, .ofs_y = 0},
    {.bitmap_index = 18284, .adv_w = 246, .box_w = 13, .box_h = 20, .ofs_x = 1, .ofs_y = 0},
    {.bitmap_index = 18355, .adv_w = 270, .box_w = 14, .box_h = 25, .ofs_x = 1, .ofs_y = -7},
    {.bitmap_index = 18455, .adv_w = 246, .box_w = 13, .box_h = 21, .ofs_x = 1, .ofs_y = -7},
    {.bitmap_index = 18526, .adv_w = 270, .box_w = 14, .box_h = 23, .ofs_x = 1, .ofs_y = 0},
    {.bitmap_index = 18625, .adv_w = 246, .box_w = 13, .box_h = 19, .ofs_x = 1, .ofs_y = 0},
    {.bitmap_index = 18695, .adv_w = 302, .box_w = 17, .box_h = 22, .ofs_x = 1, .ofs_y = 0},
    {.bitmap_index = 18826, .adv_w = 246, .box_w = 14, .box_h = 18, .ofs_x = 1, .ofs_y = 0},
    {.bitmap_index = 18925, .adv_w = 302, .box_w = 17, .box_h = 23, .ofs_x = 1, .ofs_y = 0},
    {.bitmap_index = 19068, .adv_w = 246, .box_w = 14, .box_h = 19, .ofs_x = 1, .ofs_y = 0},
    {.bitmap_index = 19175, .adv_w = 302, .box_w = 17, .box_h = 23, .ofs_x = 1, .ofs_y = 0},
    {.bitmap_index = 19319, .adv_w = 246, .box_w = 14, .box_h = 20, .ofs_x = 1, .ofs_y = 0},
    {.bitmap_index = 19434, .adv_w = 417, .box_w = 24, .box_h = 18, .ofs_x = 1, .ofs_y = 0},
    {.bitmap_index = 19578, .adv_w = 415, .box_w = 24, .box_h = 14, .ofs_x = 1, .ofs_y = 0},
    {.bitmap_index = 19722, .adv_w = 233, .box_w = 13, .box_h = 24, .ofs_x = 1, .ofs_y = 0},
    {.bitmap_index = 19825, .adv_w = 143, .box_w = 8, .box_h = 20, .ofs_x = 1, .ofs_y = 0},
    {.bitmap_index = 19871, .adv_w = 233, .box_w = 13, .box_h = 25, .ofs_x = 1, .ofs_y = -7},
    {.bitmap_index = 19972, .adv_w = 143, .box_w = 8, .box_h = 21, .ofs_x = 1, .ofs_y = -7},
    {.bitmap_index = 20016, .adv_w = 233, .box_w = 13, .box_h = 23, .ofs_x = 1, .ofs_y = 0},
    {.bitmap_index = 20119, .adv_w = 143, .box_w = 8, .box_h = 19, .ofs_x = 1, .ofs_y = 0},
    {.bitmap_index = 20164, .adv_w = 225, .box_w = 12, .box_h = 24, .ofs_x = 1, .ofs_y = 0},
    {.bitmap_index = 20284, .adv_w = 200, .box_w = 11, .box_h = 20, .ofs_x = 1, .ofs_y = 0},
    {.bitmap_index = 20382, .adv_w = 225, .box_w = 12, .box_h = 25, .ofs_x = 1, .ofs_y = -7},
    {.bitmap_index = 20508, .adv_w = 200, .box_w = 11, .box_h = 21, .ofs_x = 1, .ofs_y = -7},
    {.bitmap_index = 20614, .adv_w = 225, .box_w = 12, .box_h = 23, .ofs_x = 1, .ofs_y = 0},
    {.bitmap_index = 20735, .adv_w = 200, .box_w = 11, .box_h = 20, .ofs_x = 1, .ofs_y = 0},
    {.bitmap_index = 20836, .adv_w = 208, .box_w = 13, .box_h = 25, .ofs_x = 0, .ofs_y = -7},
    {.bitmap_index = 20887, .adv_w = 140, .box_w = 9, .box_h = 25, .ofs_x = 0, .ofs_y = -7},
    {.bitmap_index = 20946, .adv_w = 208, .box_w = 13, .box_h = 23, .ofs_x = 0, .ofs_y = 0},
    {.bitmap_index = 20994, .adv_w = 141, .box_w = 9, .box_h = 20, .ofs_x = 0, .ofs_y = 0},
    {.bitmap_index = 21041, .adv_w = 259, .box_w = 14, .box_h = 22, .ofs_x = 1, .ofs_y = 0},
    {.bitmap_index = 21117, .adv_w = 246, .box_w = 13, .box_h = 18, .ofs_x = 1, .ofs_y = 0},
    {.bitmap_index = 21185, .adv_w = 259, .box_w = 14, .box_h = 22, .ofs_x = 1, .ofs_y = 0},
    {.bitmap_index = 21254, .adv_w = 246, .box_w = 13, .box_h = 18, .ofs_x = 1, .ofs_y = 0},
    {.bitmap_index = 21314, .adv_w = 259, .box_w = 14, .box_h = 23, .ofs_x = 1, .ofs_y = 0},
    {.bitmap_index = 21395, .adv_w = 246, .box_w = 13, .box_h = 19, .ofs_x = 1, .ofs_y = 0},
    {.bitmap_index = 21467, .adv_w = 259, .box_w = 14, .box_h = 24, .ofs_x = 1, .ofs_y = 0},
    {.bitmap_index = 21551, .adv_w = 246, .box_w = 13, .box_h = 22, .ofs_x = 1, .ofs_y = 0},
    {.bitmap_index = 21631, .adv_w = 259, .box_w = 14, .box_h = 23, .ofs_x = 1, .ofs_y = 0},
    {.bitmap_index = 21711, .adv_w = 246, .box_w = 13, .box_h = 19, .ofs_x = 1, .ofs_y = 0},
    {.bitmap_index = 21782, .adv_w = 259, .box_w = 14, .box_h = 23, .ofs_x = 1, .ofs_y = -5},
    {.bitmap_index = 21859, .adv_w = 246, .box_w = 13, .box_h = 19, .ofs_x = 1, .ofs_y = -5},
    {.bitmap_index = 21927, .adv_w = 375, .box_w = 23, .box_h = 24, .ofs_x = 0, .ofs_y = 0},
    {.bitmap_index = 22138, .adv_w = 315, .box_w = 20, .box_h = 20, .ofs_x = 0, .ofs_y = 0},
    {.bitmap_index = 22297, .adv_w = 224, .box_w = 14, .box_h = 24, .ofs_x = 0, .ofs_y = 0},
    {.bitmap_index = 22397, .adv_w = 216, .box_w = 14, .box_h = 27, .ofs_x = 0, .ofs_y = -7},
    {.bitmap_index = 22531, .adv_w = 224, .box_w = 14, .box_h = 22, .ofs_x = 0, .ofs_y = 0},
    {.bitmap_index = 22625, .adv_w = 208, .box_w = 11, .box_h = 24, .ofs_x = 1, .ofs_y = 0},
    {.bitmap_index = 22715, .adv_w = 175, .box_w = 10, .box_h = 20, .ofs_x = 0, .ofs_y = 0},
    {.bitmap_index = 22788, .adv_w = 208, .box_w = 11, .box_h = 22, .ofs_x = 1, .ofs_y = 0},
    {.bitmap_index = 22870, .adv_w = 175, .box_w = 10, .box_h = 18, .ofs_x = 0, .ofs_y = 0},
    {.bitmap_index = 22935, .adv_w = 208, .box_w = 11, .box_h = 23, .ofs_x = 1, .ofs_y = 0},
    {.bitmap_index = 23026, .adv_w = 175, .box_w = 10, .box_h = 20, .ofs_x = 0, .ofs_y = 0},
    {.bitmap_index = 23101, .adv_w = 260, .box_w = 14, .box_h = 2, .ofs_x = 1, .ofs_y = 8},
    {.bitmap_index = 23109, .adv_w = 340, .box_w = 19, .box_h = 2, .ofs_x = 1, .ofs_y = 8},
    {.bitmap_index = 23117, .adv_w = 84, .box_w = 5, .box_h = 6, .ofs_x = 0, .ofs_y = 12},
    {.bitmap_index = 23133, .adv_w = 84, .box_w = 5, .box_h = 6, .ofs_x = 0, .ofs_y = 12},
    {.bitmap_index = 23149, .adv_w = 71, .box_w = 5, .box_h = 6, .ofs_x = -1, .ofs_y = -3},
    {.bitmap_index = 23165, .adv_w = 146, .box_w = 9, .box_h = 6, .ofs_x = 0, .ofs_y = 12},
    {.bitmap_index = 23193, .adv_w = 146, .box_w = 9, .box_h = 6, .ofs_x = 0, .ofs_y = 12},
    {.bitmap_index = 23221, .adv_w = 134, .box_w = 9, .box_h = 6, .ofs_x = -1, .ofs_y = -3},
    {.bitmap_index = 23249, .adv_w = 158, .box_w = 7, .box_h = 7, .ofs_x = 1, .ofs_y = 5},
    {.bitmap_index = 23270, .adv_w = 223, .box_w = 12, .box_h = 4, .ofs_x = 1, .ofs_y = 0},
    {.bitmap_index = 23292, .adv_w = 311, .box_w = 19, .box_h = 18, .ofs_x = 0, .ofs_y = 0}
};

/*---------------------
 *  CHARACTER MAPPING
 *--------------------*/

static const uint8_t glyph_id_ofs_list_3[] = {
    0, 1, 2, 3, 4, 5, 0, 0,
    0, 0, 6, 7, 8, 9, 10, 11,
    12, 13, 14, 15, 0, 0, 0, 0,
    16, 17, 0, 18, 19, 20, 21, 22,
    23, 24, 25, 26, 27, 28, 29, 30,
    31, 32, 33, 0, 0, 0, 34, 35,
    36, 37, 38, 39, 40, 41, 42, 43,
    44, 45, 46, 47, 48, 49, 0, 0,
    50, 51, 52, 53, 54, 55, 56, 57
};

static const uint16_t unicode_list_5[] = {
    0x0, 0x1, 0x5, 0x6, 0x7, 0x9, 0xa, 0xb,
    0xf, 0x13, 0x99
};

/*Collect the unicode lists and glyph_id offsets*/
static const lv_font_fmt_txt_cmap_t cmaps[] =
{
    {
        .range_start = 32, .range_length = 95, .glyph_id_start = 1,
        .unicode_list = NULL, .glyph_id_ofs_list = NULL, .list_length = 0, .type = LV_FONT_FMT_TXT_CMAP_FORMAT0_TINY
    },
    {
        .range_start = 160, .range_length = 104, .glyph_id_start = 96,
        .unicode_list = NULL, .glyph_id_ofs_list = NULL, .list_length = 0, .type = LV_FONT_FMT_TXT_CMAP_FORMAT0_TINY
    },
    {
        .range_start = 266, .range_length = 18, .glyph_id_start = 200,
        .unicode_list = NULL, .glyph_id_ofs_list = NULL, .list_length = 0, .type = LV_FONT_FMT_TXT_CMAP_FORMAT0_TINY
    },
    {
        .range_start = 286, .range_length = 72, .glyph_id_start = 218,
        .unicode_list = NULL, .glyph_id_ofs_list = glyph_id_ofs_list_3, .list_length = 72, .type = LV_FONT_FMT_TXT_CMAP_FORMAT0_FULL
    },
    {
        .range_start = 360, .range_length = 23, .glyph_id_start = 276,
        .unicode_list = NULL, .glyph_id_ofs_list = NULL, .list_length = 0, .type = LV_FONT_FMT_TXT_CMAP_FORMAT0_TINY
    },
    {
        .range_start = 8211, .range_length = 154, .glyph_id_start = 299,
        .unicode_list = unicode_list_5, .glyph_id_ofs_list = NULL, .list_length = 11, .type = LV_FONT_FMT_TXT_CMAP_SPARSE_TINY
    }
};



/*--------------------
 *  ALL CUSTOM DATA
 *--------------------*/

#if LVGL_VERSION_MAJOR == 8
/*Store all the custom data of the font*/
static  lv_font_fmt_txt_glyph_cache_t cache;
#endif

#if LVGL_VERSION_MAJOR >= 8
static const lv_font_fmt_txt_dsc_t font_dsc = {
#else
static lv_font_fmt_txt_dsc_t font_dsc = {
#endif
    .glyph_bitmap = glyph_bitmap,
    .glyph_dsc = glyph_dsc,
    .cmaps = cmaps,
    .kern_dsc = NULL,
    .kern_scale = 0,
    .cmap_num = 6,
    .bpp = 4,
    .kern_classes = 0,
    .bitmap_format = 1,
#if LVGL_VERSION_MAJOR == 8
    .cache = &cache
#endif
};

extern const lv_font_t lv_font_montserrat_22;


/*-----------------
 *  PUBLIC FONT
 *----------------*/

/*Initialize a public general font descriptor*/
#if LVGL_VERSION_MAJOR >= 8
const lv_font_t poppins_regular_24 = {
#else
lv_font_t poppins_regular_24 = {
#endif
    .get_glyph_dsc = lv_font_get_glyph_dsc_fmt_txt,    /*Function pointer to get glyph's data*/
    .get_glyph_bitmap = lv_font_get_bitmap_fmt_txt,    /*Function pointer to get glyph's bitmap*/
    .line_height = 32,          /*The maximum line height required by the font*/
    .base_line = 7,             /*Baseline measured from the bottom of the line*/
#if !(LVGL_VERSION_MAJOR == 6 && LVGL_VERSION_MINOR == 0)
    .subpx = LV_FONT_SUBPX_NONE,
#endif
#if LV_VERSION_CHECK(7, 4, 0) || LVGL_VERSION_MAJOR >= 8
    .underline_position = -2,
    .underline_thickness = 1,
#endif
    .dsc = &font_dsc,          /*The custom font data. Will be accessed by `get_glyph_bitmap/dsc` */
#if LV_VERSION_CHECK(8, 2, 0) || LVGL_VERSION_MAJOR >= 9
    .fallback = &lv_font_montserrat_22,
#endif
    .user_data = NULL,
};



#endif /*#if POPPINS_REGULAR_24*/

