/*******************************************************************************
 * Size: 14 px
 * Bpp: 4
 * Opts: --bpp 4 --format lvgl --lv-include lvgl.h --lv-font-name poppins_regular_14 --lv-fallback lv_font_montserrat_14 --size 14 --font C:\Projects\OfflineWorkspace\PROJEKTY\PROJEKTY_W_BUDOWIE\Guiton_BETTA\.tmp_fonts\Poppins-Regular.ttf -r 0x20-0x7F -r 0xA0-0xFF -r 0x100-0x17F -r 0x2013-0x2014 -r 0x2018-0x201E -r 0x2022 -r 0x2026 -r 0x20AC -o C:\Projects\OfflineWorkspace\PROJEKTY\PROJEKTY_W_BUDOWIE\Guiton_BETTA\main\ui\fonts\poppins_regular_14.c
 ******************************************************************************/

#ifdef LV_LVGL_H_INCLUDE_SIMPLE
#include "lvgl.h"
#else
#include "lvgl.h"
#endif

#ifndef POPPINS_REGULAR_14
#define POPPINS_REGULAR_14 1
#endif

#if POPPINS_REGULAR_14

/*-----------------
 *    BITMAPS
 *----------------*/

/*Store the image of the glyphs*/
static LV_ATTRIBUTE_LARGE_CONST const uint8_t glyph_bitmap[] = {
    /* U+0020 " " */

    /* U+0021 "!" */
    0xab, 0x30, 0x0, 0x80, 0x4, 0x0, 0x60, 0x9,
    0x87, 0x9f, 0x30,

    /* U+0022 "\"" */
    0x69, 0x87, 0x0, 0xbc, 0x1, 0xfe,

    /* U+0023 "#" */
    0x0, 0xda, 0xc0, 0xa, 0x80, 0xe, 0x24, 0x0,
    0x26, 0x80, 0x63, 0x2, 0x1, 0x13, 0x80, 0x2f,
    0xf0, 0x3f, 0xdc, 0x1b, 0xe1, 0x5a, 0x8d, 0xba,
    0x73, 0xdd, 0x0, 0x93, 0x79, 0x14, 0x84, 0x40,
    0x8, 0x94, 0x0, 0xfc, 0x0, 0x8f, 0xf0, 0x67,
    0xf8, 0xa7, 0xce, 0x75, 0xcb, 0x75, 0x21, 0xba,
    0x31, 0x22, 0x21, 0x10, 0x50, 0x88, 0x1, 0x3f,
    0x80, 0x34, 0xc0, 0x20,

    /* U+0024 "$" */
    0x0, 0x89, 0x0, 0x3c, 0xd8, 0x1, 0x8a, 0xec,
    0xf8, 0x40, 0xf, 0x1a, 0x66, 0x60, 0x9, 0x40,
    0x8a, 0xe4, 0x44, 0xa, 0x0, 0x17, 0x10, 0xa8,
    0xa3, 0x20, 0x9, 0x7e, 0x5b, 0x68, 0x3, 0x1a,
    0xea, 0x98, 0x51, 0x0, 0x8, 0x18, 0x1b, 0x88,
    0x1c, 0x10, 0x35, 0xa5, 0xeb, 0x4, 0x6, 0xad,
    0xf4, 0xc0,

    /* U+0025 "%" */
    0xa, 0xdc, 0x10, 0x6, 0x38, 0x1, 0x47, 0x6e,
    0x1, 0x49, 0xc0, 0x2, 0xe0, 0x1, 0xb, 0xb0,
    0x4, 0x88, 0xcd, 0x97, 0x25, 0x0, 0xd1, 0x94,
    0x11, 0xe0, 0x1f, 0xa1, 0x4c, 0x3, 0xe3, 0x6b,
    0x4c, 0xc2, 0x0, 0x6f, 0x71, 0xad, 0xea, 0x0,
    0x94, 0xa0, 0x0, 0x24, 0x1, 0xa2, 0x0, 0x8,
    0xbb, 0x80,

    /* U+0026 "&" */
    0x0, 0x1e, 0xfe, 0x98, 0x7, 0xb5, 0x39, 0xf8,
    0x3, 0xc3, 0x83, 0x7c, 0x1, 0xe8, 0x80, 0x88,
    0xc0, 0x39, 0x24, 0x30, 0x40, 0x8, 0x60, 0x37,
    0x1a, 0x98, 0x25, 0x6e, 0xe, 0x4c, 0x12, 0xf9,
    0xca, 0x80, 0x3, 0x0, 0xa8, 0x4e, 0x40, 0xe,
    0x34, 0x66, 0x93, 0x37, 0x0, 0x7, 0x7, 0x30,
    0x59, 0x80, 0xc0,

    /* U+0027 "'" */
    0x69, 0x3, 0x38,

    /* U+0028 "(" */
    0x0, 0xb2, 0x40, 0x14, 0xf2, 0x6, 0xb2, 0x0,
    0x95, 0x20, 0x2, 0xf8, 0x0, 0xc1, 0x40, 0xc,
    0x20, 0x11, 0x90, 0x4, 0x20, 0x18, 0x44, 0x1,
    0x11, 0x0, 0x24, 0x4, 0x0, 0x93, 0x40, 0x2f,
    0x61, 0x0, 0x21, 0xd8, 0x5, 0xa8, 0xc0,

    /* U+0029 ")" */
    0x3f, 0x30, 0x1, 0xce, 0x88, 0x1, 0x8a, 0x40,
    0x29, 0x70, 0x9, 0x41, 0x0, 0x24, 0xd0, 0x8,
    0xc8, 0x2, 0xf7, 0x0, 0x84, 0x3, 0x73, 0x80,
    0x44, 0x40, 0x9, 0x3c, 0x0, 0x62, 0xe0, 0x8,
    0x51, 0x4, 0x44, 0x0, 0xd4, 0x90, 0x0,

    /* U+002A "*" */
    0x0, 0xf, 0x0, 0x58, 0xaa, 0x6a, 0xe, 0xf4,
    0xfb, 0xe, 0x13, 0x58, 0xf, 0xa1, 0xca, 0x3,
    0x8, 0x3,

    /* U+002B "+" */
    0x0, 0x90, 0x40, 0x3d, 0x2e, 0x1, 0xff, 0xc7,
    0xbf, 0xf1, 0x4f, 0xf9, 0x6b, 0x74, 0x51, 0xba,
    0x51, 0x22, 0x0, 0x91, 0x0, 0x3f, 0x80,

    /* U+002C "," */
    0x2, 0xf3, 0x4, 0x33, 0x6, 0x50, 0x1, 0xd8,
    0x0,

    /* U+002D "-" */
    0x2f, 0xfe, 0x52, 0xdd, 0xe5,

    /* U+002E "." */
    0x2b, 0x11, 0x29, 0x80,

    /* U+002F "/" */
    0x0, 0xd1, 0x60, 0x19, 0x30, 0x3, 0x1a, 0x0,
    0x48, 0x6, 0x1, 0x61, 0x80, 0x64, 0x40, 0x6,
    0x3c, 0x0, 0x8c, 0x10, 0x2, 0x43, 0x0, 0xd8,
    0x80, 0x19, 0x34, 0x2, 0x30, 0x40, 0x9, 0x48,
    0x40, 0x2c, 0x40, 0xc, 0x98, 0x1, 0x10, 0xa0,
    0x4,

    /* U+0030 "0" */
    0x0, 0x3f, 0x7e, 0xa0, 0x1, 0x62, 0x18, 0x96,
    0x41, 0xce, 0xc7, 0x27, 0x40, 0x98, 0x1, 0x5a,
    0x8, 0x30, 0x4, 0x22, 0x0, 0xf1, 0x98, 0x3,
    0xc6, 0x61, 0x6, 0x0, 0x85, 0x81, 0x30, 0x2,
    0xb3, 0xe, 0x76, 0x38, 0x3a, 0x5, 0x88, 0x62,
    0xd9, 0x0,

    /* U+0031 "1" */
    0x7f, 0xf1, 0x35, 0x80, 0x5, 0x80, 0x3f, 0xfa,
    0xc0,

    /* U+0032 "2" */
    0x0, 0x4f, 0x72, 0x84, 0x1, 0x4b, 0xba, 0x6a,
    0x1, 0x5f, 0x33, 0x7a, 0x0, 0x20, 0xc0, 0x2,
    0x2, 0x27, 0x0, 0x90, 0x44, 0x1, 0xd6, 0xc0,
    0x1d, 0x27, 0x0, 0x1a, 0x1b, 0x40, 0x34, 0x3e,
    0x18, 0x5, 0x4d, 0x64, 0x22, 0x4, 0x51, 0xbe,
    0xe9, 0xc0,

    /* U+0033 "3" */
    0x0, 0x4f, 0x7d, 0x90, 0x2, 0x92, 0xb0, 0x3c,
    0x0, 0xb2, 0x87, 0x44, 0x40, 0xe4, 0x0, 0xc6,
    0x2, 0x0, 0x1b, 0x41, 0x0, 0xbf, 0x9e, 0x80,
    0x36, 0xdb, 0x68, 0x6, 0x24, 0xb3, 0x42, 0xf1,
    0x0, 0x84, 0x44, 0x74, 0x65, 0x22, 0x81, 0xa3,
    0xba, 0x5c, 0x10,

    /* U+0034 "4" */
    0x0, 0xed, 0xf0, 0xf, 0x41, 0x80, 0x78, 0xde,
    0xc0, 0x3d, 0xd2, 0xc0, 0x1d, 0x2c, 0xc0, 0xe,
    0x46, 0xa0, 0xe, 0x1a, 0x91, 0x0, 0xe7, 0x19,
    0xff, 0x60, 0x7b, 0x3e, 0xee, 0x90, 0xd7, 0x12,
    0x2e, 0x2, 0x10,

    /* U+0035 "5" */
    0xcf, 0xfe, 0x50, 0x8d, 0xdc, 0xa0, 0x24, 0x58,
    0x3, 0xfb, 0xaf, 0xb5, 0xc0, 0xf, 0xba, 0x89,
    0x79, 0xb6, 0x35, 0x8a, 0x54, 0x0, 0x88, 0x96,
    0xa0, 0x11, 0x96, 0x5a, 0x92, 0xcd, 0xbc, 0x43,
    0x62, 0xc,

    /* U+0036 "6" */
    0x4, 0xdf, 0xd5, 0x0, 0x15, 0xdb, 0xa2, 0x8c,
    0x2d, 0x98, 0x2a, 0xe8, 0x9, 0xa0, 0x14, 0x38,
    0x10, 0x57, 0x6b, 0x80, 0x53, 0x98, 0x89, 0x70,
    0x1a, 0x62, 0x58, 0x90, 0x32, 0x0, 0x94, 0x41,
    0x34, 0x2, 0x51, 0xb, 0x66, 0x12, 0x43, 0x1,
    0x55, 0x36, 0x9a, 0x0,

    /* U+0037 "7" */
    0x8f, 0xff, 0xc, 0xee, 0xe9, 0x11, 0x88, 0xb6,
    0xb0, 0x7, 0xa, 0x50, 0x7, 0x32, 0x10, 0x7,
    0x4f, 0x0, 0x72, 0x2, 0x80, 0x77, 0x38, 0x7,
    0xa, 0xd8, 0x7, 0x31, 0x90, 0x7, 0x55, 0x0,
    0x30,

    /* U+0038 "8" */
    0x0, 0x47, 0x7e, 0xb0, 0x5, 0xd, 0x5b, 0x12,
    0xa0, 0x5, 0x84, 0x25, 0x6f, 0x0, 0xff, 0xae,
    0xc, 0x11, 0xe4, 0x0, 0xcb, 0x9f, 0x6e, 0x60,
    0xb, 0xd, 0xfc, 0x48, 0x1, 0x49, 0x20, 0x38,
    0x70, 0x8, 0x40, 0x23, 0x0, 0xa, 0x79, 0x8a,
    0xc3, 0x80, 0x2d, 0x77, 0xa2, 0x60, 0x0,

    /* U+0039 "9" */
    0x6, 0xdf, 0xd4, 0x6, 0x88, 0x6d, 0xd8, 0xae,
    0x54, 0x99, 0x94, 0x46, 0x1, 0x7a, 0x9, 0x0,
    0x5c, 0x2d, 0x6, 0x8, 0xc7, 0x9, 0x9f, 0x32,
    0x30, 0xaf, 0xed, 0x26, 0x78, 0x1, 0xc, 0x34,
    0x75, 0x26, 0x65, 0x1d, 0x46, 0xdd, 0x88,

    /* U+003A ":" */
    0x3e, 0x21, 0x43, 0x2a, 0x10, 0xf, 0xe2, 0xb1,
    0x12, 0x98,

    /* U+003B ";" */
    0xd, 0x70, 0x43, 0x9, 0x40, 0xf, 0xf6, 0x40,
    0x9d, 0x22, 0x8, 0x9e, 0x0,

    /* U+003C "<" */
    0x0, 0x9d, 0xc0, 0x14, 0xc9, 0x40, 0x12, 0x98,
    0x41, 0xd, 0x84, 0x0, 0xa1, 0x80, 0x8, 0xbd,
    0x24, 0x2, 0x1c, 0x4a, 0x0,

    /* U+003D "=" */
    0x9f, 0xff, 0x54, 0x6e, 0xfa, 0xc4, 0x8b, 0xc3,
    0x3f, 0xfe, 0xa8, 0xdd, 0xf5, 0x80,

    /* U+003E ">" */
    0x39, 0x20, 0x8, 0xc7, 0x8, 0x2, 0x86, 0xc2,
    0x0, 0xa1, 0xf0, 0x40, 0x6, 0xf2, 0x20, 0x7b,
    0x2e, 0x7, 0x92, 0xe0, 0x0,

    /* U+003F "?" */
    0x4, 0xdf, 0xd5, 0x2, 0xbb, 0x6c, 0x52, 0x24,
    0xc4, 0xaa, 0xd6, 0xb0, 0xf, 0xe5, 0x56, 0x80,
    0x37, 0xa6, 0x90, 0x0, 0x75, 0x8a, 0x1, 0x62,
    0x0, 0x74, 0x98, 0x7, 0x2b, 0x0, 0x40,

    /* U+0040 "@" */
    0x0, 0x85, 0xf3, 0x7b, 0x1c, 0x3, 0x93, 0x3f,
    0xb7, 0xbf, 0x74, 0x20, 0x4, 0x9f, 0xce, 0xd7,
    0xf9, 0x58, 0x1, 0xae, 0x6a, 0x9f, 0xc3, 0x29,
    0x60, 0x74, 0x38, 0x82, 0x97, 0x80, 0x8e, 0xae,
    0x13, 0x70, 0x8, 0xc0, 0x2, 0x4, 0xc6, 0x2,
    0x0, 0xc6, 0x2, 0x20, 0x88, 0xc8, 0x58, 0x11,
    0x40, 0x11, 0x60, 0x4a, 0x15, 0x1d, 0xb8, 0xfc,
    0x4c, 0x15, 0xe0, 0x9d, 0xc9, 0x1d, 0xe8, 0x0,
    0x38, 0x62, 0x8, 0x12, 0x0, 0x7a, 0xea, 0x3f,
    0xb8, 0x40, 0x1c,

    /* U+0041 "A" */
    0x0, 0x8f, 0xe8, 0x3, 0xd6, 0xa, 0x1, 0xe6,
    0x70, 0x50, 0xc, 0x83, 0x49, 0xe0, 0x1b, 0x4c,
    0xb9, 0x40, 0x33, 0xd8, 0x28, 0x30, 0x1, 0x5,
    0x40, 0x9, 0xa0, 0xe, 0xd, 0xff, 0x22, 0x4,
    0x16, 0x37, 0x70, 0x32, 0x83, 0x91, 0x66, 0xb0,

    /* U+0042 "B" */
    0xef, 0xfb, 0xa0, 0x1, 0x3d, 0xcb, 0x77, 0x1,
    0x88, 0x95, 0x5a, 0x1, 0x89, 0x3c, 0x2b, 0xfd,
    0xac, 0xa1, 0x1b, 0xaa, 0x64, 0x2, 0x29, 0x66,
    0x0, 0x3c, 0x20, 0x62, 0x24, 0x95, 0x9, 0xee,
    0x53, 0x40,

    /* U+0043 "C" */
    0x0, 0xc, 0x6f, 0xec, 0x8, 0x0, 0x7c, 0xe7,
    0x61, 0x3c, 0x82, 0x96, 0xd0, 0x97, 0xa, 0x49,
    0x24, 0x3, 0xb2, 0xdc, 0x8, 0x3, 0xff, 0x8a,
    0xe0, 0x40, 0x1f, 0x11, 0xc8, 0x7, 0x65, 0x87,
    0x2d, 0xa1, 0x26, 0x14, 0x81, 0x79, 0x56, 0xca,
    0xf9, 0x0,

    /* U+0044 "D" */
    0xef, 0xfb, 0x60, 0x40, 0x29, 0xee, 0x49, 0xf8,
    0x80, 0xc, 0x44, 0x96, 0xb4, 0x1, 0xf4, 0x20,
    0x80, 0x78, 0xc0, 0x80, 0x3c, 0x20, 0x1f, 0x94,
    0x8, 0x3, 0xd0, 0x82, 0x6, 0x22, 0x4b, 0x2a,
    0x0, 0x4f, 0x72, 0x4f, 0xc4, 0x0,

    /* U+0045 "E" */
    0xef, 0xfc, 0xa1, 0x3d, 0xd2, 0x81, 0x88, 0xc0,
    0x1f, 0xab, 0xfd, 0xa0, 0x8, 0xdd, 0x60, 0x0,
    0x8a, 0x10, 0xf, 0xc6, 0x23, 0x0, 0x27, 0xba,
    0x50,

    /* U+0046 "F" */
    0xef, 0xfd, 0x21, 0x3d, 0xd4, 0x81, 0x88, 0xc0,
    0x1f, 0xab, 0xfd, 0x60, 0x8, 0xdd, 0x50, 0x0,
    0x8a, 0x10, 0xf, 0xfe, 0x38,

    /* U+0047 "G" */
    0x0, 0xc, 0x6f, 0xf4, 0x90, 0x4, 0x3e, 0x91,
    0x94, 0x5a, 0x60, 0xa, 0x5c, 0x53, 0x4b, 0x7b,
    0x2, 0x49, 0x0, 0xe8, 0x80, 0x38, 0x10, 0x3,
    0xbf, 0xf2, 0x0, 0x77, 0xee, 0xac, 0x1d, 0xc0,
    0x40, 0x1, 0x22, 0x84, 0xc9, 0x24, 0x3, 0xa1,
    0x80, 0x14, 0xb8, 0xa6, 0xda, 0x50, 0x0, 0x1f,
    0x48, 0xcb, 0xac, 0x0, 0x0,

    /* U+0048 "H" */
    0xe5, 0x0, 0xd5, 0x20, 0x1f, 0xfc, 0xda, 0xff,
    0xca, 0x0, 0x8d, 0xdc, 0x80, 0x2, 0x2e, 0x10,
    0xf, 0xfe, 0x68,

    /* U+0049 "I" */
    0xe5, 0x0, 0xff, 0xe3, 0x0,

    /* U+004A "J" */
    0x0, 0xc9, 0xe0, 0x1f, 0xfd, 0x84, 0xb0, 0x0,
    0x83, 0x23, 0x9c, 0xa1, 0x55, 0x31, 0xe8,

    /* U+004B "K" */
    0xe5, 0x0, 0x17, 0x40, 0x6, 0x1f, 0x48, 0x0,
    0xda, 0x34, 0x1, 0xa8, 0x74, 0x3, 0x42, 0x60,
    0x80, 0x7f, 0xf0, 0x21, 0x70, 0x40, 0x3a, 0xc7,
    0x40, 0x3d, 0xa3, 0x40, 0x1c, 0x3e, 0x92, 0x0,

    /* U+004C "L" */
    0xe5, 0x0, 0xff, 0xed, 0x98, 0x88, 0x1, 0x3d,
    0xcc,

    /* U+004D "M" */
    0xea, 0x0, 0xf4, 0xf8, 0x28, 0x80, 0x61, 0x60,
    0xa, 0x40, 0x33, 0x0, 0x4c, 0xc0, 0xd, 0x2c,
    0x0, 0xc2, 0x60, 0x2, 0x9e, 0x80, 0x53, 0x60,
    0x9, 0xb0, 0xc, 0xa6, 0x86, 0x66, 0x0, 0xe9,
    0xf9, 0x60, 0xf, 0x32, 0x2d, 0x80, 0x78, 0x59,
    0x8, 0x2,

    /* U+004E "N" */
    0xea, 0x0, 0xd1, 0x80, 0xaa, 0x0, 0xf2, 0x58,
    0x80, 0x77, 0x2c, 0x0, 0x7a, 0x99, 0x0, 0x38,
    0x66, 0x40, 0x1e, 0x61, 0x80, 0xf, 0x73, 0x98,
    0x7, 0x14, 0x20, 0x7, 0x9c, 0x80,

    /* U+004F "O" */
    0x0, 0xc, 0x6f, 0xec, 0x8, 0x4, 0x3e, 0x73,
    0xb2, 0x7e, 0x20, 0xa, 0x5b, 0x42, 0x4b, 0x5d,
    0x2, 0x49, 0x0, 0xe9, 0x32, 0x70, 0x20, 0xe,
    0x20, 0x70, 0xf, 0xf9, 0xc0, 0x80, 0x38, 0x81,
    0xc8, 0xe4, 0x3, 0xa4, 0xc8, 0x39, 0x6d, 0x9,
    0x2d, 0x78, 0x0, 0x5e, 0x55, 0xb4, 0x5e, 0x40,

    /* U+0050 "P" */
    0xef, 0xfb, 0x10, 0x1, 0x3d, 0xcb, 0xb1, 0x1,
    0x88, 0x9c, 0xe8, 0x3, 0xfe, 0x43, 0xb0, 0xaf,
    0xf5, 0x49, 0x84, 0x6f, 0x71, 0x80, 0x4, 0x41,
    0x0, 0xff, 0xe2, 0x80,

    /* U+0051 "Q" */
    0x0, 0xc, 0x6f, 0xec, 0x8, 0x4, 0x3e, 0x73,
    0xb2, 0x7e, 0x20, 0xa, 0x5b, 0x42, 0x4b, 0x5d,
    0x2, 0x49, 0x0, 0xe9, 0x32, 0x70, 0x20, 0xe,
    0x20, 0x70, 0xf, 0xf9, 0xc0, 0x80, 0x38, 0x81,
    0xc8, 0xe4, 0x3, 0xa5, 0x8, 0x39, 0x6d, 0x9,
    0x2d, 0x64, 0x0, 0x5e, 0x55, 0xb2, 0x90, 0x40,
    0x10, 0xcf, 0x7e, 0xcc, 0x8c, 0x3, 0xf3, 0x3e,
    0x90,

    /* U+0052 "R" */
    0xef, 0xfb, 0x10, 0x1, 0x3d, 0xcb, 0xb1, 0x81,
    0x88, 0x9c, 0xec, 0x3, 0xfe, 0x53, 0xb0, 0xae,
    0xfb, 0x93, 0x9, 0xf2, 0x76, 0x0, 0x18, 0xcb,
    0x18, 0x6, 0x45, 0xf0, 0xe, 0xb3, 0x60,

    /* U+0053 "S" */
    0x1, 0xae, 0xfb, 0x20, 0x6, 0x8e, 0xe0, 0x60,
    0x9, 0xc1, 0x9a, 0x98, 0x84, 0x2c, 0x0, 0x30,
    0x41, 0x2f, 0xb0, 0x60, 0x13, 0x7c, 0x16, 0x50,
    0x6, 0x5a, 0xc5, 0x41, 0xb2, 0x0, 0x18, 0x90,
    0xb7, 0x19, 0x40, 0xb8, 0x63, 0x6e, 0x93, 0x4,

    /* U+0054 "T" */
    0x8f, 0xff, 0xc, 0x77, 0xa, 0x3b, 0x82, 0x2,
    0x20, 0x11, 0x80, 0x3f, 0xfd, 0xa0,

    /* U+0055 "U" */
    0xf5, 0x0, 0xdc, 0xc0, 0x1f, 0xfd, 0xc1, 0x0,
    0xf8, 0xb0, 0x2, 0x21, 0x59, 0x67, 0x24, 0xe3,
    0x32, 0xd5, 0xed, 0x2e, 0x80,

    /* U+0056 "V" */
    0x8d, 0x0, 0xe6, 0xe0, 0xa2, 0x30, 0xd, 0xae,
    0x4, 0x76, 0x1, 0xa, 0x50, 0x2, 0x98, 0x2,
    0x62, 0x30, 0x3, 0x8a, 0x0, 0x2e, 0x80, 0x21,
    0x5d, 0x2, 0x36, 0x0, 0xdc, 0xc1, 0x48, 0x20,
    0x19, 0x5, 0x55, 0xc0, 0x1e, 0x78, 0x25, 0x0,
    0xf5, 0x12, 0x80, 0x60,

    /* U+0057 "W" */
    0x8c, 0x0, 0xdf, 0x60, 0x11, 0x79, 0xe1, 0x88,
    0x1, 0x1, 0x0, 0x24, 0x13, 0x40, 0x40, 0x6,
    0x20, 0x20, 0x3, 0x10, 0x0, 0x98, 0x0, 0x5e,
    0x3c, 0x0, 0x27, 0x80, 0x31, 0x0, 0x49, 0x2d,
    0x0, 0x85, 0x0, 0xa, 0x42, 0x86, 0x2a, 0x60,
    0x86, 0x20, 0x2, 0x14, 0xfb, 0x2, 0x14, 0xc4,
    0x0, 0xc9, 0x88, 0x80, 0x3, 0xea, 0x58, 0x6,
    0xf6, 0x3, 0x0, 0x63, 0x1, 0x80, 0x64, 0x7,
    0x0, 0x90, 0x10, 0x2,

    /* U+0058 "X" */
    0x1f, 0x50, 0xa, 0xb0, 0x6, 0x2c, 0x0, 0x6b,
    0xc0, 0x7, 0x38, 0xf, 0x62, 0x0, 0xa5, 0xe0,
    0xa4, 0x3, 0x22, 0xbd, 0x80, 0x7f, 0xf0, 0x91,
    0x5a, 0xc0, 0x3a, 0x62, 0x4e, 0x0, 0x27, 0x37,
    0x9, 0x72, 0x1, 0x8b, 0x0, 0x22, 0xf0, 0x0,

    /* U+0059 "Y" */
    0x7e, 0x0, 0xd7, 0x4e, 0xc, 0x0, 0x34, 0x80,
    0x9b, 0x0, 0x42, 0x90, 0x39, 0xa9, 0x24, 0x0,
    0x51, 0x13, 0x10, 0x4, 0xc6, 0xb6, 0x1, 0xcc,
    0x84, 0x1, 0xff, 0xce,

    /* U+005A "Z" */
    0x4f, 0xfe, 0xe4, 0xdd, 0xc2, 0xe0, 0x45, 0x28,
    0x40, 0x4, 0x31, 0x1, 0x0, 0xac, 0xd8, 0x2,
    0x45, 0xf0, 0xd, 0x2c, 0x60, 0x13, 0x9c, 0x0,
    0x43, 0x12, 0x64, 0x52, 0x4, 0x6e, 0xd8,

    /* U+005B "[" */
    0x2f, 0xf2, 0x80, 0x35, 0x40, 0x4, 0x1, 0xff,
    0xe7, 0xf5, 0x2d, 0xd2, 0x80,

    /* U+005C "\\" */
    0xf, 0x30, 0xe, 0x3b, 0x0, 0xeb, 0x40, 0xe,
    0x43, 0x10, 0xc, 0x62, 0x80, 0x1c, 0x98, 0x1,
    0xd8, 0x80, 0x1c, 0xe4, 0x40, 0xc, 0x24, 0x80,
    0x1c, 0x9a, 0x1, 0xda, 0x80, 0x1c, 0x80, 0x60,
    0x1c, 0x96, 0x1, 0xd8, 0x80, 0x1c, 0x86, 0x20,
    0x18, 0xc5, 0x0,

    /* U+005D "]" */
    0x6f, 0xf0, 0x36, 0x0, 0x80, 0x80, 0x7f, 0xf9,
    0x9b, 0x40, 0xf, 0xba, 0x10,

    /* U+005E "^" */
    0x0, 0x8a, 0x0, 0x3e, 0x87, 0x70, 0x7, 0xa,
    0xaa, 0x80, 0x3a, 0x4e, 0x8d, 0x40, 0x33, 0x48,
    0x34, 0x80, 0x4c, 0xa, 0x14, 0x66, 0x0, 0x5c,
    0x80, 0x9, 0x64, 0x10, 0x98, 0x2, 0x95, 0x10,

    /* U+005F "_" */
    0x0, 0xfd, 0x1f, 0xfe, 0xe9, 0xcc, 0xf8,

    /* U+0060 "`" */
    0x0, 0xd6, 0xe0, 0xa, 0xed, 0x11, 0x4f, 0x80,

    /* U+0061 "a" */
    0x0, 0x47, 0x7d, 0x97, 0x30, 0x53, 0x5e, 0xeb,
    0xc4, 0x9, 0x69, 0x49, 0xa4, 0x0, 0xe0, 0x80,
    0x12, 0x0, 0x7f, 0xce, 0x6, 0x1, 0x20, 0x0,
    0x97, 0x8c, 0xe, 0x40, 0x2a, 0x5d, 0xff, 0x70,
    0x80,

    /* U+0062 "b" */
    0xe5, 0x0, 0xff, 0xe5, 0x9c, 0x77, 0xd9, 0x80,
    0x2c, 0xb7, 0x7, 0x8, 0x1a, 0x8c, 0xd4, 0x76,
    0x1a, 0x1, 0xad, 0x40, 0x3d, 0xe0, 0xd, 0x0,
    0xca, 0xa0, 0x5a, 0x33, 0x51, 0x58, 0x41, 0x6e,
    0xe, 0x10,

    /* U+0063 "c" */
    0x0, 0x47, 0x7e, 0xa8, 0x2, 0x96, 0xb6, 0xe9,
    0x49, 0x79, 0x9, 0xa4, 0x9c, 0xc, 0x2, 0x67,
    0x0, 0xfc, 0xe0, 0x60, 0x13, 0x39, 0x2f, 0x21,
    0x34, 0x90, 0x52, 0xd6, 0xd5, 0x14,

    /* U+0064 "d" */
    0x0, 0xfb, 0x98, 0x3, 0xff, 0x91, 0x1d, 0xf6,
    0x40, 0x15, 0x35, 0xee, 0xbc, 0x40, 0x96, 0x94,
    0x9a, 0x40, 0xe, 0x8, 0x1, 0x20, 0x7, 0xfc,
    0xe0, 0x60, 0x12, 0x0, 0x9, 0x78, 0xc0, 0xe4,
    0x2, 0xa5, 0xdf, 0xf7, 0x8, 0x0,

    /* U+0065 "e" */
    0x0, 0x47, 0x7e, 0xb0, 0x5, 0x49, 0x5b, 0x70,
    0xe0, 0x4b, 0xa8, 0x4d, 0x72, 0xe, 0x1d, 0xff,
    0x50, 0x80, 0x5b, 0xbe, 0x7, 0x6, 0x22, 0x96,
    0x80, 0x9a, 0x94, 0x9a, 0x34, 0x1, 0x2d, 0x7b,
    0x54, 0x50,

    /* U+0066 "f" */
    0x1, 0xae, 0x10, 0x97, 0xc1, 0x2, 0x42, 0xa,
    0x56, 0xf3, 0xa4, 0x5e, 0x30, 0x1, 0x88, 0x7,
    0xff, 0x38,

    /* U+0067 "g" */
    0x0, 0x47, 0x7e, 0x1f, 0x30, 0x52, 0xef, 0xc7,
    0x8, 0x12, 0xf1, 0x82, 0x70, 0x1, 0xc0, 0xc0,
    0x23, 0x0, 0xff, 0x9c, 0x10, 0x2, 0x50, 0x1,
    0x2d, 0x29, 0x2c, 0x0, 0x54, 0xd7, 0xbd, 0xe2,
    0x1, 0x47, 0x7d, 0x90, 0x98, 0x5b, 0x0, 0x46,
    0xe, 0x1b, 0x2c, 0x49, 0xc8, 0x40, 0xd3, 0x7b,
    0x49, 0x60,

    /* U+0068 "h" */
    0xe5, 0x0, 0xff, 0xe4, 0x15, 0x7f, 0x40, 0x2,
    0x33, 0x61, 0xdc, 0xc, 0xc2, 0x67, 0xa0, 0xf0,
    0xb, 0x48, 0xc, 0x3, 0xff, 0x9c,

    /* U+0069 "i" */
    0xe, 0x60, 0x42, 0xa, 0x40, 0xe5, 0x0, 0xff,
    0xe4, 0x80,

    /* U+006A "j" */
    0x0, 0x6b, 0x0, 0x10, 0x80, 0x12, 0x80, 0xe,
    0x60, 0xf, 0xfe, 0xc9, 0x89, 0x36, 0x22, 0x0,

    /* U+006B "k" */
    0xe5, 0x0, 0xff, 0xe5, 0x17, 0xc8, 0x4, 0x3e,
    0x92, 0x0, 0x3a, 0x1b, 0x0, 0xa1, 0xb4, 0x3,
    0xfe, 0x86, 0xd0, 0xc, 0x74, 0x36, 0x1, 0x87,
    0xd6, 0x80,

    /* U+006C "l" */
    0xe5, 0x0, 0xff, 0xe4, 0x0,

    /* U+006D "m" */
    0xe7, 0xbf, 0xe8, 0x6, 0xdf, 0xc2, 0x0, 0x47,
    0xfa, 0x9e, 0xf7, 0x39, 0xb0, 0x0, 0xe8, 0x8,
    0xe9, 0x42, 0x2a, 0x14, 0xe, 0x0, 0xb8, 0x44,
    0x1, 0x11, 0x0, 0xc0, 0x3f, 0xfc, 0xc0,

    /* U+006E "n" */
    0xe8, 0xbf, 0xe8, 0x0, 0x3f, 0xfa, 0x99, 0xc1,
    0xd0, 0x12, 0x68, 0x38, 0x2, 0x22, 0x1, 0x80,
    0x7f, 0xf3, 0x80,

    /* U+006F "o" */
    0x0, 0x3e, 0xfe, 0xb8, 0x5, 0x32, 0x8d, 0xb9,
    0x80, 0x26, 0xa5, 0x26, 0xb7, 0x17, 0x4, 0x0,
    0x94, 0x14, 0x3, 0xf9, 0xc1, 0x0, 0x25, 0x5,
    0x26, 0xa5, 0x26, 0xa7, 0x10, 0x99, 0x46, 0xdc,
    0xc0, 0x0,

    /* U+0070 "p" */
    0xe6, 0x8e, 0xfb, 0x30, 0x5, 0x96, 0xe0, 0xe1,
    0x3, 0x51, 0x9a, 0x8e, 0xc3, 0x40, 0x35, 0xa8,
    0x7, 0xbc, 0x1, 0xa0, 0x19, 0x54, 0xb, 0x46,
    0x6a, 0x2b, 0x8, 0x2d, 0xc1, 0xc2, 0x3, 0x8e,
    0xfb, 0x30, 0xf, 0xfe, 0x68,

    /* U+0071 "q" */
    0x0, 0x47, 0x7d, 0x9f, 0x30, 0x53, 0x5e, 0xf7,
    0x4, 0x9, 0x69, 0x49, 0x64, 0x0, 0xe0, 0x80,
    0x12, 0x0, 0x7f, 0xce, 0x8, 0x1, 0x20, 0x0,
    0x96, 0x94, 0x96, 0x40, 0x2a, 0x6b, 0xde, 0xf1,
    0x0, 0xa3, 0xbe, 0xc8, 0x3, 0xff, 0xa2,

    /* U+0072 "r" */
    0xe6, 0xac, 0x8, 0x38, 0x7, 0x94, 0xf, 0x0,
    0x8c, 0x3, 0xff, 0x84,

    /* U+0073 "s" */
    0x4, 0xcf, 0xd6, 0x1, 0xbb, 0x6c, 0x4a, 0x18,
    0x21, 0x2d, 0x39, 0x36, 0x4a, 0x29, 0x84, 0xe0,
    0xce, 0x90, 0xb1, 0xc6, 0x8d, 0x4, 0xc1, 0x21,
    0x70, 0xe2, 0x6d, 0x33, 0x0,

    /* U+0074 "t" */
    0xa, 0xa0, 0x7, 0xd4, 0xaa, 0xfa, 0xa2, 0xab,
    0xa8, 0x2, 0x10, 0xf, 0xfe, 0x29, 0x31, 0x8,
    0x50, 0x6d, 0x80,

    /* U+0075 "u" */
    0xf4, 0x0, 0x9b, 0x80, 0x3f, 0xfa, 0x2, 0x40,
    0x17, 0x83, 0x41, 0x82, 0xb0, 0x43, 0x6f, 0xf3,
    0x80,

    /* U+0076 "v" */
    0xab, 0x0, 0xda, 0xfc, 0x82, 0x0, 0x32, 0x64,
    0x16, 0x0, 0x52, 0x8, 0x35, 0x80, 0x1f, 0x80,
    0x14, 0x64, 0x82, 0xa0, 0x2, 0x3a, 0xe6, 0x0,
    0xd4, 0xcb, 0x40, 0x19, 0x84, 0x8c, 0x0,

    /* U+0077 "w" */
    0xa9, 0x0, 0xbe, 0x40, 0x3, 0xe5, 0x88, 0x0,
    0x40, 0x40, 0x2, 0x11, 0x1c, 0x84, 0x35, 0xc8,
    0x81, 0x8a, 0x2, 0x6e, 0x9, 0x68, 0x80, 0x4b,
    0x0, 0x5e, 0x11, 0x9b, 0x70, 0x8c, 0xc0, 0x5,
    0x44, 0x38, 0x22, 0xa2, 0x0, 0x22, 0x3b, 0xc0,
    0x22, 0x5f, 0x80, 0x64, 0x25, 0x0, 0x29, 0x20,
    0x0,

    /* U+0078 "x" */
    0x8e, 0x0, 0x17, 0x9c, 0x1c, 0x4, 0xb1, 0x84,
    0xbb, 0x96, 0x40, 0x8, 0xb1, 0x60, 0x1e, 0x30,
    0x9, 0x10, 0xf0, 0x20, 0x9, 0x88, 0x1c, 0x4,
    0xb, 0x7, 0x31, 0x80,

    /* U+0079 "y" */
    0xac, 0x0, 0xd8, 0xfc, 0x64, 0x0, 0x23, 0x64,
    0x25, 0x0, 0x52, 0x8, 0x55, 0x0, 0xd, 0xc0,
    0x6, 0x23, 0x40, 0x50, 0x0, 0xa5, 0x6b, 0x80,
    0x6e, 0x76, 0xb0, 0xc, 0xa0, 0x64, 0x1, 0xea,
    0x0, 0xe4, 0x16, 0x0, 0xee, 0x50, 0xe, 0x15,
    0xe0, 0xc,

    /* U+007A "z" */
    0x6f, 0xfd, 0x8d, 0xdc, 0xd1, 0xb0, 0x11, 0x59,
    0xb8, 0x1, 0x1b, 0x80, 0x29, 0x63, 0x0, 0x41,
    0xc8, 0x0, 0x9e, 0x4, 0x40, 0x81, 0x3d, 0xcc,

    /* U+007B "{" */
    0x0, 0x4f, 0x38, 0x23, 0x53, 0x0, 0x89, 0x4,
    0x4, 0x3, 0x38, 0x80, 0x42, 0x2, 0x0, 0x10,
    0x9, 0x39, 0x84, 0x4, 0xfc, 0x0, 0xb5, 0x20,
    0x13, 0x0, 0x80, 0x4, 0x4, 0x0, 0xe0, 0x18,
    0x44, 0x1, 0x8, 0xc0, 0x4, 0x3e, 0x80, 0x6,
    0x74, 0x80,

    /* U+007C "|" */
    0x9a, 0x0, 0xff, 0xe6, 0x0,

    /* U+007D "}" */
    0xf, 0xd3, 0x0, 0x6b, 0xc0, 0x0, 0xb1, 0x80,
    0x21, 0x10, 0x5, 0xec, 0x1, 0x11, 0x80, 0x46,
    0x60, 0xa, 0x92, 0x40, 0x4, 0x45, 0x0, 0x43,
    0xe0, 0x0, 0xc8, 0x2, 0x33, 0x0, 0x5c, 0x20,
    0x10, 0xb0, 0x5, 0xe2, 0x0, 0xf6, 0x90, 0x6,
    0xfa, 0x80,

    /* U+007E "~" */
    0xa, 0xea, 0x17, 0x94, 0x6d, 0xe, 0x9b, 0x5d,
    0x3a, 0xee, 0x10,

    /* U+00A0 " " */

    /* U+00A1 "¡" */
    0x9b, 0xf3, 0x68, 0x79, 0xf0, 0x1, 0x88, 0x6,
    0x13, 0xb, 0x90,

    /* U+00A2 "¢" */
    0x0, 0xd8, 0x1, 0xc5, 0x5, 0x4, 0x0, 0x3d,
    0x28, 0x1d, 0x30, 0xf7, 0xa6, 0x97, 0xa0, 0x3a,
    0x0, 0xa2, 0x40, 0x3f, 0x8e, 0x80, 0x28, 0x90,
    0xf7, 0xa7, 0xa7, 0xb0, 0x3d, 0xd4, 0x97, 0x10,
    0x0, 0x9c, 0xa0, 0x40,

    /* U+00A3 "£" */
    0x0, 0x26, 0x7e, 0xa0, 0x0, 0x6e, 0xdb, 0x76,
    0x20, 0x72, 0x72, 0x64, 0x50, 0x11, 0x0, 0x56,
    0xe0, 0x66, 0x0, 0xe5, 0xa0, 0xee, 0x60, 0x1,
    0x79, 0x27, 0xb0, 0x3, 0x39, 0x0, 0x71, 0x8a,
    0x8, 0xc0, 0x8, 0x2e, 0xed, 0x40,

    /* U+00A4 "¤" */
    0x3, 0x0, 0x84, 0x41, 0x17, 0xba, 0xc5, 0x3,
    0x1d, 0xf3, 0x50, 0x2c, 0x2, 0x32, 0xd, 0xd0,
    0x19, 0xc1, 0x63, 0xbe, 0x4a, 0x1b, 0x5b, 0x98,
    0x40,

    /* U+00A5 "¥" */
    0x5f, 0x10, 0xa, 0xec, 0xa7, 0x0, 0x3, 0x49,
    0xf, 0x61, 0x8, 0x62, 0x3, 0x58, 0x45, 0x80,
    0x3f, 0x56, 0x91, 0xe9, 0x3f, 0xf2, 0x97, 0xfa,
    0x40, 0x2d, 0x20, 0x9, 0x3f, 0xd0, 0x5f, 0xe9,
    0x4f, 0xf4, 0x17, 0xfa, 0x40, 0x3f, 0x0,

    /* U+00A6 "¦" */
    0x9a, 0x0, 0xfd, 0xbc, 0x89, 0xb7, 0x80, 0x3f,
    0x0,

    /* U+00A7 "§" */
    0x1, 0xbe, 0xe5, 0x8, 0x3, 0x4b, 0xb8, 0xd6,
    0x0, 0x2e, 0x0, 0x77, 0x0, 0x17, 0x12, 0x64,
    0x80, 0x1, 0x27, 0xdc, 0x30, 0x1b, 0xae, 0xe5,
    0x61, 0x20, 0x38, 0x1, 0x81, 0xd0, 0x1c, 0x0,
    0xc0, 0xe3, 0x97, 0xdc, 0xbb, 0x10, 0x1e, 0x61,
    0xc8, 0x80, 0x4, 0x32, 0x99, 0x40, 0x3, 0x7c,
    0x43, 0xc8, 0x1, 0x2b, 0x9c, 0x7a, 0x0,

    /* U+00A8 "¨" */
    0x33, 0xa, 0x85, 0xca, 0xc0, 0x0,

    /* U+00A9 "©" */
    0x0, 0x96, 0x62, 0x54, 0x3, 0xa4, 0x66, 0x24,
    0x64, 0x2, 0x7b, 0x7d, 0xfc, 0x78, 0x80, 0x3,
    0x8f, 0x5e, 0xd7, 0x44, 0x4, 0xfd, 0xce, 0x92,
    0x5c, 0xb1, 0x5c, 0x85, 0xc0, 0x29, 0x27, 0x27,
    0x21, 0x60, 0xe, 0x72, 0x3f, 0x72, 0x60, 0x4f,
    0x2c, 0x50, 0xe2, 0xda, 0xf9, 0xb0, 0x0, 0x83,
    0xd3, 0xe7, 0xe8, 0x5c, 0x0, 0x52, 0x33, 0x12,
    0x32, 0x0,

    /* U+00AA "ª" */
    0x9, 0xdc, 0x9a, 0x55, 0x6e, 0x10, 0x6a, 0x0,
    0x34, 0x35, 0x0, 0x18, 0xa, 0x9b, 0x66, 0x0,

    /* U+00AB "«" */
    0x0, 0xf9, 0x78, 0x31, 0xc2, 0x2d, 0x49, 0xcc,
    0x97, 0x98, 0xc, 0x9b, 0xd8, 0x1, 0x30, 0x84,
    0xe0,

    /* U+00AC "¬" */
    0x6e, 0xef, 0x9d, 0xbf, 0xfc, 0x60, 0x1, 0x1f,
    0x80, 0x3f, 0x6b, 0x80,

    /* U+00AD "­" */
    0x2f, 0xfe, 0x52, 0xdd, 0xe5,

    /* U+00AE "®" */
    0x1, 0x89, 0x82, 0x0, 0x58, 0x18, 0x40, 0x1e,
    0xb, 0x7, 0x28, 0x5, 0x42, 0x0, 0x3c, 0xa6,
    0xae, 0x50, 0xbb, 0x4d, 0x40, 0x0,

    /* U+00AF "¯" */
    0xcf, 0xfc, 0x40,

    /* U+00B0 "°" */
    0x7, 0xcb, 0x40, 0x5c, 0xc5, 0x50, 0x73, 0x0,
    0x2a, 0xac, 0xc0, 0xa, 0xac, 0x79, 0xb4, 0x20,

    /* U+00B1 "±" */
    0x0, 0x90, 0x80, 0x3d, 0x8, 0x1, 0xff, 0x5f,
    0xf8, 0xe7, 0xfc, 0xb5, 0xba, 0x38, 0xdd, 0x28,
    0x91, 0x0, 0x48, 0x80, 0x1f, 0xd7, 0xfe, 0x39,
    0xff, 0x2d, 0x6e, 0xf9, 0x40,

    /* U+00B2 "²" */
    0x2d, 0xd3, 0x83, 0x4f, 0xc0, 0x22, 0x29, 0x80,
    0x12, 0x12, 0x10, 0xcb, 0xa0,

    /* U+00B3 "³" */
    0x3c, 0xd9, 0x0, 0x76, 0x30, 0x1b, 0x63, 0x2,
    0x3e, 0xb0, 0xbf, 0x6a, 0x88,

    /* U+00B4 "´" */
    0x0, 0xe3, 0xc3, 0x8e, 0x83, 0xcd, 0x40,

    /* U+00B5 "µ" */
    0xe5, 0x0, 0x97, 0xc0, 0x3f, 0xfa, 0x3a, 0x1,
    0x68, 0x1, 0xd0, 0x11, 0x40, 0xb, 0x5f, 0xd6,
    0x0, 0xfe, 0xfa, 0x6f, 0x0, 0xff, 0xe4, 0x80,

    /* U+00B6 "¶" */
    0x4, 0xcf, 0xfc, 0x85, 0x66, 0x0, 0xf1, 0x5,
    0x0, 0xff, 0xe1, 0xa8, 0x7, 0xc5, 0x8a, 0x40,
    0x1c, 0x75, 0x80, 0x1f, 0xfd, 0x0,

    /* U+00B7 "·" */
    0x1b, 0x13, 0x52,

    /* U+00B8 "¸" */
    0x19, 0x0, 0x9f, 0x8, 0x79, 0xaa, 0x9a, 0xd4,

    /* U+00B9 "¹" */
    0x8f, 0x18, 0x10, 0xf, 0xf0,

    /* U+00BA "º" */
    0x8, 0xdd, 0x48, 0x2a, 0x6e, 0x89, 0xb5, 0x0,
    0x1b, 0xf8, 0x80, 0xd, 0xf4, 0xbd, 0xd1, 0x30,

    /* U+00BB "»" */
    0x0, 0xf0, 0xf1, 0xbe, 0x0, 0xcf, 0xb9, 0x20,
    0x39, 0x93, 0x78, 0x39, 0x93, 0x78, 0xc7, 0xb9,
    0x20,

    /* U+00BC "¼" */
    0x5d, 0x40, 0x1, 0x68, 0x82, 0xb0, 0x5, 0x8,
    0x20, 0x1c, 0x49, 0x0, 0x1e, 0x99, 0x8, 0x4,
    0x20, 0x8a, 0xe0, 0x1a, 0x92, 0x20, 0x3d, 0x80,
    0x12, 0x8b, 0x5b, 0x0, 0x68, 0x82, 0x5, 0x80,
    0x4c, 0x2b, 0xc3, 0xe4, 0x81, 0xbe, 0x15, 0x7c,
    0x88,

    /* U+00BD "½" */
    0x6d, 0x30, 0x2, 0x60, 0x1, 0x98, 0xe0, 0x8,
    0xa0, 0xf, 0x28, 0xb0, 0x7, 0xa2, 0x0, 0x1e,
    0x60, 0x50, 0xd, 0x2b, 0x70, 0x99, 0x83, 0x2,
    0x71, 0x53, 0xfb, 0x90, 0x4, 0x40, 0x1c, 0xef,
    0xc1, 0xd5, 0x0, 0xae, 0x14, 0x2a, 0x0, 0x12,
    0xd3, 0x40,

    /* U+00BE "¾" */
    0x1a, 0xd9, 0x0, 0xad, 0x40, 0xfb, 0x5c, 0xc1,
    0x59, 0x40, 0x9b, 0x8, 0xc2, 0x24, 0x0, 0x6f,
    0x84, 0x8e, 0xc8, 0x0, 0x2e, 0xd4, 0x69, 0x90,
    0x90, 0xd, 0xed, 0x5b, 0x96, 0x60, 0x3, 0x13,
    0xc4, 0xd0, 0x7, 0x4c, 0x88, 0x8c, 0x1, 0x91,
    0x5e, 0x82, 0x85, 0x80, 0x1d, 0x61, 0x37, 0x48,
    0xc0,

    /* U+00BF "¿" */
    0x0, 0x87, 0x90, 0x3, 0xa, 0x38, 0x7, 0x41,
    0x80, 0x76, 0x90, 0x0, 0xab, 0x80, 0x40, 0x18,
    0x7f, 0xe3, 0x4, 0x19, 0x10, 0xc, 0x20, 0x13,
    0x4a, 0x83, 0x80, 0xdf, 0xd, 0x53, 0xf9, 0x1c,
    0x13, 0x7b, 0xe4, 0x0,

    /* U+00C0 "À" */
    0x0, 0x84, 0x3, 0xf6, 0x40, 0x7, 0xda, 0x1a,
    0x1, 0xf4, 0x60, 0x7, 0x8f, 0xec, 0x3, 0xd6,
    0xa, 0x1, 0xe6, 0x70, 0x50, 0xc, 0x83, 0x49,
    0xe0, 0x1b, 0x4c, 0xb9, 0x40, 0x33, 0xd8, 0x28,
    0x30, 0x1, 0x5, 0x40, 0x9, 0xa0, 0xe, 0xd,
    0xff, 0x22, 0x4, 0x16, 0x37, 0x70, 0x32, 0x83,
    0x91, 0x66, 0xb0,

    /* U+00C1 "Á" */
    0x0, 0xe1, 0x0, 0xf9, 0xbc, 0x40, 0x3a, 0xf3,
    0xc4, 0x3, 0xa6, 0x84, 0x3, 0xc3, 0xf4, 0x1,
    0xeb, 0x5, 0x0, 0xf3, 0x38, 0x28, 0x6, 0x41,
    0xa4, 0xf0, 0xd, 0xa6, 0x5c, 0xa0, 0x19, 0xec,
    0x14, 0x18, 0x0, 0x82, 0xa0, 0x4, 0xd0, 0x7,
    0x6, 0xff, 0x91, 0x2, 0xb, 0x1b, 0xb8, 0x19,
    0x41, 0xc8, 0xb3, 0x58,

    /* U+00C2 "Â" */
    0x0, 0x8e, 0xdc, 0x3, 0x8b, 0xbf, 0xa4, 0x3,
    0x16, 0xa4, 0xc0, 0x7, 0x1f, 0xd0, 0x80, 0x75,
    0x82, 0x80, 0x79, 0x9c, 0x14, 0x3, 0x20, 0xd2,
    0x78, 0x6, 0xd3, 0x2e, 0x50, 0xc, 0xf6, 0xa,
    0xc, 0x0, 0x41, 0x50, 0x2, 0x68, 0x3, 0x83,
    0x7f, 0xc8, 0x81, 0x5, 0x8d, 0xdc, 0xc, 0xa0,
    0xe4, 0x59, 0xac,

    /* U+00C3 "Ã" */
    0x0, 0xd, 0xee, 0xa4, 0x3, 0xd, 0xee, 0xa4,
    0x3, 0x8f, 0xe8, 0x3, 0xd6, 0xa, 0x1, 0xe6,
    0x70, 0x50, 0xc, 0x83, 0x49, 0xe0, 0x1b, 0x4c,
    0xb9, 0x40, 0x33, 0xd8, 0x28, 0x30, 0x1, 0x5,
    0x40, 0x9, 0xa0, 0xe, 0xd, 0xff, 0x22, 0x4,
    0x16, 0x37, 0x70, 0x32, 0x83, 0x91, 0x66, 0xb0,

    /* U+00C4 "Ä" */
    0x0, 0x98, 0x10, 0x80, 0x3a, 0xf, 0xd0, 0x3,
    0xb8, 0xed, 0x80, 0x38, 0xfe, 0x80, 0x3d, 0x60,
    0xa0, 0x1e, 0x67, 0x5, 0x0, 0xc8, 0x34, 0x9e,
    0x1, 0xb4, 0xcb, 0x94, 0x3, 0x3d, 0x82, 0x83,
    0x0, 0x10, 0x54, 0x0, 0x9a, 0x0, 0xe0, 0xdf,
    0xf2, 0x20, 0x41, 0x63, 0x77, 0x3, 0x28, 0x39,
    0x16, 0x6b,

    /* U+00C5 "Å" */
    0x0, 0x92, 0xe4, 0x3, 0xdf, 0x46, 0x40, 0x1d,
    0xf4, 0x64, 0x1, 0xc9, 0x72, 0x1, 0xe3, 0xfa,
    0x0, 0xf5, 0x82, 0x80, 0x79, 0x9c, 0x14, 0x3,
    0x20, 0xd2, 0x78, 0x6, 0xd3, 0x2e, 0x50, 0xc,
    0xf6, 0xa, 0xc, 0x0, 0x41, 0x50, 0x2, 0x68,
    0x3, 0x83, 0x7f, 0xc8, 0x81, 0x5, 0x8d, 0xdc,
    0xc, 0xa0, 0xe4, 0x59, 0xac,

    /* U+00C6 "Æ" */
    0x0, 0xe9, 0xff, 0xeb, 0x0, 0xc4, 0xc8, 0x7f,
    0xf5, 0x80, 0x68, 0x4c, 0x0, 0xfc, 0x6b, 0x0,
    0x1f, 0xde, 0xa6, 0x7, 0xdd, 0x20, 0x1, 0x4e,
    0x0, 0x7, 0xff, 0x20, 0x2, 0x14, 0x80, 0x21,
    0x18, 0x0, 0xe4, 0xbd, 0xc8, 0x0, 0xe1, 0x97,
    0xef, 0xf3, 0x80, 0x74, 0x9c, 0x8, 0xde, 0x7f,
    0xf5, 0x80,

    /* U+00C7 "Ç" */
    0x0, 0xc, 0x6f, 0xec, 0x8, 0x0, 0x7d, 0x27,
    0x61, 0x3c, 0x82, 0x97, 0x10, 0x97, 0xe, 0x49,
    0x24, 0x3, 0xb6, 0xdc, 0x8, 0x3, 0xff, 0x8a,
    0xe0, 0x40, 0x1f, 0x11, 0xc0, 0x7, 0x5d, 0x7,
    0x25, 0x98, 0x9d, 0xac, 0x1, 0x60, 0xef, 0x60,
    0xe1, 0x0, 0xa, 0xb8, 0xbe, 0x88, 0x3, 0xc3,
    0xa8, 0x1, 0xf6, 0x5f, 0x80, 0x79, 0xf6, 0x38,
    0x0,

    /* U+00C8 "È" */
    0x0, 0xfb, 0x94, 0x3, 0x67, 0x58, 0x4, 0x57,
    0x0, 0xe, 0xff, 0x67, 0xa8, 0x4f, 0x74, 0xa0,
    0x62, 0x30, 0x7, 0xea, 0xff, 0x68, 0x2, 0x37,
    0x58, 0x0, 0x22, 0x84, 0x3, 0xf1, 0x88, 0xc0,
    0x9, 0xee, 0x94,

    /* U+00C9 "É" */
    0x0, 0x84, 0x3, 0x36, 0x0, 0x59, 0x90, 0x5,
    0xf4, 0x20, 0xe, 0xcf, 0xf9, 0x42, 0x7b, 0xa5,
    0x3, 0x11, 0x80, 0x3f, 0x57, 0xfb, 0x40, 0x11,
    0xba, 0xc0, 0x1, 0x14, 0x20, 0x1f, 0x8c, 0x46,
    0x0, 0x4f, 0x74, 0xa0,

    /* U+00CA "Ê" */
    0x3, 0xb4, 0x0, 0x27, 0xf7, 0xb0, 0x2e, 0x2d,
    0xb8, 0x7f, 0xee, 0x50, 0x9e, 0xe9, 0x40, 0xc4,
    0x60, 0xf, 0xd5, 0xfe, 0xd0, 0x4, 0x6e, 0xb0,
    0x0, 0x45, 0x8, 0x7, 0xe3, 0x11, 0x80, 0x13,
    0xdd, 0x28,

    /* U+00CB "Ë" */
    0x6, 0x5, 0x10, 0x28, 0x8, 0x50, 0x2e, 0xd,
    0x40, 0xef, 0xfc, 0xa1, 0x3d, 0xd2, 0x81, 0x88,
    0xc0, 0x1f, 0xab, 0xfd, 0xa0, 0x8, 0xdd, 0x60,
    0x0, 0x8a, 0x10, 0xf, 0xc6, 0x23, 0x0, 0x27,
    0xba, 0x50,

    /* U+00CC "Ì" */
    0x10, 0xb, 0x1c, 0x1, 0x9d, 0xa0, 0x33, 0xe0,
    0xe, 0x70, 0xf, 0xfe, 0xc8,

    /* U+00CD "Í" */
    0x0, 0xe5, 0xe1, 0xbe, 0xc1, 0x8b, 0x20, 0x3e,
    0x50, 0xf, 0xfe, 0xc8,

    /* U+00CE "Î" */
    0x2, 0xb6, 0x2, 0xfe, 0xc9, 0x3d, 0x5a, 0x81,
    0xe, 0x51, 0x0, 0xff, 0xf0, 0x80,

    /* U+00CF "Ï" */
    0x6, 0x4, 0x20, 0x82, 0xf4, 0xe, 0x2b, 0x60,
    0x7, 0x28, 0x7, 0xff, 0x88,

    /* U+00D0 "Ð" */
    0xa, 0xff, 0xba, 0x48, 0x3, 0x2f, 0x73, 0x43,
    0x50, 0x3, 0x8, 0x8e, 0x5e, 0x80, 0x3f, 0x40,
    0xaf, 0x2a, 0xbf, 0xca, 0x0, 0x22, 0x62, 0x23,
    0x30, 0x80, 0x18, 0x84, 0x46, 0x61, 0x0, 0x11,
    0x0, 0x3e, 0x71, 0x50, 0xe, 0x28, 0x85, 0x0,
    0x4b, 0xfe, 0xc2, 0xd4, 0x0,

    /* U+00D1 "Ñ" */
    0x0, 0x56, 0xea, 0xc0, 0x35, 0x6e, 0xac, 0x1,
    0xd4, 0x1, 0xa3, 0x1, 0x54, 0x1, 0xe4, 0xb1,
    0x0, 0xee, 0x58, 0x0, 0xf5, 0x32, 0x0, 0x70,
    0xcc, 0x80, 0x3c, 0xc3, 0x0, 0x1e, 0xe7, 0x30,
    0xe, 0x28, 0x40, 0xf, 0x39, 0x0,

    /* U+00D2 "Ò" */
    0x0, 0xff, 0xe1, 0xe, 0x98, 0x7, 0xe1, 0x9f,
    0x90, 0xf, 0xc9, 0x9a, 0x1, 0xe1, 0x8d, 0xf9,
    0x81, 0x0, 0x87, 0xce, 0x76, 0x4f, 0xc4, 0x1,
    0x4b, 0x68, 0x49, 0x6b, 0xa0, 0x49, 0x20, 0x1d,
    0x26, 0x4e, 0x4, 0x1, 0xc4, 0xe, 0x1, 0xff,
    0x38, 0x10, 0x7, 0x10, 0x39, 0x1c, 0x80, 0x74,
    0x99, 0x7, 0x2d, 0xa1, 0x25, 0xaf, 0x0, 0xb,
    0xca, 0xb6, 0x8b, 0xc8, 0x0,

    /* U+00D3 "Ó" */
    0x0, 0xff, 0xe2, 0x2e, 0x0, 0x7e, 0xbe, 0xe0,
    0x7, 0xef, 0xb2, 0x0, 0xf0, 0xc4, 0xfe, 0xc0,
    0x80, 0x43, 0xe7, 0x3b, 0x27, 0xe2, 0x0, 0xa5,
    0xb4, 0x24, 0xb5, 0xd0, 0x24, 0x90, 0xe, 0x93,
    0x27, 0x2, 0x0, 0xe2, 0x7, 0x0, 0xff, 0x9c,
    0x8, 0x3, 0x88, 0x1c, 0x8e, 0x40, 0x3a, 0x4c,
    0x83, 0x96, 0xd0, 0x92, 0xd7, 0x80, 0x5, 0xe5,
    0x5b, 0x45, 0xe4, 0x0,

    /* U+00D4 "Ô" */
    0x0, 0xc5, 0x24, 0x1, 0xf2, 0x7f, 0xca, 0x1,
    0xe6, 0xd6, 0xd7, 0x0, 0xe1, 0xad, 0xfd, 0xa1,
    0x0, 0x87, 0xce, 0x76, 0x4f, 0xc4, 0x1, 0x4b,
    0x68, 0x49, 0x6b, 0xa0, 0x49, 0x20, 0x1d, 0x26,
    0x4e, 0x4, 0x1, 0xc4, 0xe, 0x1, 0xff, 0x38,
    0x10, 0x7, 0x10, 0x39, 0x1c, 0x80, 0x74, 0x99,
    0x7, 0x2d, 0xa1, 0x25, 0xaf, 0x0, 0xb, 0xca,
    0xb6, 0x8b, 0xc8, 0x0,

    /* U+00D5 "Õ" */
    0x0, 0x8f, 0x3b, 0x5c, 0x3, 0xc7, 0x9d, 0xae,
    0x1, 0xc3, 0x1b, 0xfb, 0x2, 0x1, 0xf, 0x9c,
    0xec, 0x9f, 0x88, 0x2, 0x96, 0xd0, 0x92, 0xd7,
    0x40, 0x92, 0x40, 0x3a, 0x4c, 0x9c, 0x8, 0x3,
    0x88, 0x1c, 0x3, 0xfe, 0x70, 0x20, 0xe, 0x20,
    0x72, 0x39, 0x0, 0xe9, 0x32, 0xe, 0x5b, 0x42,
    0x4b, 0x5e, 0x0, 0x17, 0x95, 0x6d, 0x17, 0x90,
    0x0,

    /* U+00D6 "Ö" */
    0x0, 0xcc, 0xa, 0x20, 0x1e, 0x38, 0x8, 0x50,
    0xf, 0x1f, 0x6, 0xa0, 0x7, 0xc, 0x6f, 0xec,
    0x8, 0x4, 0x3e, 0x73, 0xb2, 0x7e, 0x20, 0xa,
    0x5b, 0x42, 0x4b, 0x5d, 0x2, 0x49, 0x0, 0xe9,
    0x32, 0x70, 0x20, 0xe, 0x20, 0x70, 0xf, 0xf9,
    0xc0, 0x80, 0x38, 0x81, 0xc8, 0xe4, 0x3, 0xa4,
    0xc8, 0x39, 0x6d, 0x9, 0x2d, 0x78, 0x0, 0x5e,
    0x55, 0xb4, 0x5e, 0x40,

    /* U+00D7 "×" */
    0x2, 0x0, 0x88, 0x13, 0x4c, 0xf, 0x51, 0xf,
    0x8d, 0x8e, 0x81, 0xd, 0x2d, 0x0, 0x2, 0x72,
    0x72, 0x2, 0xc7, 0xd7, 0xc2, 0x6, 0x90, 0x96,
    0x0,

    /* U+00D8 "Ø" */
    0x0, 0xc, 0x6f, 0xf4, 0x16, 0x10, 0xf, 0x9c,
    0xed, 0x26, 0xc9, 0x5, 0x2d, 0xa1, 0x23, 0x94,
    0x1, 0x24, 0x80, 0x55, 0xbe, 0x46, 0xe0, 0x40,
    0x8, 0xd6, 0x20, 0x60, 0xc, 0xe2, 0xe0, 0x19,
    0xc0, 0x9b, 0x64, 0x0, 0x40, 0xe4, 0x9f, 0xb4,
    0x1, 0x4a, 0x10, 0x71, 0x3a, 0x12, 0x5a, 0xc8,
    0x14, 0xea, 0xd6, 0xc9, 0xf9, 0x0,

    /* U+00D9 "Ù" */
    0x0, 0x8, 0x7, 0xd8, 0xe0, 0x1e, 0xce, 0xd0,
    0xe, 0x19, 0xf0, 0xb, 0xd4, 0x0, 0x41, 0xcc,
    0x1, 0xff, 0xdc, 0x10, 0xf, 0x8b, 0x0, 0x22,
    0x15, 0x96, 0x72, 0x4e, 0x33, 0x2d, 0x5e, 0xd2,
    0xe8, 0x0,

    /* U+00DA "Ú" */
    0x0, 0xff, 0x97, 0x84, 0x3, 0x57, 0x60, 0x80,
    0x69, 0xb2, 0x0, 0xbd, 0x4c, 0x2, 0xe6, 0x0,
    0xff, 0xee, 0x8, 0x7, 0xc5, 0x80, 0x11, 0xa,
    0xcb, 0x39, 0x27, 0x19, 0x96, 0xaf, 0x69, 0x74,
    0x0,

    /* U+00DB "Û" */
    0x0, 0x15, 0x30, 0x6, 0x2f, 0xf6, 0x48, 0x4,
    0x7a, 0xb5, 0x0, 0xf, 0x40, 0x8, 0x79, 0x80,
    0x3f, 0xfb, 0x82, 0x1, 0xf1, 0x60, 0x4, 0x42,
    0xb2, 0xce, 0x49, 0xc6, 0x65, 0xab, 0xda, 0x5d,
    0x0,

    /* U+00DC "Ü" */
    0x0, 0x30, 0x21, 0x0, 0x68, 0x3f, 0x40, 0xd,
    0xc7, 0x6c, 0x0, 0xf5, 0x0, 0xdc, 0xc0, 0x1f,
    0xfd, 0xc1, 0x0, 0xf8, 0xb0, 0x2, 0x21, 0x59,
    0x67, 0x24, 0xe3, 0x32, 0xd5, 0xed, 0x2e, 0x80,

    /* U+00DD "Ý" */
    0x0, 0xe1, 0x0, 0xe2, 0xb7, 0x0, 0xcb, 0xfc,
    0xc0, 0x19, 0xf5, 0x40, 0x27, 0xe2, 0x0, 0xae,
    0x9c, 0x18, 0x0, 0x69, 0x1, 0x36, 0x0, 0x85,
    0x20, 0x73, 0x52, 0x48, 0x0, 0xa2, 0x26, 0x20,
    0x9, 0x8d, 0x6c, 0x3, 0x99, 0x8, 0x3, 0xff,
    0x9c,

    /* U+00DE "Þ" */
    0xe5, 0x0, 0xff, 0xe0, 0xd7, 0xfb, 0x10, 0x1,
    0x3f, 0xd5, 0x64, 0x6, 0x2, 0xc7, 0x40, 0x1f,
    0xf2, 0x1d, 0x85, 0x77, 0xd4, 0x98, 0x4f, 0xf7,
    0x18, 0x0, 0x62, 0x20, 0x8,

    /* U+00DF "ß" */
    0x1, 0xae, 0xfc, 0x30, 0xa, 0x9b, 0x74, 0xba,
    0x0, 0x14, 0xf3, 0x2b, 0x12, 0x3, 0x2, 0x0,
    0x41, 0x90, 0x7, 0x43, 0x68, 0x7, 0x9e, 0x44,
    0x3, 0xcb, 0x52, 0x60, 0x1d, 0x58, 0x78, 0x80,
    0x13, 0x21, 0xd2, 0xf0, 0x4, 0x32, 0x44, 0x72,
    0x0, 0x9d, 0x33, 0x5e, 0x0,

    /* U+00E0 "à" */
    0x0, 0xff, 0xe0, 0x63, 0x0, 0x7d, 0xd9, 0x80,
    0xf, 0x15, 0x78, 0x7, 0x47, 0x7c, 0x17, 0x30,
    0x53, 0x5e, 0xeb, 0xc4, 0x9, 0x69, 0x49, 0xa4,
    0x0, 0xe0, 0x80, 0x12, 0x0, 0x7f, 0xce, 0x6,
    0x1, 0x20, 0x0, 0x97, 0x8c, 0xe, 0x40, 0x2a,
    0x5d, 0xff, 0x70, 0x80,

    /* U+00E1 "á" */
    0x0, 0xff, 0xe0, 0xa6, 0x88, 0x7, 0x4c, 0x70,
    0x80, 0x76, 0xe1, 0x80, 0x74, 0x57, 0xd9, 0x73,
    0x5, 0x35, 0xee, 0xbc, 0x40, 0x96, 0x94, 0x9a,
    0x40, 0xe, 0x8, 0x1, 0x20, 0x7, 0xfc, 0xe0,
    0x60, 0x12, 0x0, 0x9, 0x78, 0xc0, 0xe4, 0x2,
    0xa5, 0xdf, 0xf7, 0x8, 0x0,

    /* U+00E2 "â" */
    0x0, 0x86, 0x54, 0x3, 0x8b, 0x3f, 0xd0, 0x1,
    0x8f, 0x1a, 0xa8, 0x1, 0xa7, 0xfd, 0x61, 0xcc,
    0x14, 0xd7, 0xba, 0xf1, 0x2, 0x5a, 0x52, 0x69,
    0x0, 0x38, 0x20, 0x4, 0x80, 0x1f, 0xf3, 0x81,
    0x80, 0x48, 0x0, 0x25, 0xe3, 0x3, 0x90, 0xa,
    0x97, 0x7f, 0xdc, 0x20,

    /* U+00E3 "ã" */
    0x0, 0xe, 0x76, 0xd0, 0x6, 0x1c, 0xed, 0xa0,
    0xd, 0x1d, 0xf6, 0x5c, 0xc1, 0x4d, 0x7b, 0xaf,
    0x10, 0x25, 0xa5, 0x26, 0x90, 0x3, 0x82, 0x0,
    0x48, 0x1, 0xff, 0x38, 0x18, 0x4, 0x80, 0x2,
    0x5e, 0x30, 0x39, 0x0, 0xa9, 0x77, 0xfd, 0xc2,
    0x0,

    /* U+00E4 "ä" */
    0x0, 0xb8, 0xe9, 0xc0, 0x3a, 0xf, 0x94, 0x3,
    0x98, 0x10, 0x80, 0x34, 0x77, 0xd9, 0x73, 0x5,
    0x35, 0xee, 0xbc, 0x40, 0x96, 0x94, 0x9a, 0x40,
    0xe, 0x8, 0x1, 0x20, 0x7, 0xfc, 0xe0, 0x60,
    0x12, 0x0, 0x9, 0x78, 0xc0, 0xe4, 0x2, 0xa5,
    0xdf, 0xf7, 0x8, 0x0,

    /* U+00E5 "å" */
    0x0, 0x92, 0xe4, 0x3, 0xdf, 0x40, 0x60, 0x1d,
    0xf4, 0x6, 0x1, 0xc9, 0x72, 0x1, 0xd1, 0xdf,
    0x65, 0xcc, 0x14, 0xd7, 0xba, 0xf1, 0x2, 0x5a,
    0x52, 0x69, 0x0, 0x38, 0x20, 0x4, 0x80, 0x1f,
    0xf3, 0x81, 0x80, 0x48, 0x0, 0x25, 0xe3, 0x3,
    0x90, 0xa, 0x97, 0x7f, 0xdc, 0x20,

    /* U+00E6 "æ" */
    0x0, 0x47, 0x7e, 0x26, 0xa4, 0xf7, 0xe2, 0x0,
    0x29, 0xaf, 0x66, 0x8e, 0x87, 0x30, 0x96, 0x64,
    0xb4, 0xa4, 0xb4, 0x2f, 0x4, 0x70, 0xb2, 0xe0,
    0x80, 0x12, 0x3, 0x7f, 0xe5, 0x10, 0xf, 0xd1,
    0xff, 0xd6, 0xe0, 0x80, 0x12, 0x5, 0x0, 0x6b,
    0x52, 0x5a, 0x52, 0x58, 0x11, 0x51, 0x9a, 0x95,
    0x2, 0x9a, 0xf7, 0xb8, 0x70, 0x5b, 0x83, 0x82,

    /* U+00E7 "ç" */
    0x0, 0x3f, 0x7e, 0x28, 0x2, 0x65, 0x7b, 0x54,
    0x51, 0x6a, 0x52, 0x68, 0xd4, 0x4, 0x0, 0x9e,
    0x0, 0x3f, 0x30, 0x10, 0x4, 0x68, 0x65, 0x20,
    0x1, 0xdc, 0xf, 0x6f, 0xde, 0x48, 0x2, 0xda,
    0xd, 0xa0, 0xc, 0x87, 0xc4, 0x1, 0x87, 0x99,
    0x40, 0x35, 0x6b, 0xa8, 0x0,

    /* U+00E8 "è" */
    0x0, 0xff, 0x93, 0x8, 0x3, 0xc9, 0x3e, 0xe0,
    0x1e, 0x5d, 0x30, 0xe, 0x8e, 0xf9, 0x60, 0xa,
    0x92, 0xb6, 0xe1, 0xc0, 0x97, 0x50, 0x9a, 0xe4,
    0x1c, 0x3b, 0xfe, 0xa1, 0x0, 0xb7, 0x7c, 0xe,
    0xc, 0x45, 0x2d, 0x1, 0x35, 0x29, 0x34, 0x68,
    0x2, 0x5a, 0xf6, 0xa8, 0xa0,

    /* U+00E9 "é" */
    0x0, 0xff, 0xe0, 0xc5, 0x0, 0x71, 0x68, 0xd8,
    0x7, 0xbe, 0x44, 0x3, 0xab, 0x3f, 0x58, 0x2,
    0xa4, 0xad, 0xb8, 0x70, 0x25, 0xd4, 0x26, 0xb9,
    0x7, 0xe, 0xff, 0xa8, 0x40, 0x2d, 0xdf, 0x3,
    0x83, 0x11, 0x4b, 0x40, 0x4d, 0x4a, 0x4d, 0x1a,
    0x0, 0x96, 0xbd, 0xaa, 0x28, 0x0,

    /* U+00EA "ê" */
    0x0, 0x92, 0x88, 0x3, 0x9f, 0xf3, 0xcc, 0x3,
    0x2d, 0xb6, 0x90, 0x6, 0xae, 0xfd, 0x70, 0xa,
    0x92, 0xb6, 0xe1, 0xc0, 0x97, 0x50, 0x9a, 0xe4,
    0x1c, 0x3b, 0xfe, 0xa1, 0x0, 0xb7, 0x7c, 0xe,
    0xc, 0x45, 0x2d, 0x1, 0x35, 0x29, 0x34, 0x68,
    0x2, 0x5a, 0xf6, 0xa8, 0xa0,

    /* U+00EB "ë" */
    0x0, 0x2e, 0x17, 0x8, 0x6, 0x79, 0x28, 0x10,
    0xc, 0x4a, 0xc, 0x1, 0xd1, 0xdf, 0xac, 0x1,
    0x52, 0x56, 0xdc, 0x38, 0x12, 0xea, 0x13, 0x5c,
    0x83, 0x87, 0x7f, 0xd4, 0x20, 0x16, 0xef, 0x81,
    0xc1, 0x88, 0xa5, 0xa0, 0x26, 0xa5, 0x26, 0x8d,
    0x0, 0x4b, 0x5e, 0xd5, 0x14, 0x0,

    /* U+00EC "ì" */
    0x10, 0xb, 0x20, 0x1, 0x81, 0xa0, 0x31, 0xe0,
    0xe, 0x70, 0xf, 0xfe, 0x88,

    /* U+00ED "í" */
    0x0, 0x8, 0x1, 0xbc, 0x6f, 0x30, 0x33, 0x44,
    0x5, 0xca, 0x1, 0xff, 0xd1,

    /* U+00EE "î" */
    0x3, 0xb7, 0x2, 0xff, 0x74, 0x96, 0x24, 0xc0,
    0x3, 0x94, 0x40, 0x3f, 0xfa, 0xe0,

    /* U+00EF "ï" */
    0xe, 0x2b, 0x60, 0x82, 0xf4, 0x6, 0x4, 0x20,
    0x7, 0x28, 0x7, 0xff, 0x60,

    /* U+00F0 "ð" */
    0x0, 0xff, 0xe0, 0xcd, 0xcc, 0x80, 0x31, 0x11,
    0x8a, 0x40, 0x31, 0xd6, 0x2a, 0x0, 0x4f, 0xfd,
    0xa9, 0x0, 0x9, 0x95, 0xec, 0xa1, 0x89, 0x36,
    0xa9, 0x2d, 0x82, 0xb8, 0x18, 0x4, 0xa0, 0x20,
    0x1f, 0x99, 0xc1, 0x0, 0x25, 0x3, 0x26, 0xa5,
    0x25, 0xb9, 0x0, 0x4c, 0xa3, 0x62, 0xc, 0x0,

    /* U+00F1 "ñ" */
    0x4, 0xde, 0xd7, 0x0, 0x26, 0xf6, 0xb8, 0x74,
    0x5f, 0xf4, 0x0, 0x1f, 0xfd, 0x4c, 0xe0, 0xe8,
    0x9, 0x34, 0x1c, 0x1, 0x11, 0x0, 0xc0, 0x3f,
    0xf9, 0xc0,

    /* U+00F2 "ò" */
    0x0, 0xff, 0x87, 0x94, 0x3, 0xc3, 0x9d, 0x40,
    0x1e, 0x2b, 0x80, 0xe, 0x7d, 0xff, 0x38, 0x5,
    0x32, 0x8d, 0xb9, 0x80, 0x26, 0xa5, 0x26, 0xb7,
    0x17, 0x4, 0x0, 0x94, 0x14, 0x3, 0xf9, 0xc1,
    0x0, 0x25, 0x5, 0x26, 0xa5, 0x26, 0xa7, 0x10,
    0x99, 0x46, 0xdc, 0xc0, 0x0,

    /* U+00F3 "ó" */
    0x0, 0xe1, 0x0, 0xfa, 0x34, 0x3, 0x87, 0x43,
    0x40, 0x38, 0x72, 0x4, 0x3, 0x9f, 0x3f, 0x5c,
    0x2, 0x99, 0x46, 0xdc, 0xc0, 0x13, 0x52, 0x93,
    0x5b, 0x8b, 0x82, 0x0, 0x4a, 0xa, 0x1, 0xfc,
    0xe0, 0x80, 0x12, 0x82, 0x93, 0x52, 0x93, 0x53,
    0x88, 0x4c, 0xa3, 0x6e, 0x60, 0x0,

    /* U+00F4 "ô" */
    0x0, 0x93, 0x10, 0x3, 0x9b, 0xe3, 0xd4, 0x3,
    0x3d, 0xa5, 0xa0, 0x6, 0x6d, 0xfd, 0x60, 0xa,
    0x65, 0x1b, 0x73, 0x0, 0x4d, 0x4a, 0x4d, 0x6e,
    0x2e, 0x8, 0x1, 0x28, 0x28, 0x7, 0xf3, 0x82,
    0x0, 0x4a, 0xa, 0x4d, 0x4a, 0x4d, 0x4e, 0x21,
    0x32, 0x8d, 0xb9, 0x80,

    /* U+00F5 "õ" */
    0x0, 0x1e, 0x76, 0xb0, 0x6, 0x3c, 0xed, 0x60,
    0xc, 0xfb, 0xfa, 0xe0, 0x14, 0xca, 0x36, 0xe6,
    0x0, 0x9a, 0x94, 0x9a, 0xdc, 0x5c, 0x10, 0x2,
    0x50, 0x50, 0xf, 0xe7, 0x4, 0x0, 0x94, 0x14,
    0x9a, 0x94, 0x9a, 0x9c, 0x42, 0x65, 0x1b, 0x73,
    0x0,

    /* U+00F6 "ö" */
    0x0, 0x1e, 0x86, 0x98, 0x6, 0x2b, 0xb, 0x20,
    0xc, 0x2c, 0xc, 0x20, 0x19, 0xf7, 0xf5, 0xc0,
    0x29, 0x94, 0x6d, 0xcc, 0x1, 0x35, 0x29, 0x35,
    0xb8, 0xb8, 0x20, 0x4, 0xa0, 0xa0, 0x1f, 0xce,
    0x8, 0x1, 0x28, 0x29, 0x35, 0x29, 0x35, 0x38,
    0x84, 0xca, 0x36, 0xe6, 0x0,

    /* U+00F7 "÷" */
    0x0, 0xb9, 0x40, 0x3c, 0x8c, 0x1, 0xea, 0x30,
    0xb, 0x7f, 0xfc, 0x7f, 0xbb, 0xe3, 0x22, 0xf8,
    0x3, 0x51, 0x80, 0x79, 0x18, 0x2,

    /* U+00F8 "ø" */
    0x0, 0x3e, 0xfe, 0xb5, 0x88, 0x4c, 0xa3, 0x6e,
    0x44, 0x44, 0xd4, 0xa5, 0xec, 0xa2, 0xe0, 0x81,
    0x1f, 0x20, 0xa0, 0x13, 0x7b, 0x0, 0x48, 0x13,
    0xee, 0xa, 0xa, 0x2a, 0xd8, 0x4d, 0x4e, 0x24,
    0x31, 0xd, 0xb9, 0x80,

    /* U+00F9 "ù" */
    0x0, 0x8, 0x7, 0xf, 0xb0, 0x6, 0x1c, 0xc5,
    0x80, 0x62, 0xa9, 0x0, 0x7a, 0x0, 0x9, 0xb8,
    0x3, 0xff, 0xa0, 0x24, 0x1, 0x78, 0x34, 0x18,
    0x2b, 0x4, 0x36, 0xff, 0x38, 0x0,

    /* U+00FA "ú" */
    0x0, 0xc2, 0x1, 0xd1, 0xa0, 0x10, 0xe8, 0x60,
    0x4, 0x39, 0x0, 0x17, 0xa0, 0x80, 0x1b, 0x80,
    0x3f, 0xfa, 0x2, 0x40, 0x17, 0x83, 0x41, 0x82,
    0xb0, 0x43, 0x6f, 0xf3, 0x80,

    /* U+00FB "û" */
    0x0, 0x2e, 0x20, 0x4, 0xdd, 0xfe, 0x50, 0x3,
    0xd9, 0xda, 0x7, 0xa8, 0x4, 0xfc, 0x1, 0xff,
    0xd0, 0x12, 0x0, 0xbc, 0x1a, 0xc, 0x15, 0x82,
    0x1b, 0x7f, 0x9c, 0x0,

    /* U+00FC "ü" */
    0x3, 0xd0, 0xd3, 0x0, 0x15, 0x85, 0x90, 0x0,
    0x58, 0x18, 0x43, 0xd0, 0x2, 0x6e, 0x0, 0xff,
    0xe8, 0x9, 0x0, 0x5e, 0xd, 0x6, 0xa, 0xc1,
    0xd, 0xbf, 0xce, 0x0,

    /* U+00FD "ý" */
    0x0, 0xe1, 0x0, 0xe4, 0xd5, 0x0, 0xd1, 0xe,
    0x40, 0xd, 0x58, 0x60, 0x15, 0x61, 0x0, 0x58,
    0xfc, 0x64, 0x0, 0x23, 0x64, 0x25, 0x0, 0x52,
    0x8, 0x55, 0x0, 0xd, 0xc0, 0x6, 0x23, 0x40,
    0x50, 0x0, 0xa5, 0x6b, 0x80, 0x6e, 0x76, 0xb0,
    0xc, 0xa0, 0x64, 0x1, 0xea, 0x0, 0xe4, 0x16,
    0x0, 0xee, 0x50, 0xe, 0x15, 0xe0, 0xc,

    /* U+00FE "þ" */
    0xe5, 0x0, 0xff, 0xe6, 0x3f, 0x7d, 0x98, 0x2,
    0x77, 0x58, 0x38, 0x40, 0xf4, 0x66, 0xa3, 0xb0,
    0xd0, 0xd, 0x6a, 0x1, 0xef, 0x0, 0x68, 0x6,
    0x55, 0x3, 0xd1, 0x9a, 0x8a, 0xc2, 0x77, 0x58,
    0x38, 0x40, 0x7, 0xef, 0xb3, 0x0, 0xff, 0xe6,
    0x80,

    /* U+00FF "ÿ" */
    0x0, 0x5b, 0x3d, 0x0, 0x6e, 0x45, 0xe0, 0xc,
    0xa4, 0x44, 0x0, 0x56, 0x0, 0x6c, 0x7e, 0x32,
    0x0, 0x11, 0xb2, 0x12, 0x80, 0x29, 0x4, 0x2a,
    0x80, 0x6, 0xe0, 0x3, 0x11, 0xa0, 0x28, 0x0,
    0x52, 0xb5, 0xc0, 0x37, 0x3b, 0x58, 0x6, 0x50,
    0x32, 0x0, 0xf5, 0x0, 0x72, 0xb, 0x0, 0x77,
    0x28, 0x7, 0xa, 0xf0, 0x6,

    /* U+0100 "Ā" */
    0x0, 0x5f, 0xfe, 0x20, 0xa, 0xff, 0xf1, 0x0,
    0x63, 0xfa, 0x0, 0xf5, 0x82, 0x80, 0x79, 0x9c,
    0x14, 0x3, 0x20, 0xd2, 0x78, 0x6, 0xd3, 0x2e,
    0x50, 0xc, 0xf6, 0xa, 0xc, 0x0, 0x41, 0x50,
    0x2, 0x68, 0x3, 0x83, 0x7f, 0xc8, 0x81, 0x5,
    0x8d, 0xdc, 0xc, 0xa0, 0xe4, 0x59, 0xac,

    /* U+0101 "ā" */
    0x0, 0x5f, 0xfe, 0x30, 0xa, 0xff, 0xf1, 0x80,
    0x51, 0xdf, 0x65, 0xcc, 0x14, 0xd7, 0xba, 0xf1,
    0x2, 0x5a, 0x52, 0x69, 0x0, 0x38, 0x20, 0x4,
    0x80, 0x1f, 0xf3, 0x81, 0x80, 0x48, 0x0, 0x25,
    0xe3, 0x3, 0x90, 0xa, 0x97, 0x7f, 0xdc, 0x20,

    /* U+0102 "Ă" */
    0x0, 0x1d, 0x1, 0xd0, 0x6, 0x31, 0xfd, 0x90,
    0xe, 0xbf, 0xe3, 0x0, 0xe3, 0xfa, 0x0, 0xf5,
    0x82, 0x80, 0x79, 0x9c, 0x14, 0x3, 0x20, 0xd2,
    0x78, 0x6, 0xd3, 0x2e, 0x50, 0xc, 0xf6, 0xa,
    0xc, 0x0, 0x41, 0x50, 0x2, 0x68, 0x3, 0x83,
    0x7f, 0xc8, 0x81, 0x5, 0x8d, 0xdc, 0xc, 0xa0,
    0xe4, 0x59, 0xac,

    /* U+0103 "ă" */
    0x0, 0x1d, 0x81, 0xd0, 0x6, 0x31, 0xfd, 0x90,
    0xe, 0xaf, 0xe3, 0x0, 0xd1, 0xdf, 0x65, 0xcc,
    0x14, 0xd7, 0xba, 0xf1, 0x2, 0x5a, 0x52, 0x69,
    0x0, 0x38, 0x20, 0x4, 0x80, 0x1f, 0xf3, 0x81,
    0x80, 0x48, 0x0, 0x25, 0xe3, 0x3, 0x90, 0xa,
    0x97, 0x7f, 0xdc, 0x20,

    /* U+0104 "Ą" */
    0x0, 0x8f, 0xe8, 0x3, 0xeb, 0x5, 0x0, 0xf9,
    0x9c, 0x14, 0x3, 0x90, 0x69, 0x3c, 0x3, 0xb4,
    0xcb, 0x94, 0x3, 0x9e, 0xc1, 0x41, 0x80, 0x24,
    0x15, 0x0, 0x26, 0x80, 0x5c, 0x1b, 0xfe, 0x44,
    0x8, 0x1, 0x63, 0x77, 0x3, 0x2, 0x83, 0x91,
    0x66, 0xb0, 0x5f, 0x0, 0xc8, 0xbe, 0x1, 0xf7,
    0x59, 0x80, 0x7d, 0xd5, 0xa2,

    /* U+0105 "ą" */
    0x0, 0x47, 0x7d, 0x97, 0x30, 0x53, 0x5e, 0xf7,
    0x88, 0x12, 0xd2, 0x92, 0xc8, 0x1, 0xc1, 0x0,
    0x24, 0x0, 0xff, 0x9c, 0x10, 0x2, 0x40, 0x1,
    0x2d, 0x29, 0x2c, 0x80, 0x54, 0xd7, 0xbd, 0x20,
    0x1a, 0x3b, 0xee, 0x64, 0xc0, 0x1c, 0x66, 0x60,
    0xf, 0x1a, 0xf3, 0x0,

    /* U+0106 "Ć" */
    0x0, 0xff, 0xe1, 0xb6, 0x80, 0x7d, 0x98, 0xf0,
    0xf, 0xbe, 0x88, 0x3, 0x86, 0x3b, 0xf6, 0x4,
    0x0, 0x3e, 0x73, 0xb0, 0x9e, 0x41, 0x4b, 0x68,
    0x4b, 0x85, 0x24, 0x92, 0x1, 0xd9, 0x6e, 0x4,
    0x1, 0xff, 0xc5, 0x70, 0x20, 0xf, 0x88, 0xe4,
    0x3, 0xb2, 0xc3, 0x96, 0xd0, 0x93, 0xa, 0x40,
    0xbc, 0xab, 0x65, 0x7c, 0x80,

    /* U+0107 "ć" */
    0x0, 0xff, 0xe0, 0x44, 0x80, 0x63, 0xd0, 0x90,
    0xc, 0x39, 0x0, 0x1d, 0x5f, 0xed, 0x50, 0x5,
    0x2d, 0x6d, 0xd2, 0x92, 0xf2, 0x13, 0x49, 0x38,
    0x18, 0x4, 0xce, 0x1, 0xf9, 0xc0, 0xc0, 0x26,
    0x72, 0x5e, 0x42, 0x69, 0x20, 0xa5, 0xad, 0xaa,
    0x28,

    /* U+010A "Ċ" */
    0x0, 0xe6, 0x0, 0xfc, 0x30, 0x40, 0x1f, 0xf,
    0x10, 0x7, 0xc, 0x6f, 0xec, 0x8, 0x0, 0x7c,
    0xe7, 0x61, 0x3c, 0x82, 0x96, 0xd0, 0x97, 0xa,
    0x49, 0x24, 0x3, 0xb2, 0xdc, 0x8, 0x3, 0xff,
    0x8a, 0xe0, 0x40, 0x1f, 0x11, 0xc8, 0x7, 0x65,
    0x87, 0x2d, 0xa1, 0x26, 0x14, 0x81, 0x79, 0x56,
    0xca, 0xf9, 0x0,

    /* U+010B "ċ" */
    0x0, 0x97, 0x0, 0x3c, 0x92, 0x1, 0xd1, 0xf5,
    0xaa, 0x0, 0xa5, 0xad, 0xba, 0x52, 0x5e, 0x42,
    0x69, 0x27, 0x3, 0x0, 0x99, 0xc0, 0x3f, 0x38,
    0x18, 0x4, 0xce, 0x4b, 0xc8, 0x4d, 0x24, 0x14,
    0xb5, 0xb5, 0x45,

    /* U+010C "Č" */
    0x0, 0x91, 0x0, 0x6a, 0x1, 0xcd, 0x19, 0xee,
    0x1, 0xc5, 0x9f, 0x84, 0x1, 0x86, 0x37, 0x36,
    0x4, 0x0, 0x3e, 0x73, 0xb0, 0x9e, 0x41, 0x4b,
    0x68, 0x4b, 0x85, 0x24, 0x92, 0x1, 0xd9, 0x6e,
    0x4, 0x1, 0xff, 0xc5, 0x70, 0x20, 0xf, 0x88,
    0xe4, 0x3, 0xb2, 0xc3, 0x96, 0xd0, 0x93, 0xa,
    0x40, 0xbc, 0xab, 0x65, 0x7c, 0x80,

    /* U+010D "č" */
    0x0, 0x30, 0x82, 0x90, 0x4, 0x79, 0x8f, 0x20,
    0x9, 0x77, 0xe8, 0x3, 0x47, 0x66, 0xa8, 0x2,
    0x96, 0xb6, 0xe9, 0x49, 0x79, 0x9, 0xa4, 0x9c,
    0xc, 0x2, 0x67, 0x0, 0xfc, 0xe0, 0x60, 0x13,
    0x39, 0x2f, 0x21, 0x34, 0x90, 0x52, 0xd6, 0xd5,
    0x14,

    /* U+010E "Ď" */
    0x0, 0x40, 0xc, 0x0, 0x77, 0xee, 0x68, 0x7,
    0x3f, 0xe2, 0x80, 0x5d, 0xfe, 0xdc, 0x81, 0x0,
    0xa7, 0xb9, 0x27, 0xe2, 0x0, 0x31, 0x12, 0x5a,
    0xd0, 0x7, 0xd0, 0x82, 0x1, 0xe3, 0x2, 0x0,
    0xf0, 0x80, 0x7e, 0x50, 0x20, 0xf, 0x42, 0x8,
    0x18, 0x89, 0x2c, 0xa8, 0x1, 0x3d, 0xc9, 0x3f,
    0x10,

    /* U+010F "ď" */
    0x0, 0xfb, 0x9b, 0x9c, 0x3, 0xfa, 0xfc, 0x3,
    0xfd, 0xc0, 0x8, 0xef, 0xb2, 0x0, 0x13, 0x5,
    0x35, 0xee, 0xbc, 0x41, 0xc0, 0x96, 0x94, 0x9a,
    0x40, 0x33, 0x82, 0x0, 0x48, 0x1, 0xff, 0xc3,
    0x70, 0x30, 0x9, 0x0, 0x31, 0x2f, 0x18, 0x1c,
    0x80, 0x75, 0x2e, 0xff, 0xb8, 0x40, 0x20,

    /* U+0110 "Đ" */
    0xa, 0xff, 0xba, 0x48, 0x3, 0x2f, 0x73, 0x43,
    0x50, 0x3, 0x8, 0x8e, 0x5e, 0x80, 0x3f, 0x40,
    0xaf, 0x2a, 0xbf, 0xca, 0x0, 0x22, 0x62, 0x23,
    0x30, 0x80, 0x18, 0x84, 0x46, 0x61, 0x0, 0x11,
    0x0, 0x3e, 0x71, 0x50, 0xe, 0x28, 0x85, 0x0,
    0x4b, 0xfe, 0xc2, 0xd4, 0x0,

    /* U+0111 "đ" */
    0x0, 0xfb, 0x98, 0x3, 0xcb, 0x83, 0x64, 0x1,
    0xcb, 0x83, 0x64, 0x0, 0x8e, 0xfb, 0x20, 0xd,
    0x4d, 0x7b, 0xaf, 0x10, 0x1, 0x2d, 0x29, 0x34,
    0x80, 0x4e, 0x8, 0x1, 0x20, 0x7, 0xff, 0x5,
    0xc0, 0xc0, 0x24, 0x0, 0x89, 0x78, 0xc0, 0xe4,
    0x3, 0x52, 0xef, 0xfb, 0x84, 0x0,

    /* U+0112 "Ē" */
    0xef, 0xfc, 0x1d, 0xff, 0x83, 0xbf, 0xf2, 0x84,
    0xf7, 0x4a, 0x6, 0x23, 0x0, 0x7e, 0xaf, 0xf6,
    0x80, 0x23, 0x75, 0x80, 0x2, 0x28, 0x40, 0x3f,
    0x18, 0x8c, 0x0, 0x9e, 0xe9, 0x40,

    /* U+0113 "ē" */
    0x1, 0xff, 0xd8, 0x1, 0xf, 0xfe, 0xc0, 0xd,
    0x1d, 0xfa, 0xc0, 0x15, 0x25, 0x6d, 0xc3, 0x81,
    0x2e, 0xa1, 0x35, 0xc8, 0x38, 0x77, 0xfd, 0x42,
    0x1, 0x6e, 0xf8, 0x1c, 0x18, 0x8a, 0x5a, 0x2,
    0x6a, 0x52, 0x68, 0xd0, 0x4, 0xb5, 0xed, 0x51,
    0x40,

    /* U+0114 "Ĕ" */
    0x67, 0x5, 0x80, 0x7b, 0xe8, 0xa0, 0x1c, 0xed,
    0x20, 0xef, 0xfc, 0xa1, 0x3d, 0xd2, 0x81, 0x88,
    0xc0, 0x1f, 0xab, 0xfd, 0xa0, 0x8, 0xdd, 0x60,
    0x0, 0x8a, 0x10, 0xf, 0xc6, 0x23, 0x0, 0x27,
    0xba, 0x50,

    /* U+0115 "ĕ" */
    0x0, 0x4a, 0x84, 0xa0, 0x6, 0xb8, 0xf2, 0x40,
    0xc, 0x5b, 0xf6, 0x1, 0xd1, 0xdf, 0xac, 0x1,
    0x52, 0x56, 0xdc, 0x38, 0x12, 0xea, 0x13, 0x5c,
    0x83, 0x87, 0x7f, 0xd4, 0x20, 0x16, 0xef, 0x81,
    0xc1, 0x88, 0xa5, 0xa0, 0x26, 0xa5, 0x26, 0x8d,
    0x0, 0x4b, 0x5e, 0xd5, 0x14, 0x0,

    /* U+0116 "Ė" */
    0x0, 0x30, 0x6, 0x18, 0x20, 0x8, 0x78, 0x80,
    0x1d, 0xff, 0x94, 0x27, 0xba, 0x50, 0x31, 0x18,
    0x3, 0xf5, 0x7f, 0xb4, 0x1, 0x1b, 0xac, 0x0,
    0x11, 0x42, 0x1, 0xf8, 0xc4, 0x60, 0x4, 0xf7,
    0x4a,

    /* U+0117 "ė" */
    0x0, 0x8f, 0x40, 0x3e, 0x2b, 0x0, 0xf4, 0x7c,
    0xeb, 0x0, 0x54, 0x95, 0xb7, 0xe, 0x4, 0xba,
    0x84, 0xd7, 0x20, 0xe1, 0xdf, 0xf5, 0x8, 0x5,
    0xbb, 0xe0, 0x70, 0x62, 0x29, 0x68, 0x9, 0xa9,
    0x49, 0xa3, 0x40, 0x12, 0xd7, 0xb5, 0x45, 0x0,

    /* U+0118 "Ę" */
    0xef, 0xfc, 0xa1, 0x3d, 0xd2, 0x81, 0x88, 0xc0,
    0x1f, 0xab, 0xfd, 0xa0, 0x8, 0xdd, 0x60, 0x0,
    0x8a, 0x10, 0xf, 0xc6, 0x23, 0x0, 0x27, 0xba,
    0x5e, 0xff, 0x1c, 0x28, 0x1, 0x5, 0xc0, 0x24,
    0x6e, 0x50,

    /* U+0119 "ę" */
    0x0, 0x47, 0x7e, 0xb0, 0x5, 0x49, 0x5b, 0x70,
    0xe0, 0x4b, 0xa8, 0x4d, 0x72, 0xe, 0x1d, 0xff,
    0x50, 0x80, 0x5b, 0xbe, 0x7, 0x6, 0x22, 0x96,
    0xc0, 0x96, 0x94, 0x9a, 0x30, 0x1, 0x4f, 0x5b,
    0x12, 0xa0, 0x14, 0xc2, 0x73, 0x0, 0x76, 0x68,
    0x7, 0xdf, 0x7a, 0x1, 0x0,

    /* U+011A "Ě" */
    0x44, 0x1, 0xa8, 0x2f, 0xe7, 0xb8, 0xd, 0xfe,
    0x10, 0x77, 0xe7, 0xf9, 0x42, 0x7b, 0xa5, 0x3,
    0x11, 0x80, 0x3f, 0x57, 0xfb, 0x40, 0x11, 0xba,
    0xc0, 0x1, 0x14, 0x20, 0x1f, 0x8c, 0x46, 0x0,
    0x4f, 0x74, 0xa0,

    /* U+011B "ě" */
    0x0, 0x29, 0x2, 0x18, 0x6, 0x1f, 0xbf, 0x20,
    0xc, 0x9b, 0xf6, 0x20, 0x1a, 0x3a, 0xf5, 0x80,
    0x2a, 0x4a, 0xdb, 0x87, 0x2, 0x5d, 0x42, 0x6b,
    0x90, 0x70, 0xef, 0xfa, 0x84, 0x2, 0xdd, 0xf0,
    0x38, 0x31, 0x14, 0xb4, 0x4, 0xd4, 0xa4, 0xd1,
    0xa0, 0x9, 0x6b, 0xda, 0xa2, 0x80,

    /* U+011E "Ğ" */
    0x0, 0x9d, 0x81, 0x98, 0x1, 0xe6, 0xbe, 0xb7,
    0x0, 0xf0, 0xef, 0x68, 0x80, 0x70, 0xc6, 0xff,
    0x49, 0x0, 0x43, 0xe9, 0x19, 0x45, 0xa6, 0x0,
    0xa5, 0xc5, 0x34, 0xb7, 0xb0, 0x24, 0x90, 0xe,
    0x88, 0x3, 0x81, 0x0, 0x3b, 0xff, 0x20, 0x7,
    0x7e, 0xea, 0xc1, 0xdc, 0x4, 0x0, 0x12, 0x28,
    0x4c, 0x92, 0x40, 0x3a, 0x18, 0x1, 0x4b, 0x8a,
    0x6d, 0xa5, 0x0, 0x1, 0xf4, 0x8c, 0xba, 0xc0,
    0x0,

    /* U+011F "ğ" */
    0x0, 0x1d, 0x81, 0xd0, 0x6, 0x31, 0xfd, 0x90,
    0xe, 0xaf, 0xe3, 0x0, 0xd1, 0xdf, 0x87, 0xcc,
    0x14, 0xbb, 0xf1, 0xc2, 0x4, 0xbc, 0x60, 0x9c,
    0x0, 0x70, 0x30, 0x8, 0xc0, 0x3f, 0xe7, 0x4,
    0x0, 0x94, 0x0, 0x4b, 0x4a, 0x4b, 0x0, 0x15,
    0x35, 0xef, 0x78, 0x80, 0x51, 0xdf, 0x64, 0x26,
    0x16, 0xc0, 0x11, 0x83, 0x86, 0xcb, 0x12, 0x72,
    0x10, 0x34, 0xde, 0xd2, 0x58, 0x0,

    /* U+0120 "Ġ" */
    0x0, 0xe6, 0x0, 0xfe, 0x28, 0x10, 0xf, 0xc5,
    0xc2, 0x1, 0xe1, 0x8d, 0xfe, 0x92, 0x0, 0x87,
    0xd2, 0x32, 0x8b, 0x4c, 0x1, 0x4b, 0x8a, 0x69,
    0x6f, 0x60, 0x49, 0x20, 0x1d, 0x10, 0x7, 0x2,
    0x0, 0x77, 0xfe, 0x40, 0xe, 0xfd, 0xd5, 0x83,
    0xb8, 0x8, 0x0, 0x24, 0x50, 0x99, 0x24, 0x80,
    0x74, 0x30, 0x2, 0x97, 0x14, 0xdb, 0x4a, 0x0,
    0x3, 0xe9, 0x19, 0x75, 0x80, 0x0,

    /* U+0121 "ġ" */
    0x0, 0xd8, 0x80, 0x1f, 0x4a, 0x80, 0x74, 0x75,
    0x69, 0xf3, 0x5, 0x2e, 0xfc, 0x70, 0x81, 0x2f,
    0x18, 0x27, 0x0, 0x1c, 0xc, 0x2, 0x30, 0xf,
    0xf9, 0xc1, 0x0, 0x25, 0x0, 0x12, 0xd2, 0x92,
    0xc0, 0x5, 0x4d, 0x7b, 0xde, 0x20, 0x14, 0x77,
    0xd9, 0x9, 0x85, 0xb0, 0x4, 0x60, 0xe1, 0xb2,
    0xc4, 0x9c, 0x84, 0xd, 0x37, 0xb4, 0x96, 0x0,

    /* U+0122 "Ģ" */
    0x0, 0xc, 0x6f, 0xec, 0x8, 0x4, 0x3e, 0x91,
    0x90, 0xb8, 0x20, 0xa, 0x5c, 0x53, 0x5c, 0x3b,
    0x2, 0x49, 0x0, 0xc3, 0xf0, 0xe, 0x4, 0x1,
    0xc2, 0x40, 0x1e, 0xef, 0xfc, 0x8e, 0x4, 0x0,
    0xfd, 0xd5, 0x83, 0x92, 0x48, 0x0, 0x48, 0x9c,
    0x46, 0x14, 0xb8, 0xa6, 0xb6, 0x9e, 0x0, 0x1f,
    0x48, 0xcb, 0x2f, 0x20, 0x8, 0x63, 0x7f, 0xa4,
    0x40, 0x3c, 0x7e, 0x20, 0x1f, 0x8d, 0x4c, 0x3,
    0xf1, 0x9, 0x0, 0x60,

    /* U+0123 "ģ" */
    0x0, 0xce, 0x60, 0x1f, 0x61, 0x80, 0x7c, 0x8a,
    0x1, 0xf6, 0x20, 0x7, 0x47, 0x66, 0x9f, 0x30,
    0x52, 0xef, 0xc7, 0x8, 0x12, 0xf1, 0x82, 0x70,
    0x1, 0xc0, 0xc0, 0x23, 0x0, 0xff, 0x9c, 0x10,
    0x2, 0x50, 0x1, 0x2d, 0x29, 0x2c, 0x0, 0x54,
    0xd7, 0xbd, 0xe2, 0x1, 0x47, 0x7d, 0x90, 0x98,
    0x5b, 0x0, 0x46, 0xe, 0x1b, 0x2c, 0x49, 0xc8,
    0x40, 0xd3, 0x7b, 0x49, 0x60,

    /* U+0128 "Ĩ" */
    0x1b, 0xdd, 0x48, 0xde, 0xea, 0x40, 0x1c, 0xa0,
    0x1f, 0xfe, 0x20,

    /* U+0129 "ĩ" */
    0x1c, 0xed, 0x91, 0xce, 0xd9, 0x0, 0x72, 0x80,
    0x7f, 0xf6, 0x0,

    /* U+012A "Ī" */
    0xbf, 0xfc, 0x57, 0xff, 0x88, 0x1, 0xca, 0x1,
    0xff, 0xec,

    /* U+012B "ī" */
    0xbf, 0xfc, 0x57, 0xff, 0x88, 0x1, 0xca, 0x1,
    0xff, 0xe0,

    /* U+012C "Ĭ" */
    0x3a, 0x3, 0xa3, 0x1f, 0xd9, 0xb, 0xfe, 0x30,
    0x7, 0x28, 0x7, 0xff, 0x88,

    /* U+012D "ĭ" */
    0x3a, 0x4, 0xa3, 0xf, 0x99, 0x5, 0x7e, 0x98,
    0x3, 0x94, 0x3, 0xff, 0xb0,

    /* U+012E "Į" */
    0x0, 0x72, 0x80, 0x7f, 0xf5, 0x84, 0x1, 0x90,
    0xa8, 0x2e, 0x8, 0xdc, 0xc0,

    /* U+012F "į" */
    0x0, 0x73, 0x0, 0x10, 0x80, 0x14, 0x80, 0xe,
    0x50, 0xf, 0xfe, 0x70, 0x80, 0x36, 0x55, 0x1,
    0x81, 0x1b, 0x98,

    /* U+0130 "İ" */
    0x5, 0x10, 0x85, 0xd, 0x40, 0xe5, 0x0, 0xff,
    0xe7, 0x80,

    /* U+0131 "ı" */
    0xe5, 0x0, 0xff, 0xe1, 0x0,

    /* U+0136 "Ķ" */
    0xe5, 0x0, 0x17, 0x40, 0x6, 0x1f, 0x48, 0x0,
    0xda, 0x34, 0x1, 0xa8, 0x74, 0x3, 0x42, 0x60,
    0x80, 0x7f, 0xf0, 0x21, 0x70, 0x40, 0x3a, 0xc7,
    0x40, 0x3d, 0xa3, 0x40, 0x1c, 0x3e, 0x92, 0x1c,
    0xa0, 0x2, 0xe9, 0x0, 0x9f, 0x40, 0x3c, 0xc2,
    0x1, 0xe4, 0x40, 0x6,

    /* U+0137 "ķ" */
    0xe5, 0x0, 0xff, 0xe5, 0x17, 0xc8, 0x4, 0x3e,
    0x92, 0x0, 0x3a, 0x1b, 0x0, 0xa1, 0xb4, 0x3,
    0xfe, 0x86, 0xd0, 0xc, 0x74, 0x36, 0x1, 0x87,
    0xd6, 0x83, 0x94, 0xb, 0xa8, 0x2, 0xf4, 0x0,
    0xe7, 0x10, 0xe, 0x34, 0x0, 0x80,

    /* U+0139 "Ĺ" */
    0x0, 0x84, 0x0, 0x58, 0x80, 0xdf, 0x2a, 0x9,
    0xaa, 0x0, 0xc5, 0x0, 0xff, 0xed, 0x98, 0x88,
    0x1, 0x3d, 0xcc,

    /* U+013A "ĺ" */
    0x0, 0x8, 0x1, 0xbc, 0x33, 0x1e, 0x1d, 0x42,
    0x5, 0xca, 0x1, 0xff, 0xdd,

    /* U+013B "Ļ" */
    0xe5, 0x0, 0xff, 0xed, 0x98, 0x88, 0x1, 0x3d,
    0xcc, 0xef, 0xfb, 0x0, 0xfc, 0x40, 0x6, 0xa6,
    0x0, 0x20, 0x20,

    /* U+013C "ļ" */
    0xe5, 0x0, 0xff, 0xe4, 0x72, 0xfb, 0x48, 0xea,
    0x80,

    /* U+013D "Ľ" */
    0xe5, 0x1f, 0x40, 0x0, 0xb0, 0x80, 0x42, 0xa0,
    0x14, 0x0, 0x7f, 0xf2, 0x8c, 0x44, 0x0, 0x9e,
    0xe6, 0x0,

    /* U+013E "ľ" */
    0xe5, 0xab, 0x0, 0x40, 0x4, 0x62, 0x0, 0x48,
    0x0, 0x29, 0x0, 0x7f, 0xf3, 0x0,

    /* U+013F "Ŀ" */
    0xe5, 0x0, 0xff, 0xe4, 0xdb, 0x0, 0x5e, 0x80,
    0x12, 0x10, 0x7, 0x8c, 0x44, 0x0, 0x9e, 0xe6,
    0x0,

    /* U+0140 "ŀ" */
    0xe5, 0x0, 0xff, 0xe4, 0x62, 0x80, 0x25, 0x0,
    0xa, 0x20, 0x1f, 0xfc, 0x0,

    /* U+0141 "Ł" */
    0xb, 0x80, 0xf, 0xfe, 0x31, 0x80, 0x9, 0x9f,
    0xc0, 0x12, 0x6d, 0x80, 0xb, 0x51, 0x0, 0xff,
    0xe2, 0xbf, 0xfc,

    /* U+0142 "ł" */
    0xe, 0x60, 0xf, 0xfe, 0x1d, 0xad, 0x8a, 0x2c,
    0xf, 0x81, 0x80, 0x7f, 0xf0, 0xc0,

    /* U+0143 "Ń" */
    0x0, 0xff, 0x8f, 0x10, 0x3, 0x3f, 0xc2, 0x0,
    0x64, 0xc4, 0x0, 0xba, 0x8c, 0x2, 0x8c, 0x5,
    0x50, 0x7, 0x92, 0xc4, 0x3, 0xb9, 0x60, 0x3,
    0xd4, 0xc8, 0x1, 0xc3, 0x32, 0x0, 0xf3, 0xc,
    0x0, 0x7b, 0x9c, 0xc0, 0x38, 0xa1, 0x0, 0x3c,
    0xe4, 0x0,

    /* U+0144 "ń" */
    0x0, 0xc2, 0x1, 0xd1, 0xa0, 0x10, 0xe8, 0x60,
    0x4, 0x39, 0x0, 0x17, 0x45, 0x7f, 0x40, 0x1,
    0xff, 0xd4, 0xce, 0xe, 0x80, 0x93, 0x41, 0xc0,
    0x11, 0x10, 0xc, 0x3, 0xff, 0x9c,

    /* U+0145 "Ņ" */
    0xea, 0x0, 0xd1, 0x80, 0xaa, 0x0, 0xf2, 0x58,
    0x80, 0x77, 0x2c, 0x0, 0x7a, 0x99, 0x0, 0x38,
    0x66, 0x40, 0x1e, 0x61, 0x80, 0xf, 0x73, 0x98,
    0x7, 0x14, 0x20, 0x7, 0x9c, 0x83, 0x94, 0x3,
    0x6e, 0x0, 0x57, 0x20, 0x1e, 0x83, 0x0, 0xf5,
    0xf0, 0x4,

    /* U+0146 "ņ" */
    0xe8, 0xbf, 0xe8, 0x0, 0x3f, 0xfa, 0x99, 0xc1,
    0xd0, 0x12, 0x68, 0x38, 0x2, 0x22, 0x1, 0x80,
    0x7f, 0xf3, 0xb9, 0x40, 0x25, 0xf0, 0x1, 0x79,
    0x0, 0x62, 0x61, 0x0, 0xc2, 0x46, 0x0,

    /* U+0147 "Ň" */
    0x0, 0x40, 0xb, 0x80, 0x76, 0xe0, 0x80, 0x68,
    0xfc, 0x60, 0x7, 0x50, 0x10, 0x84, 0x60, 0x2a,
    0x80, 0x3c, 0x96, 0x20, 0x1d, 0xcb, 0x0, 0x1e,
    0xa6, 0x40, 0xe, 0x19, 0x90, 0x7, 0x98, 0x60,
    0x3, 0xdc, 0xe6, 0x1, 0xc5, 0x8, 0x1, 0xe7,
    0x20,

    /* U+0148 "ň" */
    0x5, 0x50, 0x22, 0x80, 0x13, 0xb7, 0xd0, 0x0,
    0x37, 0xf6, 0x21, 0xd1, 0x7b, 0xd0, 0x0, 0x7f,
    0xf5, 0x33, 0x83, 0xa0, 0x24, 0xd0, 0x70, 0x4,
    0x44, 0x3, 0x0, 0xff, 0xe7, 0x0,

    /* U+014C "Ō" */
    0x0, 0xbb, 0xff, 0x0, 0x7b, 0xbf, 0xf0, 0x7,
    0xc, 0x6f, 0xec, 0x8, 0x4, 0x3e, 0x73, 0xb2,
    0x7e, 0x20, 0xa, 0x5b, 0x42, 0x4b, 0x5d, 0x2,
    0x49, 0x0, 0xe9, 0x32, 0x70, 0x20, 0xe, 0x20,
    0x70, 0xf, 0xf9, 0xc0, 0x80, 0x38, 0x81, 0xc8,
    0xe4, 0x3, 0xa4, 0xc8, 0x39, 0x6d, 0x9, 0x2d,
    0x78, 0x0, 0x5e, 0x55, 0xb4, 0x5e, 0x40,

    /* U+014D "ō" */
    0x0, 0x7f, 0xee, 0x0, 0xdf, 0xfb, 0x80, 0x33,
    0xef, 0xeb, 0x80, 0x53, 0x28, 0xdb, 0x98, 0x2,
    0x6a, 0x52, 0x6b, 0x71, 0x70, 0x40, 0x9, 0x41,
    0x40, 0x3f, 0x9c, 0x10, 0x2, 0x50, 0x52, 0x6a,
    0x52, 0x6a, 0x71, 0x9, 0x94, 0x6d, 0xcc, 0x0,

    /* U+014E "Ŏ" */
    0x0, 0x99, 0xc1, 0x9c, 0x3, 0xcf, 0x5d, 0x6c,
    0x1, 0xe1, 0xde, 0xd1, 0x0, 0xe1, 0x8d, 0xfd,
    0x81, 0x0, 0x87, 0xce, 0x76, 0x4f, 0xc4, 0x1,
    0x4b, 0x68, 0x49, 0x6b, 0xa0, 0x49, 0x20, 0x1d,
    0x26, 0x4e, 0x4, 0x1, 0xc4, 0xe, 0x1, 0xff,
    0x38, 0x10, 0x7, 0x10, 0x39, 0x1c, 0x80, 0x74,
    0x99, 0x7, 0x2d, 0xa1, 0x25, 0xaf, 0x0, 0xb,
    0xca, 0xb6, 0x8b, 0xc8, 0x0,

    /* U+014F "ŏ" */
    0x0, 0x3b, 0x81, 0xd8, 0x3, 0x35, 0xfd, 0xb8,
    0x6, 0x1c, 0xfc, 0x10, 0xc, 0xfb, 0xfa, 0xe0,
    0x14, 0xca, 0x36, 0xe6, 0x0, 0x9a, 0x94, 0x9a,
    0xdc, 0x5c, 0x10, 0x2, 0x50, 0x50, 0xf, 0xe7,
    0x4, 0x0, 0x94, 0x14, 0x9a, 0x94, 0x9a, 0x9c,
    0x42, 0x65, 0x1b, 0x73, 0x0,

    /* U+0150 "Ő" */
    0x0, 0xcb, 0x67, 0x80, 0x1f, 0x4d, 0x47, 0x80,
    0x7d, 0x83, 0x66, 0x1, 0xc3, 0x1b, 0xfb, 0x2,
    0x1, 0xf, 0x9c, 0xec, 0x9f, 0x88, 0x2, 0x96,
    0xd0, 0x92, 0xd7, 0x40, 0x92, 0x40, 0x3a, 0x4c,
    0x9c, 0x8, 0x3, 0x88, 0x1c, 0x3, 0xfe, 0x70,
    0x20, 0xe, 0x20, 0x72, 0x39, 0x0, 0xe9, 0x32,
    0xe, 0x5b, 0x42, 0x4b, 0x5e, 0x0, 0x17, 0x95,
    0x6d, 0x17, 0x90, 0x0,

    /* U+0151 "ő" */
    0x0, 0x9a, 0x8f, 0x0, 0x3a, 0xa2, 0x1e, 0x1,
    0xde, 0x50, 0x60, 0x19, 0xfb, 0xf9, 0xc0, 0x29,
    0x94, 0x6d, 0xcc, 0x1, 0x35, 0x29, 0x35, 0xb8,
    0xb8, 0x20, 0x4, 0xa0, 0xa0, 0x1f, 0xce, 0x8,
    0x1, 0x28, 0x29, 0x35, 0x29, 0x35, 0x38, 0x84,
    0xca, 0x36, 0xe6, 0x0,

    /* U+0152 "Œ" */
    0x0, 0xc, 0xf7, 0xeb, 0x87, 0x7f, 0xe5, 0x2,
    0xf2, 0xad, 0x9c, 0xb0, 0x8d, 0xd9, 0x43, 0x96,
    0xd0, 0x92, 0xc0, 0x44, 0x45, 0x1, 0x1c, 0x80,
    0x74, 0x0, 0x79, 0xc0, 0x80, 0x38, 0xc2, 0x7b,
    0x9a, 0x1, 0xff, 0x4f, 0xfb, 0x1, 0xc0, 0x80,
    0x38, 0x80, 0x2, 0x30, 0x11, 0xc0, 0x7, 0x40,
    0x7, 0xdc, 0x94, 0x60, 0x74, 0x62, 0x1, 0xe2,
    0xf3, 0xdf, 0xed, 0x90, 0x9f, 0xf9, 0x40,

    /* U+0153 "œ" */
    0x0, 0x3e, 0xfe, 0xb0, 0x1e, 0x7f, 0x50, 0x80,
    0x26, 0x51, 0xb1, 0x9, 0xca, 0xda, 0x1f, 0x2,
    0x6d, 0x52, 0x5a, 0x67, 0x62, 0x4b, 0x6, 0x70,
    0x30, 0x9, 0x1, 0xfb, 0xb0, 0x88, 0x3, 0xf4,
    0x77, 0x6f, 0x77, 0x1, 0x80, 0x4a, 0x18, 0x1,
    0x16, 0x11, 0x1b, 0x50, 0x96, 0xe9, 0x64, 0x93,
    0xdc, 0x82, 0x66, 0xd9, 0xa5, 0xc2, 0xda, 0x5b,
    0x0,

    /* U+0154 "Ŕ" */
    0x0, 0xc2, 0x1, 0xd3, 0x60, 0x11, 0x68, 0xd0,
    0x4, 0x79, 0x0, 0x17, 0x75, 0xf8, 0x80, 0x9,
    0xee, 0x5d, 0x8c, 0xc, 0x44, 0xe7, 0x60, 0x1f,
    0xf2, 0x9d, 0x85, 0x77, 0xdc, 0x98, 0x4f, 0x93,
    0xb0, 0x0, 0xc6, 0x58, 0xc0, 0x32, 0x2f, 0x80,
    0x75, 0x9b, 0x0,

    /* U+0155 "ŕ" */
    0x0, 0xf4, 0x49, 0xe8, 0x48, 0xe4, 0x6, 0x3d,
    0x60, 0x41, 0xc0, 0x3c, 0xa0, 0x78, 0x4, 0x60,
    0x1f, 0xfc, 0x20,

    /* U+0156 "Ŗ" */
    0xef, 0xfb, 0x10, 0x1, 0x3d, 0xcb, 0xb1, 0x81,
    0x88, 0x9c, 0xec, 0x3, 0xfe, 0x53, 0xb0, 0xae,
    0xfb, 0x93, 0x9, 0xf2, 0x76, 0x0, 0x18, 0xcb,
    0x18, 0x6, 0x45, 0xf0, 0xe, 0xb3, 0x6e, 0x50,
    0x0, 0xfb, 0x0, 0x1b, 0x80, 0x39, 0xc8, 0x3,
    0x95, 0x0, 0x20,

    /* U+0157 "ŗ" */
    0xe6, 0xac, 0x8, 0x38, 0x7, 0x94, 0xf, 0x0,
    0x8c, 0x3, 0xff, 0x85, 0xca, 0x0, 0xf5, 0x0,
    0x41, 0x80, 0x31, 0x0, 0x0,

    /* U+0158 "Ř" */
    0x6, 0x30, 0x53, 0x0, 0x2f, 0xe7, 0x90, 0x0,
    0xf3, 0xe8, 0x43, 0xbf, 0xd9, 0x84, 0x0, 0x4f,
    0x72, 0xec, 0x60, 0x62, 0x27, 0x3b, 0x0, 0xff,
    0x94, 0xec, 0x2b, 0xbe, 0xe4, 0xc2, 0x7c, 0x9d,
    0x80, 0x6, 0x32, 0xc6, 0x1, 0x91, 0x7c, 0x3,
    0xac, 0xd8,

    /* U+0159 "ř" */
    0x61, 0x5, 0x13, 0xcb, 0xf1, 0x5c, 0x8a, 0xe,
    0x79, 0xc0, 0x4, 0x1c, 0x0, 0x1e, 0x50, 0x1,
    0xe0, 0x18, 0xc0, 0x3f, 0xf8, 0xc0,

    /* U+015A "Ś" */
    0x0, 0xff, 0x8a, 0xdc, 0x3, 0x2f, 0xeb, 0x80,
    0x66, 0xd6, 0x0, 0xc3, 0x3d, 0xf6, 0x40, 0xd,
    0x1d, 0xc0, 0xc0, 0x13, 0x83, 0x35, 0x31, 0x8,
    0x58, 0x0, 0x60, 0x82, 0x5f, 0x60, 0xc0, 0x26,
    0xf8, 0x2c, 0xa0, 0xc, 0xb5, 0x8a, 0x83, 0x64,
    0x0, 0x31, 0x21, 0x6e, 0x32, 0x81, 0x70, 0xc6,
    0xdd, 0x26, 0x8,

    /* U+015B "ś" */
    0x0, 0xc2, 0x1, 0xcd, 0xe0, 0x1b, 0x31, 0xe0,
    0x1b, 0xa8, 0x40, 0x24, 0xef, 0xd6, 0x1, 0xbb,
    0x6c, 0x4a, 0x18, 0x21, 0x2d, 0x39, 0x36, 0x4a,
    0x29, 0x84, 0xe0, 0xce, 0x90, 0xb1, 0xc6, 0x8d,
    0x4, 0xc1, 0x21, 0x70, 0xe2, 0x6d, 0x33, 0x0,

    /* U+015E "Ş" */
    0x1, 0xae, 0xfb, 0x20, 0x6, 0x8e, 0xe0, 0x60,
    0x9, 0xc1, 0x9a, 0x9c, 0x84, 0x10, 0x0, 0x32,
    0x41, 0x10, 0xb6, 0x10, 0x9, 0xf0, 0xef, 0xa0,
    0x2, 0x38, 0xda, 0x73, 0x18, 0x10, 0x2, 0x8a,
    0x8b, 0x40, 0x1, 0x5, 0x2, 0x9f, 0xb6, 0xe0,
    0x81, 0x3a, 0x1b, 0x9c, 0x3, 0x2b, 0x50, 0x80,
    0x63, 0xd7, 0x40, 0xd, 0x9c, 0x8, 0x0,

    /* U+015F "ş" */
    0x3, 0xcf, 0xd6, 0x0, 0x62, 0x6d, 0xc9, 0x90,
    0x59, 0x34, 0x81, 0x26, 0xb9, 0x31, 0x85, 0xc6,
    0x6d, 0x80, 0x9, 0xaf, 0x99, 0xcb, 0x50, 0x4,
    0x0, 0x4f, 0x7b, 0xc0, 0xc1, 0x1a, 0x37, 0xa2,
    0x0, 0x26, 0x86, 0x0, 0xd5, 0xd0, 0x1, 0x2e,
    0xea, 0x40,

    /* U+0160 "Š" */
    0x0, 0x38, 0x1, 0xc0, 0x30, 0xee, 0xbc, 0x3,
    0x36, 0x7c, 0x0, 0x43, 0x5f, 0xb6, 0x40, 0xd,
    0x1d, 0xc0, 0xc0, 0x13, 0x83, 0x35, 0x31, 0x8,
    0x58, 0x0, 0x60, 0x82, 0x5f, 0x60, 0xc0, 0x26,
    0xf8, 0x2c, 0xa0, 0xc, 0xb5, 0x8a, 0x83, 0x64,
    0x0, 0x31, 0x21, 0x6e, 0x32, 0x81, 0x70, 0xc6,
    0xdd, 0x26, 0x8,

    /* U+0161 "š" */
    0x3, 0x60, 0x36, 0x0, 0x16, 0x6f, 0xa8, 0x0,
    0x6b, 0xf0, 0xc0, 0x9, 0x9b, 0xa6, 0x1, 0xbb,
    0x6c, 0x4a, 0x18, 0x21, 0x2d, 0x39, 0x36, 0x4a,
    0x29, 0x84, 0xe0, 0xce, 0x90, 0xb1, 0xc6, 0x8d,
    0x4, 0xc1, 0x21, 0x70, 0xe2, 0x6d, 0x33, 0x0,

    /* U+0162 "Ţ" */
    0x8f, 0xff, 0xc, 0x77, 0xa, 0x3b, 0x82, 0x2,
    0x20, 0x11, 0x80, 0x3f, 0xfe, 0xe, 0xa0, 0x1e,
    0x3e, 0x70, 0xe, 0x9f, 0x80, 0xc, 0x7b, 0x8e,
    0x0,

    /* U+0163 "ţ" */
    0xa, 0xa0, 0x7, 0xd4, 0xaa, 0xfa, 0xa2, 0xab,
    0xa8, 0x2, 0x10, 0xf, 0xfe, 0x29, 0x31, 0x8,
    0x51, 0x6d, 0x81, 0x2e, 0xd0, 0x0, 0xbd, 0x80,
    0x13, 0xd0, 0x9, 0xba, 0x60,

    /* U+0164 "Ť" */
    0x2, 0x70, 0x27, 0x0, 0x8b, 0xb7, 0xcc, 0x3,
    0x4f, 0xea, 0x0, 0x23, 0xfd, 0xbf, 0xf0, 0xc7,
    0x70, 0xa3, 0xb8, 0x20, 0x22, 0x1, 0x18, 0x3,
    0xff, 0xda,

    /* U+0165 "ť" */
    0x0, 0xfe, 0x5f, 0x0, 0x55, 0x15, 0x4, 0x2,
    0x33, 0xd, 0x2a, 0xb0, 0x82, 0x95, 0x5d, 0x40,
    0x18, 0x40, 0x3f, 0xf9, 0x24, 0xc4, 0x20, 0xa,
    0xd, 0xb0,

    /* U+0168 "Ũ" */
    0x1, 0xbd, 0xd4, 0x80, 0x43, 0x7b, 0xa9, 0x0,
    0x7a, 0x80, 0x6e, 0x60, 0xf, 0xfe, 0xe0, 0x80,
    0x7c, 0x58, 0x1, 0x10, 0xac, 0xb3, 0x92, 0x71,
    0x99, 0x6a, 0xf6, 0x97, 0x40,

    /* U+0169 "ũ" */
    0x4, 0xde, 0xd6, 0x0, 0x26, 0xf6, 0xb0, 0x7a,
    0x0, 0x4d, 0xc0, 0x1f, 0xfd, 0x1, 0x20, 0xb,
    0xc1, 0xa0, 0xc1, 0x58, 0x21, 0xb7, 0xf9, 0xc0,

    /* U+016A "Ū" */
    0xb, 0xff, 0xc4, 0x0, 0xbf, 0xfc, 0x41, 0xea,
    0x1, 0xb9, 0x80, 0x3f, 0xfb, 0x82, 0x1, 0xf1,
    0x60, 0x4, 0x42, 0xb2, 0xce, 0x49, 0xc6, 0x65,
    0xab, 0xda, 0x5d, 0x0,

    /* U+016B "ū" */
    0xf, 0xfd, 0xc0, 0xf, 0xfd, 0xc1, 0xe8, 0x1,
    0x37, 0x0, 0x7f, 0xf4, 0x4, 0x80, 0x2f, 0x6,
    0x83, 0x5, 0x60, 0x86, 0xdf, 0xe7, 0x0,

    /* U+016C "Ŭ" */
    0x3, 0xa0, 0x3a, 0x0, 0x8c, 0x7f, 0x64, 0x3,
    0x5f, 0xf1, 0x80, 0x3d, 0x40, 0x37, 0x30, 0x7,
    0xff, 0x70, 0x40, 0x3e, 0x2c, 0x0, 0x88, 0x56,
    0x59, 0xc9, 0x38, 0xcc, 0xb5, 0x7b, 0x4b, 0xa0,

    /* U+016D "ŭ" */
    0x7, 0x70, 0x3b, 0x0, 0x1a, 0xfe, 0xdc, 0x0,
    0x39, 0xf8, 0x21, 0xe8, 0x1, 0x37, 0x0, 0x7f,
    0xf4, 0x4, 0x80, 0x2f, 0x6, 0x83, 0x5, 0x60,
    0x86, 0xdf, 0xe7, 0x0,

    /* U+016E "Ů" */
    0x0, 0x25, 0xc8, 0x7, 0x7d, 0x19, 0x0, 0x6f,
    0xa3, 0x20, 0xc, 0x97, 0x20, 0x17, 0xa8, 0x6,
    0xe6, 0x0, 0xff, 0xee, 0x8, 0x7, 0xc5, 0x80,
    0x11, 0xa, 0xcb, 0x39, 0x27, 0x19, 0x96, 0xaf,
    0x69, 0x74, 0x0,

    /* U+016F "ů" */
    0x0, 0x3d, 0xb8, 0x6, 0xbb, 0x80, 0x35, 0xdc,
    0x1, 0x9e, 0xdc, 0x1, 0xe8, 0x1, 0x37, 0x0,
    0x7f, 0xf4, 0x4, 0x80, 0x2f, 0x6, 0x83, 0x5,
    0x60, 0x86, 0xdf, 0xe7, 0x0,

    /* U+0170 "Ű" */
    0x0, 0x16, 0x8f, 0x8, 0x5, 0x13, 0x2b, 0x10,
    0xa, 0x92, 0x14, 0x1, 0xea, 0x1, 0xb9, 0x80,
    0x3f, 0xfb, 0x82, 0x1, 0xf1, 0x60, 0x4, 0x42,
    0xb2, 0xce, 0x49, 0xc6, 0x65, 0xab, 0xda, 0x5d,
    0x0,

    /* U+0171 "ű" */
    0x0, 0x35, 0x1e, 0x0, 0x55, 0x10, 0xf0, 0xb,
    0x8a, 0x4c, 0x3d, 0x8, 0x9, 0xb8, 0x3, 0xff,
    0xa0, 0x24, 0x1, 0x78, 0x34, 0x18, 0x2b, 0x4,
    0x36, 0xff, 0x38, 0x0,

    /* U+0172 "Ų" */
    0xf5, 0x0, 0xdc, 0xc0, 0x1f, 0xfd, 0xc1, 0x0,
    0xf1, 0x96, 0x80, 0x42, 0x26, 0x97, 0x51, 0x2a,
    0x33, 0x2c, 0xc7, 0x68, 0xe8, 0x1, 0xa9, 0x3a,
    0x84, 0x2, 0x98, 0x10, 0xe, 0x9d, 0xa0, 0x8,

    /* U+0173 "ų" */
    0xf4, 0x0, 0x9b, 0x80, 0x3f, 0xfa, 0xa2, 0x60,
    0x17, 0x80, 0x1a, 0x54, 0x99, 0x80, 0x8, 0x6b,
    0xdc, 0x63, 0x0, 0x47, 0x7e, 0x2f, 0x80, 0x76,
    0xd1, 0x0, 0x77, 0x5e, 0x80,

    /* U+0174 "Ŵ" */
    0x0, 0xe3, 0xc8, 0x0, 0xff, 0x17, 0xfd, 0x40,
    0x1f, 0xc5, 0x86, 0xf4, 0x1, 0xd1, 0x80, 0x1b,
    0xec, 0x2, 0x2f, 0x3c, 0x31, 0x0, 0x20, 0x20,
    0x4, 0x82, 0x68, 0x8, 0x0, 0xc4, 0x4, 0x0,
    0x62, 0x0, 0x13, 0x0, 0xb, 0xc7, 0x80, 0x4,
    0xf0, 0x6, 0x20, 0x9, 0x25, 0xa0, 0x10, 0xa0,
    0x1, 0x48, 0x50, 0xc5, 0x4c, 0x10, 0xc4, 0x0,
    0x42, 0x9f, 0x60, 0x42, 0x98, 0x80, 0x19, 0x31,
    0x10, 0x0, 0x7d, 0x4b, 0x0, 0xde, 0xc0, 0x60,
    0xc, 0x60, 0x30, 0xc, 0x80, 0xe0, 0x12, 0x2,
    0x0, 0x40,

    /* U+0175 "ŵ" */
    0x0, 0xc5, 0x6e, 0x1, 0xf8, 0xbf, 0xe9, 0x0,
    0xf8, 0xb5, 0x22, 0x0, 0x1a, 0xa4, 0x2, 0xf9,
    0x10, 0x1f, 0x2c, 0x40, 0x2, 0x2, 0x0, 0x10,
    0x88, 0xe4, 0x21, 0xae, 0x44, 0xc, 0x50, 0x13,
    0x70, 0x4b, 0x44, 0x2, 0x58, 0x2, 0xf0, 0x8c,
    0xdb, 0x84, 0x66, 0x0, 0x2a, 0x21, 0xc1, 0x15,
    0x10, 0x1, 0x11, 0xde, 0x1, 0x12, 0xfc, 0x3,
    0x21, 0x28, 0x1, 0x49, 0x0, 0x0,

    /* U+0176 "Ŷ" */
    0x0, 0x9e, 0x44, 0x3, 0x5f, 0xfb, 0x0, 0x35,
    0x43, 0x60, 0x1, 0xf8, 0x40, 0x3, 0x74, 0xe0,
    0xc0, 0x3, 0x48, 0x9, 0xb0, 0x4, 0x29, 0x3,
    0x9a, 0x92, 0x40, 0x5, 0x11, 0x31, 0x0, 0x4c,
    0x6b, 0x60, 0x1c, 0xc8, 0x40, 0x1f, 0xfc, 0xe0,

    /* U+0177 "ŷ" */
    0x0, 0xd, 0x48, 0x7, 0x67, 0xfb, 0x0, 0x36,
    0x2b, 0x68, 0x2, 0xb0, 0x40, 0x3, 0x8f, 0xc6,
    0x40, 0x2, 0x36, 0x42, 0x50, 0x5, 0x20, 0x85,
    0x50, 0x0, 0xdc, 0x0, 0x62, 0x34, 0x5, 0x0,
    0xa, 0x56, 0xb8, 0x6, 0xe7, 0x6b, 0x0, 0xca,
    0x6, 0x40, 0x1e, 0xa0, 0xe, 0x41, 0x60, 0xe,
    0xe5, 0x0, 0xe1, 0x5e, 0x0, 0xc0,

    /* U+0178 "Ÿ" */
    0x0, 0x19, 0x85, 0x40, 0x35, 0x5a, 0x48, 0x6,
    0x98, 0x5c, 0x0, 0x3f, 0x0, 0x6b, 0xa7, 0x6,
    0x0, 0x1a, 0x40, 0x4d, 0x80, 0x21, 0x48, 0x1c,
    0xd4, 0x92, 0x0, 0x28, 0x89, 0x88, 0x2, 0x63,
    0x5b, 0x0, 0xe6, 0x42, 0x0, 0xff, 0xe7, 0x0,

    /* U+0179 "Ź" */
    0x0, 0xff, 0x26, 0x90, 0x5, 0x3f, 0xc4, 0x1,
    0x55, 0x98, 0x1, 0x3f, 0x3f, 0xee, 0x4d, 0xdc,
    0x2e, 0x4, 0x52, 0x84, 0x0, 0x43, 0x10, 0x10,
    0xa, 0xcd, 0x80, 0x24, 0x5f, 0x0, 0xd2, 0xc6,
    0x1, 0x39, 0xc0, 0x4, 0x31, 0x26, 0x45, 0x20,
    0x46, 0xed, 0x80,

    /* U+017A "ź" */
    0x0, 0xc2, 0x1, 0x15, 0xc8, 0x1, 0x3f, 0xa0,
    0x0, 0xda, 0xa0, 0x6, 0xdf, 0xfb, 0x1b, 0xb9,
    0xa3, 0x60, 0x22, 0xb3, 0x70, 0x2, 0x37, 0x0,
    0x52, 0xc6, 0x0, 0x83, 0x90, 0x1, 0x3c, 0x8,
    0x81, 0x2, 0x7b, 0x98,

    /* U+017B "Ż" */
    0x0, 0x94, 0x40, 0x3a, 0x50, 0x3, 0xb1, 0x40,
    0x9, 0xff, 0xdc, 0x9b, 0xb8, 0x5c, 0x8, 0xa5,
    0x8, 0x0, 0x86, 0x20, 0x20, 0x15, 0x9b, 0x0,
    0x48, 0xbe, 0x1, 0xa5, 0x8c, 0x2, 0x73, 0x80,
    0x8, 0x62, 0x4c, 0x8a, 0x40, 0x8d, 0xdb, 0x0,

    /* U+017C "ż" */
    0x0, 0x2d, 0x80, 0x67, 0xe0, 0x3, 0x7e, 0xd7,
    0xe3, 0x77, 0x34, 0x6c, 0x4, 0x56, 0x6e, 0x0,
    0x46, 0xe0, 0xa, 0x58, 0xc0, 0x10, 0x72, 0x0,
    0x27, 0x81, 0x10, 0x20, 0x4f, 0x73, 0x0,

    /* U+017D "Ž" */
    0x2, 0x70, 0x27, 0x0, 0x17, 0x6f, 0x98, 0x5,
    0x3f, 0xa8, 0x9, 0xfe, 0xdf, 0xf7, 0x26, 0xee,
    0x17, 0x2, 0x29, 0x42, 0x0, 0x21, 0x88, 0x8,
    0x5, 0x66, 0xc0, 0x12, 0x2f, 0x80, 0x69, 0x63,
    0x0, 0x9c, 0xe0, 0x2, 0x18, 0x93, 0x22, 0x90,
    0x23, 0x76, 0xc0,

    /* U+017E "ž" */
    0x7, 0x20, 0x81, 0x3, 0xfd, 0x1, 0x4, 0xdc,
    0x80, 0x6f, 0xf7, 0x7e, 0x37, 0x73, 0x46, 0xc0,
    0x45, 0x66, 0xe0, 0x4, 0x6e, 0x0, 0xa5, 0x8c,
    0x1, 0x7, 0x20, 0x2, 0x78, 0x11, 0x2, 0x4,
    0xf7, 0x30,

    /* U+2013 "–" */
    0xef, 0xff, 0x36, 0x6e, 0xf9, 0x80,

    /* U+2014 "—" */
    0xef, 0xff, 0xe5, 0xcd, 0xdf, 0xe5,

    /* U+2018 "‘" */
    0x8, 0x70, 0x64, 0x51, 0x37, 0xc0,

    /* U+2019 "’" */
    0xd, 0x71, 0x26, 0x45, 0x17, 0xb0,

    /* U+201A "‚" */
    0x0, 0x20, 0x1, 0xa8, 0x1, 0x92, 0x0, 0x46,
    0x0,

    /* U+201C "“" */
    0x8, 0x74, 0xb0, 0x64, 0xec, 0x51, 0x25, 0x47,
    0xc0, 0xb3,

    /* U+201D "”" */
    0xd, 0x79, 0xb1, 0x26, 0x4e, 0x45, 0x3, 0x57,
    0xb0, 0xc0,

    /* U+201E "„" */
    0x1, 0x40, 0x31, 0x7, 0xa1, 0xc2, 0xc, 0x94,
    0x33, 0x2, 0x36, 0x50, 0x0,

    /* U+2022 "•" */
    0x6, 0x50, 0xa9, 0xa6, 0x60, 0x3, 0xa0, 0x4a,
    0x80,

    /* U+2026 "…" */
    0x2b, 0x16, 0x80, 0xa4, 0x15, 0x3e, 0x30, 0x42,

    /* U+20AC "€" */
    0x0, 0x8e, 0xbb, 0xf6, 0x4, 0x2, 0x5c, 0xa,
    0xc8, 0x4f, 0x20, 0x1a, 0x9a, 0x43, 0x5c, 0x74,
    0x9e, 0x8, 0xee, 0x28, 0x2, 0x5a, 0x5c, 0xfb,
    0xa5, 0x0, 0xff, 0xe1, 0xcb, 0x9f, 0x74, 0xa0,
    0x1a, 0x78, 0x67, 0xb8, 0xa0, 0xa, 0x70, 0x1b,
    0x8a, 0x43, 0x5c, 0x45, 0x0, 0x2e, 0x85, 0x64,
    0x27, 0x90
};


/*---------------------
 *  GLYPH DESCRIPTION
 *--------------------*/

static const lv_font_fmt_txt_glyph_dsc_t glyph_dsc[] = {
    {.bitmap_index = 0, .adv_w = 0, .box_w = 0, .box_h = 0, .ofs_x = 0, .ofs_y = 0} /* id = 0 reserved */,
    {.bitmap_index = 0, .adv_w = 60, .box_w = 0, .box_h = 0, .ofs_x = 0, .ofs_y = 0},
    {.bitmap_index = 0, .adv_w = 67, .box_w = 2, .box_h = 10, .ofs_x = 1, .ofs_y = 0},
    {.bitmap_index = 11, .adv_w = 65, .box_w = 4, .box_h = 3, .ofs_x = 0, .ofs_y = 9},
    {.bitmap_index = 17, .adv_w = 188, .box_w = 11, .box_h = 11, .ofs_x = 0, .ofs_y = 0},
    {.bitmap_index = 77, .adv_w = 139, .box_w = 8, .box_h = 13, .ofs_x = 0, .ofs_y = -1},
    {.bitmap_index = 127, .adv_w = 170, .box_w = 11, .box_h = 10, .ofs_x = 0, .ofs_y = 0},
    {.bitmap_index = 177, .adv_w = 166, .box_w = 11, .box_h = 10, .ofs_x = 0, .ofs_y = 0},
    {.bitmap_index = 228, .adv_w = 36, .box_w = 2, .box_h = 3, .ofs_x = 0, .ofs_y = 9},
    {.bitmap_index = 231, .adv_w = 102, .box_w = 5, .box_h = 16, .ofs_x = 1, .ofs_y = -3},
    {.bitmap_index = 270, .adv_w = 102, .box_w = 5, .box_h = 16, .ofs_x = 0, .ofs_y = -3},
    {.bitmap_index = 309, .adv_w = 109, .box_w = 6, .box_h = 6, .ofs_x = 0, .ofs_y = 5},
    {.bitmap_index = 327, .adv_w = 153, .box_w = 8, .box_h = 8, .ofs_x = 1, .ofs_y = 2},
    {.bitmap_index = 350, .adv_w = 44, .box_w = 4, .box_h = 4, .ofs_x = -1, .ofs_y = -2},
    {.bitmap_index = 359, .adv_w = 123, .box_w = 7, .box_h = 2, .ofs_x = 0, .ofs_y = 4},
    {.bitmap_index = 364, .adv_w = 47, .box_w = 3, .box_h = 2, .ofs_x = 0, .ofs_y = 0},
    {.bitmap_index = 368, .adv_w = 107, .box_w = 6, .box_h = 16, .ofs_x = 0, .ofs_y = -2},
    {.bitmap_index = 409, .adv_w = 141, .box_w = 8, .box_h = 11, .ofs_x = 0, .ofs_y = 0},
    {.bitmap_index = 451, .adv_w = 72, .box_w = 4, .box_h = 11, .ofs_x = 0, .ofs_y = 0},
    {.bitmap_index = 460, .adv_w = 129, .box_w = 8, .box_h = 11, .ofs_x = 0, .ofs_y = 0},
    {.bitmap_index = 502, .adv_w = 132, .box_w = 8, .box_h = 11, .ofs_x = 0, .ofs_y = 0},
    {.bitmap_index = 545, .adv_w = 141, .box_w = 9, .box_h = 10, .ofs_x = 0, .ofs_y = 0},
    {.bitmap_index = 580, .adv_w = 141, .box_w = 7, .box_h = 11, .ofs_x = 1, .ofs_y = 0},
    {.bitmap_index = 614, .adv_w = 142, .box_w = 8, .box_h = 11, .ofs_x = 1, .ofs_y = 0},
    {.bitmap_index = 658, .adv_w = 122, .box_w = 8, .box_h = 11, .ofs_x = 0, .ofs_y = 0},
    {.bitmap_index = 691, .adv_w = 141, .box_w = 9, .box_h = 11, .ofs_x = 0, .ofs_y = 0},
    {.bitmap_index = 738, .adv_w = 141, .box_w = 7, .box_h = 11, .ofs_x = 1, .ofs_y = 0},
    {.bitmap_index = 777, .adv_w = 48, .box_w = 3, .box_h = 8, .ofs_x = 0, .ofs_y = 0},
    {.bitmap_index = 787, .adv_w = 59, .box_w = 3, .box_h = 10, .ofs_x = 0, .ofs_y = -2},
    {.bitmap_index = 800, .adv_w = 124, .box_w = 6, .box_h = 7, .ofs_x = 1, .ofs_y = 2},
    {.bitmap_index = 821, .adv_w = 162, .box_w = 8, .box_h = 5, .ofs_x = 1, .ofs_y = 2},
    {.bitmap_index = 835, .adv_w = 121, .box_w = 6, .box_h = 7, .ofs_x = 1, .ofs_y = 2},
    {.bitmap_index = 856, .adv_w = 117, .box_w = 7, .box_h = 10, .ofs_x = 0, .ofs_y = 0},
    {.bitmap_index = 887, .adv_w = 227, .box_w = 13, .box_h = 12, .ofs_x = 1, .ofs_y = -3},
    {.bitmap_index = 962, .adv_w = 151, .box_w = 9, .box_h = 10, .ofs_x = 0, .ofs_y = 0},
    {.bitmap_index = 1002, .adv_w = 137, .box_w = 7, .box_h = 10, .ofs_x = 1, .ofs_y = 0},
    {.bitmap_index = 1036, .adv_w = 173, .box_w = 10, .box_h = 10, .ofs_x = 0, .ofs_y = 0},
    {.bitmap_index = 1078, .adv_w = 158, .box_w = 9, .box_h = 10, .ofs_x = 1, .ofs_y = 0},
    {.bitmap_index = 1116, .adv_w = 115, .box_w = 6, .box_h = 10, .ofs_x = 1, .ofs_y = 0},
    {.bitmap_index = 1141, .adv_w = 113, .box_w = 6, .box_h = 10, .ofs_x = 1, .ofs_y = 0},
    {.bitmap_index = 1162, .adv_w = 174, .box_w = 11, .box_h = 10, .ofs_x = 0, .ofs_y = 0},
    {.bitmap_index = 1215, .adv_w = 155, .box_w = 8, .box_h = 10, .ofs_x = 1, .ofs_y = 0},
    {.bitmap_index = 1234, .adv_w = 55, .box_w = 2, .box_h = 10, .ofs_x = 1, .ofs_y = 0},
    {.bitmap_index = 1239, .adv_w = 119, .box_w = 6, .box_h = 10, .ofs_x = 0, .ofs_y = 0},
    {.bitmap_index = 1254, .adv_w = 134, .box_w = 8, .box_h = 10, .ofs_x = 1, .ofs_y = 0},
    {.bitmap_index = 1286, .adv_w = 97, .box_w = 5, .box_h = 10, .ofs_x = 1, .ofs_y = 0},
    {.bitmap_index = 1295, .adv_w = 193, .box_w = 10, .box_h = 10, .ofs_x = 1, .ofs_y = 0},
    {.bitmap_index = 1337, .adv_w = 157, .box_w = 8, .box_h = 10, .ofs_x = 1, .ofs_y = 0},
    {.bitmap_index = 1367, .adv_w = 176, .box_w = 11, .box_h = 10, .ofs_x = 0, .ofs_y = 0},
    {.bitmap_index = 1415, .adv_w = 130, .box_w = 7, .box_h = 10, .ofs_x = 1, .ofs_y = 0},
    {.bitmap_index = 1443, .adv_w = 177, .box_w = 11, .box_h = 12, .ofs_x = 0, .ofs_y = -2},
    {.bitmap_index = 1500, .adv_w = 136, .box_w = 7, .box_h = 10, .ofs_x = 1, .ofs_y = 0},
    {.bitmap_index = 1531, .adv_w = 131, .box_w = 8, .box_h = 10, .ofs_x = 0, .ofs_y = 0},
    {.bitmap_index = 1571, .adv_w = 121, .box_w = 8, .box_h = 10, .ofs_x = 0, .ofs_y = 0},
    {.bitmap_index = 1585, .adv_w = 151, .box_w = 8, .box_h = 10, .ofs_x = 1, .ofs_y = 0},
    {.bitmap_index = 1606, .adv_w = 151, .box_w = 10, .box_h = 10, .ofs_x = 0, .ofs_y = 0},
    {.bitmap_index = 1650, .adv_w = 219, .box_w = 14, .box_h = 10, .ofs_x = 0, .ofs_y = 0},
    {.bitmap_index = 1718, .adv_w = 139, .box_w = 9, .box_h = 10, .ofs_x = 0, .ofs_y = 0},
    {.bitmap_index = 1758, .adv_w = 131, .box_w = 8, .box_h = 10, .ofs_x = 0, .ofs_y = 0},
    {.bitmap_index = 1786, .adv_w = 121, .box_w = 7, .box_h = 10, .ofs_x = 0, .ofs_y = 0},
    {.bitmap_index = 1817, .adv_w = 95, .box_w = 4, .box_h = 17, .ofs_x = 1, .ofs_y = -4},
    {.bitmap_index = 1830, .adv_w = 147, .box_w = 7, .box_h = 16, .ofs_x = 1, .ofs_y = -2},
    {.bitmap_index = 1873, .adv_w = 95, .box_w = 4, .box_h = 17, .ofs_x = 1, .ofs_y = -4},
    {.bitmap_index = 1886, .adv_w = 141, .box_w = 9, .box_h = 8, .ofs_x = 0, .ofs_y = 2},
    {.bitmap_index = 1918, .adv_w = 164, .box_w = 8, .box_h = 3, .ofs_x = 1, .ofs_y = -3},
    {.bitmap_index = 1925, .adv_w = 58, .box_w = 4, .box_h = 4, .ofs_x = 0, .ofs_y = 8},
    {.bitmap_index = 1933, .adv_w = 151, .box_w = 9, .box_h = 8, .ofs_x = 0, .ofs_y = 0},
    {.bitmap_index = 1966, .adv_w = 151, .box_w = 8, .box_h = 11, .ofs_x = 1, .ofs_y = 0},
    {.bitmap_index = 2000, .adv_w = 136, .box_w = 8, .box_h = 8, .ofs_x = 0, .ofs_y = 0},
    {.bitmap_index = 2030, .adv_w = 151, .box_w = 9, .box_h = 11, .ofs_x = 0, .ofs_y = 0},
    {.bitmap_index = 2068, .adv_w = 139, .box_w = 9, .box_h = 8, .ofs_x = 0, .ofs_y = 0},
    {.bitmap_index = 2102, .adv_w = 74, .box_w = 5, .box_h = 11, .ofs_x = 0, .ofs_y = 0},
    {.bitmap_index = 2120, .adv_w = 151, .box_w = 9, .box_h = 12, .ofs_x = 0, .ofs_y = -4},
    {.bitmap_index = 2170, .adv_w = 143, .box_w = 7, .box_h = 11, .ofs_x = 1, .ofs_y = 0},
    {.bitmap_index = 2192, .adv_w = 55, .box_w = 3, .box_h = 11, .ofs_x = 0, .ofs_y = 0},
    {.bitmap_index = 2202, .adv_w = 56, .box_w = 4, .box_h = 15, .ofs_x = -1, .ofs_y = -4},
    {.bitmap_index = 2218, .adv_w = 115, .box_w = 7, .box_h = 11, .ofs_x = 1, .ofs_y = 0},
    {.bitmap_index = 2244, .adv_w = 55, .box_w = 2, .box_h = 11, .ofs_x = 1, .ofs_y = 0},
    {.bitmap_index = 2249, .adv_w = 231, .box_w = 13, .box_h = 8, .ofs_x = 1, .ofs_y = 0},
    {.bitmap_index = 2280, .adv_w = 143, .box_w = 7, .box_h = 8, .ofs_x = 1, .ofs_y = 0},
    {.bitmap_index = 2299, .adv_w = 143, .box_w = 9, .box_h = 8, .ofs_x = 0, .ofs_y = 0},
    {.bitmap_index = 2333, .adv_w = 151, .box_w = 8, .box_h = 12, .ofs_x = 1, .ofs_y = -4},
    {.bitmap_index = 2370, .adv_w = 151, .box_w = 9, .box_h = 12, .ofs_x = 0, .ofs_y = -4},
    {.bitmap_index = 2409, .adv_w = 84, .box_w = 4, .box_h = 8, .ofs_x = 1, .ofs_y = 0},
    {.bitmap_index = 2421, .adv_w = 117, .box_w = 7, .box_h = 8, .ofs_x = 0, .ofs_y = 0},
    {.bitmap_index = 2450, .adv_w = 82, .box_w = 5, .box_h = 10, .ofs_x = 0, .ofs_y = 0},
    {.bitmap_index = 2469, .adv_w = 143, .box_w = 7, .box_h = 8, .ofs_x = 1, .ofs_y = 0},
    {.bitmap_index = 2486, .adv_w = 126, .box_w = 8, .box_h = 8, .ofs_x = 0, .ofs_y = 0},
    {.bitmap_index = 2517, .adv_w = 184, .box_w = 12, .box_h = 8, .ofs_x = 0, .ofs_y = 0},
    {.bitmap_index = 2566, .adv_w = 107, .box_w = 7, .box_h = 8, .ofs_x = 0, .ofs_y = 0},
    {.bitmap_index = 2594, .adv_w = 126, .box_w = 8, .box_h = 12, .ofs_x = 0, .ofs_y = -4},
    {.bitmap_index = 2636, .adv_w = 102, .box_w = 6, .box_h = 8, .ofs_x = 0, .ofs_y = 0},
    {.bitmap_index = 2660, .adv_w = 103, .box_w = 5, .box_h = 17, .ofs_x = 1, .ofs_y = -4},
    {.bitmap_index = 2702, .adv_w = 65, .box_w = 2, .box_h = 13, .ofs_x = 1, .ofs_y = -2},
    {.bitmap_index = 2707, .adv_w = 103, .box_w = 5, .box_h = 17, .ofs_x = 0, .ofs_y = -4},
    {.bitmap_index = 2749, .adv_w = 116, .box_w = 7, .box_h = 3, .ofs_x = 0, .ofs_y = 3},
    {.bitmap_index = 2760, .adv_w = 60, .box_w = 0, .box_h = 0, .ofs_x = 0, .ofs_y = 0},
    {.bitmap_index = 2760, .adv_w = 67, .box_w = 2, .box_h = 11, .ofs_x = 1, .ofs_y = -3},
    {.bitmap_index = 2771, .adv_w = 149, .box_w = 8, .box_h = 10, .ofs_x = 0, .ofs_y = -1},
    {.bitmap_index = 2807, .adv_w = 139, .box_w = 8, .box_h = 10, .ofs_x = 0, .ofs_y = 0},
    {.bitmap_index = 2845, .adv_w = 120, .box_w = 7, .box_h = 7, .ofs_x = 0, .ofs_y = 2},
    {.bitmap_index = 2870, .adv_w = 133, .box_w = 8, .box_h = 10, .ofs_x = 0, .ofs_y = 0},
    {.bitmap_index = 2909, .adv_w = 65, .box_w = 2, .box_h = 13, .ofs_x = 1, .ofs_y = -2},
    {.bitmap_index = 2918, .adv_w = 129, .box_w = 8, .box_h = 13, .ofs_x = 0, .ofs_y = -3},
    {.bitmap_index = 2973, .adv_w = 70, .box_w = 5, .box_h = 2, .ofs_x = 0, .ofs_y = 9},
    {.bitmap_index = 2979, .adv_w = 177, .box_w = 11, .box_h = 11, .ofs_x = 0, .ofs_y = 0},
    {.bitmap_index = 3037, .adv_w = 101, .box_w = 6, .box_h = 5, .ofs_x = 0, .ofs_y = 5},
    {.bitmap_index = 3053, .adv_w = 103, .box_w = 6, .box_h = 6, .ofs_x = 0, .ofs_y = 2},
    {.bitmap_index = 3070, .adv_w = 146, .box_w = 9, .box_h = 4, .ofs_x = 0, .ofs_y = 2},
    {.bitmap_index = 3082, .adv_w = 123, .box_w = 7, .box_h = 2, .ofs_x = 0, .ofs_y = 4},
    {.bitmap_index = 3087, .adv_w = 114, .box_w = 7, .box_h = 6, .ofs_x = 0, .ofs_y = 4},
    {.bitmap_index = 3109, .adv_w = 87, .box_w = 6, .box_h = 1, .ofs_x = 0, .ofs_y = 9},
    {.bitmap_index = 3112, .adv_w = 92, .box_w = 6, .box_h = 5, .ofs_x = 0, .ofs_y = 5},
    {.bitmap_index = 3128, .adv_w = 154, .box_w = 8, .box_h = 9, .ofs_x = 1, .ofs_y = 1},
    {.bitmap_index = 3157, .adv_w = 74, .box_w = 5, .box_h = 5, .ofs_x = 0, .ofs_y = 5},
    {.bitmap_index = 3170, .adv_w = 74, .box_w = 5, .box_h = 5, .ofs_x = 0, .ofs_y = 5},
    {.bitmap_index = 3183, .adv_w = 55, .box_w = 4, .box_h = 4, .ofs_x = 0, .ofs_y = 8},
    {.bitmap_index = 3190, .adv_w = 144, .box_w = 7, .box_h = 12, .ofs_x = 1, .ofs_y = -4},
    {.bitmap_index = 3214, .adv_w = 134, .box_w = 8, .box_h = 10, .ofs_x = 0, .ofs_y = 0},
    {.bitmap_index = 3236, .adv_w = 47, .box_w = 3, .box_h = 2, .ofs_x = 0, .ofs_y = 4},
    {.bitmap_index = 3239, .adv_w = 61, .box_w = 4, .box_h = 4, .ofs_x = 0, .ofs_y = -4},
    {.bitmap_index = 3247, .adv_w = 44, .box_w = 3, .box_h = 5, .ofs_x = 0, .ofs_y = 5},
    {.bitmap_index = 3252, .adv_w = 98, .box_w = 6, .box_h = 5, .ofs_x = 0, .ofs_y = 5},
    {.bitmap_index = 3268, .adv_w = 103, .box_w = 6, .box_h = 6, .ofs_x = 0, .ofs_y = 2},
    {.bitmap_index = 3285, .adv_w = 143, .box_w = 9, .box_h = 10, .ofs_x = 0, .ofs_y = 0},
    {.bitmap_index = 3326, .adv_w = 151, .box_w = 9, .box_h = 10, .ofs_x = 0, .ofs_y = 0},
    {.bitmap_index = 3368, .adv_w = 159, .box_w = 10, .box_h = 10, .ofs_x = 0, .ofs_y = 0},
    {.bitmap_index = 3417, .adv_w = 116, .box_w = 7, .box_h = 11, .ofs_x = 0, .ofs_y = -3},
    {.bitmap_index = 3453, .adv_w = 151, .box_w = 9, .box_h = 14, .ofs_x = 0, .ofs_y = 0},
    {.bitmap_index = 3504, .adv_w = 151, .box_w = 9, .box_h = 14, .ofs_x = 0, .ofs_y = 0},
    {.bitmap_index = 3556, .adv_w = 151, .box_w = 9, .box_h = 13, .ofs_x = 0, .ofs_y = 0},
    {.bitmap_index = 3607, .adv_w = 151, .box_w = 9, .box_h = 12, .ofs_x = 0, .ofs_y = 0},
    {.bitmap_index = 3655, .adv_w = 151, .box_w = 9, .box_h = 13, .ofs_x = 0, .ofs_y = 0},
    {.bitmap_index = 3705, .adv_w = 151, .box_w = 9, .box_h = 14, .ofs_x = 0, .ofs_y = 0},
    {.bitmap_index = 3758, .adv_w = 202, .box_w = 12, .box_h = 10, .ofs_x = 0, .ofs_y = 0},
    {.bitmap_index = 3808, .adv_w = 173, .box_w = 10, .box_h = 14, .ofs_x = 0, .ofs_y = -4},
    {.bitmap_index = 3865, .adv_w = 115, .box_w = 6, .box_h = 14, .ofs_x = 1, .ofs_y = 0},
    {.bitmap_index = 3900, .adv_w = 115, .box_w = 6, .box_h = 14, .ofs_x = 1, .ofs_y = 0},
    {.bitmap_index = 3936, .adv_w = 115, .box_w = 6, .box_h = 13, .ofs_x = 1, .ofs_y = 0},
    {.bitmap_index = 3970, .adv_w = 115, .box_w = 6, .box_h = 13, .ofs_x = 1, .ofs_y = 0},
    {.bitmap_index = 4004, .adv_w = 55, .box_w = 4, .box_h = 14, .ofs_x = 0, .ofs_y = 0},
    {.bitmap_index = 4017, .adv_w = 55, .box_w = 4, .box_h = 14, .ofs_x = 0, .ofs_y = 0},
    {.bitmap_index = 4029, .adv_w = 55, .box_w = 5, .box_h = 13, .ofs_x = -1, .ofs_y = 0},
    {.bitmap_index = 4043, .adv_w = 55, .box_w = 5, .box_h = 13, .ofs_x = -1, .ofs_y = 0},
    {.bitmap_index = 4056, .adv_w = 162, .box_w = 10, .box_h = 10, .ofs_x = 0, .ofs_y = 0},
    {.bitmap_index = 4101, .adv_w = 157, .box_w = 8, .box_h = 12, .ofs_x = 1, .ofs_y = 0},
    {.bitmap_index = 4139, .adv_w = 176, .box_w = 11, .box_h = 14, .ofs_x = 0, .ofs_y = 0},
    {.bitmap_index = 4200, .adv_w = 176, .box_w = 11, .box_h = 14, .ofs_x = 0, .ofs_y = 0},
    {.bitmap_index = 4260, .adv_w = 176, .box_w = 11, .box_h = 13, .ofs_x = 0, .ofs_y = 0},
    {.bitmap_index = 4320, .adv_w = 176, .box_w = 11, .box_h = 12, .ofs_x = 0, .ofs_y = 0},
    {.bitmap_index = 4377, .adv_w = 176, .box_w = 11, .box_h = 13, .ofs_x = 0, .ofs_y = 0},
    {.bitmap_index = 4437, .adv_w = 144, .box_w = 7, .box_h = 7, .ofs_x = 1, .ofs_y = 2},
    {.bitmap_index = 4462, .adv_w = 176, .box_w = 11, .box_h = 10, .ofs_x = 0, .ofs_y = 0},
    {.bitmap_index = 4516, .adv_w = 151, .box_w = 8, .box_h = 14, .ofs_x = 1, .ofs_y = 0},
    {.bitmap_index = 4550, .adv_w = 151, .box_w = 8, .box_h = 14, .ofs_x = 1, .ofs_y = 0},
    {.bitmap_index = 4583, .adv_w = 151, .box_w = 8, .box_h = 13, .ofs_x = 1, .ofs_y = 0},
    {.bitmap_index = 4616, .adv_w = 151, .box_w = 8, .box_h = 13, .ofs_x = 1, .ofs_y = 0},
    {.bitmap_index = 4648, .adv_w = 131, .box_w = 8, .box_h = 14, .ofs_x = 0, .ofs_y = 0},
    {.bitmap_index = 4689, .adv_w = 130, .box_w = 7, .box_h = 10, .ofs_x = 1, .ofs_y = 0},
    {.bitmap_index = 4718, .adv_w = 153, .box_w = 9, .box_h = 11, .ofs_x = 0, .ofs_y = 0},
    {.bitmap_index = 4763, .adv_w = 151, .box_w = 9, .box_h = 12, .ofs_x = 0, .ofs_y = 0},
    {.bitmap_index = 4807, .adv_w = 151, .box_w = 9, .box_h = 12, .ofs_x = 0, .ofs_y = 0},
    {.bitmap_index = 4852, .adv_w = 151, .box_w = 9, .box_h = 11, .ofs_x = 0, .ofs_y = 0},
    {.bitmap_index = 4896, .adv_w = 151, .box_w = 9, .box_h = 10, .ofs_x = 0, .ofs_y = 0},
    {.bitmap_index = 4937, .adv_w = 151, .box_w = 9, .box_h = 11, .ofs_x = 0, .ofs_y = 0},
    {.bitmap_index = 4981, .adv_w = 151, .box_w = 9, .box_h = 12, .ofs_x = 0, .ofs_y = 0},
    {.bitmap_index = 5027, .adv_w = 246, .box_w = 15, .box_h = 8, .ofs_x = 0, .ofs_y = 0},
    {.bitmap_index = 5083, .adv_w = 136, .box_w = 8, .box_h = 12, .ofs_x = 0, .ofs_y = -4},
    {.bitmap_index = 5128, .adv_w = 139, .box_w = 9, .box_h = 12, .ofs_x = 0, .ofs_y = 0},
    {.bitmap_index = 5173, .adv_w = 139, .box_w = 9, .box_h = 12, .ofs_x = 0, .ofs_y = 0},
    {.bitmap_index = 5219, .adv_w = 139, .box_w = 9, .box_h = 11, .ofs_x = 0, .ofs_y = 0},
    {.bitmap_index = 5264, .adv_w = 139, .box_w = 9, .box_h = 11, .ofs_x = 0, .ofs_y = 0},
    {.bitmap_index = 5310, .adv_w = 55, .box_w = 4, .box_h = 12, .ofs_x = 0, .ofs_y = 0},
    {.bitmap_index = 5323, .adv_w = 55, .box_w = 4, .box_h = 12, .ofs_x = 0, .ofs_y = 0},
    {.bitmap_index = 5336, .adv_w = 55, .box_w = 5, .box_h = 11, .ofs_x = -1, .ofs_y = 0},
    {.bitmap_index = 5350, .adv_w = 55, .box_w = 5, .box_h = 11, .ofs_x = -1, .ofs_y = 0},
    {.bitmap_index = 5363, .adv_w = 143, .box_w = 9, .box_h = 12, .ofs_x = 0, .ofs_y = 0},
    {.bitmap_index = 5411, .adv_w = 143, .box_w = 7, .box_h = 10, .ofs_x = 1, .ofs_y = 0},
    {.bitmap_index = 5437, .adv_w = 143, .box_w = 9, .box_h = 12, .ofs_x = 0, .ofs_y = 0},
    {.bitmap_index = 5482, .adv_w = 143, .box_w = 9, .box_h = 12, .ofs_x = 0, .ofs_y = 0},
    {.bitmap_index = 5528, .adv_w = 143, .box_w = 9, .box_h = 11, .ofs_x = 0, .ofs_y = 0},
    {.bitmap_index = 5572, .adv_w = 143, .box_w = 9, .box_h = 10, .ofs_x = 0, .ofs_y = 0},
    {.bitmap_index = 5613, .adv_w = 143, .box_w = 9, .box_h = 11, .ofs_x = 0, .ofs_y = 0},
    {.bitmap_index = 5658, .adv_w = 147, .box_w = 8, .box_h = 8, .ofs_x = 1, .ofs_y = 1},
    {.bitmap_index = 5680, .adv_w = 143, .box_w = 9, .box_h = 8, .ofs_x = 0, .ofs_y = 0},
    {.bitmap_index = 5716, .adv_w = 143, .box_w = 7, .box_h = 12, .ofs_x = 1, .ofs_y = 0},
    {.bitmap_index = 5746, .adv_w = 143, .box_w = 7, .box_h = 12, .ofs_x = 1, .ofs_y = 0},
    {.bitmap_index = 5775, .adv_w = 143, .box_w = 7, .box_h = 11, .ofs_x = 1, .ofs_y = 0},
    {.bitmap_index = 5803, .adv_w = 143, .box_w = 7, .box_h = 11, .ofs_x = 1, .ofs_y = 0},
    {.bitmap_index = 5831, .adv_w = 126, .box_w = 8, .box_h = 16, .ofs_x = 0, .ofs_y = -4},
    {.bitmap_index = 5886, .adv_w = 151, .box_w = 8, .box_h = 15, .ofs_x = 1, .ofs_y = -4},
    {.bitmap_index = 5927, .adv_w = 126, .box_w = 8, .box_h = 15, .ofs_x = 0, .ofs_y = -4},
    {.bitmap_index = 5980, .adv_w = 151, .box_w = 9, .box_h = 12, .ofs_x = 0, .ofs_y = 0},
    {.bitmap_index = 6027, .adv_w = 151, .box_w = 9, .box_h = 10, .ofs_x = 0, .ofs_y = 0},
    {.bitmap_index = 6067, .adv_w = 151, .box_w = 9, .box_h = 13, .ofs_x = 0, .ofs_y = 0},
    {.bitmap_index = 6118, .adv_w = 151, .box_w = 9, .box_h = 11, .ofs_x = 0, .ofs_y = 0},
    {.bitmap_index = 6162, .adv_w = 151, .box_w = 10, .box_h = 13, .ofs_x = 0, .ofs_y = -3},
    {.bitmap_index = 6215, .adv_w = 151, .box_w = 9, .box_h = 11, .ofs_x = 0, .ofs_y = -3},
    {.bitmap_index = 6259, .adv_w = 173, .box_w = 10, .box_h = 14, .ofs_x = 0, .ofs_y = 0},
    {.bitmap_index = 6312, .adv_w = 136, .box_w = 8, .box_h = 12, .ofs_x = 0, .ofs_y = 0},
    {.bitmap_index = 6353, .adv_w = 173, .box_w = 10, .box_h = 13, .ofs_x = 0, .ofs_y = 0},
    {.bitmap_index = 6404, .adv_w = 136, .box_w = 8, .box_h = 10, .ofs_x = 0, .ofs_y = 0},
    {.bitmap_index = 6439, .adv_w = 173, .box_w = 10, .box_h = 13, .ofs_x = 0, .ofs_y = 0},
    {.bitmap_index = 6493, .adv_w = 136, .box_w = 8, .box_h = 11, .ofs_x = 0, .ofs_y = 0},
    {.bitmap_index = 6534, .adv_w = 158, .box_w = 9, .box_h = 13, .ofs_x = 1, .ofs_y = 0},
    {.bitmap_index = 6583, .adv_w = 169, .box_w = 11, .box_h = 11, .ofs_x = 0, .ofs_y = 0},
    {.bitmap_index = 6630, .adv_w = 162, .box_w = 10, .box_h = 10, .ofs_x = 0, .ofs_y = 0},
    {.bitmap_index = 6675, .adv_w = 151, .box_w = 10, .box_h = 11, .ofs_x = 0, .ofs_y = 0},
    {.bitmap_index = 6721, .adv_w = 115, .box_w = 6, .box_h = 12, .ofs_x = 1, .ofs_y = 0},
    {.bitmap_index = 6751, .adv_w = 139, .box_w = 9, .box_h = 10, .ofs_x = 0, .ofs_y = 0},
    {.bitmap_index = 6792, .adv_w = 115, .box_w = 6, .box_h = 13, .ofs_x = 1, .ofs_y = 0},
    {.bitmap_index = 6826, .adv_w = 139, .box_w = 9, .box_h = 11, .ofs_x = 0, .ofs_y = 0},
    {.bitmap_index = 6872, .adv_w = 115, .box_w = 6, .box_h = 13, .ofs_x = 1, .ofs_y = 0},
    {.bitmap_index = 6905, .adv_w = 139, .box_w = 9, .box_h = 10, .ofs_x = 0, .ofs_y = 0},
    {.bitmap_index = 6945, .adv_w = 115, .box_w = 6, .box_h = 13, .ofs_x = 1, .ofs_y = -3},
    {.bitmap_index = 6979, .adv_w = 139, .box_w = 9, .box_h = 11, .ofs_x = 0, .ofs_y = -3},
    {.bitmap_index = 7024, .adv_w = 115, .box_w = 6, .box_h = 13, .ofs_x = 1, .ofs_y = 0},
    {.bitmap_index = 7059, .adv_w = 139, .box_w = 9, .box_h = 11, .ofs_x = 0, .ofs_y = 0},
    {.bitmap_index = 7105, .adv_w = 174, .box_w = 11, .box_h = 13, .ofs_x = 0, .ofs_y = 0},
    {.bitmap_index = 7170, .adv_w = 151, .box_w = 9, .box_h = 15, .ofs_x = 0, .ofs_y = -4},
    {.bitmap_index = 7232, .adv_w = 174, .box_w = 11, .box_h = 13, .ofs_x = 0, .ofs_y = 0},
    {.bitmap_index = 7294, .adv_w = 151, .box_w = 9, .box_h = 14, .ofs_x = 0, .ofs_y = -4},
    {.bitmap_index = 7350, .adv_w = 174, .box_w = 11, .box_h = 14, .ofs_x = 0, .ofs_y = -4},
    {.bitmap_index = 7418, .adv_w = 151, .box_w = 9, .box_h = 16, .ofs_x = 0, .ofs_y = -4},
    {.bitmap_index = 7479, .adv_w = 55, .box_w = 5, .box_h = 12, .ofs_x = -1, .ofs_y = 0},
    {.bitmap_index = 7490, .adv_w = 55, .box_w = 5, .box_h = 10, .ofs_x = -1, .ofs_y = 0},
    {.bitmap_index = 7501, .adv_w = 55, .box_w = 6, .box_h = 12, .ofs_x = -1, .ofs_y = 0},
    {.bitmap_index = 7511, .adv_w = 55, .box_w = 6, .box_h = 10, .ofs_x = -1, .ofs_y = 0},
    {.bitmap_index = 7521, .adv_w = 55, .box_w = 5, .box_h = 13, .ofs_x = -1, .ofs_y = 0},
    {.bitmap_index = 7534, .adv_w = 55, .box_w = 5, .box_h = 11, .ofs_x = -1, .ofs_y = 0},
    {.bitmap_index = 7547, .adv_w = 55, .box_w = 4, .box_h = 13, .ofs_x = -1, .ofs_y = -3},
    {.bitmap_index = 7560, .adv_w = 55, .box_w = 4, .box_h = 14, .ofs_x = -1, .ofs_y = -3},
    {.bitmap_index = 7579, .adv_w = 55, .box_w = 3, .box_h = 13, .ofs_x = 0, .ofs_y = 0},
    {.bitmap_index = 7589, .adv_w = 55, .box_w = 2, .box_h = 8, .ofs_x = 1, .ofs_y = 0},
    {.bitmap_index = 7594, .adv_w = 134, .box_w = 8, .box_h = 14, .ofs_x = 1, .ofs_y = -4},
    {.bitmap_index = 7638, .adv_w = 115, .box_w = 7, .box_h = 15, .ofs_x = 1, .ofs_y = -4},
    {.bitmap_index = 7676, .adv_w = 97, .box_w = 5, .box_h = 14, .ofs_x = 1, .ofs_y = 0},
    {.bitmap_index = 7695, .adv_w = 55, .box_w = 4, .box_h = 15, .ofs_x = 0, .ofs_y = 0},
    {.bitmap_index = 7708, .adv_w = 97, .box_w = 5, .box_h = 14, .ofs_x = 1, .ofs_y = -4},
    {.bitmap_index = 7727, .adv_w = 55, .box_w = 2, .box_h = 15, .ofs_x = 1, .ofs_y = -4},
    {.bitmap_index = 7736, .adv_w = 100, .box_w = 5, .box_h = 10, .ofs_x = 1, .ofs_y = 0},
    {.bitmap_index = 7754, .adv_w = 83, .box_w = 4, .box_h = 11, .ofs_x = 1, .ofs_y = 0},
    {.bitmap_index = 7768, .adv_w = 97, .box_w = 5, .box_h = 10, .ofs_x = 1, .ofs_y = 0},
    {.bitmap_index = 7785, .adv_w = 66, .box_w = 4, .box_h = 11, .ofs_x = 1, .ofs_y = 0},
    {.bitmap_index = 7798, .adv_w = 98, .box_w = 6, .box_h = 10, .ofs_x = 0, .ofs_y = 0},
    {.bitmap_index = 7817, .adv_w = 56, .box_w = 4, .box_h = 11, .ofs_x = 0, .ofs_y = 0},
    {.bitmap_index = 7831, .adv_w = 157, .box_w = 8, .box_h = 14, .ofs_x = 1, .ofs_y = 0},
    {.bitmap_index = 7873, .adv_w = 143, .box_w = 7, .box_h = 12, .ofs_x = 1, .ofs_y = 0},
    {.bitmap_index = 7903, .adv_w = 157, .box_w = 8, .box_h = 14, .ofs_x = 1, .ofs_y = -4},
    {.bitmap_index = 7945, .adv_w = 143, .box_w = 7, .box_h = 12, .ofs_x = 1, .ofs_y = -4},
    {.bitmap_index = 7976, .adv_w = 157, .box_w = 8, .box_h = 13, .ofs_x = 1, .ofs_y = 0},
    {.bitmap_index = 8017, .adv_w = 143, .box_w = 7, .box_h = 11, .ofs_x = 1, .ofs_y = 0},
    {.bitmap_index = 8047, .adv_w = 176, .box_w = 11, .box_h = 12, .ofs_x = 0, .ofs_y = 0},
    {.bitmap_index = 8102, .adv_w = 143, .box_w = 9, .box_h = 10, .ofs_x = 0, .ofs_y = 0},
    {.bitmap_index = 8142, .adv_w = 176, .box_w = 11, .box_h = 13, .ofs_x = 0, .ofs_y = 0},
    {.bitmap_index = 8203, .adv_w = 143, .box_w = 9, .box_h = 11, .ofs_x = 0, .ofs_y = 0},
    {.bitmap_index = 8248, .adv_w = 176, .box_w = 11, .box_h = 13, .ofs_x = 0, .ofs_y = 0},
    {.bitmap_index = 8308, .adv_w = 143, .box_w = 9, .box_h = 11, .ofs_x = 0, .ofs_y = 0},
    {.bitmap_index = 8352, .adv_w = 243, .box_w = 15, .box_h = 10, .ofs_x = 0, .ofs_y = 0},
    {.bitmap_index = 8415, .adv_w = 242, .box_w = 15, .box_h = 8, .ofs_x = 0, .ofs_y = 0},
    {.bitmap_index = 8472, .adv_w = 136, .box_w = 7, .box_h = 14, .ofs_x = 1, .ofs_y = 0},
    {.bitmap_index = 8515, .adv_w = 84, .box_w = 4, .box_h = 12, .ofs_x = 1, .ofs_y = 0},
    {.bitmap_index = 8534, .adv_w = 136, .box_w = 7, .box_h = 14, .ofs_x = 1, .ofs_y = -4},
    {.bitmap_index = 8577, .adv_w = 84, .box_w = 4, .box_h = 12, .ofs_x = 1, .ofs_y = -4},
    {.bitmap_index = 8598, .adv_w = 136, .box_w = 7, .box_h = 13, .ofs_x = 1, .ofs_y = 0},
    {.bitmap_index = 8640, .adv_w = 84, .box_w = 5, .box_h = 11, .ofs_x = 1, .ofs_y = 0},
    {.bitmap_index = 8662, .adv_w = 131, .box_w = 8, .box_h = 14, .ofs_x = 0, .ofs_y = 0},
    {.bitmap_index = 8713, .adv_w = 117, .box_w = 7, .box_h = 12, .ofs_x = 0, .ofs_y = 0},
    {.bitmap_index = 8753, .adv_w = 131, .box_w = 8, .box_h = 14, .ofs_x = 0, .ofs_y = -4},
    {.bitmap_index = 8808, .adv_w = 117, .box_w = 7, .box_h = 12, .ofs_x = 0, .ofs_y = -4},
    {.bitmap_index = 8850, .adv_w = 131, .box_w = 8, .box_h = 13, .ofs_x = 0, .ofs_y = 0},
    {.bitmap_index = 8901, .adv_w = 117, .box_w = 7, .box_h = 11, .ofs_x = 0, .ofs_y = 0},
    {.bitmap_index = 8941, .adv_w = 121, .box_w = 8, .box_h = 14, .ofs_x = 0, .ofs_y = -4},
    {.bitmap_index = 8966, .adv_w = 82, .box_w = 5, .box_h = 14, .ofs_x = 0, .ofs_y = -4},
    {.bitmap_index = 8995, .adv_w = 121, .box_w = 8, .box_h = 13, .ofs_x = 0, .ofs_y = 0},
    {.bitmap_index = 9021, .adv_w = 82, .box_w = 6, .box_h = 12, .ofs_x = 0, .ofs_y = 0},
    {.bitmap_index = 9047, .adv_w = 151, .box_w = 8, .box_h = 12, .ofs_x = 1, .ofs_y = 0},
    {.bitmap_index = 9076, .adv_w = 143, .box_w = 7, .box_h = 10, .ofs_x = 1, .ofs_y = 0},
    {.bitmap_index = 9100, .adv_w = 151, .box_w = 8, .box_h = 12, .ofs_x = 1, .ofs_y = 0},
    {.bitmap_index = 9128, .adv_w = 143, .box_w = 7, .box_h = 10, .ofs_x = 1, .ofs_y = 0},
    {.bitmap_index = 9151, .adv_w = 151, .box_w = 8, .box_h = 13, .ofs_x = 1, .ofs_y = 0},
    {.bitmap_index = 9183, .adv_w = 143, .box_w = 7, .box_h = 11, .ofs_x = 1, .ofs_y = 0},
    {.bitmap_index = 9211, .adv_w = 151, .box_w = 8, .box_h = 14, .ofs_x = 1, .ofs_y = 0},
    {.bitmap_index = 9246, .adv_w = 143, .box_w = 7, .box_h = 12, .ofs_x = 1, .ofs_y = 0},
    {.bitmap_index = 9275, .adv_w = 151, .box_w = 8, .box_h = 13, .ofs_x = 1, .ofs_y = 0},
    {.bitmap_index = 9308, .adv_w = 143, .box_w = 7, .box_h = 11, .ofs_x = 1, .ofs_y = 0},
    {.bitmap_index = 9336, .adv_w = 151, .box_w = 8, .box_h = 13, .ofs_x = 1, .ofs_y = -3},
    {.bitmap_index = 9368, .adv_w = 143, .box_w = 8, .box_h = 11, .ofs_x = 1, .ofs_y = -3},
    {.bitmap_index = 9397, .adv_w = 219, .box_w = 14, .box_h = 13, .ofs_x = 0, .ofs_y = 0},
    {.bitmap_index = 9479, .adv_w = 184, .box_w = 12, .box_h = 11, .ofs_x = 0, .ofs_y = 0},
    {.bitmap_index = 9541, .adv_w = 131, .box_w = 8, .box_h = 13, .ofs_x = 0, .ofs_y = 0},
    {.bitmap_index = 9581, .adv_w = 126, .box_w = 8, .box_h = 15, .ofs_x = 0, .ofs_y = -4},
    {.bitmap_index = 9635, .adv_w = 131, .box_w = 8, .box_h = 13, .ofs_x = 0, .ofs_y = 0},
    {.bitmap_index = 9675, .adv_w = 121, .box_w = 7, .box_h = 14, .ofs_x = 0, .ofs_y = 0},
    {.bitmap_index = 9718, .adv_w = 102, .box_w = 6, .box_h = 12, .ofs_x = 0, .ofs_y = 0},
    {.bitmap_index = 9754, .adv_w = 121, .box_w = 7, .box_h = 13, .ofs_x = 0, .ofs_y = 0},
    {.bitmap_index = 9794, .adv_w = 102, .box_w = 6, .box_h = 10, .ofs_x = 0, .ofs_y = 0},
    {.bitmap_index = 9825, .adv_w = 121, .box_w = 7, .box_h = 13, .ofs_x = 0, .ofs_y = 0},
    {.bitmap_index = 9868, .adv_w = 102, .box_w = 6, .box_h = 11, .ofs_x = 0, .ofs_y = 0},
    {.bitmap_index = 9902, .adv_w = 152, .box_w = 8, .box_h = 2, .ofs_x = 1, .ofs_y = 4},
    {.bitmap_index = 9908, .adv_w = 198, .box_w = 11, .box_h = 2, .ofs_x = 1, .ofs_y = 4},
    {.bitmap_index = 9914, .adv_w = 49, .box_w = 3, .box_h = 4, .ofs_x = 0, .ofs_y = 6},
    {.bitmap_index = 9920, .adv_w = 49, .box_w = 3, .box_h = 4, .ofs_x = 0, .ofs_y = 6},
    {.bitmap_index = 9926, .adv_w = 42, .box_w = 4, .box_h = 4, .ofs_x = -1, .ofs_y = -2},
    {.bitmap_index = 9935, .adv_w = 85, .box_w = 5, .box_h = 4, .ofs_x = 0, .ofs_y = 6},
    {.bitmap_index = 9945, .adv_w = 85, .box_w = 5, .box_h = 4, .ofs_x = 0, .ofs_y = 6},
    {.bitmap_index = 9955, .adv_w = 78, .box_w = 6, .box_h = 4, .ofs_x = -1, .ofs_y = -2},
    {.bitmap_index = 9968, .adv_w = 92, .box_w = 4, .box_h = 4, .ofs_x = 1, .ofs_y = 3},
    {.bitmap_index = 9977, .adv_w = 130, .box_w = 8, .box_h = 2, .ofs_x = 0, .ofs_y = 0},
    {.bitmap_index = 9985, .adv_w = 182, .box_w = 11, .box_h = 10, .ofs_x = 0, .ofs_y = 0}
};

/*---------------------
 *  CHARACTER MAPPING
 *--------------------*/

static const uint8_t glyph_id_ofs_list_3[] = {
    0, 1, 2, 3, 4, 5, 0, 0,
    0, 0, 6, 7, 8, 9, 10, 11,
    12, 13, 14, 15, 0, 0, 0, 0,
    16, 17, 0, 18, 19, 20, 21, 22,
    23, 24, 25, 26, 27, 28, 29, 30,
    31, 32, 33, 0, 0, 0, 34, 35,
    36, 37, 38, 39, 40, 41, 42, 43,
    44, 45, 46, 47, 48, 49, 0, 0,
    50, 51, 52, 53, 54, 55, 56, 57
};

static const uint16_t unicode_list_5[] = {
    0x0, 0x1, 0x5, 0x6, 0x7, 0x9, 0xa, 0xb,
    0xf, 0x13, 0x99
};

/*Collect the unicode lists and glyph_id offsets*/
static const lv_font_fmt_txt_cmap_t cmaps[] =
{
    {
        .range_start = 32, .range_length = 95, .glyph_id_start = 1,
        .unicode_list = NULL, .glyph_id_ofs_list = NULL, .list_length = 0, .type = LV_FONT_FMT_TXT_CMAP_FORMAT0_TINY
    },
    {
        .range_start = 160, .range_length = 104, .glyph_id_start = 96,
        .unicode_list = NULL, .glyph_id_ofs_list = NULL, .list_length = 0, .type = LV_FONT_FMT_TXT_CMAP_FORMAT0_TINY
    },
    {
        .range_start = 266, .range_length = 18, .glyph_id_start = 200,
        .unicode_list = NULL, .glyph_id_ofs_list = NULL, .list_length = 0, .type = LV_FONT_FMT_TXT_CMAP_FORMAT0_TINY
    },
    {
        .range_start = 286, .range_length = 72, .glyph_id_start = 218,
        .unicode_list = NULL, .glyph_id_ofs_list = glyph_id_ofs_list_3, .list_length = 72, .type = LV_FONT_FMT_TXT_CMAP_FORMAT0_FULL
    },
    {
        .range_start = 360, .range_length = 23, .glyph_id_start = 276,
        .unicode_list = NULL, .glyph_id_ofs_list = NULL, .list_length = 0, .type = LV_FONT_FMT_TXT_CMAP_FORMAT0_TINY
    },
    {
        .range_start = 8211, .range_length = 154, .glyph_id_start = 299,
        .unicode_list = unicode_list_5, .glyph_id_ofs_list = NULL, .list_length = 11, .type = LV_FONT_FMT_TXT_CMAP_SPARSE_TINY
    }
};



/*--------------------
 *  ALL CUSTOM DATA
 *--------------------*/

#if LVGL_VERSION_MAJOR == 8
/*Store all the custom data of the font*/
static  lv_font_fmt_txt_glyph_cache_t cache;
#endif

#if LVGL_VERSION_MAJOR >= 8
static const lv_font_fmt_txt_dsc_t font_dsc = {
#else
static lv_font_fmt_txt_dsc_t font_dsc = {
#endif
    .glyph_bitmap = glyph_bitmap,
    .glyph_dsc = glyph_dsc,
    .cmaps = cmaps,
    .kern_dsc = NULL,
    .kern_scale = 0,
    .cmap_num = 6,
    .bpp = 4,
    .kern_classes = 0,
    .bitmap_format = 1,
#if LVGL_VERSION_MAJOR == 8
    .cache = &cache
#endif
};

extern const lv_font_t lv_font_montserrat_14;


/*-----------------
 *  PUBLIC FONT
 *----------------*/

/*Initialize a public general font descriptor*/
#if LVGL_VERSION_MAJOR >= 8
const lv_font_t poppins_regular_14 = {
#else
lv_font_t poppins_regular_14 = {
#endif
    .get_glyph_dsc = lv_font_get_glyph_dsc_fmt_txt,    /*Function pointer to get glyph's data*/
    .get_glyph_bitmap = lv_font_get_bitmap_fmt_txt,    /*Function pointer to get glyph's bitmap*/
    .line_height = 19,          /*The maximum line height required by the font*/
    .base_line = 4,             /*Baseline measured from the bottom of the line*/
#if !(LVGL_VERSION_MAJOR == 6 && LVGL_VERSION_MINOR == 0)
    .subpx = LV_FONT_SUBPX_NONE,
#endif
#if LV_VERSION_CHECK(7, 4, 0) || LVGL_VERSION_MAJOR >= 8
    .underline_position = -1,
    .underline_thickness = 1,
#endif
    .dsc = &font_dsc,          /*The custom font data. Will be accessed by `get_glyph_bitmap/dsc` */
#if LV_VERSION_CHECK(8, 2, 0) || LVGL_VERSION_MAJOR >= 9
    .fallback = &lv_font_montserrat_14,
#endif
    .user_data = NULL,
};



#endif /*#if POPPINS_REGULAR_14*/

