/*******************************************************************************
 * Size: 16 px
 * Bpp: 4
 * Opts: --bpp 4 --format lvgl --lv-include lvgl.h --lv-font-name poppins_regular_16 --lv-fallback lv_font_montserrat_14 --size 16 --font C:\Projects\OfflineWorkspace\PROJEKTY\PROJEKTY_W_BUDOWIE\Guiton_BETTA\.tmp_fonts\Poppins-Regular.ttf -r 0x20-0x7F -r 0xA0-0xFF -r 0x100-0x17F -r 0x2013-0x2014 -r 0x2018-0x201E -r 0x2022 -r 0x2026 -r 0x20AC -o C:\Projects\OfflineWorkspace\PROJEKTY\PROJEKTY_W_BUDOWIE\Guiton_BETTA\main\ui\fonts\poppins_regular_16.c
 ******************************************************************************/

#ifdef LV_LVGL_H_INCLUDE_SIMPLE
#include "lvgl.h"
#else
#include "lvgl.h"
#endif

#ifndef POPPINS_REGULAR_16
#define POPPINS_REGULAR_16 1
#endif

#if POPPINS_REGULAR_16

/*-----------------
 *    BITMAPS
 *----------------*/

/*Store the image of the glyphs*/
static LV_ATTRIBUTE_LARGE_CONST const uint8_t glyph_bitmap[] = {
    /* U+0020 " " */

    /* U+0021 "!" */
    0x7f, 0x11, 0x0, 0x7c, 0x26, 0x1, 0xc2, 0x1,
    0xc9, 0xc0, 0xde, 0x40, 0x22,

    /* U+0022 "\"" */
    0x13, 0x3, 0x7, 0xd3, 0xc0, 0x33, 0x8, 0x0,
    0x44, 0x60, 0x0,

    /* U+0023 "#" */
    0x0, 0xc7, 0xe4, 0x0, 0x7e, 0x0, 0xf2, 0x9,
    0x0, 0x31, 0x0, 0x3d, 0x8a, 0x1, 0x26, 0x80,
    0x53, 0xfe, 0x44, 0x7f, 0xc1, 0x1f, 0x21, 0x76,
    0x90, 0x8b, 0xb3, 0x5, 0xdc, 0x4, 0x84, 0xc,
    0x88, 0x12, 0x44, 0x10, 0x4, 0x60, 0x20, 0x3,
    0x60, 0xf, 0x69, 0x80, 0x4c, 0x60, 0x13, 0xff,
    0x94, 0xff, 0xe2, 0x7f, 0xa0, 0x6c, 0xb0, 0x8c,
    0xc4, 0x5, 0xe4, 0x0, 0x98, 0x1, 0x8c, 0xde,
    0x48, 0x64, 0x1, 0x61, 0x8, 0x1, 0x10, 0x1,
    0x80,

    /* U+0024 "$" */
    0x0, 0xd6, 0x40, 0x1f, 0xfc, 0x28, 0xe4, 0xda,
    0x10, 0x4, 0xb5, 0x9c, 0xa6, 0x0, 0x19, 0x8a,
    0xe9, 0x4c, 0x40, 0x1, 0x0, 0x92, 0xc8, 0x1d,
    0xa5, 0x80, 0x3a, 0x29, 0x4b, 0x24, 0x80, 0x25,
    0xc4, 0x94, 0xc1, 0x0, 0xe5, 0xf1, 0x40, 0xd9,
    0x0, 0xf9, 0x19, 0xde, 0xe1, 0x50, 0x98, 0xa3,
    0xa7, 0xc0, 0x9, 0xf5, 0x36, 0xc8, 0x3, 0xb8,
    0xc0, 0x20,

    /* U+0025 "%" */
    0x8, 0xee, 0x40, 0x5, 0x76, 0x0, 0x1b, 0xff,
    0x98, 0xc1, 0x11, 0x20, 0x1f, 0xd2, 0xe4, 0x0,
    0x38, 0xcc, 0x49, 0xb9, 0xc0, 0x6, 0x7d, 0xd3,
    0x8c, 0x58, 0x7, 0xf5, 0x9a, 0x80, 0x7e, 0x45,
    0xf4, 0xdd, 0x38, 0x7, 0x4b, 0x1d, 0xce, 0x49,
    0x80, 0x4c, 0x70, 0x40, 0x82, 0xaa, 0x0, 0xc,
    0x40, 0x48, 0x4, 0x15, 0x40, 0x8, 0x36, 0x0,
    0x56, 0xe3, 0x18,

    /* U+0026 "&" */
    0x0, 0xa7, 0xbe, 0xc8, 0x3, 0xd2, 0xd1, 0x6d,
    0xc0, 0x1e, 0x33, 0x32, 0x75, 0x0, 0x7b, 0xcc,
    0xc0, 0x6c, 0x1, 0xe3, 0xd, 0x30, 0xf, 0xa6,
    0x2a, 0x71, 0x0, 0x19, 0xa0, 0x4d, 0x6a, 0xf1,
    0x6c, 0xa7, 0x20, 0xe0, 0x80, 0x7, 0x89, 0xa5,
    0x40, 0x10, 0x40, 0x9, 0xc8, 0x34, 0x0, 0x87,
    0x6e, 0x8d, 0xa6, 0xb0, 0xa0, 0xd, 0x79, 0xb8,
    0x4f, 0xa5, 0xa4,

    /* U+0027 "'" */
    0x13, 0x7d, 0x33, 0x8, 0x80,

    /* U+0028 "(" */
    0x0, 0x8f, 0xd8, 0x0, 0x3a, 0xcc, 0x0, 0x58,
    0x48, 0x0, 0x96, 0x0, 0x2a, 0x16, 0x0, 0x91,
    0x0, 0x18, 0xf0, 0x2, 0x20, 0x20, 0x8, 0x41,
    0xc0, 0x38, 0x40, 0x21, 0x6, 0x0, 0x8c, 0x4,
    0x2, 0x12, 0xc0, 0xc, 0x8e, 0x1, 0xb4, 0x50,
    0x2, 0x43, 0x80, 0xd, 0xe6, 0xc0, 0x11, 0xcc,
    0x8c,

    /* U+0029 ")" */
    0x3f, 0x70, 0x8, 0xea, 0x10, 0x2, 0x55, 0x50,
    0x6, 0x81, 0x60, 0x8, 0x92, 0x80, 0x36, 0x98,
    0x6, 0x40, 0x40, 0x8, 0x80, 0x80, 0x30, 0x88,
    0x3, 0xfc, 0x22, 0x0, 0x84, 0xc, 0x2, 0x40,
    0x40, 0xb, 0xc8, 0x40, 0x2, 0xaa, 0x0, 0xa4,
    0x24, 0x0, 0x6f, 0x2, 0x3, 0xaa, 0xe0, 0x0,

    /* U+002A "*" */
    0x0, 0xa9, 0xc0, 0x29, 0x42, 0x23, 0xb0, 0x67,
    0xac, 0x72, 0x0, 0x81, 0x80, 0x6e, 0xd6, 0x81,
    0x50, 0xa6, 0x22, 0x43, 0x80, 0x54, 0xe0, 0x0,

    /* U+002B "+" */
    0x0, 0xc8, 0x1, 0xf1, 0xd9, 0x0, 0x7f, 0xf2,
    0x67, 0xfd, 0x81, 0xbf, 0xe8, 0xbc, 0xc4, 0x85,
    0x66, 0x24, 0x8c, 0xca, 0xe, 0x66, 0x10, 0xf,
    0xfe, 0x30,

    /* U+002C "," */
    0x0, 0x3a, 0x80, 0xc0, 0x1, 0xc5, 0x43, 0x18,
    0x0, 0x94, 0x0,

    /* U+002D "-" */
    0x0, 0xfc, 0x3f, 0xfe, 0x51, 0xcc, 0xf2, 0x0,

    /* U+002E "." */
    0x2e, 0x70, 0x8,

    /* U+002F "/" */
    0x0, 0xee, 0x80, 0xc, 0x43, 0x80, 0x19, 0x1,
    0x40, 0x36, 0x10, 0x80, 0x64, 0x40, 0x6, 0x11,
    0x60, 0x6, 0x40, 0x40, 0xd, 0x84, 0x20, 0x19,
    0x10, 0x1, 0x84, 0xb0, 0x3, 0x20, 0x20, 0x6,
    0xc2, 0x10, 0xc, 0x88, 0x0, 0xc2, 0x5e, 0x1,
    0x94, 0x10, 0x3, 0x60, 0x90, 0x6, 0x44, 0x0,
    0x71, 0xe0, 0x6,

    /* U+0030 "0" */
    0x0, 0x1d, 0xff, 0xac, 0xc0, 0x21, 0xd6, 0x99,
    0x36, 0x8, 0x2, 0x43, 0x19, 0x98, 0x32, 0x0,
    0x44, 0x8, 0x0, 0x51, 0x0, 0x2, 0x20, 0x6,
    0xd3, 0x0, 0xf, 0x80, 0x61, 0x0, 0xff, 0xe0,
    0x8f, 0x80, 0x61, 0x0, 0x88, 0x80, 0x1b, 0x4c,
    0x0, 0x88, 0x10, 0x0, 0xa2, 0x0, 0x12, 0x18,
    0xcc, 0xc1, 0x90, 0x0, 0xeb, 0x4c, 0x9b, 0x4,
    0x0,

    /* U+0031 "1" */
    0x6f, 0xf4, 0xa5, 0x8, 0x12, 0x98, 0x7, 0xff,
    0x64,

    /* U+0032 "2" */
    0x0, 0x36, 0xfe, 0xb8, 0x4, 0xb2, 0x95, 0x48,
    0x90, 0x5, 0xb4, 0xab, 0xc3, 0x0, 0xf, 0x40,
    0x23, 0x2, 0xd, 0x40, 0x8, 0xc0, 0x80, 0x3d,
    0x48, 0x1, 0xe8, 0x28, 0x0, 0xe5, 0x78, 0x30,
    0xc, 0xd4, 0xee, 0x0, 0xcf, 0x31, 0x0, 0xd,
    0x50, 0xc8, 0x67, 0x9, 0xa8, 0x36, 0x66, 0x90,

    /* U+0033 "3" */
    0x0, 0x36, 0x7f, 0x50, 0x80, 0x1e, 0x56, 0xe1,
    0x34, 0x1, 0x2d, 0x28, 0xd6, 0x64, 0x1f, 0x20,
    0x10, 0x80, 0x42, 0x0, 0x14, 0x94, 0x20, 0xa,
    0x3a, 0xde, 0xc0, 0x34, 0xdc, 0x25, 0x0, 0x61,
    0x47, 0xd5, 0x31, 0x82, 0x0, 0x8c, 0x14, 0x5e,
    0x80, 0x22, 0x3, 0x8, 0x79, 0x46, 0xf2, 0x50,
    0x7a, 0x5b, 0x87, 0xf0,

    /* U+0034 "4" */
    0x0, 0xe2, 0xff, 0x0, 0x78, 0x7c, 0x80, 0x3e,
    0xa1, 0xb0, 0xf, 0x42, 0xe8, 0x7, 0x91, 0xf4,
    0x40, 0x38, 0xae, 0xc, 0x3, 0xde, 0x8e, 0x1,
    0xe5, 0x24, 0xff, 0xa4, 0x3e, 0x53, 0x33, 0x9c,
    0x32, 0xc4, 0xcf, 0xbc, 0xc, 0x80, 0x3f, 0xc0,

    /* U+0035 "5" */
    0x9f, 0xff, 0x30, 0x0, 0xae, 0xf9, 0xc0, 0x2,
    0x89, 0xc2, 0x1, 0xff, 0xc0, 0x7e, 0xfd, 0x70,
    0x8, 0xee, 0xe5, 0x87, 0xe, 0x4c, 0x54, 0x86,
    0x90, 0x7b, 0x0, 0xd8, 0x22, 0x32, 0x0, 0xf0,
    0xd6, 0x0, 0x6f, 0x20, 0xb0, 0xc5, 0x4a, 0x58,
    0x2, 0xc6, 0xbb, 0x35, 0x28, 0x0,

    /* U+0036 "6" */
    0x1, 0x9e, 0xfc, 0x40, 0xb, 0x52, 0xec, 0xb6,
    0x60, 0x87, 0x8a, 0x92, 0xb4, 0x1a, 0xa2, 0x1,
    0x54, 0x81, 0x6b, 0x6f, 0xf3, 0x80, 0x1e, 0xed,
    0x16, 0xd0, 0xe0, 0x2, 0xc5, 0x48, 0x68, 0x7,
    0x41, 0x0, 0xb4, 0x4, 0x84, 0x3, 0xc7, 0x88,
    0x20, 0x16, 0x89, 0x29, 0xe3, 0x24, 0xb4, 0x80,
    0x35, 0x22, 0xd2, 0x5c, 0x0,

    /* U+0037 "7" */
    0x7f, 0xff, 0x85, 0xae, 0xf9, 0x84, 0x64, 0x4f,
    0x30, 0x7, 0x8c, 0xa8, 0x3, 0xd2, 0x84, 0x1,
    0xc2, 0xbc, 0x1, 0xe9, 0x15, 0x0, 0xf3, 0x48,
    0x7, 0x94, 0x58, 0x3, 0xd2, 0xa2, 0x1, 0xc4,
    0x7c, 0x1, 0xeb, 0x24, 0x0, 0xc0,

    /* U+0038 "8" */
    0x0, 0x2e, 0x7f, 0xb1, 0x40, 0x24, 0xa6, 0xbb,
    0x2d, 0x30, 0x3, 0x8a, 0x91, 0x12, 0x94, 0x1,
    0x30, 0x6, 0x10, 0xb, 0x91, 0x80, 0xa, 0xa8,
    0x0, 0x24, 0xcb, 0xfd, 0x50, 0x80, 0x5, 0x97,
    0xcc, 0x3c, 0x30, 0x2, 0x1a, 0xc, 0xd0, 0xf2,
    0x0, 0x2f, 0x0, 0xda, 0x2, 0x5, 0x80, 0x1b,
    0x0, 0x42, 0x16, 0x91, 0x12, 0xd0, 0x0, 0x5b,
    0x6b, 0xb2, 0xd3, 0x80,

    /* U+0039 "9" */
    0x3, 0xbf, 0xf5, 0x98, 0x0, 0x71, 0xea, 0x81,
    0x84, 0x12, 0x38, 0xaa, 0xb2, 0xa0, 0x34, 0x0,
    0xca, 0xa0, 0x73, 0x0, 0xde, 0x40, 0xc8, 0x1,
    0xb0, 0x1, 0x25, 0x24, 0x30, 0x80, 0x3, 0xa7,
    0xde, 0x59, 0x0, 0x97, 0xb7, 0x60, 0x30, 0x4d,
    0x2, 0x20, 0x6a, 0x2, 0x9e, 0x2a, 0x52, 0x50,
    0xe, 0x3d, 0xd9, 0xb0, 0x80,

    /* U+003A ":" */
    0x2e, 0x70, 0x8, 0xb9, 0xc0, 0x3f, 0xf8, 0x5,
    0xce, 0x1, 0x0,

    /* U+003B ";" */
    0xa, 0xd0, 0x0, 0x80, 0x57, 0xa0, 0x1f, 0xfc,
    0x22, 0x40, 0x4, 0x48, 0x1, 0x2c, 0xc, 0x18,
    0x11, 0x80, 0x0,

    /* U+003C "<" */
    0x0, 0xcc, 0xa0, 0x1a, 0xe1, 0xc0, 0x2c, 0x5c,
    0x20, 0x1c, 0x1c, 0x20, 0x2, 0x1d, 0x10, 0x4,
    0xb3, 0xe, 0x1, 0x9a, 0xa1, 0xc0, 0x32, 0xd4,
    0x40, 0x0,

    /* U+003D "=" */
    0x0, 0xfe, 0x6f, 0xff, 0xcf, 0x99, 0xf8, 0x4c,
    0xff, 0x37, 0xff, 0xe7, 0xcc, 0xfc,

    /* U+003E ">" */
    0x16, 0x30, 0xc, 0x3d, 0x8a, 0x1, 0xa2, 0x14,
    0xa0, 0x19, 0xe2, 0x98, 0x3, 0x31, 0x58, 0x4,
    0x3a, 0x18, 0x0, 0x1c, 0x1c, 0x10, 0x1c, 0x1c,
    0x10, 0x0,

    /* U+003F "?" */
    0x2, 0xbf, 0xeb, 0x30, 0x6, 0x3d, 0x50, 0x30,
    0x94, 0x75, 0x52, 0xc6, 0x97, 0xc4, 0x3, 0xf8,
    0x60, 0x70, 0x1, 0x1f, 0xcb, 0x48, 0x0, 0x13,
    0xfd, 0x50, 0xb, 0x2c, 0x3, 0xca, 0xe0, 0x1e,
    0xbc, 0x0, 0xff, 0xe0, 0x0,

    /* U+0040 "@" */
    0x0, 0xc2, 0xf7, 0xbd, 0x90, 0x20, 0x1e, 0x5f,
    0xce, 0xe6, 0x40, 0xfa, 0x0, 0x67, 0xbd, 0xb5,
    0x32, 0x49, 0xbb, 0x10, 0x1, 0x23, 0xc, 0x3,
    0xca, 0xd6, 0x0, 0xa9, 0x20, 0x7d, 0xea, 0x9a,
    0xd, 0x70, 0x50, 0x60, 0x99, 0x46, 0x83, 0x10,
    0x30, 0x86, 0x38, 0x1b, 0x6a, 0x9d, 0x6, 0x80,
    0x80, 0x17, 0x82, 0xc8, 0xc0, 0x33, 0x83, 0x10,
    0x8, 0x80, 0x44, 0x1, 0x28, 0x10, 0x7a, 0x83,
    0x8, 0x79, 0xa0, 0x24, 0x81, 0x2a, 0x48, 0x1e,
    0x3, 0x32, 0xbb, 0x74, 0xbb, 0x38, 0x21, 0x48,
    0xa1, 0x3d, 0xc9, 0x1a, 0xfc, 0x20, 0x1, 0x55,
    0x20, 0x80, 0x2, 0x80, 0x1f, 0x2e, 0x16, 0xff,
    0xbb, 0x80, 0x1f, 0x8e, 0xbf, 0xbf, 0xd4, 0x1,
    0xe0,

    /* U+0041 "A" */
    0x0, 0xd3, 0xec, 0x1, 0xf9, 0x82, 0x80, 0x3e,
    0x50, 0x93, 0x20, 0xf, 0x72, 0x30, 0xd0, 0x7,
    0xa, 0x70, 0x32, 0x80, 0x73, 0xa, 0x85, 0x11,
    0x80, 0x6a, 0x70, 0x1, 0x1d, 0x0, 0x46, 0x4d,
    0xff, 0x1b, 0x0, 0x56, 0x59, 0x9c, 0xa, 0x0,
    0x65, 0x33, 0xf7, 0x2, 0xd, 0x80, 0x75, 0xa0,
    0x80,

    /* U+0042 "B" */
    0xcf, 0xfd, 0xac, 0x1, 0x1e, 0x62, 0xd2, 0x54,
    0x0, 0xe6, 0x64, 0x92, 0xe0, 0xf, 0x84, 0x40,
    0x1c, 0x2c, 0x7c, 0x0, 0x4f, 0xf7, 0x4c, 0x90,
    0x0, 0x79, 0x94, 0x4a, 0x80, 0x1c, 0xce, 0x76,
    0xb0, 0xf, 0x84, 0x40, 0x7, 0x33, 0x23, 0xb9,
    0x80, 0x7, 0x98, 0xba, 0x79, 0x0,

    /* U+0043 "C" */
    0x0, 0x92, 0xfb, 0xf6, 0x4, 0x3, 0x4d, 0x84,
    0x52, 0xb7, 0x98, 0x1, 0x99, 0x56, 0xcb, 0x1e,
    0x7a, 0x0, 0x85, 0x50, 0x6, 0x1c, 0xa1, 0x31,
    0xe0, 0xf, 0xa, 0xb, 0x83, 0x80, 0x7f, 0x38,
    0x38, 0x7, 0xf1, 0x8e, 0x80, 0x78, 0x50, 0x42,
    0x19, 0x40, 0x3b, 0x68, 0x0, 0xcc, 0xaa, 0x2a,
    0x9f, 0x4b, 0x44, 0x1, 0x36, 0x37, 0x54, 0x5f,
    0x30,

    /* U+0044 "D" */
    0xcf, 0xfb, 0xb1, 0xc0, 0x32, 0x66, 0x2a, 0xe7,
    0x44, 0x2, 0x33, 0x23, 0xf8, 0x68, 0x7, 0xc3,
    0x26, 0x80, 0x1f, 0x20, 0x60, 0x7, 0xe1, 0x10,
    0x7, 0xe1, 0x10, 0x7, 0xc8, 0x18, 0x1, 0xe1,
    0x92, 0x40, 0x73, 0x32, 0x3f, 0x87, 0x80, 0xf,
    0x31, 0x57, 0x3a, 0x40,

    /* U+0045 "E" */
    0xcf, 0xfe, 0x30, 0x3c, 0xcc, 0x60, 0xe6, 0x78,
    0x3, 0xff, 0x88, 0x9f, 0xf6, 0x0, 0xf, 0x32,
    0xe0, 0x3, 0x99, 0xc4, 0x1, 0xfc, 0xe6, 0x78,
    0x0, 0x79, 0x98, 0xc0,

    /* U+0046 "F" */
    0xcf, 0xfe, 0x80, 0x4c, 0xcd, 0x20, 0x3, 0x3c,
    0x20, 0x1f, 0xfc, 0x34, 0xff, 0xa8, 0x0, 0x99,
    0x95, 0x80, 0x46, 0x70, 0x80, 0x7f, 0xf2, 0x80,

    /* U+0047 "G" */
    0x0, 0x92, 0xfb, 0xf6, 0x4, 0x3, 0x45, 0x84,
    0x52, 0xb7, 0x98, 0x1, 0x9e, 0x6d, 0x96, 0x3c,
    0xf4, 0x42, 0x15, 0x80, 0x30, 0xe6, 0x81, 0x8f,
    0x0, 0x78, 0x4c, 0x5c, 0x1c, 0x0, 0x7f, 0xfd,
    0x8e, 0xe, 0x0, 0x3c, 0xcc, 0x2c, 0x63, 0xc0,
    0x11, 0x9c, 0x3, 0x81, 0xa, 0xa0, 0xc, 0x3c,
    0x4c, 0xc, 0xca, 0xb6, 0x58, 0xf3, 0xf0, 0xa,
    0x6c, 0x22, 0x95, 0xbc, 0x80,

    /* U+0048 "H" */
    0xcb, 0x0, 0xea, 0xd0, 0xf, 0xfe, 0xca, 0x7f,
    0xf2, 0x80, 0xf, 0x33, 0x90, 0x0, 0xe6, 0x7c,
    0x20, 0x1f, 0xfd, 0x0,

    /* U+0049 "I" */
    0xcb, 0x0, 0xff, 0xe4, 0x0,

    /* U+004A "J" */
    0x0, 0xea, 0xd0, 0xf, 0xfe, 0xf8, 0x80, 0x71,
    0xf1, 0x80, 0x4, 0x46, 0x3c, 0xb0, 0x96, 0x18,
    0xd4, 0xce, 0xe0,

    /* U+004B "K" */
    0xcb, 0x0, 0x8f, 0xe8, 0x3, 0x8b, 0x52, 0x80,
    0x30, 0xf9, 0x58, 0x7, 0x68, 0x68, 0x7, 0x59,
    0x60, 0x80, 0x64, 0x45, 0x8, 0x7, 0x21, 0xd0,
    0x80, 0x7b, 0x4f, 0x4, 0x3, 0x87, 0xf, 0x40,
    0x3c, 0x38, 0x58, 0x1, 0xe2, 0xd3, 0xb0,

    /* U+004C "L" */
    0xcb, 0x0, 0xff, 0xf4, 0xb9, 0x9c, 0x20, 0x79,
    0x94, 0x0,

    /* U+004D "M" */
    0xcf, 0x10, 0xf, 0x1f, 0xc0, 0x1, 0x80, 0x3d,
    0x0, 0x1a, 0x40, 0x38, 0x90, 0x2, 0x41, 0x50,
    0xd, 0x66, 0x20, 0x13, 0xc0, 0x4, 0x2d, 0x20,
    0x1a, 0x49, 0x0, 0xc, 0x4a, 0x1, 0x85, 0x7c,
    0x1, 0x36, 0x1, 0xe9, 0x42, 0x60, 0x60, 0xf,
    0x1a, 0x45, 0xb0, 0x7, 0xef, 0x52, 0x90, 0xf,
    0xc8, 0x4a, 0x20, 0x18,

    /* U+004E "N" */
    0xce, 0x10, 0xc, 0xfe, 0x3, 0x40, 0x1f, 0x12,
    0x28, 0x7, 0x9a, 0x2c, 0x40, 0x3c, 0xe5, 0x40,
    0x1f, 0x72, 0x30, 0x7, 0x8a, 0x24, 0x40, 0x3c,
    0xe7, 0x40, 0x1f, 0x72, 0x50, 0x7, 0x8a, 0x8,
    0x3, 0xe7, 0x30,

    /* U+004F "O" */
    0x0, 0x92, 0xfb, 0xf6, 0x4, 0x3, 0x45, 0x84,
    0x55, 0x17, 0xcc, 0x0, 0xcf, 0x56, 0xca, 0xfa,
    0xba, 0x21, 0xa, 0xa0, 0xe, 0xa1, 0x63, 0x1e,
    0x0, 0xf0, 0xa5, 0xb8, 0x38, 0x7, 0xc4, 0x2e,
    0xe, 0x1, 0xf1, 0x9, 0x8e, 0x80, 0x78, 0x51,
    0x1, 0xc, 0xa0, 0x1d, 0x43, 0x20, 0xcc, 0xaa,
    0x32, 0xbe, 0xae, 0x88, 0x2, 0x6c, 0x62, 0xa8,
    0xbe, 0x60,

    /* U+0050 "P" */
    0xcf, 0xfb, 0xac, 0xc0, 0x7, 0x98, 0xa1, 0xc3,
    0x7, 0x33, 0x25, 0xd, 0x0, 0x78, 0xc0, 0x38,
    0x5c, 0xb4, 0x13, 0xfd, 0xd3, 0x24, 0x3, 0xcc,
    0x77, 0x18, 0x0, 0xe6, 0x61, 0x0, 0xff, 0xe7,
    0x80,

    /* U+0051 "Q" */
    0x0, 0x92, 0xfb, 0xf6, 0x4, 0x3, 0xa2, 0xc2,
    0x2a, 0x8b, 0xe6, 0x1, 0x33, 0xd5, 0xb2, 0xbe,
    0xae, 0x88, 0x2, 0x15, 0x40, 0x1d, 0x43, 0x20,
    0x63, 0xc0, 0x1e, 0x14, 0x40, 0x38, 0x38, 0x7,
    0xc4, 0x20, 0xe0, 0xe0, 0x1f, 0x10, 0x81, 0x8e,
    0x80, 0x78, 0x52, 0xc0, 0x10, 0xca, 0x1, 0xd4,
    0x2c, 0x0, 0x66, 0x55, 0x19, 0x5f, 0x57, 0x44,
    0x2, 0x9b, 0x18, 0xaa, 0x13, 0x98, 0x7, 0x25,
    0xf7, 0xed, 0x34, 0x0, 0x7f, 0x96, 0x9e, 0x0,

    /* U+0052 "R" */
    0xcf, 0xfd, 0x68, 0x0, 0x3c, 0xc5, 0x85, 0x98,
    0x39, 0x99, 0x2c, 0x68, 0x3, 0xe3, 0x0, 0xc3,
    0x3, 0xc0, 0x9f, 0xee, 0x69, 0x40, 0x4d, 0x90,
    0xa6, 0x0, 0x89, 0x8e, 0x40, 0x3d, 0x4, 0xc0,
    0x1c, 0x88, 0x81, 0x0, 0xe9, 0x19,

    /* U+0053 "S" */
    0x0, 0x3e, 0xff, 0x48, 0x80, 0x26, 0x2a, 0xe5,
    0xb0, 0x0, 0xcc, 0x74, 0x7a, 0x3, 0x0, 0xf2,
    0xe9, 0x83, 0xb4, 0x98, 0x7, 0x45, 0x16, 0x74,
    0x90, 0x4, 0xb7, 0xf4, 0x98, 0x20, 0x1c, 0x98,
    0x2e, 0x1f, 0x40, 0x1f, 0x32, 0xc2, 0x2e, 0xb,
    0x84, 0xc2, 0xdd, 0x9f, 0x4,

    /* U+0054 "T" */
    0x7f, 0xff, 0x85, 0xb3, 0xe, 0x19, 0x90, 0x88,
    0xcd, 0xc0, 0x46, 0x60, 0xf, 0xff, 0xe8,

    /* U+0055 "U" */
    0xca, 0x0, 0xed, 0x90, 0xf, 0xff, 0x53, 0x88,
    0x7, 0x10, 0x9a, 0x8, 0x4, 0x81, 0x92, 0x3e,
    0xeb, 0x16, 0x88, 0x1f, 0x79, 0xa5, 0x7b, 0x0,

    /* U+0056 "V" */
    0x7f, 0x10, 0xe, 0x4f, 0x46, 0x6, 0x0, 0xee,
    0x24, 0x14, 0xa0, 0xe, 0x5a, 0x0, 0x79, 0x18,
    0x4, 0xc0, 0xc0, 0x4, 0x1a, 0x0, 0xa9, 0x4,
    0x2, 0x67, 0x0, 0x11, 0xf0, 0x6, 0xa1, 0x40,
    0x51, 0x50, 0xc, 0x47, 0xc1, 0x4e, 0x1, 0xea,
    0x54, 0x2a, 0x0, 0xf3, 0x5, 0x19, 0x80, 0x3e,
    0x51, 0xa0, 0xc,

    /* U+0057 "W" */
    0x7f, 0x10, 0x8, 0x7f, 0x0, 0x33, 0xf8, 0xa0,
    0x28, 0x4, 0xe0, 0x62, 0x1, 0x61, 0x89, 0x8e,
    0x80, 0x58, 0x60, 0x80, 0x12, 0x20, 0x0, 0x88,
    0x0, 0x96, 0x8f, 0xc0, 0x6, 0x16, 0x0, 0xf2,
    0x10, 0x40, 0x74, 0x40, 0x2, 0xc4, 0xc0, 0x8,
    0x8, 0x18, 0x63, 0x62, 0x40, 0x88, 0x0, 0x84,
    0xf0, 0x16, 0xc0, 0xc5, 0x40, 0xfc, 0x3, 0x23,
    0x89, 0x28, 0x1, 0x31, 0x1, 0x40, 0x35, 0x8c,
    0x91, 0x0, 0x1e, 0x9a, 0x80, 0x1c, 0x62, 0xe8,
    0x1, 0x20, 0x36, 0x0, 0x79, 0x3, 0x40, 0x21,
    0x30, 0x50, 0x8,

    /* U+0058 "X" */
    0x1e, 0xa0, 0xd, 0x7c, 0x3, 0x6a, 0x80, 0x4,
    0x45, 0x0, 0x15, 0x28, 0x1, 0x2a, 0x80, 0x14,
    0x8c, 0x39, 0x58, 0x6, 0x28, 0x78, 0x91, 0x0,
    0xe7, 0x1, 0x60, 0xf, 0x38, 0xb, 0x0, 0x71,
    0x44, 0xb4, 0x88, 0x6, 0x92, 0x68, 0x1b, 0x0,
    0x95, 0x38, 0x6, 0xd5, 0x0, 0x16, 0xa6, 0x0,
    0x54, 0x90,

    /* U+0059 "Y" */
    0x7f, 0x20, 0xd, 0xb8, 0xe, 0x30, 0x1, 0x29,
    0x78, 0x2, 0xd4, 0x80, 0x12, 0x86, 0x0, 0x52,
    0x80, 0x43, 0x80, 0xd, 0x2a, 0x50, 0xa6, 0x1,
    0x90, 0xfc, 0xe0, 0x3, 0xde, 0x4c, 0x40, 0x1e,
    0x30, 0xf0, 0xf, 0xfe, 0xb0,

    /* U+005A "Z" */
    0x3f, 0xff, 0x71, 0xdd, 0xea, 0x4, 0x4, 0x4d,
    0xe3, 0x60, 0x19, 0x16, 0x4, 0x3, 0x49, 0xb0,
    0x6, 0x82, 0xe0, 0xc, 0x4e, 0xe2, 0x0, 0xdc,
    0x50, 0x1, 0x98, 0xf8, 0x3, 0xc, 0x9b, 0xa2,
    0x65, 0x3, 0xbb, 0xd4,

    /* U+005B "[" */
    0xef, 0xf0, 0x1, 0xb0, 0x1, 0xc6, 0x1, 0xff,
    0xee, 0x8f, 0xc, 0xc8, 0x0,

    /* U+005C "\\" */
    0xca, 0x0, 0xeb, 0x40, 0xe, 0x41, 0x30, 0xc,
    0x63, 0x60, 0x1c, 0x88, 0x0, 0xec, 0x31, 0x0,
    0xce, 0x8, 0x1, 0x84, 0xb0, 0x3, 0x95, 0xc0,
    0x3b, 0x4, 0x80, 0x32, 0x2, 0x80, 0x72, 0x60,
    0x7, 0x6a, 0x0, 0x72, 0x2, 0x0, 0x62, 0x26,
    0x80, 0x72, 0x20, 0x3, 0xb4, 0x88, 0x1, 0x90,
    0x10,

    /* U+005D "]" */
    0x3f, 0xf5, 0x1e, 0x18, 0x0, 0xdc, 0x3, 0xff,
    0xda, 0x7e, 0x80, 0x79, 0x88,

    /* U+005E "^" */
    0x0, 0xcc, 0xc0, 0xf, 0x86, 0x64, 0x40, 0x1e,
    0x91, 0x2b, 0x0, 0xf3, 0x32, 0xd8, 0x40, 0x33,
    0xc, 0xb0, 0x30, 0x6, 0xb5, 0x10, 0x79, 0x0,
    0x90, 0xa4, 0x1, 0x42, 0xc0, 0xf, 0x33, 0x0,
    0x9, 0x6c, 0x9, 0x24, 0x3, 0x71, 0x20,

    /* U+005F "_" */
    0x1, 0x1f, 0xc0, 0xbd, 0xdf, 0x8d, 0x2e, 0xff,
    0x18,

    /* U+0060 "`" */
    0x40, 0xb, 0x79, 0x42, 0x6a, 0x24, 0x13, 0x68,

    /* U+0061 "a" */
    0x0, 0x25, 0xff, 0x50, 0xf4, 0x82, 0x5b, 0xd5,
    0x86, 0x0, 0x54, 0x78, 0xaa, 0xa5, 0x10, 0x31,
    0x90, 0xd, 0x20, 0x7, 0x6, 0x0, 0xc2, 0x20,
    0x70, 0x70, 0xe, 0x10, 0x31, 0xf0, 0xc, 0xe0,
    0x15, 0x25, 0x19, 0xa2, 0x44, 0x0, 0x96, 0xd9,
    0xa5, 0x80, 0x0,

    /* U+0062 "b" */
    0xcb, 0x0, 0xff, 0xe9, 0x15, 0xff, 0x51, 0x0,
    0x4d, 0x87, 0x70, 0xfa, 0x40, 0x2, 0xa8, 0x46,
    0xc1, 0x90, 0x1, 0x20, 0x4, 0x2c, 0x80, 0x6,
    0x0, 0xee, 0x1, 0x6, 0x0, 0xee, 0x1, 0x2,
    0x50, 0x8, 0x59, 0x0, 0x5, 0x70, 0xad, 0x83,
    0x20, 0x6, 0xd3, 0xa8, 0x7d, 0x20,

    /* U+0063 "c" */
    0x0, 0x1d, 0xff, 0x5a, 0x0, 0x49, 0x81, 0x54,
    0xb, 0x40, 0x5, 0x25, 0xaa, 0x59, 0xc0, 0x18,
    0xf8, 0x6, 0xcc, 0x3, 0x83, 0x80, 0x7c, 0xe0,
    0xc0, 0x1f, 0x18, 0xf0, 0x6, 0xbc, 0x0, 0x52,
    0x5a, 0xa5, 0xa4, 0x0, 0x12, 0xc2, 0xa8, 0x18,
    0x80,

    /* U+0064 "d" */
    0x0, 0xfd, 0xd2, 0x1, 0xff, 0xca, 0x4b, 0xfe,
    0x91, 0x0, 0x92, 0xde, 0xac, 0xf0, 0x2, 0xa3,
    0xc5, 0x55, 0x28, 0x81, 0x8c, 0x80, 0x69, 0x0,
    0x38, 0x30, 0x6, 0x11, 0x3, 0x83, 0x80, 0x70,
    0x81, 0x8f, 0x80, 0x67, 0x0, 0xa9, 0x28, 0xcd,
    0x12, 0x20, 0x4, 0xc6, 0xcd, 0x2c, 0x0, 0x0,

    /* U+0065 "e" */
    0x0, 0x25, 0xff, 0xac, 0xc0, 0x25, 0xb0, 0xab,
    0x1c, 0x40, 0x5, 0xa5, 0xaa, 0x52, 0x48, 0x18,
    0xf8, 0x6, 0xe2, 0x23, 0x85, 0xff, 0xea, 0x1,
    0x70, 0x9c, 0xcf, 0x19, 0x87, 0xc, 0xf5, 0xc8,
    0x2, 0x96, 0x95, 0x29, 0xfc, 0x0, 0x98, 0x35,
    0x6d, 0x6a, 0x0,

    /* U+0066 "f" */
    0x0, 0x3e, 0xd0, 0x24, 0x2c, 0x81, 0x84, 0x1d,
    0x40, 0x7e, 0x43, 0x6, 0x71, 0x8, 0x19, 0x0,
    0x7f, 0xf4, 0x80,

    /* U+0067 "g" */
    0x0, 0x25, 0xff, 0x51, 0x74, 0x82, 0x58, 0xe6,
    0xb, 0x4, 0x1, 0x49, 0x46, 0x51, 0x0, 0x1,
    0x8f, 0x80, 0x66, 0x0, 0x38, 0x38, 0x7, 0x8,
    0x38, 0x30, 0x6, 0x11, 0x1, 0x8c, 0x80, 0x69,
    0x0, 0xa8, 0xf1, 0x96, 0x94, 0x40, 0x9, 0x81,
    0x36, 0x18, 0x1, 0x8f, 0x3f, 0xa8, 0x46, 0xa,
    0xc0, 0xc, 0xa1, 0x81, 0x27, 0x8c, 0x91, 0x48,
    0x80, 0x3c, 0x68, 0xb5, 0x8b, 0x0,

    /* U+0068 "h" */
    0xcb, 0x0, 0xff, 0xe7, 0xb6, 0xfe, 0xb8, 0x4,
    0xb7, 0x6a, 0x78, 0x70, 0x0, 0xe3, 0x2d, 0x24,
    0x80, 0xc, 0x40, 0x2d, 0x10, 0x3, 0x80, 0x63,
    0x1, 0x0, 0xff, 0xec, 0x0,

    /* U+0069 "i" */
    0xc, 0xb0, 0xd, 0x96, 0x19, 0x60, 0x1f, 0xfc,
    0xc0,

    /* U+006A "j" */
    0x0, 0x5e, 0x0, 0x7a, 0xf0, 0x1, 0x76, 0x0,
    0xff, 0xee, 0xa, 0x29, 0x35, 0x95, 0x80,

    /* U+006B "k" */
    0xcb, 0x0, 0xff, 0xe7, 0x2f, 0xd0, 0x6, 0x3a,
    0x4a, 0x0, 0x8b, 0x4e, 0xc0, 0x37, 0x9e, 0x0,
    0x64, 0x2e, 0x0, 0xe3, 0x2e, 0x10, 0xc, 0xfe,
    0x7a, 0x1, 0xc5, 0xa7, 0x60, 0x1c, 0x74, 0x94,
    0x0,

    /* U+006C "l" */
    0xcb, 0x0, 0xff, 0xe5, 0x0,

    /* U+006D "m" */
    0xcb, 0x7d, 0xfd, 0x60, 0x3c, 0xfe, 0x90, 0x9,
    0x2f, 0xb5, 0x66, 0x5b, 0x3b, 0x6f, 0x60, 0x16,
    0x99, 0x42, 0x35, 0xa9, 0x2c, 0x21, 0x1, 0x88,
    0x5, 0x80, 0x80, 0x12, 0x3, 0x3, 0x80, 0x78,
    0x40, 0x23, 0x1, 0x0, 0xff, 0xf8, 0x0,

    /* U+006E "n" */
    0xcb, 0x7d, 0xfd, 0x60, 0x9, 0x2f, 0xb5, 0x65,
    0x80, 0x2d, 0x32, 0x85, 0x80, 0x1, 0x88, 0x5,
    0x82, 0x0, 0x70, 0xc, 0x60, 0x20, 0x1f, 0xfd,
    0x80,

    /* U+006F "o" */
    0x0, 0x1d, 0xf7, 0xe2, 0x80, 0x49, 0x81, 0x74,
    0xd4, 0xe0, 0x9, 0x4b, 0x55, 0x53, 0xc1, 0x19,
    0x78, 0x6, 0x90, 0x47, 0x7, 0x0, 0xc2, 0x1c,
    0xe0, 0xe0, 0x18, 0x43, 0x8c, 0x7c, 0x3, 0x48,
    0x38, 0x52, 0x5a, 0xaa, 0x9e, 0x4, 0x13, 0x2,
    0xa8, 0xd6, 0xe0,

    /* U+0070 "p" */
    0xcb, 0x2b, 0xfe, 0xa2, 0x0, 0x9b, 0xe, 0xe1,
    0xf4, 0x80, 0x5, 0x50, 0x8d, 0x83, 0x20, 0x2,
    0x40, 0x8, 0x59, 0x0, 0xc, 0x1, 0xdc, 0x2,
    0xc, 0x1, 0xdc, 0x2, 0x4, 0xa0, 0x10, 0xb2,
    0x0, 0xa, 0xe1, 0x5b, 0x6, 0x40, 0xd, 0x87,
    0x50, 0xfa, 0x40, 0x11, 0x5f, 0xf5, 0x10, 0x7,
    0xff, 0x50,

    /* U+0071 "q" */
    0x0, 0x25, 0xff, 0x50, 0xf4, 0x82, 0x5b, 0xd5,
    0x86, 0x0, 0x54, 0x78, 0xaa, 0xa5, 0x10, 0x31,
    0x90, 0xd, 0x0, 0x7, 0x6, 0x0, 0xe1, 0x7,
    0x6, 0x0, 0xc2, 0x20, 0x31, 0x90, 0xd, 0x20,
    0x15, 0x1e, 0x32, 0xd2, 0x88, 0x1, 0x2c, 0x26,
    0xc3, 0x0, 0x32, 0x67, 0xf5, 0x8, 0x7, 0xff,
    0x50,

    /* U+0072 "r" */
    0xcb, 0x5d, 0x80, 0x5b, 0x4c, 0x1, 0xc9, 0x40,
    0x32, 0x0, 0x9c, 0x3, 0xff, 0x96,

    /* U+0073 "s" */
    0x1, 0xae, 0xfc, 0x30, 0x6, 0xbd, 0xd9, 0xf0,
    0x40, 0xe9, 0x52, 0x8d, 0x40, 0xe5, 0x80, 0x71,
    0x3, 0x1a, 0x3e, 0xd0, 0x2, 0x8e, 0xc2, 0xb3,
    0x2b, 0x40, 0x39, 0x4, 0x26, 0xa6, 0x49, 0x3,
    0xc, 0x78, 0xb4, 0xa4,

    /* U+0074 "t" */
    0x7, 0xf0, 0xf, 0xe9, 0x80, 0xff, 0x25, 0xb0,
    0x66, 0x14, 0xb8, 0xc, 0xc2, 0x1, 0xff, 0xcd,
    0x30, 0x74, 0x10, 0x46, 0x9b, 0x50,

    /* U+0075 "u" */
    0xd9, 0x0, 0xcf, 0xe0, 0x1f, 0xfd, 0xa3, 0x0,
    0xde, 0x0, 0x74, 0x0, 0xc8, 0x0, 0x91, 0xb3,
    0x35, 0x18, 0x0, 0xed, 0xf3, 0x4e, 0x0, 0x0,

    /* U+0076 "v" */
    0xae, 0x0, 0xee, 0x99, 0xa, 0x0, 0x4a, 0x34,
    0x65, 0xc0, 0x17, 0x19, 0x82, 0x94, 0x40, 0x52,
    0x80, 0xc, 0xe, 0xe, 0xe, 0x0, 0x14, 0xa0,
    0xa5, 0x10, 0xb, 0x8d, 0xf, 0x80, 0x32, 0x8d,
    0xa, 0x0, 0x73, 0x8b, 0x0, 0x40,

    /* U+0077 "w" */
    0xad, 0x0, 0x93, 0xdc, 0x2, 0xac, 0xf2, 0x10,
    0x6, 0x5, 0x80, 0x49, 0x68, 0x8, 0x0, 0x56,
    0x31, 0x3, 0x15, 0x14, 0xc0, 0x22, 0x40, 0xa0,
    0x21, 0x10, 0x31, 0xc1, 0xc, 0x53, 0x3, 0x14,
    0x0, 0xa2, 0x5b, 0x61, 0xee, 0x9, 0x60, 0x2,
    0x22, 0xa2, 0x1, 0x5, 0x84, 0xc0, 0x25, 0x91,
    0x30, 0x13, 0x84, 0x0, 0xd6, 0x2e, 0x1, 0x58,
    0xf8, 0x0,

    /* U+0078 "x" */
    0x7f, 0x20, 0x3, 0x79, 0x39, 0x70, 0x2, 0x20,
    0x41, 0xc6, 0xd2, 0x6e, 0x0, 0x36, 0x96, 0xe0,
    0xd, 0x0, 0x66, 0x0, 0xd0, 0x26, 0x80, 0x11,
    0xb6, 0xa4, 0x80, 0x5c, 0xa7, 0x25, 0x0, 0xe5,
    0x60, 0x4e, 0xe2,

    /* U+0079 "y" */
    0x9f, 0x0, 0xee, 0x9a, 0x6, 0x0, 0x90, 0x6c,
    0xcd, 0x40, 0x17, 0x19, 0x5, 0x19, 0x0, 0xac,
    0x80, 0x18, 0x28, 0x1c, 0x54, 0x2, 0x66, 0x5,
    0x30, 0x6, 0xb1, 0x73, 0xa0, 0xc, 0x47, 0x8,
    0x40, 0x1d, 0x41, 0xc0, 0x1e, 0xf1, 0x50, 0xf,
    0x33, 0x0, 0x3c, 0xc1, 0x20, 0x1e, 0xa4, 0x10,
    0xc,

    /* U+007A "z" */
    0x5f, 0xfe, 0x94, 0xcc, 0xa0, 0x3c, 0x4c, 0xe9,
    0x46, 0x0, 0xa4, 0x64, 0x2, 0x36, 0x82, 0x0,
    0xb8, 0xdc, 0x2, 0x82, 0xe0, 0x8, 0x9d, 0x44,
    0xcc, 0x4e, 0xb, 0x99, 0x40,

    /* U+007B "{" */
    0x0, 0xfc, 0x9b, 0xe8, 0x0, 0x91, 0xc5, 0x0,
    0x15, 0x98, 0x80, 0x7e, 0x2f, 0x0, 0xc2, 0x40,
    0x19, 0xc4, 0x3, 0x31, 0x0, 0xb, 0x2, 0xc0,
    0x2, 0x4c, 0x60, 0x3, 0xf5, 0x90, 0x8, 0x54,
    0xc0, 0x33, 0x88, 0x6, 0x13, 0x0, 0xc7, 0xc0,
    0x18, 0x40, 0x38, 0x74, 0x40, 0x28, 0x5e, 0x40,
    0x3, 0x76, 0x28,

    /* U+007C "|" */
    0x38, 0x5, 0x71, 0x0, 0xff, 0xed, 0x80,

    /* U+007D "}" */
    0x0, 0xee, 0xf8, 0x0, 0x6c, 0x39, 0x81, 0xb8,
    0x28, 0x0, 0x40, 0xc0, 0x6, 0x2, 0x0, 0x60,
    0x60, 0xc, 0x60, 0x7, 0x5, 0x0, 0x1b, 0x53,
    0x80, 0x38, 0x38, 0xa, 0x21, 0x20, 0xc0, 0xe0,
    0x18, 0xc0, 0xc, 0x2, 0x0, 0x30, 0x60, 0x0,
    0x81, 0x80, 0x14, 0x8, 0x3a, 0x91, 0x1, 0xba,
    0xb0, 0x0,

    /* U+007E "~" */
    0x0, 0xfe, 0x8f, 0xe7, 0x1b, 0x82, 0x7a, 0x98,
    0xe5, 0x93, 0xd5, 0x7f, 0xce, 0x10,

    /* U+00A0 " " */

    /* U+00A1 "¡" */
    0x6e, 0x20, 0x11, 0x37, 0x9a, 0x78, 0x6, 0x10,
    0xf, 0xc6, 0x2, 0x1, 0x8, 0x1, 0xf8, 0x40,

    /* U+00A2 "¢" */
    0x0, 0x96, 0x0, 0x38, 0xf1, 0x10, 0x1, 0x56,
    0x2b, 0xde, 0x8b, 0xae, 0x62, 0xf8, 0x2e, 0xcc,
    0x60, 0x1, 0xf9, 0x2e, 0x0, 0xc4, 0x65, 0xc0,
    0x18, 0x92, 0x99, 0x0, 0x3, 0xfa, 0xcc, 0xbd,
    0xce, 0x18, 0x9, 0xd4, 0x7b, 0xc1, 0x0, 0x16,
    0x1a, 0x0, 0x0,

    /* U+00A3 "£" */
    0x0, 0xc, 0xf7, 0xe1, 0x80, 0x5a, 0x91, 0x6d,
    0x84, 0x4, 0x72, 0xc9, 0x45, 0x40, 0x20, 0xc0,
    0x16, 0x48, 0x18, 0x38, 0x4, 0x22, 0x4e, 0xa,
    0xee, 0x48, 0x1, 0x3e, 0x3, 0xfd, 0x0, 0x10,
    0x88, 0x4, 0x60, 0xd, 0xe8, 0x1, 0xe2, 0x6d,
    0x33, 0xc4, 0x14, 0x13, 0x99, 0xa4,

    /* U+00A4 "¤" */
    0x30, 0xc, 0x43, 0x59, 0xbf, 0x78, 0x54, 0x7d,
    0xe2, 0x46, 0x86, 0x60, 0x83, 0x10, 0xf, 0x90,
    0xd0, 0x20, 0xc6, 0x52, 0x78, 0x44, 0x93, 0x7b,
    0xd7, 0xe8,

    /* U+00A5 "¥" */
    0x5f, 0x40, 0xd, 0x7a, 0xa, 0x70, 0x1, 0x1a,
    0x40, 0x2, 0xc, 0xc0, 0x8, 0x25, 0x0, 0x21,
    0xc0, 0x1a, 0x40, 0x6, 0xf4, 0x39, 0x35, 0x0,
    0x17, 0xe0, 0x7a, 0x9f, 0xd0, 0x16, 0xeb, 0xd,
    0x77, 0x56, 0x5, 0xba, 0xc0, 0x5d, 0xd5, 0x81,
    0x6e, 0xc0, 0xdb, 0xab, 0x0, 0x11, 0x40, 0x24,
    0x41, 0x0, 0xff, 0x80,

    /* U+00A6 "¦" */
    0x6f, 0x10, 0xf, 0xfe, 0x1b, 0x70, 0x80, 0x80,
    0x8, 0x1b, 0x44, 0x3, 0xff, 0x86,

    /* U+00A7 "§" */
    0x0, 0x3e, 0xfe, 0xb8, 0x4, 0xf1, 0x3d, 0x10,
    0x70, 0x6, 0x22, 0x5, 0x5f, 0x80, 0x6, 0x8a,
    0x0, 0x89, 0x0, 0x43, 0x56, 0xb8, 0x80, 0x48,
    0xe4, 0xf7, 0xcc, 0x3, 0x69, 0xb5, 0x91, 0x26,
    0x41, 0xc0, 0x13, 0x2, 0x90, 0x68, 0x4, 0x80,
    0x43, 0x4d, 0x93, 0x54, 0x74, 0x5, 0xe4, 0x75,
    0x48, 0x0, 0x86, 0x3a, 0x96, 0xc0, 0xb, 0x0,
    0x5, 0x64, 0x0, 0x9d, 0x40, 0x51, 0x0, 0x5,
    0x8b, 0xfe, 0x7a, 0x0, 0x9f, 0xb9, 0xf6, 0x20,

    /* U+00A8 "¨" */
    0x38, 0x8, 0x45, 0x50, 0x29, 0x80,

    /* U+00A9 "©" */
    0x0, 0x85, 0xe6, 0x65, 0x0, 0xe4, 0x85, 0x99,
    0x86, 0x84, 0x0, 0x5b, 0x26, 0xf2, 0xa9, 0x76,
    0x0, 0x44, 0x9f, 0x51, 0xde, 0xf, 0xa8, 0x5,
    0xe9, 0xb5, 0xe4, 0xcb, 0xe4, 0x41, 0x3f, 0x0,
    0xf, 0x30, 0x7, 0x98, 0x3, 0xe2, 0x20, 0x89,
    0xc0, 0x24, 0x20, 0xe, 0x88, 0x18, 0x35, 0x82,
    0xf8, 0x4c, 0x9a, 0xfb, 0x9b, 0x87, 0xca, 0x7,
    0x94, 0x9b, 0xd6, 0xf5, 0x20, 0x12, 0xda, 0xcd,
    0x49, 0x59, 0x0,

    /* U+00AA "ª" */
    0x5, 0xee, 0x55, 0xb9, 0xd6, 0xf4, 0xa0, 0x21,
    0x98, 0xc, 0xc0, 0x86, 0x60, 0x33, 0x1, 0xd6,
    0xf4, 0x98, 0x0,

    /* U+00AB "«" */
    0x0, 0x4a, 0x85, 0x20, 0x33, 0x11, 0xd1, 0x1,
    0x10, 0x8, 0xb0, 0x11, 0x19, 0x3, 0x80, 0xb4,
    0x9a, 0xc8, 0x2, 0x9, 0xa1, 0x10,

    /* U+00AC "¬" */
    0x5f, 0xff, 0xd6, 0xbb, 0xbf, 0x18, 0x0, 0x8b,
    0xe0, 0xf, 0xf2, 0x60,

    /* U+00AD "­" */
    0x0, 0xfc, 0x3f, 0xfe, 0x51, 0xcc, 0xf2, 0x0,

    /* U+00AE "®" */
    0x0, 0x35, 0x51, 0xc0, 0x28, 0xa, 0xa1, 0xc8,
    0x0, 0x97, 0x6c, 0x4, 0x8a, 0x3, 0x67, 0xe6,
    0x22, 0x3, 0xb0, 0x73, 0x1, 0x2c, 0x52, 0x91,
    0x2, 0x2, 0xec, 0x34, 0x0,

    /* U+00AF "¯" */
    0xbf, 0xfd, 0xd5, 0xbb, 0xb0,

    /* U+00B0 "°" */
    0x4, 0xcd, 0x91, 0x2, 0xbf, 0xd0, 0xa0, 0x55,
    0x18, 0x5a, 0x0, 0x7e, 0x55, 0x18, 0x42, 0x1,
    0x57, 0xf0, 0x50, 0x0,

    /* U+00B1 "±" */
    0x0, 0x8b, 0x8, 0x3, 0xc2, 0x60, 0x1f, 0xc2,
    0x1, 0x4f, 0xfb, 0x3, 0x3f, 0xd1, 0x79, 0x8a,
    0xa, 0xcc, 0x49, 0x19, 0x98, 0x1c, 0xcc, 0x20,
    0x1c, 0x20, 0x14, 0xff, 0xb0, 0x33, 0xfd, 0x17,
    0x99, 0xf4, 0x80,

    /* U+00B2 "²" */
    0x1b, 0xec, 0x25, 0x2e, 0xa, 0x49, 0x31, 0xa0,
    0x7a, 0xc2, 0x78, 0x6e, 0x90,

    /* U+00B3 "³" */
    0x2c, 0xed, 0x31, 0x8e, 0x79, 0x36, 0xc5, 0x94,
    0x7c, 0x69, 0x69, 0xe4, 0xe0,

    /* U+00B4 "´" */
    0x0, 0x90, 0x17, 0xb6, 0x65, 0x53, 0x58, 0x80,

    /* U+00B5 "µ" */
    0xca, 0x0, 0xcd, 0xe2, 0x1, 0xff, 0xd9, 0x10,
    0xc, 0x20, 0x12, 0x8, 0x5, 0x80, 0x1b, 0x4c,
    0xa1, 0x80, 0x23, 0x7c, 0xc0, 0x58, 0x4, 0xd7,
    0xfd, 0xd, 0xe2, 0x1, 0xff, 0xcf,

    /* U+00B6 "¶" */
    0x2, 0xae, 0xff, 0xc8, 0x18, 0xa2, 0x7, 0xa0,
    0x5, 0x10, 0xc, 0x40, 0x2, 0x0, 0xfc, 0x80,
    0x1f, 0x8d, 0xc0, 0x3f, 0x46, 0xd2, 0x0, 0x78,
    0x94, 0xc0, 0x3f, 0xfa, 0x60,

    /* U+00B7 "·" */
    0x1e, 0x70, 0x8,

    /* U+00B8 "¸" */
    0xf, 0x0, 0xc3, 0xce, 0x0, 0xeb, 0x80, 0xbf,
    0xb8, 0x0,

    /* U+00B9 "¹" */
    0x8f, 0x68, 0x40, 0xf, 0xf0,

    /* U+00BA "º" */
    0x5, 0xde, 0xd5, 0x3, 0xae, 0xea, 0x8d, 0x4c,
    0xc0, 0x66, 0x55, 0x19, 0x81, 0xd, 0x4e, 0xbb,
    0xe6, 0x8c,

    /* U+00BB "»" */
    0xa, 0x41, 0xa3, 0x0, 0x14, 0x88, 0x40, 0x2,
    0x4d, 0xa1, 0x10, 0x2, 0x5e, 0x42, 0x60, 0xa7,
    0xe, 0xe, 0x17, 0x1, 0x10, 0x0,

    /* U+00BC "¼" */
    0x5e, 0x90, 0x9, 0x38, 0x41, 0x58, 0xc0, 0x28,
    0x71, 0x0, 0xf2, 0x9c, 0x0, 0x7d, 0x70, 0x20,
    0x1e, 0x70, 0x70, 0xd, 0x9c, 0x33, 0x0, 0xee,
    0x0, 0x22, 0x24, 0xd9, 0x66, 0x40, 0x11, 0x3c,
    0x8d, 0xd8, 0x3, 0x42, 0x22, 0xa1, 0x80, 0x23,
    0x58, 0x25, 0xae, 0x18, 0x8, 0x53, 0x2e, 0xce,
    0x18,

    /* U+00BD "½" */
    0x5e, 0x80, 0x9, 0xf4, 0x2, 0x57, 0x10, 0x0,
    0xcc, 0x0, 0x7e, 0x93, 0x50, 0xf, 0x85, 0xe4,
    0x3, 0xf4, 0x1a, 0x0, 0x74, 0x40, 0x9b, 0xdb,
    0xb5, 0x0, 0x2, 0x29, 0x43, 0xad, 0xba, 0x0,
    0x8d, 0x24, 0x30, 0xc0, 0xc0, 0x2f, 0x62, 0x0,
    0x1c, 0x70, 0x1, 0xe, 0x0, 0xb, 0xf8, 0x60,
    0x8, 0x71, 0x1, 0xa3, 0xdf, 0x0,

    /* U+00BE "¾" */
    0x8, 0xdc, 0x20, 0xa, 0xe4, 0xd, 0x76, 0xf8,
    0x0, 0x69, 0x60, 0x7a, 0x1, 0xde, 0xc4, 0x1,
    0x64, 0x40, 0x10, 0xe0, 0x0, 0x6f, 0x93, 0x20,
    0x87, 0x10, 0x1, 0xef, 0x5d, 0x94, 0xe4, 0x48,
    0x1, 0x5d, 0xad, 0xe, 0x3b, 0xa2, 0x0, 0xcc,
    0x70, 0xae, 0x1, 0xe8, 0x90, 0xb9, 0x0, 0xe6,
    0x7, 0x87, 0x20, 0xe, 0x88, 0x2, 0x2e, 0x4,
    0x80, 0x1c, 0xd8, 0x33, 0x20, 0x90,

    /* U+00BF "¿" */
    0x0, 0xcf, 0xc2, 0x1, 0xff, 0xc1, 0x7e, 0x10,
    0xe, 0x38, 0x0, 0xf2, 0xb0, 0x6, 0x7c, 0x81,
    0x0, 0xb2, 0x6b, 0x38, 0x0, 0x66, 0xa6, 0x21,
    0x0, 0xce, 0x1, 0x44, 0x98, 0xc1, 0x2, 0xbf,
    0x6, 0xbe, 0xfd, 0x33, 0x81, 0xe7, 0x6f, 0xc8,
    0x0,

    /* U+00C0 "À" */
    0x0, 0x90, 0xc0, 0x3f, 0xdb, 0x22, 0x1, 0xf2,
    0x78, 0xf8, 0x7, 0xe1, 0x8f, 0x0, 0xfd, 0x3e,
    0xe0, 0x1f, 0x98, 0x28, 0x3, 0xe5, 0x9, 0x32,
    0x0, 0xf7, 0x23, 0xd, 0x0, 0x70, 0xa7, 0x3,
    0x28, 0x7, 0x30, 0xa8, 0x51, 0x18, 0x6, 0xa7,
    0x0, 0x11, 0xd0, 0x4, 0x64, 0xdf, 0xf1, 0xb0,
    0x5, 0x65, 0x99, 0xc0, 0xa0, 0x6, 0x53, 0x3f,
    0x70, 0x20, 0xd8, 0x7, 0x5a, 0x8,

    /* U+00C1 "Á" */
    0x0, 0xf3, 0x80, 0x7e, 0x5e, 0xc0, 0xf, 0x9a,
    0x6a, 0xc0, 0x3e, 0x7c, 0x40, 0xf, 0xc3, 0x3e,
    0xc0, 0x1f, 0x98, 0x28, 0x3, 0xe5, 0x9, 0x32,
    0x0, 0xf7, 0x23, 0xd, 0x0, 0x70, 0xa7, 0x3,
    0x28, 0x7, 0x30, 0xa8, 0x51, 0x18, 0x6, 0xa7,
    0x0, 0x11, 0xd0, 0x4, 0x64, 0xdf, 0xf1, 0xb0,
    0x5, 0x65, 0x99, 0xc0, 0xa0, 0x6, 0x53, 0x3f,
    0x70, 0x20, 0xd8, 0x7, 0x5a, 0x8,

    /* U+00C2 "Â" */
    0x0, 0xe2, 0x0, 0xfc, 0x57, 0xb4, 0x20, 0x1e,
    0x9d, 0xf2, 0x80, 0xf, 0x5b, 0x4, 0x48, 0x7,
    0xd3, 0xec, 0x1, 0xf9, 0x82, 0x80, 0x3e, 0x50,
    0x93, 0x20, 0xf, 0x72, 0x30, 0xd0, 0x7, 0xa,
    0x70, 0x32, 0x80, 0x73, 0xa, 0x85, 0x11, 0x80,
    0x6a, 0x70, 0x1, 0x1d, 0x0, 0x46, 0x4d, 0xff,
    0x1b, 0x0, 0x56, 0x59, 0x9c, 0xa, 0x0, 0x65,
    0x33, 0xf7, 0x2, 0xd, 0x80, 0x75, 0xa0, 0x80,

    /* U+00C3 "Ã" */
    0x0, 0x97, 0xa4, 0x74, 0x3, 0xd3, 0xe3, 0xf6,
    0x1, 0xec, 0x18, 0xe6, 0x0, 0xfa, 0x7d, 0x80,
    0x3f, 0x30, 0x50, 0x7, 0xca, 0x12, 0x64, 0x1,
    0xee, 0x46, 0x1a, 0x0, 0xe1, 0x4e, 0x6, 0x50,
    0xe, 0x61, 0x50, 0xa2, 0x30, 0xd, 0x4e, 0x0,
    0x23, 0xa0, 0x8, 0xc9, 0xbf, 0xe3, 0x60, 0xa,
    0xcb, 0x33, 0x81, 0x40, 0xc, 0xa6, 0x7e, 0xe0,
    0x41, 0xb0, 0xe, 0xb4, 0x10,

    /* U+00C4 "Ä" */
    0x0, 0xa2, 0xc3, 0x54, 0x3, 0xd9, 0x80, 0x56,
    0x0, 0xf2, 0x38, 0x41, 0x80, 0x7d, 0x3e, 0xc0,
    0x1f, 0x98, 0x28, 0x3, 0xe5, 0x9, 0x32, 0x0,
    0xf7, 0x23, 0xd, 0x0, 0x70, 0xa7, 0x3, 0x28,
    0x7, 0x30, 0xa8, 0x51, 0x18, 0x6, 0xa7, 0x0,
    0x11, 0xd0, 0x4, 0x64, 0xdf, 0xf1, 0xb0, 0x5,
    0x65, 0x99, 0xc0, 0xa0, 0x6, 0x53, 0x3f, 0x70,
    0x20, 0xd8, 0x7, 0x5a, 0x8,

    /* U+00C5 "Å" */
    0x0, 0xd1, 0x8c, 0x1, 0xf1, 0x9b, 0x2c, 0x3,
    0xff, 0x8c, 0x66, 0xcb, 0x0, 0xfd, 0x18, 0xc0,
    0x1f, 0xa7, 0xd8, 0x3, 0xf3, 0x5, 0x0, 0x7c,
    0xa1, 0x26, 0x40, 0x1e, 0xe4, 0x61, 0xa0, 0xe,
    0x14, 0xe0, 0x65, 0x0, 0xe6, 0x15, 0xa, 0x23,
    0x0, 0xd4, 0xe0, 0x2, 0x3a, 0x0, 0x8c, 0x9b,
    0xfe, 0x36, 0x0, 0xac, 0xb3, 0x38, 0x14, 0x0,
    0xca, 0x67, 0xee, 0x4, 0x1b, 0x0, 0xeb, 0x41,

    /* U+00C6 "Æ" */
    0x0, 0xf6, 0x7f, 0xf9, 0x80, 0x39, 0x4c, 0xc3,
    0xbb, 0x9c, 0x3, 0xad, 0x94, 0x8, 0xb0, 0x80,
    0x68, 0x9, 0x0, 0xff, 0xb, 0xd8, 0x7, 0xfd,
    0x68, 0xa0, 0x1, 0xff, 0xb8, 0x2, 0x35, 0x90,
    0x8, 0x77, 0x6c, 0x0, 0xbc, 0x37, 0xfc, 0xc0,
    0x45, 0x80, 0xc, 0x79, 0xbb, 0x28, 0x7, 0xd0,
    0xe6, 0x45, 0x18, 0x11, 0x61, 0x81, 0x90, 0xe,
    0x1d, 0xdc, 0xe0,

    /* U+00C7 "Ç" */
    0x0, 0x92, 0xfb, 0xf6, 0x4, 0x3, 0x45, 0x84,
    0x52, 0xb7, 0x98, 0x1, 0x9e, 0xad, 0x96, 0x3c,
    0xf4, 0x1, 0xa, 0xa0, 0xc, 0x3f, 0x62, 0x43,
    0xc0, 0x1e, 0x25, 0x16, 0x7, 0x0, 0xfe, 0x70,
    0x70, 0xf, 0xe3, 0x1d, 0x0, 0xf0, 0x98, 0x84,
    0xb2, 0x0, 0x76, 0xe0, 0x1, 0xd2, 0xe5, 0x10,
    0xda, 0x76, 0x20, 0xb, 0x95, 0xbb, 0x43, 0xea,
    0x0, 0x66, 0xcd, 0x2e, 0xa2, 0x0, 0xfc, 0x5a,
    0xa0, 0x1f, 0x8b, 0xd6, 0x0, 0x3f, 0x6f, 0xb4,
    0x0, 0x40,

    /* U+00C8 "È" */
    0x5, 0x0, 0xf6, 0x72, 0x80, 0x69, 0xa9, 0x80,
    0xc, 0x99, 0x40, 0xc, 0xff, 0xb7, 0xcc, 0xf,
    0x33, 0x18, 0x39, 0x9e, 0x0, 0xff, 0xe2, 0x27,
    0xfd, 0x80, 0x3, 0xcc, 0xb8, 0x0, 0xe6, 0x71,
    0x0, 0x7f, 0x39, 0x9e, 0x0, 0x1e, 0x66, 0x30,

    /* U+00C9 "É" */
    0x0, 0x85, 0x40, 0x33, 0xf9, 0x0, 0x57, 0x9a,
    0xe0, 0x14, 0xd9, 0x80, 0x59, 0xbf, 0xf8, 0xc0,
    0xf3, 0x31, 0x83, 0x99, 0xe0, 0xf, 0xfe, 0x22,
    0x7f, 0xd8, 0x0, 0x3c, 0xcb, 0x80, 0xe, 0x67,
    0x10, 0x7, 0xf3, 0x99, 0xe0, 0x1, 0xe6, 0x63,

    /* U+00CA "Ê" */
    0x0, 0xfc, 0x9b, 0xca, 0x0, 0x29, 0x96, 0x4a,
    0x1, 0x6a, 0x16, 0x20, 0x67, 0xff, 0x18, 0x1e,
    0x66, 0x30, 0x73, 0x3c, 0x1, 0xff, 0xc4, 0x4f,
    0xfb, 0x0, 0x7, 0x99, 0x70, 0x1, 0xcc, 0xe2,
    0x0, 0xfe, 0x73, 0x3c, 0x0, 0x3c, 0xcc, 0x60,

    /* U+00CB "Ë" */
    0xd, 0x64, 0xe1, 0x0, 0x2a, 0x99, 0xc4, 0x1,
    0x6, 0x52, 0x0, 0xcf, 0xfe, 0x30, 0x3c, 0xcc,
    0x60, 0xe6, 0x78, 0x3, 0xff, 0x88, 0x9f, 0xf6,
    0x0, 0xf, 0x32, 0xe0, 0x3, 0x99, 0xc4, 0x1,
    0xfc, 0xe6, 0x78, 0x0, 0x79, 0x98, 0xc0,

    /* U+00CC "Ì" */
    0x60, 0xb, 0x74, 0x81, 0x73, 0x27, 0x4, 0xd5,
    0xc, 0xb2, 0x0, 0xff, 0xee, 0x0,

    /* U+00CD "Í" */
    0x0, 0x12, 0x4, 0x68, 0xe1, 0x6a, 0xf5, 0x10,
    0x16, 0x58, 0x7, 0xff, 0x74,

    /* U+00CE "Î" */
    0x0, 0xf9, 0x7b, 0x50, 0xe, 0x77, 0xa4, 0x8f,
    0xc, 0xda, 0x40, 0xc, 0xb0, 0xf, 0xff, 0x90,

    /* U+00CF "Ï" */
    0xe, 0x45, 0xd0, 0x3, 0xb3, 0x14, 0x1, 0x24,
    0x70, 0x1, 0x65, 0x80, 0x7f, 0xfc, 0x80,

    /* U+00D0 "Ð" */
    0x7, 0xff, 0xdb, 0x4, 0x1, 0xd9, 0x95, 0xa6,
    0xa0, 0x6, 0x33, 0x9b, 0x1a, 0xc8, 0x3, 0xf4,
    0x8d, 0xf, 0x80, 0x8c, 0x1, 0x22, 0x31, 0xc3,
    0xba, 0x10, 0x1, 0x97, 0x30, 0x5d, 0xc2, 0x0,
    0x32, 0x3e, 0x4, 0x48, 0x2, 0x45, 0x0, 0xfd,
    0x23, 0x60, 0x11, 0x14, 0xb6, 0xd4, 0x40, 0x16,
    0xed, 0x5, 0xaa, 0x0,

    /* U+00D1 "Ñ" */
    0x0, 0x16, 0xd8, 0xe0, 0x80, 0x57, 0x1d, 0xea,
    0x20, 0x14, 0xaa, 0xba, 0x40, 0x19, 0xc2, 0x1,
    0x9f, 0xc0, 0x68, 0x3, 0xe2, 0x45, 0x0, 0xf3,
    0x45, 0x88, 0x7, 0x9c, 0xa8, 0x3, 0xee, 0x46,
    0x0, 0xf1, 0x44, 0x88, 0x7, 0x9c, 0xe8, 0x3,
    0xee, 0x4a, 0x0, 0xf1, 0x41, 0x0, 0x7c, 0xe6,
    0x0,

    /* U+00D2 "Ò" */
    0x0, 0xc6, 0x1, 0xff, 0x2f, 0x30, 0x7, 0xf3,
    0x55, 0x2c, 0x3, 0xf9, 0x33, 0xc0, 0x3e, 0x4b,
    0xef, 0x98, 0x10, 0xd, 0x16, 0x11, 0x54, 0x5f,
    0x30, 0x3, 0x3d, 0x5b, 0x2b, 0xea, 0xe8, 0x84,
    0x2a, 0x80, 0x3a, 0x85, 0x8c, 0x78, 0x3, 0xc2,
    0x96, 0xe0, 0xe0, 0x1f, 0x10, 0xb8, 0x38, 0x7,
    0xc4, 0x26, 0x3a, 0x1, 0xe1, 0x44, 0x4, 0x32,
    0x80, 0x75, 0xc, 0x83, 0x32, 0xa8, 0xca, 0xfa,
    0xba, 0x20, 0x9, 0xb1, 0x8a, 0xa2, 0xf9, 0x80,

    /* U+00D3 "Ó" */
    0x0, 0xf9, 0x0, 0x3f, 0x8b, 0x20, 0x3, 0xf2,
    0xe5, 0xe0, 0x7, 0xe6, 0xe7, 0x0, 0xfc, 0x91,
    0xdf, 0xb0, 0x20, 0x1a, 0x2c, 0x22, 0xa8, 0xbe,
    0x60, 0x6, 0x7a, 0xb6, 0x57, 0xd5, 0xd1, 0x8,
    0x55, 0x0, 0x75, 0xb, 0x18, 0xf0, 0x7, 0x85,
    0x2d, 0xc1, 0xc0, 0x3e, 0x21, 0x70, 0x70, 0xf,
    0x88, 0x4c, 0x74, 0x3, 0xc2, 0x88, 0x8, 0x65,
    0x0, 0xea, 0x19, 0x6, 0x65, 0x51, 0x95, 0xf5,
    0x74, 0x40, 0x13, 0x63, 0x15, 0x45, 0xf3, 0x0,

    /* U+00D4 "Ô" */
    0x0, 0xff, 0xe2, 0xc, 0xf3, 0x0, 0x7e, 0xc1,
    0xda, 0x70, 0xf, 0xbe, 0xf, 0x14, 0x3, 0xc9,
    0x3d, 0xfb, 0x42, 0x1, 0xa2, 0xc2, 0x2a, 0x8b,
    0xe6, 0x0, 0x67, 0xab, 0x65, 0x7d, 0x5d, 0x10,
    0x85, 0x50, 0x7, 0x50, 0xb1, 0x8f, 0x0, 0x78,
    0x52, 0xdc, 0x1c, 0x3, 0xe2, 0x17, 0x7, 0x0,
    0xf8, 0x84, 0xc7, 0x40, 0x3c, 0x28, 0x80, 0x86,
    0x50, 0xe, 0xa1, 0x90, 0x66, 0x55, 0x19, 0x5f,
    0x57, 0x44, 0x1, 0x36, 0x31, 0x54, 0x5f, 0x30,

    /* U+00D5 "Õ" */
    0x0, 0xcd, 0xd0, 0x58, 0x1, 0xf5, 0xf8, 0xe4,
    0x80, 0x7d, 0xa3, 0x3c, 0xa0, 0x1e, 0x4b, 0xef,
    0xd8, 0x10, 0xd, 0x16, 0x11, 0x54, 0x5f, 0x30,
    0x3, 0x3d, 0x5b, 0x2b, 0xea, 0xe8, 0x84, 0x2a,
    0x80, 0x3a, 0x85, 0x8c, 0x78, 0x3, 0xc2, 0x96,
    0xe0, 0xe0, 0x1f, 0x10, 0xb8, 0x38, 0x7, 0xc4,
    0x26, 0x3a, 0x1, 0xe1, 0x44, 0x4, 0x32, 0x80,
    0x75, 0xc, 0x83, 0x32, 0xa8, 0xca, 0xfa, 0xba,
    0x20, 0x9, 0xb1, 0x8a, 0xa2, 0xf9, 0x80,

    /* U+00D6 "Ö" */
    0x0, 0xd3, 0x43, 0xc8, 0x1, 0xf6, 0x60, 0x5d,
    0x80, 0x3e, 0x56, 0x9, 0x20, 0xf, 0x25, 0xf7,
    0xec, 0x8, 0x6, 0x8b, 0x8, 0xaa, 0x2f, 0x98,
    0x1, 0x9e, 0xad, 0x95, 0xf5, 0x74, 0x42, 0x15,
    0x40, 0x1d, 0x42, 0xc6, 0x3c, 0x1, 0xe1, 0x4b,
    0x70, 0x70, 0xf, 0x88, 0x5c, 0x1c, 0x3, 0xe2,
    0x13, 0x1d, 0x0, 0xf0, 0xa2, 0x2, 0x19, 0x40,
    0x3a, 0x86, 0x41, 0x99, 0x54, 0x65, 0x7d, 0x5d,
    0x10, 0x4, 0xd8, 0xc5, 0x51, 0x7c, 0xc0,

    /* U+00D7 "×" */
    0x2, 0x0, 0xc4, 0x3, 0xb0, 0x0, 0x4d, 0x51,
    0xa7, 0x84, 0xb5, 0x50, 0x2d, 0x3d, 0xad, 0x0,
    0x42, 0x0, 0x20, 0x9, 0x2d, 0x69, 0xe0, 0xa,
    0xd6, 0x96, 0x9d, 0x4a, 0xa8, 0x0, 0x5b, 0x50,

    /* U+00D8 "Ø" */
    0x0, 0x92, 0xfb, 0xf6, 0x6, 0x60, 0x2, 0x9b,
    0x8, 0xaa, 0x37, 0x14, 0x0, 0x19, 0x95, 0x6c,
    0xaf, 0x20, 0x82, 0x0, 0x85, 0x50, 0x4, 0xd7,
    0xa1, 0x20, 0x63, 0xc0, 0x12, 0xd6, 0x12, 0x20,
    0x1c, 0x1c, 0x0, 0xb3, 0xa0, 0x1, 0x10, 0x38,
    0x30, 0x24, 0xe8, 0x80, 0x4, 0x40, 0x63, 0xe9,
    0x3a, 0x20, 0x1, 0x4b, 0x0, 0x42, 0xce, 0x8,
    0x5, 0x42, 0xc0, 0x5, 0x12, 0xa6, 0x57, 0xd5,
    0xd1, 0x1, 0xed, 0xc0, 0x8a, 0xa2, 0xf9, 0x80,
    0x0,

    /* U+00D9 "Ù" */
    0x0, 0x21, 0x0, 0x7e, 0xd8, 0x0, 0xf2, 0x70,
    0xe8, 0x7, 0x86, 0x7c, 0x2, 0xca, 0x0, 0x88,
    0x36, 0x40, 0x3f, 0xfd, 0x4e, 0x20, 0x1c, 0x42,
    0x68, 0x20, 0x12, 0x6, 0x48, 0xfb, 0xac, 0x5a,
    0x20, 0x7d, 0xe6, 0x95, 0xec, 0x0,

    /* U+00DA "Ú" */
    0x0, 0xe6, 0x0, 0xf2, 0x6d, 0x0, 0x73, 0x4c,
    0x60, 0x7, 0x3e, 0xa8, 0x6, 0xca, 0x10, 0xd,
    0xb2, 0x1, 0xff, 0xea, 0x71, 0x0, 0xe2, 0x13,
    0x41, 0x0, 0x90, 0x32, 0x47, 0xdd, 0x62, 0xd1,
    0x3, 0xef, 0x34, 0xaf, 0x60,

    /* U+00DB "Û" */
    0x0, 0xc2, 0x1, 0xe1, 0xae, 0x90, 0xe, 0xdd,
    0x70, 0x48, 0x6, 0xc7, 0x19, 0x90, 0x3, 0x28,
    0x3, 0xb6, 0x40, 0x3f, 0xfd, 0x4e, 0x20, 0x1c,
    0x42, 0x68, 0x20, 0x12, 0x6, 0x48, 0xfb, 0xac,
    0x5a, 0x20, 0x7d, 0xe6, 0x95, 0xec, 0x0,

    /* U+00DC "Ü" */
    0x0, 0x45, 0x86, 0xa8, 0x6, 0xcc, 0x2, 0xb0,
    0x6, 0x47, 0x8, 0x30, 0x6, 0x50, 0x7, 0x6c,
    0x80, 0x7f, 0xfa, 0x9c, 0x40, 0x38, 0x84, 0xd0,
    0x40, 0x24, 0xc, 0x91, 0xf7, 0x58, 0xb4, 0x40,
    0xfb, 0xcd, 0x2b, 0xd8, 0x0,

    /* U+00DD "Ý" */
    0x0, 0xe4, 0x20, 0xf, 0x15, 0xd0, 0x7, 0x8b,
    0x31, 0xc4, 0x1, 0xc5, 0xee, 0x1, 0xcf, 0xe4,
    0x20, 0x16, 0xe0, 0x38, 0xc0, 0x4, 0xa5, 0xe0,
    0xb, 0x52, 0x0, 0x4a, 0x18, 0x1, 0x4a, 0x1,
    0xe, 0x0, 0x34, 0xa9, 0x42, 0x98, 0x6, 0x43,
    0xf3, 0x80, 0xf, 0x79, 0x31, 0x0, 0x78, 0xc3,
    0xc0, 0x3f, 0xfa, 0xc0,

    /* U+00DE "Þ" */
    0xcb, 0x0, 0xff, 0xe1, 0xa7, 0xfb, 0xac, 0xc0,
    0x9, 0xbb, 0xe, 0x18, 0x0, 0x88, 0x74, 0x34,
    0x1, 0xff, 0xc0, 0x18, 0x1d, 0x4, 0xff, 0x73,
    0x4a, 0x2, 0x66, 0xf7, 0x18, 0x2, 0x32, 0x10,
    0xf, 0xf8,

    /* U+00DF "ß" */
    0x0, 0x36, 0xff, 0x50, 0x80, 0x51, 0x2b, 0x70,
    0xf8, 0x1, 0x33, 0x21, 0x1a, 0x48, 0x80, 0x1,
    0xe0, 0xb, 0x44, 0x80, 0x21, 0x0, 0x43, 0x68,
    0x7, 0x95, 0xf0, 0xc0, 0x3c, 0x60, 0x80, 0x1f,
    0x33, 0xcf, 0xc8, 0x7, 0xa3, 0xa9, 0xec, 0x2,
    0x3c, 0x30, 0x57, 0x50, 0x8, 0xc7, 0xcd, 0x10,
    0xa0, 0x1b, 0xdf, 0x29, 0xe8,

    /* U+00E0 "à" */
    0x0, 0x8c, 0x40, 0x3f, 0x37, 0x38, 0x7, 0xcb,
    0xb9, 0xa0, 0x1f, 0x15, 0xf0, 0x7, 0x25, 0xff,
    0x48, 0xf4, 0x82, 0x5b, 0xd5, 0x86, 0x0, 0x54,
    0x78, 0xaa, 0xa5, 0x10, 0x31, 0x90, 0xd, 0x20,
    0x7, 0x6, 0x0, 0xc2, 0x20, 0x70, 0x70, 0xe,
    0x10, 0x31, 0xf0, 0xc, 0xe0, 0x15, 0x25, 0x19,
    0xa2, 0x44, 0x0, 0x96, 0xd9, 0xa5, 0x80, 0x0,

    /* U+00E1 "á" */
    0x0, 0xf2, 0x80, 0x7c, 0x79, 0x0, 0x1e, 0x5d,
    0xbd, 0x0, 0xf3, 0xf3, 0x80, 0x79, 0x27, 0xfa,
    0x87, 0xa4, 0x12, 0xde, 0xac, 0x30, 0x2, 0xa3,
    0xc5, 0x55, 0x28, 0x81, 0x8c, 0x80, 0x69, 0x0,
    0x38, 0x30, 0x6, 0x11, 0x3, 0x83, 0x80, 0x70,
    0x81, 0x8f, 0x80, 0x67, 0x0, 0xa9, 0x28, 0xcd,
    0x12, 0x20, 0x4, 0xb6, 0xcd, 0x2c, 0x0, 0x0,

    /* U+00E2 "â" */
    0x0, 0xff, 0xe0, 0x8c, 0xfb, 0x80, 0x7a, 0x87,
    0x75, 0x20, 0x1d, 0x50, 0x55, 0x0, 0x19, 0x2b,
    0xfa, 0x83, 0xa4, 0x12, 0xde, 0xac, 0x30, 0x2,
    0xa3, 0xc5, 0x55, 0x28, 0x81, 0x8c, 0x80, 0x69,
    0x0, 0x38, 0x30, 0x6, 0x11, 0x3, 0x83, 0x80,
    0x70, 0x81, 0x8f, 0x80, 0x67, 0x0, 0xa9, 0x28,
    0xcd, 0x12, 0x20, 0x4, 0xb6, 0xcd, 0x2c, 0x0,
    0x0,

    /* U+00E3 "ã" */
    0x0, 0xa3, 0xbf, 0xa8, 0x3, 0xa3, 0xbf, 0xa8,
    0x3, 0x25, 0xff, 0x50, 0xf4, 0x82, 0x5b, 0xd5,
    0x86, 0x0, 0x54, 0x78, 0xaa, 0xa5, 0x10, 0x31,
    0x90, 0xd, 0x20, 0x7, 0x6, 0x0, 0xc2, 0x20,
    0x70, 0x70, 0xe, 0x10, 0x31, 0xf0, 0xc, 0xe0,
    0x15, 0x25, 0x19, 0xa2, 0x44, 0x0, 0x96, 0xd9,
    0xa5, 0x80, 0x0,

    /* U+00E4 "ä" */
    0x0, 0xa2, 0xc3, 0x54, 0x3, 0xb3, 0x0, 0xac,
    0x1, 0xc8, 0xe1, 0x6, 0x1, 0x92, 0xff, 0xa8,
    0x7a, 0x41, 0x2d, 0xea, 0xc3, 0x0, 0x2a, 0x3c,
    0x55, 0x52, 0x88, 0x18, 0xc8, 0x6, 0x90, 0x3,
    0x83, 0x0, 0x61, 0x10, 0x38, 0x38, 0x7, 0x8,
    0x18, 0xf8, 0x6, 0x70, 0xa, 0x92, 0x8c, 0xd1,
    0x22, 0x0, 0x4b, 0x6c, 0xd2, 0xc0, 0x0,

    /* U+00E5 "å" */
    0x0, 0xd3, 0x90, 0x1, 0xe3, 0x2c, 0x51, 0x0,
    0xe3, 0x1d, 0x51, 0x0, 0xf5, 0x6c, 0x0, 0x72,
    0x5f, 0xf5, 0xf, 0x48, 0x25, 0xbd, 0x58, 0x60,
    0x5, 0x47, 0x8a, 0xaa, 0x51, 0x3, 0x19, 0x0,
    0xd2, 0x0, 0x70, 0x60, 0xc, 0x22, 0x7, 0x7,
    0x0, 0xe1, 0x3, 0x1f, 0x0, 0xce, 0x1, 0x52,
    0x51, 0x9a, 0x24, 0x40, 0x9, 0x6d, 0x9a, 0x58,
    0x0,

    /* U+00E6 "æ" */
    0x0, 0x1d, 0xff, 0x50, 0xe3, 0x2e, 0x7f, 0x48,
    0x80, 0x13, 0x2, 0xa8, 0x7e, 0x35, 0x77, 0x43,
    0xe0, 0x2, 0x92, 0xd5, 0x25, 0x88, 0xf5, 0xd1,
    0xb0, 0xa0, 0xc7, 0x80, 0x34, 0x2, 0x18, 0x4,
    0x48, 0x87, 0x6, 0x0, 0xe1, 0x4f, 0xfe, 0x41,
    0x70, 0x60, 0xe, 0x14, 0xdd, 0xf6, 0x18, 0xc8,
    0x6, 0x70, 0x40, 0x22, 0x8f, 0x9c, 0x28, 0xf1,
    0x52, 0x68, 0x53, 0x19, 0x1b, 0x9, 0xc1, 0x30,
    0x2a, 0x87, 0x87, 0xb5, 0x4b, 0x87, 0xf1,

    /* U+00E7 "ç" */
    0x0, 0x1d, 0xff, 0x59, 0x80, 0x49, 0x81, 0x56,
    0x18, 0x80, 0x9, 0x4b, 0x55, 0x59, 0xc0, 0x19,
    0x70, 0x6, 0xcc, 0x3, 0x83, 0x0, 0x7c, 0xe0,
    0xe0, 0x1f, 0x18, 0x68, 0x6, 0x9a, 0x0, 0x43,
    0x38, 0x89, 0xdb, 0x0, 0xf, 0x10, 0xee, 0x44,
    0x18, 0x2, 0x7f, 0x57, 0xf7, 0x0, 0xf1, 0x35,
    0x88, 0x7, 0xa3, 0x95, 0xc0, 0x39, 0x3f, 0xc4,
    0xe0, 0x0,

    /* U+00E8 "è" */
    0x0, 0x94, 0x3, 0xfa, 0x74, 0xc0, 0x3e, 0xcb,
    0xd6, 0x0, 0xf9, 0xb9, 0x0, 0x39, 0x2f, 0xfd,
    0x26, 0x1, 0x2d, 0x85, 0x58, 0xe2, 0x0, 0x2d,
    0x2d, 0x52, 0x92, 0x40, 0xc7, 0xc0, 0x37, 0x11,
    0x1c, 0x2f, 0xff, 0x50, 0xb, 0x84, 0xe6, 0x78,
    0xcc, 0x38, 0x67, 0xae, 0x40, 0x14, 0xb4, 0xa9,
    0x4f, 0xe0, 0x4, 0xc1, 0xab, 0x6b, 0x50,

    /* U+00E9 "é" */
    0x0, 0xe1, 0x40, 0xf, 0x9f, 0xc8, 0x3, 0xd9,
    0x8d, 0x60, 0xf, 0x7d, 0x98, 0x7, 0x92, 0x3f,
    0xd6, 0x60, 0x12, 0xd8, 0x55, 0x8e, 0x20, 0x2,
    0xd2, 0xd5, 0x29, 0x24, 0xc, 0x7c, 0x3, 0x71,
    0x11, 0xc2, 0xff, 0xf5, 0x0, 0xb8, 0x4e, 0x67,
    0x8c, 0xc3, 0x86, 0x7a, 0xe4, 0x1, 0x4b, 0x4a,
    0x94, 0xfe, 0x0, 0x4c, 0x1a, 0xb6, 0xb5, 0x0,

    /* U+00EA "ê" */
    0x0, 0xff, 0xe0, 0xa6, 0xe8, 0xc0, 0x38, 0xe6,
    0x6e, 0x20, 0xc, 0x5a, 0x88, 0xd2, 0x0, 0xcb,
    0x7f, 0xeb, 0x30, 0x9, 0x6c, 0x2a, 0xc7, 0x10,
    0x1, 0x69, 0x6a, 0x94, 0x92, 0x6, 0x3e, 0x1,
    0xb8, 0x88, 0xe1, 0x7f, 0xfa, 0x80, 0x5c, 0x27,
    0x33, 0xc6, 0x61, 0xc3, 0x3d, 0x72, 0x0, 0xa5,
    0xa5, 0x4a, 0x7f, 0x0, 0x26, 0xd, 0x5b, 0x5a,
    0x80,

    /* U+00EB "ë" */
    0x0, 0xf, 0x23, 0x68, 0x7, 0xb, 0xb2, 0xa8,
    0x3, 0xd2, 0x47, 0x0, 0x1c, 0x97, 0xfe, 0xb3,
    0x0, 0x96, 0xc2, 0xac, 0x71, 0x0, 0x16, 0x96,
    0xa9, 0x49, 0x20, 0x63, 0xe0, 0x1b, 0x88, 0x8e,
    0x17, 0xff, 0xa8, 0x5, 0xc2, 0x73, 0x3c, 0x66,
    0x1c, 0x33, 0xd7, 0x20, 0xa, 0x5a, 0x54, 0xa7,
    0xf0, 0x2, 0x60, 0xd5, 0xb5, 0xa8, 0x0,

    /* U+00EC "ì" */
    0x70, 0xb, 0x79, 0x42, 0xa9, 0x2e, 0x9, 0x8c,
    0x19, 0x62, 0x1, 0xff, 0xd4,

    /* U+00ED "í" */
    0x0, 0x1a, 0x8c, 0xe0, 0x60, 0x72, 0xe4, 0x88,
    0xe, 0x58, 0x7, 0xff, 0x54,

    /* U+00EE "î" */
    0x0, 0x8, 0x80, 0x26, 0xff, 0x28, 0x1e, 0xe6,
    0x24, 0x8e, 0xc8, 0x98, 0x40, 0xc, 0xb0, 0xf,
    0xff, 0x30,

    /* U+00EF "ï" */
    0xe, 0x45, 0xd0, 0x3, 0xb3, 0x14, 0x1, 0x24,
    0x70, 0x1, 0x65, 0x80, 0x7f, 0xf9, 0x80,

    /* U+00F0 "ð" */
    0x0, 0xff, 0xe1, 0xe, 0xcc, 0xa8, 0x3, 0x98,
    0x5c, 0xe8, 0x3, 0x93, 0x30, 0xa6, 0x1, 0x1d,
    0xe7, 0xc2, 0xf8, 0x1, 0x30, 0x2a, 0xcd, 0x4c,
    0x82, 0x92, 0xd5, 0x25, 0xc1, 0xc, 0x7c, 0x3,
    0x48, 0xb, 0x83, 0x80, 0x61, 0x0, 0x38, 0x30,
    0x6, 0x10, 0x23, 0x1e, 0x0, 0xd2, 0xa, 0x14,
    0x96, 0xa9, 0x4f, 0x20, 0x4, 0xc0, 0xab, 0x6b,
    0x60,

    /* U+00F1 "ñ" */
    0x0, 0x5f, 0xfb, 0x98, 0x3, 0x5f, 0xfb, 0x98,
    0x1, 0x96, 0xfb, 0xfa, 0xc0, 0x12, 0x5f, 0x6a,
    0xcb, 0x0, 0x5a, 0x65, 0xb, 0x0, 0x3, 0x10,
    0xb, 0x4, 0x0, 0xe0, 0x18, 0xc0, 0x40, 0x3f,
    0xfb, 0x0,

    /* U+00F2 "ò" */
    0x0, 0x98, 0x40, 0x3f, 0x77, 0xb0, 0x7, 0xd1,
    0x9b, 0x40, 0x1f, 0x15, 0xd8, 0x3, 0x8e, 0xfb,
    0xf5, 0x40, 0x24, 0xc0, 0xba, 0x6a, 0x70, 0x4,
    0xa5, 0xaa, 0xa9, 0xe0, 0x8c, 0xbc, 0x3, 0x48,
    0x23, 0x83, 0x80, 0x61, 0xe, 0x70, 0x70, 0xc,
    0x21, 0xc6, 0x3e, 0x1, 0xa4, 0x1c, 0x29, 0x2d,
    0x55, 0x4f, 0x2, 0x9, 0x81, 0x54, 0x6b, 0x70,

    /* U+00F3 "ó" */
    0x0, 0xe1, 0x50, 0xf, 0x9f, 0xc8, 0x3, 0xd5,
    0x98, 0x70, 0xf, 0x5d, 0x88, 0x3, 0xc7, 0x5d,
    0xf8, 0xa0, 0x12, 0x60, 0x5d, 0x35, 0x38, 0x2,
    0x52, 0xd5, 0x54, 0xf0, 0x46, 0x5e, 0x1, 0xa4,
    0x11, 0xc1, 0xc0, 0x30, 0x87, 0x38, 0x38, 0x6,
    0x10, 0xe3, 0x1f, 0x0, 0xd2, 0xe, 0x14, 0x96,
    0xaa, 0xa7, 0x81, 0x4, 0xc0, 0xaa, 0x35, 0xb8,
    0x0,

    /* U+00F4 "ô" */
    0x0, 0xe1, 0x0, 0xf9, 0x37, 0xdc, 0x3, 0x86,
    0x65, 0x98, 0x50, 0xc, 0x3a, 0x85, 0x6a, 0x1,
    0x8e, 0xfb, 0xf1, 0x40, 0x24, 0xc0, 0xba, 0x6a,
    0x70, 0x4, 0xa5, 0xaa, 0xa9, 0xe0, 0x8c, 0xbc,
    0x3, 0x48, 0x23, 0x83, 0x80, 0x61, 0xe, 0x70,
    0x70, 0xc, 0x21, 0xc6, 0x3e, 0x1, 0xa4, 0x1c,
    0x29, 0x2d, 0x55, 0x4f, 0x2, 0x9, 0x81, 0x54,
    0x6b, 0x70,

    /* U+00F5 "õ" */
    0x0, 0xaf, 0xfd, 0xcc, 0x1, 0xd7, 0xfe, 0xe6,
    0x0, 0xc7, 0x7d, 0xf8, 0xa0, 0x12, 0x60, 0x5d,
    0x35, 0x38, 0x2, 0x52, 0xd5, 0x54, 0xf0, 0x46,
    0x5e, 0x1, 0xa4, 0x11, 0xc1, 0xc0, 0x30, 0x87,
    0x38, 0x38, 0x6, 0x10, 0xe3, 0x1f, 0x0, 0xd2,
    0xe, 0x14, 0x96, 0xaa, 0xa7, 0x81, 0x4, 0xc0,
    0xaa, 0x35, 0xb8, 0x0,

    /* U+00F6 "ö" */
    0x0, 0xb1, 0xcf, 0x88, 0x3, 0x90, 0xc5, 0xc8,
    0x3, 0xa1, 0xa, 0x40, 0x38, 0xef, 0xbf, 0x14,
    0x2, 0x4c, 0xb, 0xa6, 0xa7, 0x0, 0x4a, 0x5a,
    0xaa, 0x9e, 0x8, 0xcb, 0xc0, 0x34, 0x82, 0x38,
    0x38, 0x6, 0x10, 0xe7, 0x7, 0x0, 0xc2, 0x1c,
    0x63, 0xe0, 0x1a, 0x41, 0xc2, 0x92, 0xd5, 0x54,
    0xf0, 0x20, 0x98, 0x15, 0x46, 0xb7, 0x0,

    /* U+00F7 "÷" */
    0x0, 0x9b, 0x88, 0x3, 0xff, 0x86, 0xdc, 0x40,
    0x1f, 0xfc, 0xc, 0xff, 0xf9, 0xbb, 0x33, 0xe7,
    0x23, 0x3f, 0x84, 0x2, 0x6e, 0x20, 0xf, 0xfe,
    0x0,

    /* U+00F8 "ø" */
    0x0, 0x1d, 0xf7, 0xe2, 0xd9, 0x82, 0x60, 0x5d,
    0x35, 0x9, 0x84, 0xa5, 0xaa, 0x88, 0x8a, 0x46,
    0x5e, 0x0, 0x71, 0xc0, 0x57, 0x7, 0x6, 0xd9,
    0x10, 0xf7, 0x6, 0x5d, 0xa0, 0x10, 0xe3, 0x28,
    0xeb, 0x0, 0x48, 0x38, 0x59, 0x3a, 0xaa, 0x9e,
    0x44, 0x55, 0x6f, 0x74, 0xd6, 0xc0,

    /* U+00F9 "ù" */
    0x0, 0x30, 0x80, 0x7c, 0x3c, 0xe0, 0x1e, 0x7d,
    0xca, 0x0, 0xf1, 0x5d, 0x80, 0x2d, 0x90, 0x8,
    0x5f, 0xc0, 0x3f, 0xfb, 0x46, 0x1, 0xbc, 0x0,
    0xe8, 0x1, 0x90, 0x1, 0x23, 0x66, 0x6a, 0x30,
    0x1, 0xdb, 0xe6, 0x9c, 0x0, 0x0,

    /* U+00FA "ú" */
    0x0, 0xc2, 0xc0, 0x1e, 0x7e, 0x10, 0xe, 0xad,
    0xd3, 0x80, 0x75, 0xd1, 0x0, 0x6d, 0x91, 0x0,
    0x9f, 0xc0, 0x3f, 0xfb, 0x46, 0x1, 0xbc, 0x0,
    0xe8, 0x1, 0x90, 0x1, 0x23, 0x66, 0x6a, 0x30,
    0x1, 0xdb, 0xe6, 0x9c, 0x0, 0x0,

    /* U+00FB "û" */
    0x0, 0xc2, 0x1, 0xe4, 0xdf, 0x70, 0xc, 0x33,
    0xdf, 0xaa, 0x1, 0xe, 0x98, 0xd2, 0x80, 0x36,
    0x40, 0x33, 0xf8, 0x7, 0xff, 0x68, 0xc0, 0x37,
    0x80, 0x1d, 0x0, 0x32, 0x0, 0x24, 0x6c, 0xcd,
    0x46, 0x0, 0x3b, 0x7c, 0xd3, 0x80, 0x0,

    /* U+00FC "ü" */
    0x0, 0x63, 0x9f, 0x10, 0x6, 0xb3, 0x27, 0x20,
    0xc, 0xe8, 0x32, 0x1, 0x6c, 0x80, 0x67, 0xf0,
    0xf, 0xfe, 0xd1, 0x80, 0x6f, 0x0, 0x3a, 0x0,
    0x64, 0x0, 0x48, 0xd9, 0x9a, 0x8c, 0x0, 0x76,
    0xf9, 0xa7, 0x0, 0x0,

    /* U+00FD "ý" */
    0x0, 0xe7, 0x0, 0xf2, 0x6d, 0x80, 0x72, 0x4c,
    0x60, 0x7, 0x2e, 0xa8, 0x6, 0x9f, 0x10, 0xd,
    0xd3, 0x40, 0xc0, 0x12, 0xd, 0x99, 0xa8, 0x2,
    0xe3, 0x20, 0xa3, 0x20, 0x15, 0x90, 0x3, 0x5,
    0x3, 0x8a, 0x80, 0x4c, 0xc0, 0xa6, 0x0, 0xd6,
    0x2e, 0x74, 0x1, 0x88, 0xe1, 0x8, 0x3, 0xa8,
    0x38, 0x3, 0xde, 0x2a, 0x1, 0xe6, 0x60, 0x7,
    0x98, 0x24, 0x3, 0xd4, 0x82, 0x1, 0x80,

    /* U+00FE "þ" */
    0xcb, 0x0, 0xff, 0xe9, 0x15, 0xff, 0x51, 0x0,
    0x4f, 0x87, 0x70, 0xfa, 0x40, 0x3, 0xa8, 0x46,
    0xc1, 0x90, 0x1, 0x20, 0x4, 0x2c, 0x80, 0x6,
    0x0, 0xee, 0x1, 0x6, 0x0, 0xee, 0x1, 0x2,
    0x50, 0x8, 0x59, 0x0, 0x9, 0x10, 0x56, 0xc1,
    0x90, 0xb, 0xa, 0xa1, 0xf4, 0x80, 0x21, 0xaf,
    0xea, 0x20, 0xf, 0xfe, 0xa0,

    /* U+00FF "ÿ" */
    0x0, 0x36, 0x86, 0x38, 0x6, 0x55, 0x2, 0x18,
    0x6, 0x38, 0x8, 0x40, 0x4, 0xf8, 0x7, 0x74,
    0xd0, 0x30, 0x4, 0x83, 0x66, 0x6a, 0x0, 0xb8,
    0xc8, 0x28, 0xc8, 0x5, 0x64, 0x0, 0xc1, 0x40,
    0xe2, 0xa0, 0x13, 0x30, 0x29, 0x80, 0x35, 0x8b,
    0x9d, 0x0, 0x62, 0x38, 0x42, 0x0, 0xea, 0xe,
    0x0, 0xf7, 0x8a, 0x80, 0x79, 0x98, 0x1, 0xe6,
    0x9, 0x0, 0xf5, 0x20, 0x80, 0x60,

    /* U+0100 "Ā" */
    0x0, 0x37, 0xff, 0x18, 0x6, 0x6d, 0xde, 0x30,
    0xe, 0x22, 0xe0, 0xf, 0xa7, 0xd8, 0x3, 0xf3,
    0x5, 0x0, 0x7c, 0xa1, 0x26, 0x40, 0x1e, 0xe4,
    0x61, 0xa0, 0xe, 0x14, 0xe0, 0x65, 0x0, 0xe6,
    0x15, 0xa, 0x23, 0x0, 0xd4, 0xe0, 0x2, 0x3a,
    0x0, 0x8c, 0x9b, 0xfe, 0x36, 0x0, 0xac, 0xb3,
    0x38, 0x14, 0x0, 0xca, 0x67, 0xee, 0x4, 0x1b,
    0x0, 0xeb, 0x41,

    /* U+0101 "ā" */
    0x0, 0x37, 0xff, 0x18, 0x4, 0xdd, 0xdc, 0x60,
    0x12, 0x57, 0x7d, 0x87, 0x48, 0x25, 0xbd, 0x58,
    0x60, 0x5, 0x47, 0x8a, 0xaa, 0x51, 0x3, 0x19,
    0x0, 0xd2, 0x0, 0x70, 0x60, 0xc, 0x22, 0x7,
    0x7, 0x0, 0xe1, 0x3, 0x1f, 0x0, 0xce, 0x1,
    0x52, 0x51, 0x9a, 0x24, 0x40, 0x9, 0x6d, 0x9a,
    0x58, 0x0,

    /* U+0102 "Ă" */
    0x0, 0x98, 0x0, 0x2a, 0x1, 0xed, 0x50, 0x9d,
    0x0, 0xf4, 0x5f, 0xac, 0x80, 0x78, 0xfb, 0x9a,
    0x20, 0x1f, 0x4f, 0x30, 0x7, 0xe6, 0xa, 0x0,
    0xf9, 0x42, 0x4c, 0x80, 0x3d, 0xc8, 0xc3, 0x40,
    0x1c, 0x29, 0xc0, 0xca, 0x1, 0xcc, 0x2a, 0x14,
    0x46, 0x1, 0xa9, 0xc0, 0x4, 0x74, 0x1, 0x19,
    0x37, 0xfc, 0x6c, 0x1, 0x59, 0x66, 0x70, 0x28,
    0x1, 0x94, 0xcf, 0xdc, 0x8, 0x36, 0x1, 0xd6,
    0x82,

    /* U+0103 "ă" */
    0x0, 0xb0, 0xc1, 0xa8, 0x3, 0xa7, 0x3e, 0x24,
    0x3, 0x97, 0xfb, 0x86, 0x1, 0x92, 0xff, 0xd4,
    0x3d, 0x20, 0x96, 0xf5, 0x61, 0x80, 0x15, 0x1e,
    0x2a, 0xa9, 0x44, 0xc, 0x64, 0x3, 0x48, 0x1,
    0xc1, 0x80, 0x30, 0x88, 0x1c, 0x1c, 0x3, 0x84,
    0xc, 0x7c, 0x3, 0x38, 0x5, 0x49, 0x46, 0x68,
    0x91, 0x0, 0x25, 0xb6, 0x69, 0x60, 0x0,

    /* U+0104 "Ą" */
    0x0, 0xd3, 0xec, 0x1, 0xf9, 0x82, 0x80, 0x3e,
    0x50, 0x93, 0x20, 0xf, 0x72, 0x30, 0xd0, 0x7,
    0xa, 0x70, 0x32, 0x80, 0x73, 0xa, 0x85, 0x11,
    0x80, 0x6a, 0x70, 0x1, 0x1d, 0x0, 0x46, 0x4d,
    0xff, 0x1b, 0x0, 0x56, 0x59, 0x9c, 0xa, 0x0,
    0x65, 0x33, 0xf7, 0x2, 0xd, 0x80, 0x75, 0xa0,
    0xa7, 0x98, 0x6, 0x5a, 0xa0, 0x80, 0x7d, 0xc8,
    0xa0, 0x1f, 0xbd, 0xf9, 0x40,

    /* U+0105 "ą" */
    0x0, 0x25, 0xff, 0x50, 0xf4, 0x82, 0x5b, 0xd5,
    0x86, 0x0, 0x54, 0x78, 0xaa, 0xa5, 0x10, 0x31,
    0x90, 0xd, 0x0, 0x7, 0x6, 0x0, 0xe1, 0x7,
    0x6, 0x0, 0xc2, 0x20, 0x31, 0x90, 0xd, 0x20,
    0x15, 0x1e, 0x32, 0xd2, 0x88, 0x1, 0x2c, 0x26,
    0xc3, 0x80, 0x40, 0x9, 0x9f, 0xd1, 0xb1, 0x0,
    0xf, 0x20, 0x30, 0x80, 0x79, 0xcb, 0xe0,

    /* U+0106 "Ć" */
    0x0, 0xf9, 0x40, 0x3f, 0x8f, 0x24, 0x3, 0xf3,
    0x6c, 0xe0, 0x7, 0xe4, 0xe5, 0x0, 0xfc, 0x93,
    0xdf, 0xb0, 0x20, 0x1a, 0x6c, 0x22, 0x95, 0xbc,
    0xc0, 0xc, 0xca, 0xb6, 0x58, 0xf3, 0xd0, 0x4,
    0x2a, 0x80, 0x30, 0xe5, 0x9, 0x8f, 0x0, 0x78,
    0x50, 0x5c, 0x1c, 0x3, 0xf9, 0xc1, 0xc0, 0x3f,
    0x8c, 0x74, 0x3, 0xc2, 0x82, 0x10, 0xca, 0x1,
    0xdb, 0x40, 0x6, 0x65, 0x51, 0x54, 0xfa, 0x5a,
    0x20, 0x9, 0xb1, 0xba, 0xa2, 0xf9, 0x80,

    /* U+0107 "ć" */
    0x0, 0xe1, 0x30, 0xf, 0x9f, 0x98, 0x3, 0xdb,
    0x9a, 0xa0, 0x1e, 0xeb, 0x20, 0xf, 0x1c, 0x7f,
    0x5a, 0x0, 0x49, 0x81, 0x54, 0xb, 0x40, 0x5,
    0x25, 0xaa, 0x59, 0xc0, 0x18, 0xf8, 0x6, 0xcc,
    0x3, 0x83, 0x80, 0x7c, 0xe0, 0xc0, 0x1f, 0x18,
    0xf0, 0x6, 0xbc, 0x0, 0x52, 0x5a, 0xa5, 0xa4,
    0x0, 0x12, 0xc2, 0xa8, 0x18, 0x80,

    /* U+010A "Ċ" */
    0x0, 0xe4, 0xe1, 0x0, 0xfe, 0x67, 0x10, 0xf,
    0xe2, 0x90, 0xf, 0xc9, 0x7d, 0xfb, 0x2, 0x1,
    0xa6, 0xc2, 0x29, 0x5b, 0xcc, 0x0, 0xcc, 0xab,
    0x65, 0x8f, 0x3d, 0x0, 0x42, 0xa8, 0x3, 0xe,
    0x50, 0x98, 0xf0, 0x7, 0x85, 0x5, 0xc1, 0xc0,
    0x3f, 0x9c, 0x1c, 0x3, 0xf8, 0xc7, 0x40, 0x3c,
    0x28, 0x21, 0xc, 0xa0, 0x1d, 0xb4, 0x0, 0x66,
    0x55, 0x15, 0x4f, 0xa5, 0xa2, 0x0, 0x9b, 0x1b,
    0xaa, 0x2f, 0x98, 0x0,

    /* U+010B "ċ" */
    0x0, 0xd8, 0xe0, 0x1f, 0xac, 0xc0, 0x3c, 0x77,
    0x15, 0x68, 0x1, 0x26, 0x5, 0x50, 0x2d, 0x0,
    0x14, 0x96, 0xa9, 0x67, 0x0, 0x63, 0xe0, 0x1b,
    0x30, 0xe, 0xe, 0x1, 0xf3, 0x83, 0x0, 0x7c,
    0x63, 0xc0, 0x1a, 0xf0, 0x1, 0x49, 0x6a, 0x96,
    0x90, 0x0, 0x4b, 0xa, 0xa0, 0x62, 0x0,

    /* U+010C "Č" */
    0x0, 0xff, 0xe2, 0x62, 0x3, 0xc0, 0x7, 0xdf,
    0x1d, 0xb2, 0x1, 0xf1, 0xe6, 0x28, 0x40, 0x3c,
    0x97, 0xdb, 0xa8, 0x10, 0xd, 0x36, 0x11, 0x4a,
    0xde, 0x60, 0x6, 0x65, 0x5b, 0x2c, 0x79, 0xe8,
    0x2, 0x15, 0x40, 0x18, 0x72, 0x84, 0xc7, 0x80,
    0x3c, 0x28, 0x2e, 0xe, 0x1, 0xfc, 0xe0, 0xe0,
    0x1f, 0xc6, 0x3a, 0x1, 0xe1, 0x41, 0x8, 0x65,
    0x0, 0xed, 0xa0, 0x3, 0x32, 0xa8, 0xaa, 0x7d,
    0x2d, 0x10, 0x4, 0xd8, 0xdd, 0x51, 0x7c, 0xc0,

    /* U+010D "č" */
    0x0, 0xff, 0xe0, 0x2c, 0x89, 0x60, 0x80, 0x65,
    0x1f, 0xc9, 0x10, 0xe, 0x8c, 0xe5, 0x0, 0xe3,
    0xbd, 0xeb, 0x40, 0x9, 0x30, 0x2a, 0x81, 0x68,
    0x0, 0xa4, 0xb5, 0x4b, 0x38, 0x3, 0x1f, 0x0,
    0xd9, 0x80, 0x70, 0x70, 0xf, 0x9c, 0x18, 0x3,
    0xe3, 0x1e, 0x0, 0xd7, 0x80, 0xa, 0x4b, 0x54,
    0xb4, 0x80, 0x2, 0x58, 0x55, 0x3, 0x10, 0x0,

    /* U+010E "Ď" */
    0x0, 0xff, 0xe0, 0x4c, 0x3, 0x60, 0x7, 0x40,
    0xfe, 0xf0, 0x7, 0xc, 0xf5, 0x90, 0x5, 0x9f,
    0xfb, 0x1c, 0x3, 0x26, 0x62, 0xae, 0x74, 0x40,
    0x23, 0x32, 0x3f, 0x86, 0x80, 0x7c, 0x32, 0x68,
    0x1, 0xf2, 0x6, 0x0, 0x7e, 0x11, 0x0, 0x7e,
    0x11, 0x0, 0x7c, 0x81, 0x80, 0x1e, 0x19, 0x24,
    0x7, 0x33, 0x23, 0xf8, 0x78, 0x0, 0xf3, 0x15,
    0x73, 0xa4, 0x0,

    /* U+010F "ď" */
    0x0, 0xfd, 0xd3, 0x2f, 0x0, 0xff, 0xa8, 0x40,
    0x3f, 0xe3, 0x30, 0x4, 0x97, 0xfd, 0x22, 0x0,
    0x59, 0x0, 0x25, 0xbd, 0x59, 0xe0, 0x1, 0x50,
    0x1, 0x47, 0x8a, 0xaa, 0x51, 0x0, 0xc6, 0x32,
    0x1, 0xa4, 0x3, 0x9c, 0x18, 0x3, 0x8, 0x80,
    0x33, 0x83, 0x80, 0x70, 0x80, 0x63, 0x1f, 0x0,
    0xce, 0x1, 0xea, 0x4a, 0x33, 0x44, 0x88, 0x7,
    0x26, 0x36, 0x69, 0x60, 0x7, 0x0,

    /* U+0110 "Đ" */
    0x7, 0xff, 0xdb, 0x4, 0x1, 0xd9, 0x95, 0xa6,
    0xa0, 0x6, 0x33, 0x9b, 0x1a, 0xc8, 0x3, 0xf4,
    0x8d, 0xf, 0x80, 0x8c, 0x1, 0x22, 0x31, 0xc3,
    0xba, 0x10, 0x1, 0x97, 0x30, 0x5d, 0xc2, 0x0,
    0x32, 0x3e, 0x4, 0x48, 0x2, 0x45, 0x0, 0xfd,
    0x23, 0x60, 0x11, 0x14, 0xb6, 0xd4, 0x40, 0x16,
    0xed, 0x5, 0xaa, 0x0,

    /* U+0111 "đ" */
    0x0, 0xfd, 0xd2, 0x1, 0xf4, 0xf0, 0xb3, 0x80,
    0x7a, 0x78, 0x59, 0xc0, 0x9, 0x7f, 0xd2, 0x20,
    0x19, 0x2d, 0xea, 0xcf, 0x0, 0x35, 0x1e, 0x2a,
    0xa9, 0x44, 0x0, 0x63, 0x20, 0x1a, 0x40, 0x27,
    0x6, 0x0, 0xc2, 0x20, 0x3, 0x83, 0x80, 0x70,
    0x80, 0xc, 0x7c, 0x3, 0x38, 0x6, 0xa4, 0xa3,
    0x34, 0x48, 0x80, 0x49, 0x8d, 0x9a, 0x58, 0x1,
    0x0,

    /* U+0112 "Ē" */
    0xbf, 0xfd, 0xa1, 0x5b, 0xbb, 0x0, 0x48, 0xb0,
    0x86, 0x7f, 0xf1, 0x81, 0xe6, 0x63, 0x7, 0x33,
    0xc0, 0x1f, 0xfc, 0x44, 0xff, 0xb0, 0x0, 0x79,
    0x97, 0x0, 0x1c, 0xce, 0x20, 0xf, 0xe7, 0x33,
    0xc0, 0x3, 0xcc, 0xc6,

    /* U+0113 "ē" */
    0x0, 0x6f, 0xfe, 0xc0, 0xd, 0x9d, 0xdb, 0x40,
    0x32, 0xd7, 0x72, 0x88, 0x2, 0x5b, 0xa, 0xb1,
    0xc4, 0x0, 0x5a, 0x5a, 0xa5, 0x24, 0x81, 0x8f,
    0x80, 0x6e, 0x22, 0x38, 0x5f, 0xfe, 0xa0, 0x17,
    0x9, 0xcc, 0xf1, 0x98, 0x70, 0xcf, 0x5c, 0x80,
    0x29, 0x69, 0x52, 0x9f, 0xc0, 0x9, 0x83, 0x56,
    0xd6, 0xa0,

    /* U+0114 "Ĕ" */
    0x15, 0x0, 0x21, 0x0, 0x2c, 0x42, 0x4, 0x6,
    0x7b, 0xd8, 0xc0, 0xf, 0xfd, 0x40, 0xc, 0xff,
    0x77, 0xf8, 0xc0, 0xf3, 0x31, 0x83, 0x99, 0xe0,
    0xf, 0xfe, 0x22, 0x7f, 0xd8, 0x0, 0x3c, 0xcb,
    0x80, 0xe, 0x67, 0x10, 0x7, 0xf3, 0x99, 0xe0,
    0x1, 0xe6, 0x63,

    /* U+0115 "ĕ" */
    0x0, 0x25, 0x80, 0xe1, 0x80, 0x64, 0xf, 0xe6,
    0x30, 0xe, 0xbe, 0xe5, 0x0, 0x72, 0x5f, 0x72,
    0xcc, 0x2, 0x5b, 0xa, 0xb1, 0xc4, 0x0, 0x5a,
    0x5a, 0xa5, 0x24, 0x81, 0x8f, 0x80, 0x6e, 0x22,
    0x38, 0x5f, 0xfe, 0xa0, 0x17, 0x9, 0xcc, 0xf1,
    0x98, 0x70, 0xcf, 0x5c, 0x80, 0x29, 0x69, 0x52,
    0x9f, 0xc0, 0x9, 0x83, 0x56, 0xd6, 0xa0,

    /* U+0116 "Ė" */
    0x0, 0x45, 0x80, 0x76, 0xe8, 0x3, 0x95, 0x80,
    0x2c, 0xff, 0xe3, 0x3, 0xcc, 0xc6, 0xe, 0x67,
    0x80, 0x3f, 0xf8, 0x89, 0xff, 0x60, 0x0, 0xf3,
    0x2e, 0x0, 0x39, 0x9c, 0x40, 0x1f, 0xce, 0x67,
    0x80, 0x7, 0x99, 0x8c,

    /* U+0117 "ė" */
    0x0, 0xd5, 0x20, 0x1f, 0xb3, 0x0, 0x1e, 0x4b,
    0x9a, 0xb3, 0x0, 0x96, 0xc2, 0xac, 0x71, 0x0,
    0x16, 0x96, 0xa9, 0x49, 0x20, 0x63, 0xe0, 0x1b,
    0x88, 0x8e, 0x17, 0xff, 0xa8, 0x5, 0xc2, 0x73,
    0x3c, 0x66, 0x1c, 0x33, 0xd7, 0x20, 0xa, 0x5a,
    0x54, 0xa7, 0xf0, 0x2, 0x60, 0xd5, 0xb5, 0xa8,
    0x0,

    /* U+0118 "Ę" */
    0xcf, 0xfe, 0x30, 0x3c, 0xcc, 0x60, 0xe6, 0x78,
    0x3, 0xff, 0x88, 0x9f, 0xf6, 0x0, 0xf, 0x32,
    0xe0, 0x3, 0x99, 0xc4, 0x1, 0xfc, 0xe6, 0x78,
    0x0, 0x79, 0x98, 0xf3, 0xfd, 0x45, 0x46, 0x1,
    0x4a, 0xa8, 0x3, 0x4b, 0x72, 0x0,

    /* U+0119 "ę" */
    0x0, 0x1d, 0xff, 0xac, 0xc0, 0x24, 0xc0, 0xab,
    0x1c, 0x40, 0x5, 0x25, 0xaa, 0x52, 0x48, 0x18,
    0xf8, 0x6, 0xe2, 0x23, 0x85, 0xff, 0xea, 0x1,
    0x70, 0x9c, 0xcf, 0x19, 0x87, 0xcc, 0xf2, 0x48,
    0x2, 0xda, 0x4c, 0xa2, 0x18, 0x0, 0x5a, 0x4c,
    0xd5, 0xa6, 0x0, 0x97, 0x6, 0x75, 0x40, 0x39,
    0x45, 0xc4, 0x3, 0xc8, 0xbd, 0x40, 0x10,

    /* U+011A "Ě" */
    0x0, 0xf8, 0xb0, 0xca, 0xd0, 0xa, 0x77, 0x35,
    0x0, 0xb, 0xde, 0xc0, 0xc, 0xff, 0x77, 0xf8,
    0xc0, 0xf3, 0x31, 0x83, 0x99, 0xe0, 0xf, 0xfe,
    0x22, 0x7f, 0xd8, 0x0, 0x3c, 0xcb, 0x80, 0xe,
    0x67, 0x10, 0x7, 0xf3, 0x99, 0xe0, 0x1, 0xe6,
    0x63,

    /* U+011B "ě" */
    0x0, 0xff, 0xe0, 0x1d, 0x9, 0x59, 0x80, 0x63,
    0xdf, 0xcd, 0x30, 0xe, 0x7f, 0xf3, 0x0, 0x72,
    0x5f, 0x72, 0xcc, 0x2, 0x5b, 0xa, 0xb1, 0xc4,
    0x0, 0x5a, 0x5a, 0xa5, 0x24, 0x81, 0x8f, 0x80,
    0x6e, 0x22, 0x38, 0x5f, 0xfe, 0xa0, 0x17, 0x9,
    0xcc, 0xf1, 0x98, 0x70, 0xcf, 0x5c, 0x80, 0x29,
    0x69, 0x52, 0x9f, 0xc0, 0x9, 0x83, 0x56, 0xd6,
    0xa0,

    /* U+011E "Ğ" */
    0x0, 0xce, 0x0, 0x24, 0x0, 0xfa, 0x8c, 0x2c,
    0x80, 0x3e, 0x8c, 0xf5, 0x60, 0xf, 0x97, 0xfb,
    0x0, 0x3e, 0x4b, 0xee, 0x6c, 0x8, 0x6, 0x8b,
    0x8, 0xa5, 0x6f, 0x30, 0x3, 0x3c, 0xdb, 0x2c,
    0x79, 0xe8, 0x84, 0x2b, 0x0, 0x61, 0xcd, 0x3,
    0x1e, 0x0, 0xf0, 0x98, 0xb8, 0x38, 0x0, 0xff,
    0xfb, 0x1c, 0x1c, 0x0, 0x79, 0x98, 0x58, 0xc7,
    0x80, 0x23, 0x38, 0x7, 0x2, 0x15, 0x40, 0x18,
    0x78, 0x98, 0x19, 0x95, 0x6c, 0xb1, 0xe7, 0xe0,
    0x14, 0xd8, 0x45, 0x2b, 0x79, 0x0,

    /* U+011F "ğ" */
    0x0, 0xb0, 0xc1, 0xa8, 0x3, 0xa7, 0x3e, 0x24,
    0x3, 0x97, 0xfb, 0x86, 0x1, 0x92, 0xff, 0xd4,
    0x5d, 0x20, 0x96, 0x39, 0x82, 0xc1, 0x0, 0x52,
    0x51, 0x94, 0x40, 0x0, 0x63, 0xe0, 0x19, 0x80,
    0xe, 0xe, 0x1, 0xc2, 0xe, 0xc, 0x1, 0x84,
    0x40, 0x63, 0x20, 0x1a, 0x40, 0x2a, 0x3c, 0x65,
    0xa5, 0x10, 0x2, 0x60, 0x4d, 0x86, 0x0, 0x63,
    0xcf, 0xea, 0x11, 0x82, 0xb0, 0x3, 0x28, 0x60,
    0x49, 0xe3, 0x24, 0x52, 0x20, 0xf, 0x1a, 0x2d,
    0x62, 0xc0,

    /* U+0120 "Ġ" */
    0x0, 0xe6, 0xd0, 0xf, 0xf2, 0xa8, 0x3, 0xfc,
    0x70, 0x1, 0xf9, 0x2f, 0xbf, 0x60, 0x40, 0x34,
    0x58, 0x45, 0x2b, 0x79, 0x80, 0x19, 0xe6, 0xd9,
    0x63, 0xcf, 0x44, 0x21, 0x58, 0x3, 0xe, 0x68,
    0x18, 0xf0, 0x7, 0x84, 0xc5, 0xc1, 0xc0, 0x7,
    0xff, 0xd8, 0xe0, 0xe0, 0x3, 0xcc, 0xc2, 0xc6,
    0x3c, 0x1, 0x19, 0xc0, 0x38, 0x10, 0xaa, 0x0,
    0xc3, 0xc4, 0xc0, 0xcc, 0xab, 0x65, 0x8f, 0x3f,
    0x0, 0xa6, 0xc2, 0x29, 0x5b, 0xc8, 0x0,

    /* U+0121 "ġ" */
    0x0, 0xc7, 0xc2, 0x1, 0xf0, 0xb8, 0x80, 0x72,
    0x5e, 0xbd, 0x17, 0x48, 0x25, 0x8e, 0x60, 0xb0,
    0x40, 0x14, 0x94, 0x65, 0x10, 0x0, 0x18, 0xf8,
    0x6, 0x60, 0x3, 0x83, 0x80, 0x70, 0x83, 0x83,
    0x0, 0x61, 0x10, 0x18, 0xc8, 0x6, 0x90, 0xa,
    0x8f, 0x19, 0x69, 0x44, 0x0, 0x98, 0x13, 0x61,
    0x80, 0x18, 0xf3, 0xfa, 0x84, 0x60, 0xac, 0x0,
    0xca, 0x18, 0x12, 0x78, 0xc9, 0x14, 0x88, 0x3,
    0xc6, 0x8b, 0x58, 0xb0,

    /* U+0122 "Ģ" */
    0x0, 0x92, 0xfb, 0xf6, 0x4, 0x3, 0x45, 0x84,
    0x52, 0xb7, 0x98, 0x1, 0x9e, 0x6d, 0x96, 0x3c,
    0xf4, 0x42, 0x15, 0x80, 0x30, 0xe6, 0x81, 0x8f,
    0x0, 0x78, 0x4c, 0x5c, 0x1c, 0x0, 0x7f, 0xfd,
    0x8e, 0xe, 0x0, 0x3c, 0xcc, 0x2c, 0x63, 0xc0,
    0x11, 0x9c, 0x3, 0x81, 0xa, 0xa0, 0xc, 0x3c,
    0x4c, 0xc, 0xca, 0xb6, 0x58, 0xf3, 0xf0, 0xa,
    0x6c, 0x22, 0x95, 0xbc, 0x80, 0x32, 0x5f, 0x7e,
    0xc0, 0x80, 0x7d, 0x1e, 0x1, 0xfe, 0xa2, 0x10,
    0xf, 0xe4, 0x40, 0x80, 0x60,

    /* U+0123 "ģ" */
    0x0, 0xc3, 0x62, 0x1, 0xf3, 0x68, 0x80, 0x7e,
    0x91, 0x0, 0xf9, 0x64, 0x40, 0x39, 0x2f, 0x62,
    0x8b, 0xa4, 0x12, 0xc7, 0x30, 0x58, 0x20, 0xa,
    0x4a, 0x32, 0x88, 0x0, 0xc, 0x7c, 0x3, 0x30,
    0x1, 0xc1, 0xc0, 0x38, 0x41, 0xc1, 0x80, 0x30,
    0x88, 0xc, 0x64, 0x3, 0x48, 0x5, 0x47, 0x8c,
    0xb4, 0xa2, 0x0, 0x4c, 0x9, 0xb0, 0xc0, 0xc,
    0x79, 0xfd, 0x42, 0x30, 0x56, 0x0, 0x65, 0xc,
    0x9, 0x3c, 0x64, 0x8a, 0x44, 0x1, 0xe3, 0x45,
    0xac, 0x58, 0x0,

    /* U+0128 "Ĩ" */
    0xb, 0xd4, 0x77, 0x20, 0xfc, 0x53, 0x25, 0x16,
    0x68, 0x80, 0x32, 0xc0, 0x3f, 0xfe, 0x40,

    /* U+0129 "ĩ" */
    0x2c, 0xff, 0x6a, 0x16, 0x7f, 0xb5, 0x0, 0x19,
    0x60, 0x1f, 0xfe, 0x60,

    /* U+012A "Ī" */
    0xdf, 0xfd, 0x79, 0xbb, 0xa8, 0x48, 0xb0, 0x80,
    0x32, 0xc0, 0x3f, 0xfe, 0x40,

    /* U+012B "ī" */
    0xdf, 0xfd, 0x98, 0xee, 0xda, 0x22, 0xda, 0x11,
    0x0, 0x7f, 0xf9, 0x0,

    /* U+012C "Ĭ" */
    0x24, 0x0, 0x28, 0x8a, 0x44, 0x50, 0x6, 0x9d,
    0xc5, 0x10, 0x9e, 0xe4, 0x0, 0x5b, 0x40, 0x1f,
    0xff, 0x20,

    /* U+012D "ĭ" */
    0x4b, 0x1, 0xc2, 0x40, 0xfe, 0x62, 0xb, 0xee,
    0x50, 0x5, 0xb4, 0x1, 0xff, 0xe6,

    /* U+012E "Į" */
    0x0, 0x65, 0x80, 0x7f, 0xf7, 0x4c, 0x8c, 0x72,
    0xa1, 0x41, 0x45, 0x11, 0xd4,

    /* U+012F "į" */
    0x0, 0x65, 0x80, 0x7b, 0x2c, 0x1, 0x96, 0x1,
    0xff, 0xd1, 0x22, 0x87, 0x2e, 0x54, 0x50, 0x51,
    0x1d, 0x40,

    /* U+0130 "İ" */
    0xa9, 0xcc, 0x32, 0xe5, 0x80, 0x7f, 0xf2, 0x0,

    /* U+0131 "ı" */
    0xcb, 0x0, 0xff, 0xe2, 0x0,

    /* U+0136 "Ķ" */
    0xcb, 0x0, 0x8f, 0xe8, 0x3, 0x8b, 0x52, 0x80,
    0x30, 0xf9, 0x58, 0x7, 0x68, 0x68, 0x7, 0x59,
    0x60, 0x80, 0x64, 0x45, 0x8, 0x7, 0x21, 0xd0,
    0x80, 0x7b, 0x4f, 0x4, 0x3, 0x87, 0xf, 0x40,
    0x3c, 0x38, 0x58, 0x1, 0xe2, 0xd3, 0xb0, 0xcb,
    0x0, 0x8f, 0xec, 0x3, 0x7c, 0x0, 0x7d, 0x2,
    0x1, 0xf5, 0xd0, 0x6,

    /* U+0137 "ķ" */
    0xcb, 0x0, 0xff, 0xe7, 0x2f, 0xd0, 0x6, 0x3a,
    0x4a, 0x0, 0x8b, 0x4e, 0xc0, 0x37, 0x9e, 0x0,
    0x64, 0x2e, 0x0, 0xe3, 0x2e, 0x10, 0xc, 0xfe,
    0x7a, 0x1, 0xc5, 0xa7, 0x60, 0x1c, 0x74, 0x94,
    0x19, 0x60, 0x5, 0xfa, 0x0, 0xa7, 0x80, 0x3d,
    0x66, 0x1, 0xe5, 0x50, 0x6,

    /* U+0139 "Ĺ" */
    0x0, 0x98, 0x2, 0x3c, 0xb0, 0x2, 0xed, 0x68,
    0x1, 0x39, 0x80, 0x2d, 0xb0, 0xf, 0xff, 0x4b,
    0x99, 0xc2, 0x7, 0x99, 0x40,

    /* U+013A "ĺ" */
    0x0, 0x1a, 0x8c, 0xe0, 0x60, 0x72, 0xe4, 0x88,
    0xe, 0x58, 0x7, 0xff, 0x84,

    /* U+013B "Ļ" */
    0xcb, 0x0, 0xff, 0xf4, 0xb9, 0x9c, 0x20, 0x79,
    0x94, 0x67, 0xfe, 0x90, 0x6, 0xd0, 0x6, 0x81,
    0x0, 0xdf, 0xc0, 0x0,

    /* U+013C "ļ" */
    0xcb, 0x0, 0xff, 0xe5, 0x65, 0xe5, 0xc3, 0xed,
    0x0,

    /* U+013D "Ľ" */
    0xcb, 0x8, 0xf0, 0xd, 0x62, 0x20, 0x9, 0xa0,
    0x40, 0x25, 0x60, 0xf, 0xfe, 0xa3, 0x99, 0xc2,
    0x7, 0x99, 0x40,

    /* U+013E "ľ" */
    0xcb, 0x2f, 0x60, 0x1, 0x30, 0x80, 0x5c, 0x40,
    0x1, 0xf5, 0x0, 0xc, 0x0, 0x7f, 0xf6, 0x0,

    /* U+013F "Ŀ" */
    0xcb, 0x0, 0xff, 0xe6, 0x97, 0x18, 0x4, 0x6e,
    0x40, 0x10, 0xc8, 0x80, 0x7f, 0xf0, 0x5c, 0xce,
    0x10, 0x3c, 0xca, 0x0,

    /* U+0140 "ŀ" */
    0xcb, 0x0, 0xff, 0xe6, 0x94, 0x80, 0x4e, 0xe0,
    0x9, 0x78, 0x3, 0xff, 0x92,

    /* U+0141 "Ł" */
    0x8, 0xe0, 0xf, 0xfe, 0x78, 0xdd, 0x0, 0x21,
    0xc3, 0x6c, 0x1, 0xaa, 0x2c, 0x20, 0x5, 0x20,
    0xf, 0xfe, 0x19, 0x14, 0x20, 0x1, 0xdd, 0xc0,

    /* U+0142 "ł" */
    0xb, 0xb0, 0x7, 0xff, 0xd, 0xd9, 0x18, 0xff,
    0xc6, 0x93, 0x6a, 0x1, 0xff, 0xc6,

    /* U+0143 "Ń" */
    0x0, 0xe4, 0x10, 0xe, 0x2b, 0xa0, 0xe, 0x2c,
    0xc7, 0x8, 0x6, 0x3f, 0x70, 0xd, 0x9c, 0x2,
    0x1, 0x3f, 0x80, 0xd0, 0x7, 0xc4, 0x8a, 0x1,
    0xe6, 0x8b, 0x10, 0xf, 0x39, 0x50, 0x7, 0xdc,
    0x8c, 0x1, 0xe2, 0x89, 0x10, 0xf, 0x39, 0xd0,
    0x7, 0xdc, 0x94, 0x1, 0xe2, 0x82, 0x0, 0xf9,
    0xcc, 0x0,

    /* U+0144 "ń" */
    0x0, 0xc2, 0xc0, 0x1e, 0x7e, 0x10, 0xe, 0xac,
    0xd7, 0x0, 0xeb, 0xb1, 0x0, 0x6c, 0xb6, 0xdf,
    0xd6, 0x0, 0x92, 0xfb, 0x56, 0x58, 0x2, 0xd3,
    0x28, 0x58, 0x0, 0x18, 0x80, 0x58, 0x20, 0x7,
    0x0, 0xc6, 0x2, 0x1, 0xff, 0xd8,

    /* U+0145 "Ņ" */
    0xce, 0x10, 0xc, 0xfe, 0x3, 0x40, 0x1f, 0x12,
    0x28, 0x7, 0x9a, 0x2c, 0x40, 0x3c, 0xe5, 0x40,
    0x1f, 0x72, 0x30, 0x7, 0x8a, 0x24, 0x40, 0x3c,
    0xe7, 0x40, 0x1f, 0x72, 0x50, 0x7, 0x8a, 0x8,
    0x3, 0xe7, 0x30, 0xcb, 0x0, 0x8, 0x3, 0x3c,
    0x2, 0x2e, 0x60, 0xf, 0x13, 0x8, 0x7, 0x85,
    0x54, 0x1, 0x0,

    /* U+0146 "ņ" */
    0xcb, 0x7d, 0xfd, 0x60, 0x9, 0x2f, 0xb5, 0x65,
    0x80, 0x2d, 0x32, 0x85, 0x80, 0x1, 0x88, 0x5,
    0x82, 0x0, 0x70, 0xc, 0x60, 0x20, 0x1f, 0xfd,
    0x8c, 0xb0, 0xc, 0xbe, 0x20, 0x14, 0xf0, 0x7,
    0xd6, 0x1, 0xf9, 0x58, 0x3, 0x0,

    /* U+0147 "Ň" */
    0x0, 0xff, 0xa6, 0x1, 0x70, 0x3, 0x40, 0xfc,
    0xf0, 0x6, 0x19, 0xdc, 0x20, 0x6, 0x70, 0x81,
    0x0, 0x1f, 0xc0, 0x68, 0x3, 0xe2, 0x45, 0x0,
    0xf3, 0x45, 0x88, 0x7, 0x9c, 0xa8, 0x3, 0xee,
    0x46, 0x0, 0xf1, 0x44, 0x88, 0x7, 0x9c, 0xe8,
    0x3, 0xee, 0x4a, 0x0, 0xf1, 0x41, 0x0, 0x7c,
    0xe6, 0x0,

    /* U+0148 "ň" */
    0x0, 0xff, 0xf, 0x21, 0x5a, 0x80, 0x43, 0xb1,
    0x9a, 0xa0, 0x18, 0xf3, 0x98, 0x2, 0xcb, 0x7d,
    0xfd, 0x60, 0x9, 0x2f, 0xb5, 0x65, 0x80, 0x2d,
    0x32, 0x85, 0x80, 0x1, 0x88, 0x5, 0x82, 0x0,
    0x70, 0xc, 0x60, 0x20, 0x1f, 0xfd, 0x80,

    /* U+014C "Ō" */
    0x0, 0x9f, 0xff, 0x88, 0x3, 0x9b, 0x77, 0x88,
    0x3, 0x84, 0x8b, 0x80, 0x3c, 0x97, 0xdf, 0xb0,
    0x20, 0x1a, 0x2c, 0x22, 0xa8, 0xbe, 0x60, 0x6,
    0x7a, 0xb6, 0x57, 0xd5, 0xd1, 0x8, 0x55, 0x0,
    0x75, 0xb, 0x18, 0xf0, 0x7, 0x85, 0x2d, 0xc1,
    0xc0, 0x3e, 0x21, 0x70, 0x70, 0xf, 0x88, 0x4c,
    0x74, 0x3, 0xc2, 0x88, 0x8, 0x65, 0x0, 0xea,
    0x19, 0x6, 0x65, 0x51, 0x95, 0xf5, 0x74, 0x40,
    0x13, 0x63, 0x15, 0x45, 0xf3, 0x0,

    /* U+014D "ō" */
    0x0, 0x5f, 0xff, 0x0, 0x6a, 0xee, 0xe0, 0xc,
    0x55, 0xfd, 0xa8, 0x1, 0x26, 0x5, 0xd3, 0x53,
    0x80, 0x25, 0x2d, 0x55, 0x4f, 0x4, 0x65, 0xe0,
    0x1a, 0x41, 0x1c, 0x1c, 0x3, 0x8, 0x73, 0x83,
    0x80, 0x61, 0xe, 0x31, 0xf0, 0xd, 0x20, 0xe1,
    0x49, 0x6a, 0xaa, 0x78, 0x10, 0x4c, 0xa, 0xa3,
    0x5b, 0x80,

    /* U+014E "Ŏ" */
    0x0, 0xce, 0x0, 0x24, 0x0, 0xfa, 0x8c, 0x2c,
    0xc0, 0x3e, 0x9c, 0xf4, 0x60, 0xf, 0x93, 0xfb,
    0x44, 0x3, 0xc9, 0x7d, 0xcd, 0x81, 0x0, 0xd1,
    0x61, 0x15, 0x45, 0xf3, 0x0, 0x33, 0xd5, 0xb2,
    0xbe, 0xae, 0x88, 0x42, 0xa8, 0x3, 0xa8, 0x58,
    0xc7, 0x80, 0x3c, 0x29, 0x6e, 0xe, 0x1, 0xf1,
    0xb, 0x83, 0x80, 0x7c, 0x42, 0x63, 0xa0, 0x1e,
    0x14, 0x40, 0x43, 0x28, 0x7, 0x50, 0xc8, 0x33,
    0x2a, 0x8c, 0xaf, 0xab, 0xa2, 0x0, 0x9b, 0x18,
    0xaa, 0x2f, 0x98, 0x0,

    /* U+014F "ŏ" */
    0x0, 0xe, 0x88, 0x52, 0x80, 0x61, 0x4e, 0xf6,
    0x50, 0xe, 0x9e, 0xe6, 0x0, 0x71, 0xdf, 0xf6,
    0x28, 0x4, 0x98, 0x17, 0x4d, 0x4e, 0x0, 0x94,
    0xb5, 0x55, 0x3c, 0x11, 0x97, 0x80, 0x69, 0x4,
    0x70, 0x70, 0xc, 0x21, 0xce, 0xe, 0x1, 0x84,
    0x38, 0xc7, 0xc0, 0x34, 0x83, 0x85, 0x25, 0xaa,
    0xa9, 0xe0, 0x41, 0x30, 0x2a, 0x8d, 0x6e, 0x0,

    /* U+0150 "Ő" */
    0x0, 0xe4, 0x50, 0x71, 0x0, 0xfa, 0x45, 0xb0,
    0x40, 0x3c, 0x8c, 0x97, 0x20, 0x1f, 0x25, 0x86,
    0x90, 0x7, 0x92, 0xfb, 0xf6, 0x4, 0x3, 0x45,
    0x84, 0x55, 0x17, 0xcc, 0x0, 0xcf, 0x56, 0xca,
    0xfa, 0xba, 0x21, 0xa, 0xa0, 0xe, 0xa1, 0x63,
    0x1e, 0x0, 0xf0, 0xa5, 0xb8, 0x38, 0x7, 0xc4,
    0x2e, 0xe, 0x1, 0xf1, 0x9, 0x8e, 0x80, 0x78,
    0x51, 0x1, 0xc, 0xa0, 0x1d, 0x43, 0x20, 0xcc,
    0xaa, 0x32, 0xbe, 0xae, 0x88, 0x2, 0x6c, 0x62,
    0xa8, 0xbe, 0x60,

    /* U+0151 "ő" */
    0x0, 0xda, 0xad, 0x80, 0x1c, 0xac, 0xb7, 0xc0,
    0x1c, 0xf4, 0x3e, 0x40, 0x18, 0xe7, 0xfb, 0x8a,
    0x1, 0x26, 0x5, 0xd3, 0x53, 0x80, 0x25, 0x2d,
    0x55, 0x4f, 0x4, 0x65, 0xe0, 0x1a, 0x41, 0x1c,
    0x1c, 0x3, 0x8, 0x73, 0x83, 0x80, 0x61, 0xe,
    0x31, 0xf0, 0xd, 0x20, 0xe1, 0x49, 0x6a, 0xaa,
    0x78, 0x10, 0x4c, 0xa, 0xa3, 0x5b, 0x80,

    /* U+0152 "Œ" */
    0x0, 0x92, 0xfb, 0xf1, 0x82, 0x7f, 0xf9, 0x80,
    0x13, 0x61, 0x15, 0x77, 0x0, 0xdd, 0xe7, 0x6,
    0x65, 0x5b, 0x2b, 0xe8, 0x31, 0xa2, 0x61, 0x8,
    0x55, 0x0, 0x75, 0x0, 0x7c, 0x63, 0xc0, 0x1e,
    0x14, 0x0, 0xf3, 0x83, 0x80, 0x7c, 0x44, 0xff,
    0xb8, 0x1c, 0x1c, 0x3, 0xe2, 0x1d, 0xdb, 0x0,
    0xc7, 0x40, 0x3c, 0x28, 0x64, 0x58, 0x1, 0xc,
    0x80, 0x1d, 0x60, 0x1f, 0x99, 0x97, 0x28, 0x6b,
    0x8c, 0xa6, 0x45, 0x84, 0x1, 0x36, 0x55, 0x91,
    0x78, 0x63, 0xbb, 0x9c,

    /* U+0153 "œ" */
    0x0, 0x1d, 0xf7, 0xd9, 0x80, 0x23, 0xbf, 0x5c,
    0x2, 0x4c, 0xb, 0xb0, 0xe2, 0x63, 0x45, 0xac,
    0x50, 0x2, 0x52, 0xd5, 0x29, 0xec, 0xfd, 0x92,
    0x29, 0x4c, 0xc5, 0xe0, 0x1a, 0x41, 0x44, 0x2,
    0x50, 0xb7, 0x7, 0x0, 0xc2, 0xb, 0xdd, 0xc0,
    0x2e, 0xe, 0x1, 0x84, 0x17, 0xff, 0xba, 0x4c,
    0x7c, 0x3, 0x48, 0x20, 0x8, 0xc9, 0xa4, 0x14,
    0x96, 0xa9, 0x4f, 0x45, 0x8c, 0x8f, 0x4c, 0x40,
    0x98, 0x15, 0x63, 0x8b, 0x89, 0x17, 0x51, 0x40,

    /* U+0154 "Ŕ" */
    0x0, 0xc4, 0x80, 0x1d, 0x1a, 0x20, 0x1b, 0xb,
    0x54, 0x3, 0x75, 0x10, 0x5, 0x9f, 0xbf, 0xeb,
    0x40, 0x1, 0xe6, 0x2c, 0x2c, 0xc1, 0xcc, 0xc9,
    0x63, 0x40, 0x1f, 0x18, 0x6, 0x18, 0x1e, 0x4,
    0xff, 0x73, 0x4a, 0x2, 0x6c, 0x85, 0x30, 0x4,
    0x4c, 0x72, 0x1, 0xe8, 0x26, 0x0, 0xe4, 0x44,
    0x8, 0x7, 0x48, 0xc8,

    /* U+0155 "ŕ" */
    0x0, 0x8c, 0x80, 0x67, 0x0, 0x7c, 0x38, 0x83,
    0x24, 0x43, 0x65, 0x76, 0x1, 0x6d, 0x30, 0x7,
    0x25, 0x0, 0xc8, 0x2, 0x70, 0xf, 0xfe, 0x58,

    /* U+0156 "Ŗ" */
    0xcf, 0xfd, 0x68, 0x0, 0x3c, 0xc5, 0x85, 0x98,
    0x39, 0x99, 0x2c, 0x68, 0x3, 0xe3, 0x0, 0xc3,
    0x3, 0xc0, 0x9f, 0xee, 0x69, 0x40, 0x4d, 0x90,
    0xa6, 0x0, 0x89, 0x8e, 0x40, 0x3d, 0x4, 0xc0,
    0x1c, 0x88, 0x81, 0x0, 0xe9, 0x19, 0xcb, 0x0,
    0x8b, 0xe0, 0x2, 0xe9, 0x0, 0xf4, 0x18, 0x7,
    0xb7, 0x80, 0x20,

    /* U+0157 "ŗ" */
    0xcb, 0x5d, 0x80, 0x5b, 0x4c, 0x1, 0xc9, 0x40,
    0x32, 0x0, 0x9c, 0x3, 0xff, 0x97, 0x96, 0x1,
    0x65, 0x80, 0x50, 0xe0, 0x17, 0x48, 0x4,

    /* U+0158 "Ř" */
    0x0, 0xfe, 0x3b, 0x23, 0xc2, 0x0, 0x1e, 0xe6,
    0xc9, 0x0, 0x4d, 0xfc, 0xa0, 0xc, 0xff, 0x77,
    0xda, 0x0, 0xf, 0x31, 0x61, 0x66, 0xe, 0x66,
    0x4b, 0x1a, 0x0, 0xf8, 0xc0, 0x30, 0xc0, 0xf0,
    0x27, 0xfb, 0x9a, 0x50, 0x13, 0x64, 0x29, 0x80,
    0x22, 0x63, 0x90, 0xf, 0x41, 0x30, 0x7, 0x22,
    0x20, 0x40, 0x3a, 0x46, 0x40,

    /* U+0159 "ř" */
    0x0, 0xe7, 0x70, 0x26, 0x36, 0xf4, 0xc0, 0xd6,
    0xe9, 0x32, 0xdb, 0x60, 0x16, 0xd3, 0x0, 0x72,
    0x50, 0xc, 0x80, 0x27, 0x0, 0xff, 0xe5, 0x80,

    /* U+015A "Ś" */
    0x0, 0xe3, 0x20, 0xe, 0x1a, 0xd0, 0xe, 0x2f,
    0x2f, 0x20, 0xc, 0x7f, 0x2, 0x1, 0xcd, 0x9f,
    0xd2, 0x20, 0x9, 0x8a, 0xb9, 0x6c, 0x0, 0x33,
    0x1d, 0x1e, 0x80, 0xc0, 0x3c, 0xba, 0x60, 0xed,
    0x26, 0x1, 0xd1, 0x45, 0x9d, 0x24, 0x1, 0x2d,
    0xfd, 0x26, 0x8, 0x7, 0x26, 0xb, 0x87, 0xd0,
    0x7, 0xcc, 0xb0, 0x8b, 0x82, 0xe1, 0x30, 0xb7,
    0x67, 0xc1,

    /* U+015B "ś" */
    0x0, 0xc2, 0xc0, 0x1c, 0xdf, 0xc0, 0x1a, 0xb7,
    0x50, 0x1, 0xae, 0xc6, 0x1, 0x86, 0xfb, 0xf0,
    0xc0, 0x1a, 0xf7, 0x67, 0xc1, 0x3, 0xa5, 0x4a,
    0x35, 0x3, 0x96, 0x1, 0xc4, 0xc, 0x68, 0xfb,
    0x40, 0xa, 0x3b, 0xa, 0xcc, 0xad, 0x0, 0xe4,
    0x10, 0x9a, 0x99, 0x24, 0xc, 0x31, 0xe2, 0xd2,
    0x90,

    /* U+015E "Ş" */
    0x0, 0x3e, 0xff, 0x48, 0x80, 0x22, 0xb, 0x72,
    0xda, 0x0, 0x76, 0x84, 0x7a, 0x13, 0x0, 0xf2,
    0xe9, 0x83, 0x32, 0x48, 0x3, 0xa6, 0x13, 0x7a,
    0x4, 0x2, 0x7d, 0xd4, 0xb7, 0x88, 0x6, 0x27,
    0xc1, 0x70, 0xc7, 0x0, 0x8c, 0x2, 0x68, 0x50,
    0x2b, 0x7, 0xa, 0x6a, 0xfd, 0x7c, 0x10, 0x4,
    0xf9, 0xd6, 0x98, 0x7, 0x35, 0xd0, 0x7, 0xab,
    0xd5, 0x0, 0x33, 0xff, 0x22, 0x0,

    /* U+015F "ş" */
    0x1, 0xae, 0xfb, 0x30, 0x6, 0xbd, 0xd9, 0xf4,
    0x40, 0xe9, 0x53, 0x49, 0x40, 0xa9, 0x0, 0x71,
    0x3, 0xda, 0xfe, 0x88, 0x0, 0x57, 0xd4, 0xda,
    0x43, 0x4, 0x2b, 0x80, 0xa2, 0xdc, 0x40, 0xc0,
    0x41, 0xa3, 0xbf, 0x2c, 0xa0, 0x7b, 0x47, 0xd2,
    0x1, 0x98, 0xf1, 0x0, 0x31, 0xfa, 0x78, 0x6,
    0xff, 0x3f, 0x80,

    /* U+0160 "Š" */
    0x0, 0xff, 0xa1, 0xc1, 0x2c, 0x3, 0x4e, 0xf4,
    0x40, 0x3, 0xd, 0x66, 0xc, 0x3, 0x3e, 0xeb,
    0xa4, 0x40, 0x13, 0x15, 0x72, 0xd8, 0x0, 0x66,
    0x3a, 0x3d, 0x1, 0x80, 0x79, 0x74, 0xc1, 0xda,
    0x4c, 0x3, 0xa2, 0x8b, 0x3a, 0x48, 0x2, 0x5b,
    0xfa, 0x4c, 0x10, 0xe, 0x4c, 0x17, 0xf, 0xa0,
    0xf, 0x99, 0x61, 0x17, 0x5, 0xc2, 0x61, 0x6e,
    0xcf, 0x82,

    /* U+0161 "š" */
    0x0, 0xff, 0x6a, 0xd, 0xb0, 0x5, 0xd3, 0xf8,
    0xc0, 0x11, 0xef, 0xb8, 0x4, 0x35, 0xdc, 0xc3,
    0x0, 0x6b, 0xdd, 0x9f, 0x4, 0xe, 0x95, 0x28,
    0xd4, 0xe, 0x58, 0x7, 0x10, 0x31, 0xa3, 0xed,
    0x0, 0x28, 0xec, 0x2b, 0x32, 0xb4, 0x3, 0x90,
    0x42, 0x6a, 0x64, 0x90, 0x30, 0xc7, 0x8b, 0x4a,
    0x40,

    /* U+0162 "Ţ" */
    0x7f, 0xff, 0x85, 0xb3, 0xe, 0x19, 0x90, 0x88,
    0xcd, 0xc0, 0x46, 0x60, 0xf, 0xff, 0xf8, 0x21,
    0x8, 0x7, 0xc5, 0xaa, 0x1, 0xc5, 0xf5, 0x0,
    0x1d, 0xbf, 0x36, 0x0,

    /* U+0163 "ţ" */
    0x7, 0xf0, 0xf, 0xe9, 0x80, 0xff, 0x25, 0xb0,
    0x66, 0x14, 0xb8, 0xc, 0xc2, 0x1, 0xff, 0xcd,
    0x30, 0x74, 0x10, 0x44, 0x45, 0xa8, 0x3, 0x97,
    0xd0, 0x2, 0x5c, 0x30, 0x2, 0xfb, 0x48, 0xf,
    0xf9, 0xe4,

    /* U+0164 "Ť" */
    0x0, 0xff, 0xb1, 0x42, 0x60, 0x3, 0x74, 0xf8,
    0x40, 0x6, 0x2c, 0xe9, 0x0, 0x9f, 0xfe, 0xef,
    0xf8, 0x5b, 0x30, 0xe1, 0x99, 0x8, 0x8c, 0xdc,
    0x4, 0x66, 0x0, 0xff, 0xfe, 0x80,

    /* U+0165 "ť" */
    0x0, 0xc2, 0x1, 0xd9, 0x80, 0x7f, 0xc, 0x0,
    0xe8, 0x99, 0x40, 0x7b, 0xd, 0xb0, 0x66, 0x14,
    0xb8, 0xc, 0xc2, 0x1, 0xff, 0xcd, 0x30, 0x74,
    0x10, 0x46, 0x9b, 0x50,

    /* U+0168 "Ũ" */
    0x0, 0x2f, 0x48, 0xe8, 0x6, 0x9f, 0x1f, 0xb0,
    0xd, 0x83, 0x1c, 0xc0, 0xc, 0xa0, 0xe, 0xd9,
    0x0, 0xff, 0xf5, 0x38, 0x80, 0x71, 0x9, 0xa0,
    0x80, 0x48, 0x19, 0x23, 0xee, 0xb1, 0x68, 0x81,
    0xf7, 0x9a, 0x57, 0xb0,

    /* U+0169 "ũ" */
    0x0, 0x5f, 0xfb, 0x98, 0x3, 0x5f, 0xfb, 0x98,
    0x1, 0xb2, 0x1, 0x9f, 0xc0, 0x3f, 0xfb, 0x46,
    0x1, 0xbc, 0x0, 0xe8, 0x1, 0x90, 0x1, 0x23,
    0x66, 0x6a, 0x30, 0x1, 0xdb, 0xe6, 0x9c, 0x0,
    0x0,

    /* U+016A "Ū" */
    0x6, 0xff, 0xe3, 0x0, 0x36, 0xef, 0x18, 0x4,
    0x45, 0xc0, 0xc, 0xa0, 0xe, 0xd9, 0x0, 0xff,
    0xf5, 0x38, 0x80, 0x71, 0x9, 0xa0, 0x80, 0x48,
    0x19, 0x23, 0xee, 0xb1, 0x68, 0x81, 0xf7, 0x9a,
    0x57, 0xb0,

    /* U+016B "ū" */
    0xb, 0xff, 0xe0, 0xa, 0xbb, 0xb8, 0x1, 0xb0,
    0x23, 0x9b, 0xc0, 0x3f, 0xfb, 0x46, 0x1, 0xbc,
    0x0, 0xe8, 0x1, 0x90, 0x1, 0x23, 0x66, 0x6a,
    0x30, 0x1, 0xdb, 0xe6, 0x9c, 0x0, 0x0,

    /* U+016C "Ŭ" */
    0x0, 0x30, 0x0, 0x54, 0x3, 0x6a, 0x84, 0xe8,
    0x6, 0x8b, 0xf5, 0x90, 0xc, 0x7d, 0xcd, 0x10,
    0x6, 0x50, 0x0, 0x40, 0x1b, 0x20, 0x1f, 0xfe,
    0xa7, 0x10, 0xe, 0x21, 0x34, 0x10, 0x9, 0x3,
    0x24, 0x7d, 0xd6, 0x2d, 0x10, 0x3e, 0xf3, 0x4a,
    0xf6, 0x0,

    /* U+016D "ŭ" */
    0x1, 0xd1, 0xa, 0x50, 0x8, 0x53, 0xbd, 0x94,
    0x3, 0x4f, 0xf6, 0x0, 0x5b, 0x20, 0x1, 0x7,
    0xf0, 0xf, 0xfe, 0xd1, 0x80, 0x6f, 0x0, 0x3a,
    0x0, 0x64, 0x0, 0x48, 0xd9, 0x9a, 0x8c, 0x0,
    0x76, 0xf9, 0xa7, 0x0, 0x0,

    /* U+016E "Ů" */
    0x0, 0xa3, 0x18, 0x3, 0x8c, 0xd9, 0x60, 0x1f,
    0xfc, 0x23, 0x36, 0x58, 0x7, 0xa3, 0x18, 0x2,
    0xca, 0x0, 0xed, 0x90, 0xf, 0xff, 0x53, 0x88,
    0x7, 0x10, 0x9a, 0x8, 0x4, 0x81, 0x92, 0x3e,
    0xeb, 0x16, 0x88, 0x1f, 0x79, 0xa5, 0x7b, 0x0,

    /* U+016F "ů" */
    0x0, 0x15, 0xe2, 0x80, 0x75, 0x6f, 0x48, 0x7,
    0x56, 0xf4, 0x80, 0x71, 0x5e, 0x28, 0x5, 0xb2,
    0x1, 0x9f, 0xc0, 0x3f, 0xfb, 0x46, 0x1, 0xbc,
    0x0, 0xe8, 0x1, 0x90, 0x1, 0x23, 0x66, 0x6a,
    0x30, 0x1, 0xdb, 0xe6, 0x9c, 0x0, 0x0,

    /* U+0170 "Ű" */
    0x0, 0x8d, 0x81, 0xc4, 0x3, 0x78, 0x2d, 0x88,
    0x4, 0x62, 0xd3, 0xe0, 0x18, 0xf4, 0x30, 0xc0,
    0x19, 0x40, 0x1d, 0xb2, 0x1, 0xff, 0xea, 0x71,
    0x0, 0xe2, 0x13, 0x41, 0x0, 0x90, 0x32, 0x47,
    0xdd, 0x62, 0xd1, 0x3, 0xef, 0x34, 0xaf, 0x60,

    /* U+0171 "ű" */
    0x0, 0xb5, 0x5b, 0x0, 0x32, 0xb2, 0xdf, 0x0,
    0x67, 0xa0, 0xf2, 0x0, 0x6c, 0x90, 0x81, 0x3f,
    0x80, 0x7f, 0xf6, 0x8c, 0x3, 0x78, 0x1, 0xd0,
    0x3, 0x20, 0x2, 0x46, 0xcc, 0xd4, 0x60, 0x3,
    0xb7, 0xcd, 0x38, 0x0, 0x0,

    /* U+0172 "Ų" */
    0xca, 0x0, 0xed, 0x90, 0xf, 0xff, 0x89, 0x83,
    0x38, 0x7, 0xf, 0x79, 0x28, 0x5, 0x20, 0xca,
    0xaa, 0xca, 0xd6, 0x91, 0xa, 0xb1, 0x57, 0xc6,
    0x0, 0xc7, 0xb4, 0x60, 0x18, 0xcc, 0x42, 0x1,
    0xcc, 0x3f, 0x20, 0x10,

    /* U+0173 "ų" */
    0xd9, 0x0, 0xcf, 0xe0, 0x1f, 0xfd, 0xa3, 0x0,
    0xde, 0x0, 0x74, 0x0, 0xca, 0x0, 0x91, 0xc5,
    0x55, 0x98, 0x0, 0xec, 0x2a, 0xcd, 0xc0, 0x24,
    0xcf, 0xe1, 0x2d, 0x0, 0xf3, 0x71, 0x0, 0x7a,
    0x2f, 0x84,

    /* U+0174 "Ŵ" */
    0x0, 0xf8, 0x80, 0x3f, 0xf8, 0x23, 0x39, 0xa8,
    0x1, 0xff, 0x30, 0xf7, 0x20, 0x3, 0xfe, 0x78,
    0x3, 0xc0, 0xf, 0x3f, 0x88, 0x4, 0x3f, 0x80,
    0x19, 0xfc, 0x50, 0x14, 0x2, 0x70, 0x31, 0x0,
    0xb0, 0xc4, 0xc7, 0x40, 0x2c, 0x30, 0x40, 0x9,
    0x10, 0x0, 0x44, 0x0, 0x4b, 0x47, 0xe0, 0x3,
    0xb, 0x0, 0x79, 0x8, 0x20, 0x3a, 0x20, 0x1,
    0x62, 0x60, 0x4, 0x4, 0xc, 0x31, 0xb1, 0x20,
    0x44, 0x0, 0x42, 0x78, 0xb, 0x60, 0x62, 0xa0,
    0x7e, 0x1, 0x91, 0xc4, 0x94, 0x0, 0x98, 0x80,
    0xa0, 0x1a, 0xc6, 0x48, 0x80, 0xf, 0x4d, 0x40,
    0xe, 0x31, 0x74, 0x0, 0x90, 0x1b, 0x0, 0x3c,
    0x81, 0xa0, 0x10, 0x98, 0x28, 0x4,

    /* U+0175 "ŵ" */
    0x0, 0xf1, 0x0, 0x7f, 0x86, 0xb6, 0xc8, 0x3,
    0xf4, 0x6f, 0xec, 0x80, 0x7e, 0x97, 0x6, 0xb0,
    0xd, 0x5a, 0x1, 0x27, 0xb8, 0x5, 0x59, 0xe4,
    0x20, 0xc, 0xb, 0x0, 0x92, 0xd0, 0x10, 0x0,
    0xac, 0x62, 0x6, 0x2a, 0x29, 0x80, 0x44, 0x81,
    0x40, 0x42, 0x20, 0x63, 0x82, 0x18, 0xa6, 0x6,
    0x28, 0x1, 0x44, 0xb6, 0xc3, 0xdc, 0x12, 0xc0,
    0x4, 0x45, 0x44, 0x2, 0xb, 0x9, 0x80, 0x4b,
    0x22, 0x60, 0x27, 0x8, 0x1, 0xac, 0x5c, 0x2,
    0xb1, 0xf0, 0x0,

    /* U+0176 "Ŷ" */
    0x0, 0xc2, 0x1, 0xfa, 0x3a, 0xc8, 0x3, 0xa0,
    0xbb, 0x7c, 0x3, 0xa2, 0x85, 0xb4, 0x2, 0x7f,
    0x20, 0xd, 0xb8, 0xe, 0x30, 0x1, 0x29, 0x78,
    0x2, 0xd4, 0x80, 0x12, 0x86, 0x0, 0x52, 0x80,
    0x43, 0x80, 0xd, 0x2a, 0x50, 0xa6, 0x1, 0x90,
    0xfc, 0xe0, 0x3, 0xde, 0x4c, 0x40, 0x1e, 0x30,
    0xf0, 0xf, 0xfe, 0xb0,

    /* U+0177 "ŷ" */
    0x0, 0xc4, 0x1, 0xe1, 0xad, 0xb2, 0x0, 0xd7,
    0xbf, 0x90, 0x1, 0xa9, 0xc1, 0xe8, 0x1, 0x3e,
    0x1, 0xdd, 0x34, 0xc, 0x1, 0x20, 0xd9, 0x9a,
    0x80, 0x2e, 0x32, 0xa, 0x32, 0x1, 0x59, 0x0,
    0x30, 0x50, 0x38, 0xa8, 0x4, 0xcc, 0xa, 0x60,
    0xd, 0x62, 0xe7, 0x40, 0x18, 0x8e, 0x10, 0x80,
    0x3a, 0x83, 0x80, 0x3d, 0xe2, 0xa0, 0x1e, 0x66,
    0x0, 0x79, 0x82, 0x40, 0x3d, 0x48, 0x20, 0x18,

    /* U+0178 "Ÿ" */
    0x0, 0x27, 0xd, 0x48, 0x7, 0x33, 0x8e, 0x60,
    0x3, 0x8a, 0x41, 0x94, 0x2, 0x7f, 0x20, 0xd,
    0xb8, 0xe, 0x30, 0x1, 0x29, 0x78, 0x2, 0xd4,
    0x80, 0x12, 0x86, 0x0, 0x52, 0x80, 0x43, 0x80,
    0xd, 0x2a, 0x50, 0xa6, 0x1, 0x90, 0xfc, 0xe0,
    0x3, 0xde, 0x4c, 0x40, 0x1e, 0x30, 0xf0, 0xf,
    0xfe, 0xb0,

    /* U+0179 "Ź" */
    0x0, 0xe6, 0x0, 0xe4, 0xdd, 0x0, 0x67, 0x99,
    0x58, 0x6, 0x5d, 0x40, 0x8, 0xff, 0x7f, 0xf7,
    0x1d, 0xde, 0xa0, 0x40, 0x44, 0xde, 0x36, 0x1,
    0x91, 0x60, 0x40, 0x34, 0x9b, 0x0, 0x68, 0x2e,
    0x0, 0xc4, 0xee, 0x20, 0xd, 0xc5, 0x0, 0x19,
    0x8f, 0x80, 0x30, 0xc9, 0xba, 0x26, 0x50, 0x3b,
    0xbd, 0x40,

    /* U+017A "ź" */
    0x0, 0xca, 0x40, 0x11, 0x64, 0x18, 0x0, 0xb2,
    0xb4, 0x40, 0x5, 0xcc, 0x1, 0x2f, 0xff, 0x4a,
    0x66, 0x50, 0x1e, 0x26, 0x74, 0xa3, 0x0, 0x52,
    0x32, 0x1, 0x1b, 0x41, 0x0, 0x5c, 0x6e, 0x1,
    0x41, 0x70, 0x4, 0x4e, 0xa2, 0x66, 0x27, 0x5,
    0xcc, 0xa0,

    /* U+017B "Ż" */
    0x0, 0x97, 0x80, 0x3c, 0xee, 0x0, 0xf1, 0x48,
    0x4, 0x7f, 0xfe, 0xe3, 0xbb, 0xd4, 0x8, 0x8,
    0x9b, 0xc6, 0xc0, 0x32, 0x2c, 0x8, 0x6, 0x93,
    0x60, 0xd, 0x5, 0xc0, 0x18, 0x9d, 0xc4, 0x1,
    0xb8, 0xa0, 0x3, 0x31, 0xf0, 0x6, 0x19, 0x37,
    0x44, 0xca, 0x7, 0x77, 0xa8,

    /* U+017C "ż" */
    0x0, 0xf, 0x20, 0x6, 0x17, 0x60, 0x2, 0xff,
    0x9b, 0x7e, 0x53, 0x32, 0x80, 0xf1, 0x33, 0xa5,
    0x18, 0x2, 0x91, 0x90, 0x8, 0xda, 0x8, 0x2,
    0xe3, 0x70, 0xa, 0xb, 0x80, 0x22, 0x75, 0x13,
    0x31, 0x38, 0x2e, 0x65, 0x0,

    /* U+017D "Ž" */
    0x0, 0xff, 0x62, 0x84, 0xc0, 0x5, 0xd3, 0xe1,
    0x0, 0x11, 0x67, 0x48, 0x0, 0xff, 0xee, 0xff,
    0x71, 0xdd, 0xea, 0x4, 0x4, 0x4d, 0xe3, 0x60,
    0x19, 0x16, 0x4, 0x3, 0x49, 0xb0, 0x6, 0x82,
    0xe0, 0xc, 0x4e, 0xe2, 0x0, 0xdc, 0x50, 0x1,
    0x98, 0xf8, 0x3, 0xc, 0x9b, 0xa2, 0x65, 0x3,
    0xbb, 0xd4,

    /* U+017E "ž" */
    0x1, 0x0, 0x84, 0x1, 0x32, 0x16, 0xd0, 0x4,
    0xf, 0x6f, 0x0, 0x51, 0xd6, 0x40, 0xbf, 0xee,
    0xff, 0x4a, 0x66, 0x50, 0x1e, 0x26, 0x74, 0xa3,
    0x0, 0x52, 0x32, 0x1, 0x1b, 0x41, 0x0, 0x5c,
    0x6e, 0x1, 0x41, 0x70, 0x4, 0x4e, 0xa2, 0x66,
    0x27, 0x5, 0xcc, 0xa0,

    /* U+2013 "–" */
    0x0, 0xfe, 0xcf, 0xff, 0xab, 0xb3, 0x3e, 0x80,

    /* U+2014 "—" */
    0x0, 0xff, 0xe0, 0x67, 0xff, 0xfd, 0xd9, 0x9f,
    0xf0,

    /* U+2018 "‘" */
    0x4, 0xd0, 0xf4, 0x24, 0xc7, 0x54,

    /* U+2019 "’" */
    0xa, 0xd0, 0x2, 0x50, 0x18, 0xb0, 0x3c, 0x8,
    0x0,

    /* U+201A "‚" */
    0x1, 0xa4, 0x7, 0x55, 0x6, 0x28, 0x82, 0x48,
    0x0,

    /* U+201C "“" */
    0x4, 0xd0, 0xb6, 0xf, 0x42, 0x44, 0x12, 0x65,
    0x9, 0x3a, 0xa0, 0xc8, 0x0,

    /* U+201D "”" */
    0xa, 0xd1, 0xf7, 0x4, 0xa4, 0x6, 0x31, 0x6c,
    0x61, 0x78, 0x11, 0x58, 0x0,

    /* U+201E "„" */
    0x1, 0xa4, 0x5a, 0x0, 0x3a, 0xaa, 0x40, 0x2c,
    0x51, 0x3e, 0x0, 0x24, 0xa1, 0x20, 0x0,

    /* U+2022 "•" */
    0x1c, 0xe7, 0x8, 0x31, 0x82, 0x0, 0xe8, 0x30,
    0x72,

    /* U+2026 "…" */
    0x2e, 0x72, 0xe6, 0x2e, 0x70, 0xf, 0xe0,

    /* U+20AC "€" */
    0x0, 0xcd, 0x9d, 0xfb, 0x26, 0x1, 0x87, 0x25,
    0xa2, 0xa8, 0xb8, 0xe0, 0x15, 0x16, 0xd3, 0x2b,
    0xe3, 0xe0, 0xc7, 0x20, 0xe7, 0x70, 0xc0, 0x11,
    0x63, 0x16, 0x17, 0xff, 0x18, 0x7, 0x84, 0x1c,
    0x46, 0x0, 0xf4, 0x58, 0x67, 0x74, 0x60, 0x1d,
    0x3c, 0x47, 0xff, 0x18, 0x0, 0x98, 0x46, 0x83,
    0x61, 0x10, 0x0, 0x7e, 0xc4, 0x0, 0xaf, 0x18,
    0xcb, 0x1e, 0x7c, 0x1, 0xa2, 0xde, 0x69, 0x5b,
    0xcc, 0x0
};


/*---------------------
 *  GLYPH DESCRIPTION
 *--------------------*/

static const lv_font_fmt_txt_glyph_dsc_t glyph_dsc[] = {
    {.bitmap_index = 0, .adv_w = 0, .box_w = 0, .box_h = 0, .ofs_x = 0, .ofs_y = 0} /* id = 0 reserved */,
    {.bitmap_index = 0, .adv_w = 68, .box_w = 0, .box_h = 0, .ofs_x = 0, .ofs_y = 0},
    {.bitmap_index = 0, .adv_w = 76, .box_w = 3, .box_h = 11, .ofs_x = 1, .ofs_y = 0},
    {.bitmap_index = 13, .adv_w = 75, .box_w = 5, .box_h = 4, .ofs_x = 0, .ofs_y = 10},
    {.bitmap_index = 24, .adv_w = 215, .box_w = 13, .box_h = 12, .ofs_x = 0, .ofs_y = 0},
    {.bitmap_index = 97, .adv_w = 159, .box_w = 9, .box_h = 15, .ofs_x = 0, .ofs_y = -2},
    {.bitmap_index = 155, .adv_w = 194, .box_w = 12, .box_h = 11, .ofs_x = 0, .ofs_y = 0},
    {.bitmap_index = 214, .adv_w = 189, .box_w = 12, .box_h = 11, .ofs_x = 0, .ofs_y = 0},
    {.bitmap_index = 273, .adv_w = 41, .box_w = 2, .box_h = 4, .ofs_x = 0, .ofs_y = 10},
    {.bitmap_index = 278, .adv_w = 116, .box_w = 6, .box_h = 18, .ofs_x = 1, .ofs_y = -3},
    {.bitmap_index = 327, .adv_w = 116, .box_w = 6, .box_h = 18, .ofs_x = 0, .ofs_y = -3},
    {.bitmap_index = 375, .adv_w = 124, .box_w = 7, .box_h = 7, .ofs_x = 0, .ofs_y = 5},
    {.bitmap_index = 399, .adv_w = 175, .box_w = 9, .box_h = 9, .ofs_x = 1, .ofs_y = 2},
    {.bitmap_index = 425, .adv_w = 51, .box_w = 4, .box_h = 5, .ofs_x = -1, .ofs_y = -2},
    {.bitmap_index = 436, .adv_w = 141, .box_w = 8, .box_h = 3, .ofs_x = 0, .ofs_y = 5},
    {.bitmap_index = 444, .adv_w = 54, .box_w = 3, .box_h = 2, .ofs_x = 0, .ofs_y = 0},
    {.bitmap_index = 447, .adv_w = 122, .box_w = 7, .box_h = 18, .ofs_x = 0, .ofs_y = -3},
    {.bitmap_index = 498, .adv_w = 161, .box_w = 10, .box_h = 12, .ofs_x = 0, .ofs_y = 0},
    {.bitmap_index = 555, .adv_w = 82, .box_w = 4, .box_h = 12, .ofs_x = 0, .ofs_y = 0},
    {.bitmap_index = 564, .adv_w = 147, .box_w = 9, .box_h = 12, .ofs_x = 0, .ofs_y = 0},
    {.bitmap_index = 612, .adv_w = 151, .box_w = 9, .box_h = 12, .ofs_x = 0, .ofs_y = 0},
    {.bitmap_index = 664, .adv_w = 161, .box_w = 10, .box_h = 11, .ofs_x = 0, .ofs_y = 0},
    {.bitmap_index = 704, .adv_w = 161, .box_w = 9, .box_h = 12, .ofs_x = 1, .ofs_y = 0},
    {.bitmap_index = 750, .adv_w = 163, .box_w = 9, .box_h = 12, .ofs_x = 1, .ofs_y = 0},
    {.bitmap_index = 803, .adv_w = 140, .box_w = 9, .box_h = 12, .ofs_x = 0, .ofs_y = 0},
    {.bitmap_index = 841, .adv_w = 162, .box_w = 10, .box_h = 12, .ofs_x = 0, .ofs_y = 0},
    {.bitmap_index = 901, .adv_w = 161, .box_w = 9, .box_h = 12, .ofs_x = 1, .ofs_y = 0},
    {.bitmap_index = 954, .adv_w = 55, .box_w = 3, .box_h = 9, .ofs_x = 0, .ofs_y = 0},
    {.bitmap_index = 965, .adv_w = 68, .box_w = 4, .box_h = 11, .ofs_x = 0, .ofs_y = -2},
    {.bitmap_index = 984, .adv_w = 142, .box_w = 7, .box_h = 8, .ofs_x = 1, .ofs_y = 2},
    {.bitmap_index = 1010, .adv_w = 185, .box_w = 9, .box_h = 6, .ofs_x = 1, .ofs_y = 3},
    {.bitmap_index = 1024, .adv_w = 138, .box_w = 7, .box_h = 8, .ofs_x = 1, .ofs_y = 2},
    {.bitmap_index = 1050, .adv_w = 134, .box_w = 8, .box_h = 11, .ofs_x = 0, .ofs_y = 0},
    {.bitmap_index = 1087, .adv_w = 259, .box_w = 15, .box_h = 15, .ofs_x = 1, .ofs_y = -4},
    {.bitmap_index = 1192, .adv_w = 173, .box_w = 11, .box_h = 11, .ofs_x = 0, .ofs_y = 0},
    {.bitmap_index = 1241, .adv_w = 157, .box_w = 9, .box_h = 11, .ofs_x = 1, .ofs_y = 0},
    {.bitmap_index = 1287, .adv_w = 198, .box_w = 12, .box_h = 11, .ofs_x = 0, .ofs_y = 0},
    {.bitmap_index = 1344, .adv_w = 181, .box_w = 10, .box_h = 11, .ofs_x = 1, .ofs_y = 0},
    {.bitmap_index = 1388, .adv_w = 131, .box_w = 7, .box_h = 11, .ofs_x = 1, .ofs_y = 0},
    {.bitmap_index = 1416, .adv_w = 129, .box_w = 7, .box_h = 11, .ofs_x = 1, .ofs_y = 0},
    {.bitmap_index = 1440, .adv_w = 199, .box_w = 12, .box_h = 11, .ofs_x = 0, .ofs_y = 0},
    {.bitmap_index = 1501, .adv_w = 177, .box_w = 9, .box_h = 11, .ofs_x = 1, .ofs_y = 0},
    {.bitmap_index = 1521, .adv_w = 63, .box_w = 2, .box_h = 11, .ofs_x = 1, .ofs_y = 0},
    {.bitmap_index = 1526, .adv_w = 136, .box_w = 7, .box_h = 11, .ofs_x = 0, .ofs_y = 0},
    {.bitmap_index = 1545, .adv_w = 153, .box_w = 9, .box_h = 11, .ofs_x = 1, .ofs_y = 0},
    {.bitmap_index = 1584, .adv_w = 111, .box_w = 6, .box_h = 11, .ofs_x = 1, .ofs_y = 0},
    {.bitmap_index = 1594, .adv_w = 220, .box_w = 12, .box_h = 11, .ofs_x = 1, .ofs_y = 0},
    {.bitmap_index = 1646, .adv_w = 180, .box_w = 9, .box_h = 11, .ofs_x = 1, .ofs_y = 0},
    {.bitmap_index = 1681, .adv_w = 201, .box_w = 12, .box_h = 11, .ofs_x = 0, .ofs_y = 0},
    {.bitmap_index = 1739, .adv_w = 148, .box_w = 8, .box_h = 11, .ofs_x = 1, .ofs_y = 0},
    {.bitmap_index = 1772, .adv_w = 202, .box_w = 13, .box_h = 13, .ofs_x = 0, .ofs_y = -2},
    {.bitmap_index = 1844, .adv_w = 156, .box_w = 8, .box_h = 11, .ofs_x = 1, .ofs_y = 0},
    {.bitmap_index = 1882, .adv_w = 150, .box_w = 9, .box_h = 11, .ofs_x = 0, .ofs_y = 0},
    {.bitmap_index = 1927, .adv_w = 138, .box_w = 9, .box_h = 11, .ofs_x = 0, .ofs_y = 0},
    {.bitmap_index = 1942, .adv_w = 173, .box_w = 9, .box_h = 11, .ofs_x = 1, .ofs_y = 0},
    {.bitmap_index = 1966, .adv_w = 173, .box_w = 11, .box_h = 11, .ofs_x = 0, .ofs_y = 0},
    {.bitmap_index = 2017, .adv_w = 250, .box_w = 16, .box_h = 11, .ofs_x = 0, .ofs_y = 0},
    {.bitmap_index = 2100, .adv_w = 159, .box_w = 10, .box_h = 11, .ofs_x = 0, .ofs_y = 0},
    {.bitmap_index = 2150, .adv_w = 150, .box_w = 10, .box_h = 11, .ofs_x = 0, .ofs_y = 0},
    {.bitmap_index = 2187, .adv_w = 138, .box_w = 8, .box_h = 11, .ofs_x = 0, .ofs_y = 0},
    {.bitmap_index = 2223, .adv_w = 108, .box_w = 4, .box_h = 19, .ofs_x = 2, .ofs_y = -4},
    {.bitmap_index = 2236, .adv_w = 168, .box_w = 7, .box_h = 18, .ofs_x = 2, .ofs_y = -3},
    {.bitmap_index = 2285, .adv_w = 108, .box_w = 4, .box_h = 19, .ofs_x = 1, .ofs_y = -4},
    {.bitmap_index = 2298, .adv_w = 161, .box_w = 10, .box_h = 9, .ofs_x = 0, .ofs_y = 3},
    {.bitmap_index = 2337, .adv_w = 188, .box_w = 10, .box_h = 3, .ofs_x = 1, .ofs_y = -3},
    {.bitmap_index = 2346, .adv_w = 66, .box_w = 4, .box_h = 4, .ofs_x = 0, .ofs_y = 9},
    {.bitmap_index = 2354, .adv_w = 173, .box_w = 10, .box_h = 9, .ofs_x = 0, .ofs_y = 0},
    {.bitmap_index = 2397, .adv_w = 173, .box_w = 10, .box_h = 12, .ofs_x = 1, .ofs_y = 0},
    {.bitmap_index = 2443, .adv_w = 155, .box_w = 10, .box_h = 9, .ofs_x = 0, .ofs_y = 0},
    {.bitmap_index = 2484, .adv_w = 173, .box_w = 10, .box_h = 12, .ofs_x = 0, .ofs_y = 0},
    {.bitmap_index = 2532, .adv_w = 159, .box_w = 10, .box_h = 9, .ofs_x = 0, .ofs_y = 0},
    {.bitmap_index = 2575, .adv_w = 84, .box_w = 5, .box_h = 12, .ofs_x = 0, .ofs_y = 0},
    {.bitmap_index = 2594, .adv_w = 173, .box_w = 10, .box_h = 13, .ofs_x = 0, .ofs_y = -4},
    {.bitmap_index = 2656, .adv_w = 164, .box_w = 9, .box_h = 12, .ofs_x = 1, .ofs_y = 0},
    {.bitmap_index = 2685, .adv_w = 63, .box_w = 3, .box_h = 12, .ofs_x = 0, .ofs_y = 0},
    {.bitmap_index = 2694, .adv_w = 63, .box_w = 4, .box_h = 16, .ofs_x = -1, .ofs_y = -4},
    {.bitmap_index = 2709, .adv_w = 132, .box_w = 8, .box_h = 12, .ofs_x = 1, .ofs_y = 0},
    {.bitmap_index = 2742, .adv_w = 63, .box_w = 2, .box_h = 12, .ofs_x = 1, .ofs_y = 0},
    {.bitmap_index = 2747, .adv_w = 264, .box_w = 15, .box_h = 9, .ofs_x = 1, .ofs_y = 0},
    {.bitmap_index = 2786, .adv_w = 164, .box_w = 9, .box_h = 9, .ofs_x = 1, .ofs_y = 0},
    {.bitmap_index = 2811, .adv_w = 164, .box_w = 10, .box_h = 9, .ofs_x = 0, .ofs_y = 0},
    {.bitmap_index = 2854, .adv_w = 173, .box_w = 10, .box_h = 13, .ofs_x = 1, .ofs_y = -4},
    {.bitmap_index = 2904, .adv_w = 173, .box_w = 10, .box_h = 13, .ofs_x = 0, .ofs_y = -4},
    {.bitmap_index = 2953, .adv_w = 95, .box_w = 5, .box_h = 9, .ofs_x = 1, .ofs_y = 0},
    {.bitmap_index = 2967, .adv_w = 134, .box_w = 8, .box_h = 9, .ofs_x = 0, .ofs_y = 0},
    {.bitmap_index = 3003, .adv_w = 93, .box_w = 6, .box_h = 11, .ofs_x = 0, .ofs_y = 0},
    {.bitmap_index = 3025, .adv_w = 164, .box_w = 9, .box_h = 9, .ofs_x = 1, .ofs_y = 0},
    {.bitmap_index = 3049, .adv_w = 144, .box_w = 9, .box_h = 9, .ofs_x = 0, .ofs_y = 0},
    {.bitmap_index = 3087, .adv_w = 210, .box_w = 13, .box_h = 9, .ofs_x = 0, .ofs_y = 0},
    {.bitmap_index = 3145, .adv_w = 123, .box_w = 8, .box_h = 9, .ofs_x = 0, .ofs_y = 0},
    {.bitmap_index = 3180, .adv_w = 144, .box_w = 9, .box_h = 13, .ofs_x = 0, .ofs_y = -4},
    {.bitmap_index = 3229, .adv_w = 116, .box_w = 7, .box_h = 9, .ofs_x = 0, .ofs_y = 0},
    {.bitmap_index = 3258, .adv_w = 118, .box_w = 6, .box_h = 20, .ofs_x = 1, .ofs_y = -4},
    {.bitmap_index = 3309, .adv_w = 74, .box_w = 3, .box_h = 15, .ofs_x = 1, .ofs_y = -2},
    {.bitmap_index = 3316, .adv_w = 118, .box_w = 5, .box_h = 20, .ofs_x = 1, .ofs_y = -4},
    {.bitmap_index = 3366, .adv_w = 133, .box_w = 8, .box_h = 4, .ofs_x = 0, .ofs_y = 3},
    {.bitmap_index = 3380, .adv_w = 68, .box_w = 0, .box_h = 0, .ofs_x = 0, .ofs_y = 0},
    {.bitmap_index = 3380, .adv_w = 76, .box_w = 3, .box_h = 12, .ofs_x = 1, .ofs_y = -3},
    {.bitmap_index = 3396, .adv_w = 170, .box_w = 8, .box_h = 11, .ofs_x = 1, .ofs_y = -1},
    {.bitmap_index = 3439, .adv_w = 159, .box_w = 9, .box_h = 11, .ofs_x = 0, .ofs_y = 0},
    {.bitmap_index = 3485, .adv_w = 137, .box_w = 7, .box_h = 8, .ofs_x = 1, .ofs_y = 2},
    {.bitmap_index = 3511, .adv_w = 152, .box_w = 10, .box_h = 11, .ofs_x = 0, .ofs_y = 0},
    {.bitmap_index = 3563, .adv_w = 74, .box_w = 3, .box_h = 15, .ofs_x = 1, .ofs_y = -2},
    {.bitmap_index = 3577, .adv_w = 147, .box_w = 9, .box_h = 16, .ofs_x = 0, .ofs_y = -5},
    {.bitmap_index = 3649, .adv_w = 80, .box_w = 5, .box_h = 2, .ofs_x = 0, .ofs_y = 10},
    {.bitmap_index = 3655, .adv_w = 203, .box_w = 12, .box_h = 12, .ofs_x = 0, .ofs_y = 0},
    {.bitmap_index = 3722, .adv_w = 115, .box_w = 7, .box_h = 5, .ofs_x = 0, .ofs_y = 6},
    {.bitmap_index = 3741, .adv_w = 118, .box_w = 7, .box_h = 6, .ofs_x = 0, .ofs_y = 2},
    {.bitmap_index = 3763, .adv_w = 166, .box_w = 10, .box_h = 4, .ofs_x = 0, .ofs_y = 3},
    {.bitmap_index = 3775, .adv_w = 141, .box_w = 8, .box_h = 3, .ofs_x = 0, .ofs_y = 5},
    {.bitmap_index = 3783, .adv_w = 130, .box_w = 8, .box_h = 7, .ofs_x = 0, .ofs_y = 5},
    {.bitmap_index = 3812, .adv_w = 99, .box_w = 6, .box_h = 2, .ofs_x = 0, .ofs_y = 10},
    {.bitmap_index = 3817, .adv_w = 105, .box_w = 7, .box_h = 6, .ofs_x = 0, .ofs_y = 6},
    {.bitmap_index = 3837, .adv_w = 176, .box_w = 9, .box_h = 9, .ofs_x = 1, .ofs_y = 1},
    {.bitmap_index = 3872, .adv_w = 84, .box_w = 5, .box_h = 5, .ofs_x = 0, .ofs_y = 6},
    {.bitmap_index = 3885, .adv_w = 85, .box_w = 5, .box_h = 5, .ofs_x = 0, .ofs_y = 6},
    {.bitmap_index = 3898, .adv_w = 63, .box_w = 4, .box_h = 4, .ofs_x = 0, .ofs_y = 9},
    {.bitmap_index = 3906, .adv_w = 165, .box_w = 9, .box_h = 13, .ofs_x = 1, .ofs_y = -4},
    {.bitmap_index = 3936, .adv_w = 153, .box_w = 9, .box_h = 11, .ofs_x = 0, .ofs_y = 0},
    {.bitmap_index = 3965, .adv_w = 54, .box_w = 3, .box_h = 2, .ofs_x = 0, .ofs_y = 5},
    {.bitmap_index = 3968, .adv_w = 70, .box_w = 5, .box_h = 4, .ofs_x = 0, .ofs_y = -4},
    {.bitmap_index = 3978, .adv_w = 50, .box_w = 3, .box_h = 5, .ofs_x = 0, .ofs_y = 6},
    {.bitmap_index = 3983, .adv_w = 112, .box_w = 7, .box_h = 5, .ofs_x = 0, .ofs_y = 6},
    {.bitmap_index = 4001, .adv_w = 118, .box_w = 7, .box_h = 6, .ofs_x = 0, .ofs_y = 2},
    {.bitmap_index = 4023, .adv_w = 164, .box_w = 10, .box_h = 11, .ofs_x = 0, .ofs_y = 0},
    {.bitmap_index = 4072, .adv_w = 173, .box_w = 11, .box_h = 11, .ofs_x = 0, .ofs_y = 0},
    {.bitmap_index = 4126, .adv_w = 182, .box_w = 11, .box_h = 12, .ofs_x = 0, .ofs_y = 0},
    {.bitmap_index = 4188, .adv_w = 133, .box_w = 8, .box_h = 12, .ofs_x = 0, .ofs_y = -3},
    {.bitmap_index = 4229, .adv_w = 173, .box_w = 11, .box_h = 15, .ofs_x = 0, .ofs_y = 0},
    {.bitmap_index = 4291, .adv_w = 173, .box_w = 11, .box_h = 15, .ofs_x = 0, .ofs_y = 0},
    {.bitmap_index = 4353, .adv_w = 173, .box_w = 11, .box_h = 15, .ofs_x = 0, .ofs_y = 0},
    {.bitmap_index = 4417, .adv_w = 173, .box_w = 11, .box_h = 14, .ofs_x = 0, .ofs_y = 0},
    {.bitmap_index = 4478, .adv_w = 173, .box_w = 11, .box_h = 14, .ofs_x = 0, .ofs_y = 0},
    {.bitmap_index = 4539, .adv_w = 173, .box_w = 11, .box_h = 16, .ofs_x = 0, .ofs_y = 0},
    {.bitmap_index = 4603, .adv_w = 230, .box_w = 14, .box_h = 11, .ofs_x = 0, .ofs_y = 0},
    {.bitmap_index = 4662, .adv_w = 198, .box_w = 12, .box_h = 15, .ofs_x = 0, .ofs_y = -4},
    {.bitmap_index = 4736, .adv_w = 131, .box_w = 7, .box_h = 15, .ofs_x = 1, .ofs_y = 0},
    {.bitmap_index = 4776, .adv_w = 131, .box_w = 7, .box_h = 15, .ofs_x = 1, .ofs_y = 0},
    {.bitmap_index = 4816, .adv_w = 131, .box_w = 7, .box_h = 15, .ofs_x = 1, .ofs_y = 0},
    {.bitmap_index = 4856, .adv_w = 131, .box_w = 7, .box_h = 14, .ofs_x = 1, .ofs_y = 0},
    {.bitmap_index = 4895, .adv_w = 63, .box_w = 4, .box_h = 15, .ofs_x = 0, .ofs_y = 0},
    {.bitmap_index = 4909, .adv_w = 63, .box_w = 4, .box_h = 15, .ofs_x = 0, .ofs_y = 0},
    {.bitmap_index = 4922, .adv_w = 63, .box_w = 6, .box_h = 15, .ofs_x = -1, .ofs_y = 0},
    {.bitmap_index = 4938, .adv_w = 63, .box_w = 6, .box_h = 14, .ofs_x = -1, .ofs_y = 0},
    {.bitmap_index = 4953, .adv_w = 186, .box_w = 11, .box_h = 11, .ofs_x = 0, .ofs_y = 0},
    {.bitmap_index = 5005, .adv_w = 180, .box_w = 9, .box_h = 14, .ofs_x = 1, .ofs_y = 0},
    {.bitmap_index = 5054, .adv_w = 201, .box_w = 12, .box_h = 15, .ofs_x = 0, .ofs_y = 0},
    {.bitmap_index = 5126, .adv_w = 201, .box_w = 12, .box_h = 15, .ofs_x = 0, .ofs_y = 0},
    {.bitmap_index = 5198, .adv_w = 201, .box_w = 12, .box_h = 15, .ofs_x = 0, .ofs_y = 0},
    {.bitmap_index = 5270, .adv_w = 201, .box_w = 12, .box_h = 14, .ofs_x = 0, .ofs_y = 0},
    {.bitmap_index = 5341, .adv_w = 201, .box_w = 12, .box_h = 14, .ofs_x = 0, .ofs_y = 0},
    {.bitmap_index = 5412, .adv_w = 165, .box_w = 8, .box_h = 8, .ofs_x = 1, .ofs_y = 2},
    {.bitmap_index = 5444, .adv_w = 201, .box_w = 13, .box_h = 11, .ofs_x = 0, .ofs_y = 0},
    {.bitmap_index = 5517, .adv_w = 173, .box_w = 9, .box_h = 15, .ofs_x = 1, .ofs_y = 0},
    {.bitmap_index = 5555, .adv_w = 173, .box_w = 9, .box_h = 15, .ofs_x = 1, .ofs_y = 0},
    {.bitmap_index = 5592, .adv_w = 173, .box_w = 9, .box_h = 15, .ofs_x = 1, .ofs_y = 0},
    {.bitmap_index = 5631, .adv_w = 173, .box_w = 9, .box_h = 14, .ofs_x = 1, .ofs_y = 0},
    {.bitmap_index = 5668, .adv_w = 150, .box_w = 10, .box_h = 15, .ofs_x = 0, .ofs_y = 0},
    {.bitmap_index = 5720, .adv_w = 148, .box_w = 8, .box_h = 11, .ofs_x = 1, .ofs_y = 0},
    {.bitmap_index = 5754, .adv_w = 174, .box_w = 10, .box_h = 12, .ofs_x = 0, .ofs_y = 0},
    {.bitmap_index = 5807, .adv_w = 173, .box_w = 10, .box_h = 13, .ofs_x = 0, .ofs_y = 0},
    {.bitmap_index = 5863, .adv_w = 173, .box_w = 10, .box_h = 13, .ofs_x = 0, .ofs_y = 0},
    {.bitmap_index = 5919, .adv_w = 173, .box_w = 10, .box_h = 13, .ofs_x = 0, .ofs_y = 0},
    {.bitmap_index = 5976, .adv_w = 173, .box_w = 10, .box_h = 11, .ofs_x = 0, .ofs_y = 0},
    {.bitmap_index = 6027, .adv_w = 173, .box_w = 10, .box_h = 12, .ofs_x = 0, .ofs_y = 0},
    {.bitmap_index = 6082, .adv_w = 173, .box_w = 10, .box_h = 13, .ofs_x = 0, .ofs_y = 0},
    {.bitmap_index = 6139, .adv_w = 281, .box_w = 17, .box_h = 9, .ofs_x = 0, .ofs_y = 0},
    {.bitmap_index = 6210, .adv_w = 155, .box_w = 10, .box_h = 13, .ofs_x = 0, .ofs_y = -4},
    {.bitmap_index = 6268, .adv_w = 159, .box_w = 10, .box_h = 13, .ofs_x = 0, .ofs_y = 0},
    {.bitmap_index = 6323, .adv_w = 159, .box_w = 10, .box_h = 13, .ofs_x = 0, .ofs_y = 0},
    {.bitmap_index = 6379, .adv_w = 159, .box_w = 10, .box_h = 13, .ofs_x = 0, .ofs_y = 0},
    {.bitmap_index = 6436, .adv_w = 159, .box_w = 10, .box_h = 12, .ofs_x = 0, .ofs_y = 0},
    {.bitmap_index = 6491, .adv_w = 63, .box_w = 4, .box_h = 13, .ofs_x = 0, .ofs_y = 0},
    {.bitmap_index = 6504, .adv_w = 63, .box_w = 4, .box_h = 13, .ofs_x = 0, .ofs_y = 0},
    {.bitmap_index = 6517, .adv_w = 63, .box_w = 6, .box_h = 13, .ofs_x = -1, .ofs_y = 0},
    {.bitmap_index = 6535, .adv_w = 63, .box_w = 6, .box_h = 12, .ofs_x = -1, .ofs_y = 0},
    {.bitmap_index = 6550, .adv_w = 163, .box_w = 10, .box_h = 13, .ofs_x = 0, .ofs_y = 0},
    {.bitmap_index = 6607, .adv_w = 164, .box_w = 9, .box_h = 11, .ofs_x = 1, .ofs_y = 0},
    {.bitmap_index = 6641, .adv_w = 164, .box_w = 10, .box_h = 13, .ofs_x = 0, .ofs_y = 0},
    {.bitmap_index = 6697, .adv_w = 164, .box_w = 10, .box_h = 13, .ofs_x = 0, .ofs_y = 0},
    {.bitmap_index = 6754, .adv_w = 164, .box_w = 10, .box_h = 13, .ofs_x = 0, .ofs_y = 0},
    {.bitmap_index = 6812, .adv_w = 164, .box_w = 10, .box_h = 11, .ofs_x = 0, .ofs_y = 0},
    {.bitmap_index = 6864, .adv_w = 164, .box_w = 10, .box_h = 12, .ofs_x = 0, .ofs_y = 0},
    {.bitmap_index = 6919, .adv_w = 168, .box_w = 9, .box_h = 9, .ofs_x = 1, .ofs_y = 1},
    {.bitmap_index = 6944, .adv_w = 164, .box_w = 10, .box_h = 9, .ofs_x = 0, .ofs_y = 0},
    {.bitmap_index = 6990, .adv_w = 164, .box_w = 9, .box_h = 13, .ofs_x = 1, .ofs_y = 0},
    {.bitmap_index = 7028, .adv_w = 164, .box_w = 9, .box_h = 13, .ofs_x = 1, .ofs_y = 0},
    {.bitmap_index = 7066, .adv_w = 164, .box_w = 9, .box_h = 13, .ofs_x = 1, .ofs_y = 0},
    {.bitmap_index = 7105, .adv_w = 164, .box_w = 9, .box_h = 12, .ofs_x = 1, .ofs_y = 0},
    {.bitmap_index = 7141, .adv_w = 144, .box_w = 9, .box_h = 17, .ofs_x = 0, .ofs_y = -4},
    {.bitmap_index = 7204, .adv_w = 173, .box_w = 10, .box_h = 16, .ofs_x = 1, .ofs_y = -4},
    {.bitmap_index = 7257, .adv_w = 144, .box_w = 9, .box_h = 16, .ofs_x = 0, .ofs_y = -4},
    {.bitmap_index = 7319, .adv_w = 173, .box_w = 11, .box_h = 14, .ofs_x = 0, .ofs_y = 0},
    {.bitmap_index = 7378, .adv_w = 173, .box_w = 10, .box_h = 11, .ofs_x = 0, .ofs_y = 0},
    {.bitmap_index = 7428, .adv_w = 173, .box_w = 11, .box_h = 15, .ofs_x = 0, .ofs_y = 0},
    {.bitmap_index = 7493, .adv_w = 173, .box_w = 10, .box_h = 12, .ofs_x = 0, .ofs_y = 0},
    {.bitmap_index = 7548, .adv_w = 173, .box_w = 11, .box_h = 14, .ofs_x = 0, .ofs_y = -3},
    {.bitmap_index = 7609, .adv_w = 173, .box_w = 10, .box_h = 12, .ofs_x = 0, .ofs_y = -3},
    {.bitmap_index = 7664, .adv_w = 198, .box_w = 12, .box_h = 15, .ofs_x = 0, .ofs_y = 0},
    {.bitmap_index = 7735, .adv_w = 155, .box_w = 10, .box_h = 13, .ofs_x = 0, .ofs_y = 0},
    {.bitmap_index = 7789, .adv_w = 198, .box_w = 12, .box_h = 14, .ofs_x = 0, .ofs_y = 0},
    {.bitmap_index = 7857, .adv_w = 155, .box_w = 10, .box_h = 11, .ofs_x = 0, .ofs_y = 0},
    {.bitmap_index = 7904, .adv_w = 198, .box_w = 12, .box_h = 15, .ofs_x = 0, .ofs_y = 0},
    {.bitmap_index = 7976, .adv_w = 155, .box_w = 10, .box_h = 13, .ofs_x = 0, .ofs_y = 0},
    {.bitmap_index = 8032, .adv_w = 181, .box_w = 10, .box_h = 15, .ofs_x = 1, .ofs_y = 0},
    {.bitmap_index = 8091, .adv_w = 193, .box_w = 13, .box_h = 12, .ofs_x = 0, .ofs_y = 0},
    {.bitmap_index = 8153, .adv_w = 186, .box_w = 11, .box_h = 11, .ofs_x = 0, .ofs_y = 0},
    {.bitmap_index = 8205, .adv_w = 173, .box_w = 11, .box_h = 12, .ofs_x = 0, .ofs_y = 0},
    {.bitmap_index = 8262, .adv_w = 131, .box_w = 7, .box_h = 14, .ofs_x = 1, .ofs_y = 0},
    {.bitmap_index = 8298, .adv_w = 159, .box_w = 10, .box_h = 11, .ofs_x = 0, .ofs_y = 0},
    {.bitmap_index = 8348, .adv_w = 131, .box_w = 7, .box_h = 15, .ofs_x = 1, .ofs_y = 0},
    {.bitmap_index = 8391, .adv_w = 159, .box_w = 10, .box_h = 12, .ofs_x = 0, .ofs_y = 0},
    {.bitmap_index = 8446, .adv_w = 131, .box_w = 7, .box_h = 14, .ofs_x = 1, .ofs_y = 0},
    {.bitmap_index = 8482, .adv_w = 159, .box_w = 10, .box_h = 11, .ofs_x = 0, .ofs_y = 0},
    {.bitmap_index = 8531, .adv_w = 131, .box_w = 7, .box_h = 14, .ofs_x = 1, .ofs_y = -3},
    {.bitmap_index = 8569, .adv_w = 159, .box_w = 10, .box_h = 12, .ofs_x = 0, .ofs_y = -3},
    {.bitmap_index = 8624, .adv_w = 131, .box_w = 7, .box_h = 15, .ofs_x = 1, .ofs_y = 0},
    {.bitmap_index = 8665, .adv_w = 159, .box_w = 10, .box_h = 13, .ofs_x = 0, .ofs_y = 0},
    {.bitmap_index = 8722, .adv_w = 199, .box_w = 12, .box_h = 15, .ofs_x = 0, .ofs_y = 0},
    {.bitmap_index = 8800, .adv_w = 173, .box_w = 10, .box_h = 16, .ofs_x = 0, .ofs_y = -4},
    {.bitmap_index = 8874, .adv_w = 199, .box_w = 12, .box_h = 14, .ofs_x = 0, .ofs_y = 0},
    {.bitmap_index = 8945, .adv_w = 173, .box_w = 10, .box_h = 15, .ofs_x = 0, .ofs_y = -4},
    {.bitmap_index = 9013, .adv_w = 199, .box_w = 12, .box_h = 15, .ofs_x = 0, .ofs_y = -4},
    {.bitmap_index = 9090, .adv_w = 173, .box_w = 10, .box_h = 17, .ofs_x = 0, .ofs_y = -4},
    {.bitmap_index = 9165, .adv_w = 63, .box_w = 6, .box_h = 14, .ofs_x = -1, .ofs_y = 0},
    {.bitmap_index = 9180, .adv_w = 63, .box_w = 6, .box_h = 11, .ofs_x = -1, .ofs_y = 0},
    {.bitmap_index = 9192, .adv_w = 63, .box_w = 6, .box_h = 14, .ofs_x = -1, .ofs_y = 0},
    {.bitmap_index = 9205, .adv_w = 63, .box_w = 6, .box_h = 11, .ofs_x = -1, .ofs_y = 0},
    {.bitmap_index = 9217, .adv_w = 63, .box_w = 6, .box_h = 15, .ofs_x = -1, .ofs_y = 0},
    {.bitmap_index = 9235, .adv_w = 63, .box_w = 6, .box_h = 12, .ofs_x = -1, .ofs_y = 0},
    {.bitmap_index = 9249, .adv_w = 63, .box_w = 4, .box_h = 15, .ofs_x = -1, .ofs_y = -4},
    {.bitmap_index = 9262, .adv_w = 63, .box_w = 4, .box_h = 15, .ofs_x = -1, .ofs_y = -3},
    {.bitmap_index = 9280, .adv_w = 63, .box_w = 2, .box_h = 14, .ofs_x = 1, .ofs_y = 0},
    {.bitmap_index = 9288, .adv_w = 63, .box_w = 2, .box_h = 9, .ofs_x = 1, .ofs_y = 0},
    {.bitmap_index = 9293, .adv_w = 153, .box_w = 9, .box_h = 15, .ofs_x = 1, .ofs_y = -4},
    {.bitmap_index = 9345, .adv_w = 132, .box_w = 8, .box_h = 16, .ofs_x = 1, .ofs_y = -4},
    {.bitmap_index = 9390, .adv_w = 111, .box_w = 6, .box_h = 15, .ofs_x = 1, .ofs_y = 0},
    {.bitmap_index = 9411, .adv_w = 63, .box_w = 4, .box_h = 16, .ofs_x = 0, .ofs_y = 0},
    {.bitmap_index = 9424, .adv_w = 111, .box_w = 6, .box_h = 15, .ofs_x = 1, .ofs_y = -4},
    {.bitmap_index = 9444, .adv_w = 63, .box_w = 2, .box_h = 16, .ofs_x = 1, .ofs_y = -4},
    {.bitmap_index = 9453, .adv_w = 114, .box_w = 6, .box_h = 11, .ofs_x = 1, .ofs_y = 0},
    {.bitmap_index = 9472, .adv_w = 94, .box_w = 5, .box_h = 12, .ofs_x = 1, .ofs_y = 0},
    {.bitmap_index = 9488, .adv_w = 111, .box_w = 6, .box_h = 11, .ofs_x = 1, .ofs_y = 0},
    {.bitmap_index = 9508, .adv_w = 76, .box_w = 5, .box_h = 12, .ofs_x = 1, .ofs_y = 0},
    {.bitmap_index = 9521, .adv_w = 112, .box_w = 7, .box_h = 11, .ofs_x = 0, .ofs_y = 0},
    {.bitmap_index = 9545, .adv_w = 64, .box_w = 4, .box_h = 12, .ofs_x = 0, .ofs_y = 0},
    {.bitmap_index = 9559, .adv_w = 180, .box_w = 9, .box_h = 15, .ofs_x = 1, .ofs_y = 0},
    {.bitmap_index = 9609, .adv_w = 164, .box_w = 9, .box_h = 13, .ofs_x = 1, .ofs_y = 0},
    {.bitmap_index = 9647, .adv_w = 180, .box_w = 9, .box_h = 15, .ofs_x = 1, .ofs_y = -4},
    {.bitmap_index = 9698, .adv_w = 164, .box_w = 9, .box_h = 13, .ofs_x = 1, .ofs_y = -4},
    {.bitmap_index = 9736, .adv_w = 180, .box_w = 9, .box_h = 15, .ofs_x = 1, .ofs_y = 0},
    {.bitmap_index = 9786, .adv_w = 164, .box_w = 9, .box_h = 13, .ofs_x = 1, .ofs_y = 0},
    {.bitmap_index = 9825, .adv_w = 201, .box_w = 12, .box_h = 14, .ofs_x = 0, .ofs_y = 0},
    {.bitmap_index = 9895, .adv_w = 164, .box_w = 10, .box_h = 11, .ofs_x = 0, .ofs_y = 0},
    {.bitmap_index = 9945, .adv_w = 201, .box_w = 12, .box_h = 15, .ofs_x = 0, .ofs_y = 0},
    {.bitmap_index = 10021, .adv_w = 164, .box_w = 10, .box_h = 12, .ofs_x = 0, .ofs_y = 0},
    {.bitmap_index = 10077, .adv_w = 201, .box_w = 12, .box_h = 15, .ofs_x = 0, .ofs_y = 0},
    {.bitmap_index = 10152, .adv_w = 164, .box_w = 10, .box_h = 12, .ofs_x = 0, .ofs_y = 0},
    {.bitmap_index = 10207, .adv_w = 278, .box_w = 17, .box_h = 11, .ofs_x = 0, .ofs_y = 0},
    {.bitmap_index = 10283, .adv_w = 276, .box_w = 17, .box_h = 9, .ofs_x = 0, .ofs_y = 0},
    {.bitmap_index = 10355, .adv_w = 156, .box_w = 8, .box_h = 15, .ofs_x = 1, .ofs_y = 0},
    {.bitmap_index = 10407, .adv_w = 95, .box_w = 5, .box_h = 13, .ofs_x = 1, .ofs_y = 0},
    {.bitmap_index = 10431, .adv_w = 156, .box_w = 8, .box_h = 15, .ofs_x = 1, .ofs_y = -4},
    {.bitmap_index = 10482, .adv_w = 95, .box_w = 5, .box_h = 13, .ofs_x = 1, .ofs_y = -4},
    {.bitmap_index = 10505, .adv_w = 156, .box_w = 8, .box_h = 15, .ofs_x = 1, .ofs_y = 0},
    {.bitmap_index = 10558, .adv_w = 95, .box_w = 5, .box_h = 13, .ofs_x = 1, .ofs_y = 0},
    {.bitmap_index = 10582, .adv_w = 150, .box_w = 9, .box_h = 15, .ofs_x = 0, .ofs_y = 0},
    {.bitmap_index = 10640, .adv_w = 134, .box_w = 8, .box_h = 13, .ofs_x = 0, .ofs_y = 0},
    {.bitmap_index = 10689, .adv_w = 150, .box_w = 9, .box_h = 15, .ofs_x = 0, .ofs_y = -4},
    {.bitmap_index = 10751, .adv_w = 134, .box_w = 8, .box_h = 13, .ofs_x = 0, .ofs_y = -4},
    {.bitmap_index = 10802, .adv_w = 150, .box_w = 9, .box_h = 15, .ofs_x = 0, .ofs_y = 0},
    {.bitmap_index = 10860, .adv_w = 134, .box_w = 8, .box_h = 13, .ofs_x = 0, .ofs_y = 0},
    {.bitmap_index = 10909, .adv_w = 138, .box_w = 9, .box_h = 15, .ofs_x = 0, .ofs_y = -4},
    {.bitmap_index = 10937, .adv_w = 93, .box_w = 6, .box_h = 15, .ofs_x = 0, .ofs_y = -4},
    {.bitmap_index = 10971, .adv_w = 138, .box_w = 9, .box_h = 15, .ofs_x = 0, .ofs_y = 0},
    {.bitmap_index = 11001, .adv_w = 94, .box_w = 6, .box_h = 13, .ofs_x = 0, .ofs_y = 0},
    {.bitmap_index = 11029, .adv_w = 173, .box_w = 9, .box_h = 14, .ofs_x = 1, .ofs_y = 0},
    {.bitmap_index = 11065, .adv_w = 164, .box_w = 9, .box_h = 11, .ofs_x = 1, .ofs_y = 0},
    {.bitmap_index = 11098, .adv_w = 173, .box_w = 9, .box_h = 14, .ofs_x = 1, .ofs_y = 0},
    {.bitmap_index = 11132, .adv_w = 164, .box_w = 9, .box_h = 11, .ofs_x = 1, .ofs_y = 0},
    {.bitmap_index = 11163, .adv_w = 173, .box_w = 9, .box_h = 15, .ofs_x = 1, .ofs_y = 0},
    {.bitmap_index = 11205, .adv_w = 164, .box_w = 9, .box_h = 12, .ofs_x = 1, .ofs_y = 0},
    {.bitmap_index = 11242, .adv_w = 173, .box_w = 9, .box_h = 16, .ofs_x = 1, .ofs_y = 0},
    {.bitmap_index = 11282, .adv_w = 164, .box_w = 9, .box_h = 13, .ofs_x = 1, .ofs_y = 0},
    {.bitmap_index = 11321, .adv_w = 173, .box_w = 9, .box_h = 15, .ofs_x = 1, .ofs_y = 0},
    {.bitmap_index = 11361, .adv_w = 164, .box_w = 9, .box_h = 12, .ofs_x = 1, .ofs_y = 0},
    {.bitmap_index = 11398, .adv_w = 173, .box_w = 9, .box_h = 15, .ofs_x = 1, .ofs_y = -4},
    {.bitmap_index = 11434, .adv_w = 164, .box_w = 9, .box_h = 12, .ofs_x = 1, .ofs_y = -3},
    {.bitmap_index = 11468, .adv_w = 250, .box_w = 16, .box_h = 15, .ofs_x = 0, .ofs_y = 0},
    {.bitmap_index = 11570, .adv_w = 210, .box_w = 13, .box_h = 13, .ofs_x = 0, .ofs_y = 0},
    {.bitmap_index = 11645, .adv_w = 150, .box_w = 10, .box_h = 15, .ofs_x = 0, .ofs_y = 0},
    {.bitmap_index = 11697, .adv_w = 144, .box_w = 9, .box_h = 17, .ofs_x = 0, .ofs_y = -4},
    {.bitmap_index = 11761, .adv_w = 150, .box_w = 10, .box_h = 14, .ofs_x = 0, .ofs_y = 0},
    {.bitmap_index = 11811, .adv_w = 138, .box_w = 8, .box_h = 15, .ofs_x = 0, .ofs_y = 0},
    {.bitmap_index = 11861, .adv_w = 116, .box_w = 7, .box_h = 13, .ofs_x = 0, .ofs_y = 0},
    {.bitmap_index = 11903, .adv_w = 138, .box_w = 8, .box_h = 14, .ofs_x = 0, .ofs_y = 0},
    {.bitmap_index = 11948, .adv_w = 116, .box_w = 7, .box_h = 11, .ofs_x = 0, .ofs_y = 0},
    {.bitmap_index = 11985, .adv_w = 138, .box_w = 8, .box_h = 15, .ofs_x = 0, .ofs_y = 0},
    {.bitmap_index = 12035, .adv_w = 116, .box_w = 7, .box_h = 13, .ofs_x = 0, .ofs_y = 0},
    {.bitmap_index = 12079, .adv_w = 173, .box_w = 9, .box_h = 3, .ofs_x = 1, .ofs_y = 5},
    {.bitmap_index = 12087, .adv_w = 227, .box_w = 12, .box_h = 3, .ofs_x = 1, .ofs_y = 5},
    {.bitmap_index = 12096, .adv_w = 56, .box_w = 3, .box_h = 4, .ofs_x = 0, .ofs_y = 7},
    {.bitmap_index = 12102, .adv_w = 56, .box_w = 4, .box_h = 4, .ofs_x = 0, .ofs_y = 7},
    {.bitmap_index = 12111, .adv_w = 48, .box_w = 4, .box_h = 4, .ofs_x = -1, .ofs_y = -2},
    {.bitmap_index = 12120, .adv_w = 97, .box_w = 6, .box_h = 4, .ofs_x = 0, .ofs_y = 7},
    {.bitmap_index = 12133, .adv_w = 97, .box_w = 6, .box_h = 4, .ofs_x = 0, .ofs_y = 7},
    {.bitmap_index = 12146, .adv_w = 90, .box_w = 7, .box_h = 4, .ofs_x = -1, .ofs_y = -2},
    {.bitmap_index = 12161, .adv_w = 105, .box_w = 5, .box_h = 4, .ofs_x = 1, .ofs_y = 3},
    {.bitmap_index = 12170, .adv_w = 149, .box_w = 9, .box_h = 2, .ofs_x = 0, .ofs_y = 0},
    {.bitmap_index = 12177, .adv_w = 208, .box_w = 13, .box_h = 11, .ofs_x = 0, .ofs_y = 0}
};

/*---------------------
 *  CHARACTER MAPPING
 *--------------------*/

static const uint8_t glyph_id_ofs_list_3[] = {
    0, 1, 2, 3, 4, 5, 0, 0,
    0, 0, 6, 7, 8, 9, 10, 11,
    12, 13, 14, 15, 0, 0, 0, 0,
    16, 17, 0, 18, 19, 20, 21, 22,
    23, 24, 25, 26, 27, 28, 29, 30,
    31, 32, 33, 0, 0, 0, 34, 35,
    36, 37, 38, 39, 40, 41, 42, 43,
    44, 45, 46, 47, 48, 49, 0, 0,
    50, 51, 52, 53, 54, 55, 56, 57
};

static const uint16_t unicode_list_5[] = {
    0x0, 0x1, 0x5, 0x6, 0x7, 0x9, 0xa, 0xb,
    0xf, 0x13, 0x99
};

/*Collect the unicode lists and glyph_id offsets*/
static const lv_font_fmt_txt_cmap_t cmaps[] =
{
    {
        .range_start = 32, .range_length = 95, .glyph_id_start = 1,
        .unicode_list = NULL, .glyph_id_ofs_list = NULL, .list_length = 0, .type = LV_FONT_FMT_TXT_CMAP_FORMAT0_TINY
    },
    {
        .range_start = 160, .range_length = 104, .glyph_id_start = 96,
        .unicode_list = NULL, .glyph_id_ofs_list = NULL, .list_length = 0, .type = LV_FONT_FMT_TXT_CMAP_FORMAT0_TINY
    },
    {
        .range_start = 266, .range_length = 18, .glyph_id_start = 200,
        .unicode_list = NULL, .glyph_id_ofs_list = NULL, .list_length = 0, .type = LV_FONT_FMT_TXT_CMAP_FORMAT0_TINY
    },
    {
        .range_start = 286, .range_length = 72, .glyph_id_start = 218,
        .unicode_list = NULL, .glyph_id_ofs_list = glyph_id_ofs_list_3, .list_length = 72, .type = LV_FONT_FMT_TXT_CMAP_FORMAT0_FULL
    },
    {
        .range_start = 360, .range_length = 23, .glyph_id_start = 276,
        .unicode_list = NULL, .glyph_id_ofs_list = NULL, .list_length = 0, .type = LV_FONT_FMT_TXT_CMAP_FORMAT0_TINY
    },
    {
        .range_start = 8211, .range_length = 154, .glyph_id_start = 299,
        .unicode_list = unicode_list_5, .glyph_id_ofs_list = NULL, .list_length = 11, .type = LV_FONT_FMT_TXT_CMAP_SPARSE_TINY
    }
};



/*--------------------
 *  ALL CUSTOM DATA
 *--------------------*/

#if LVGL_VERSION_MAJOR == 8
/*Store all the custom data of the font*/
static  lv_font_fmt_txt_glyph_cache_t cache;
#endif

#if LVGL_VERSION_MAJOR >= 8
static const lv_font_fmt_txt_dsc_t font_dsc = {
#else
static lv_font_fmt_txt_dsc_t font_dsc = {
#endif
    .glyph_bitmap = glyph_bitmap,
    .glyph_dsc = glyph_dsc,
    .cmaps = cmaps,
    .kern_dsc = NULL,
    .kern_scale = 0,
    .cmap_num = 6,
    .bpp = 4,
    .kern_classes = 0,
    .bitmap_format = 1,
#if LVGL_VERSION_MAJOR == 8
    .cache = &cache
#endif
};

extern const lv_font_t lv_font_montserrat_14;


/*-----------------
 *  PUBLIC FONT
 *----------------*/

/*Initialize a public general font descriptor*/
#if LVGL_VERSION_MAJOR >= 8
const lv_font_t poppins_regular_16 = {
#else
lv_font_t poppins_regular_16 = {
#endif
    .get_glyph_dsc = lv_font_get_glyph_dsc_fmt_txt,    /*Function pointer to get glyph's data*/
    .get_glyph_bitmap = lv_font_get_bitmap_fmt_txt,    /*Function pointer to get glyph's bitmap*/
    .line_height = 21,          /*The maximum line height required by the font*/
    .base_line = 5,             /*Baseline measured from the bottom of the line*/
#if !(LVGL_VERSION_MAJOR == 6 && LVGL_VERSION_MINOR == 0)
    .subpx = LV_FONT_SUBPX_NONE,
#endif
#if LV_VERSION_CHECK(7, 4, 0) || LVGL_VERSION_MAJOR >= 8
    .underline_position = -1,
    .underline_thickness = 1,
#endif
    .dsc = &font_dsc,          /*The custom font data. Will be accessed by `get_glyph_bitmap/dsc` */
#if LV_VERSION_CHECK(8, 2, 0) || LVGL_VERSION_MAJOR >= 9
    .fallback = &lv_font_montserrat_14,
#endif
    .user_data = NULL,
};



#endif /*#if POPPINS_REGULAR_16*/

